observation_date,T10YIE,DFII10,DFII30
2003-01-02,1.64,2.43,
2003-01-03,1.62,2.43,
2003-01-06,1.63,2.46,
2003-01-07,1.62,2.42,
2003-01-08,1.71,2.29,
2003-01-09,1.78,2.41,
2003-01-10,1.75,2.41,
2003-01-13,1.77,2.38,
2003-01-14,1.76,2.34,
2003-01-15,1.80,2.30,
2003-01-16,1.79,2.31,
2003-01-17,1.80,2.25,
2003-01-20,,,
2003-01-21,1.78,2.23,
2003-01-22,1.72,2.23,
2003-01-23,1.78,2.20,
2003-01-24,1.80,2.14,
2003-01-27,1.82,2.16,
2003-01-28,1.81,2.19,
2003-01-29,1.85,2.21,
2003-01-30,1.80,2.20,
2003-01-31,1.81,2.19,
2003-02-03,1.81,2.20,
2003-02-04,1.84,2.12,
2003-02-05,1.90,2.12,
2003-02-06,1.88,2.09,
2003-02-07,1.89,2.07,
2003-02-10,1.93,2.06,
2003-02-11,1.93,2.05,
2003-02-12,1.89,2.04,
2003-02-13,1.88,2.01,
2003-02-14,1.92,2.03,
2003-02-17,,,
2003-02-18,1.89,2.05,
2003-02-19,1.89,1.99,
2003-02-20,1.94,1.91,
2003-02-21,1.97,1.93,
2003-02-24,1.99,1.87,
2003-02-25,1.97,1.84,
2003-02-26,1.94,1.84,
2003-02-27,1.94,1.82,
2003-02-28,1.94,1.77,
2003-03-03,1.91,1.77,
2003-03-04,1.88,1.77,
2003-03-05,1.88,1.75,
2003-03-06,1.93,1.74,
2003-03-07,1.91,1.72,
2003-03-10,1.90,1.69,
2003-03-11,1.92,1.68,
2003-03-12,1.92,1.68,
2003-03-13,2.01,1.73,
2003-03-14,1.83,1.89,
2003-03-17,1.85,1.97,
2003-03-18,1.83,2.08,
2003-03-19,1.83,2.15,
2003-03-20,1.81,2.20,
2003-03-21,1.82,2.29,
2003-03-24,1.80,2.18,
2003-03-25,1.80,2.17,
2003-03-26,1.81,2.15,
2003-03-27,1.85,2.10,
2003-03-28,1.83,2.09,
2003-03-31,1.80,2.03,
2003-04-01,1.82,2.02,
2003-04-02,1.83,2.11,
2003-04-03,1.81,2.12,
2003-04-04,1.80,2.16,
2003-04-07,1.82,2.21,
2003-04-08,1.77,2.18,
2003-04-09,1.80,2.13,
2003-04-10,1.79,2.16,
2003-04-11,1.77,2.23,
2003-04-14,1.82,2.22,
2003-04-15,1.80,2.18,
2003-04-16,1.76,2.20,
2003-04-17,1.76,2.22,
2003-04-18,,,
2003-04-21,1.75,2.25,
2003-04-22,1.74,2.27,
2003-04-23,1.76,2.26,
2003-04-24,1.71,2.22,
2003-04-25,1.73,2.18,
2003-04-28,1.76,2.16,
2003-04-29,1.74,2.22,
2003-04-30,1.73,2.16,
2003-05-01,1.75,2.13,
2003-05-02,1.75,2.19,
2003-05-05,1.73,2.19,
2003-05-06,1.67,2.17,
2003-05-07,1.70,2.02,
2003-05-08,1.70,2.00,
2003-05-09,1.69,2.00,
2003-05-12,1.68,1.96,
2003-05-13,1.69,1.94,
2003-05-14,1.66,1.87,
2003-05-15,1.67,1.86,
2003-05-16,1.62,1.84,
2003-05-19,1.61,1.85,
2003-05-20,1.65,1.73,
2003-05-21,1.66,1.73,
2003-05-22,1.63,1.71,
2003-05-23,1.62,1.72,
2003-05-26,,,
2003-05-27,1.61,1.80,
2003-05-28,1.61,1.83,
2003-05-29,1.58,1.76,
2003-05-30,1.60,1.77,
2003-06-02,1.60,1.83,
2003-06-03,1.58,1.76,
2003-06-04,1.57,1.73,
2003-06-05,1.59,1.75,
2003-06-06,1.61,1.76,
2003-06-09,1.61,1.68,
2003-06-10,1.59,1.61,
2003-06-11,1.59,1.62,
2003-06-12,1.61,1.57,
2003-06-13,1.62,1.51,
2003-06-16,1.59,1.59,
2003-06-17,1.57,1.70,
2003-06-18,1.58,1.79,
2003-06-19,1.61,1.74,
2003-06-20,1.63,1.77,
2003-06-23,1.61,1.71,
2003-06-24,1.61,1.68,
2003-06-25,1.67,1.71,
2003-06-26,1.70,1.85,
2003-06-27,1.68,1.90,
2003-06-30,1.64,1.90,
2003-07-01,1.64,1.92,
2003-07-02,1.60,1.96,
2003-07-03,1.58,2.09,
2003-07-04,,,
2003-07-07,1.60,2.14,
2003-07-08,1.63,2.12,
2003-07-09,1.73,2.00,
2003-07-10,1.76,1.94,
2003-07-11,1.78,1.88,
2003-07-14,1.82,1.92,
2003-07-15,1.88,2.06,
2003-07-16,1.89,2.08,
2003-07-17,1.93,2.05,
2003-07-18,1.96,2.04,
2003-07-21,1.98,2.21,
2003-07-22,1.98,2.19,
2003-07-23,2.01,2.11,
2003-07-24,2.02,2.18,
2003-07-25,2.08,2.14,
2003-07-28,2.04,2.27,
2003-07-29,2.04,2.38,
2003-07-30,2.02,2.32,
2003-07-31,2.08,2.41,
2003-08-01,2.04,2.40,
2003-08-04,2.01,2.34,
2003-08-05,2.04,2.43,
2003-08-06,1.98,2.34,
2003-08-07,2.01,2.29,
2003-08-08,2.00,2.27,
2003-08-11,2.07,2.31,
2003-08-12,2.08,2.29,
2003-08-13,2.17,2.41,
2003-08-14,2.17,2.38,
2003-08-15,2.19,2.36,
2003-08-18,2.16,2.33,
2003-08-19,2.14,2.24,
2003-08-20,2.19,2.26,
2003-08-21,2.24,2.29,
2003-08-22,2.22,2.26,
2003-08-25,2.22,2.31,
2003-08-26,2.22,2.28,
2003-08-27,2.18,2.36,
2003-08-28,2.13,2.29,
2003-08-29,2.16,2.29,
2003-09-01,,,
2003-09-02,2.18,2.43,
2003-09-03,2.20,2.40,
2003-09-04,2.20,2.32,
2003-09-05,2.18,2.17,
2003-09-08,2.17,2.24,
2003-09-09,2.16,2.21,
2003-09-10,2.10,2.18,
2003-09-11,2.13,2.22,
2003-09-12,2.09,2.18,
2003-09-15,2.10,2.18,
2003-09-16,2.03,2.26,
2003-09-17,2.00,2.20,
2003-09-18,2.01,2.18,
2003-09-19,2.00,2.17,
2003-09-22,2.05,2.21,
2003-09-23,2.05,2.19,
2003-09-24,2.03,2.13,
2003-09-25,2.05,2.07,
2003-09-26,2.05,1.99,
2003-09-29,2.06,2.03,
2003-09-30,2.01,1.95,
2003-10-01,2.00,1.96,
2003-10-02,2.02,2.01,
2003-10-03,2.05,2.16,
2003-10-06,2.06,2.11,
2003-10-07,2.10,2.17,
2003-10-08,2.09,2.18,
2003-10-09,2.12,2.20,
2003-10-10,2.15,2.14,
2003-10-13,,,
2003-10-14,2.19,2.18,
2003-10-15,2.23,2.20,
2003-10-16,2.26,2.21,
2003-10-17,2.27,2.14,
2003-10-20,2.28,2.13,
2003-10-21,2.26,2.12,
2003-10-22,2.22,2.07,
2003-10-23,2.31,2.03,
2003-10-24,2.32,1.92,
2003-10-27,2.34,1.96,
2003-10-28,2.32,1.91,
2003-10-29,2.33,1.98,
2003-10-30,2.39,1.97,
2003-10-31,2.40,1.93,
2003-11-03,2.43,1.97,
2003-11-04,2.40,1.93,
2003-11-05,2.36,2.02,
2003-11-06,2.37,2.08,
2003-11-07,2.38,2.10,
2003-11-10,2.40,2.09,
2003-11-11,,,
2003-11-12,2.40,2.04,
2003-11-13,2.36,1.94,
2003-11-14,2.35,1.87,
2003-11-17,2.36,1.82,
2003-11-18,2.34,1.83,
2003-11-19,2.33,1.91,
2003-11-20,2.24,1.92,
2003-11-21,2.22,1.93,
2003-11-24,2.24,1.99,
2003-11-25,2.27,1.92,
2003-11-26,2.29,1.96,
2003-11-27,,,
2003-11-28,2.31,2.03,
2003-12-01,2.32,2.08,
2003-12-02,2.33,2.05,
2003-12-03,2.33,2.08,
2003-12-04,2.34,2.04,
2003-12-05,2.31,1.92,
2003-12-08,2.33,1.96,
2003-12-09,2.32,2.00,
2003-12-10,2.33,1.97,
2003-12-11,2.37,1.90,
2003-12-12,2.35,1.91,
2003-12-15,2.30,1.98,
2003-12-16,2.25,1.99,
2003-12-17,2.23,1.96,
2003-12-18,2.22,1.94,
2003-12-19,2.20,1.95,
2003-12-22,2.20,1.98,
2003-12-23,2.25,2.03,
2003-12-24,2.24,1.96,
2003-12-25,,,
2003-12-26,2.23,1.94,
2003-12-29,2.25,1.99,
2003-12-30,2.28,2.01,
2003-12-31,2.27,2.00,
2004-01-01,,,
2004-01-02,2.32,2.06,
2004-01-05,2.35,2.06,
2004-01-06,2.32,1.97,
2004-01-07,2.33,1.94,
2004-01-08,2.28,1.99,
2004-01-09,2.22,1.89,
2004-01-12,2.22,1.89,
2004-01-13,2.22,1.83,
2004-01-14,2.16,1.85,
2004-01-15,2.17,1.82,
2004-01-16,2.21,1.83,
2004-01-19,,,
2004-01-20,2.24,1.84,
2004-01-21,2.26,1.79,
2004-01-22,2.23,1.76,
2004-01-23,2.27,1.82,
2004-01-26,2.27,1.89,
2004-01-27,2.27,1.84,
2004-01-28,2.30,1.92,
2004-01-29,2.31,1.91,
2004-01-30,2.31,1.85,
2004-02-02,2.34,1.84,
2004-02-03,2.32,1.81,
2004-02-04,2.33,1.82,
2004-02-05,2.35,1.85,
2004-02-06,2.33,1.79,
2004-02-09,2.33,1.76,
2004-02-10,2.34,1.79,
2004-02-11,2.30,1.75,
2004-02-12,2.33,1.77,
2004-02-13,2.31,1.74,
2004-02-16,,,
2004-02-17,2.30,1.75,
2004-02-18,2.30,1.75,
2004-02-19,2.29,1.76,
2004-02-20,2.31,1.79,
2004-02-23,2.29,1.76,
2004-02-24,2.30,1.74,
2004-02-25,2.31,1.71,
2004-02-26,2.36,1.69,
2004-02-27,2.38,1.61,
2004-03-01,2.45,1.55,
2004-03-02,2.47,1.58,
2004-03-03,2.48,1.59,
2004-03-04,2.44,1.60,
2004-03-05,2.39,1.46,
2004-03-08,2.35,1.43,
2004-03-09,2.33,1.40,
2004-03-10,2.29,1.45,
2004-03-11,2.24,1.50,
2004-03-12,2.26,1.52,
2004-03-15,2.31,1.47,
2004-03-16,2.30,1.40,
2004-03-17,2.35,1.36,
2004-03-18,2.39,1.37,
2004-03-19,2.36,1.44,
2004-03-22,2.32,1.42,
2004-03-23,2.32,1.41,
2004-03-24,2.35,1.38,
2004-03-25,2.35,1.40,
2004-03-26,2.38,1.47,
2004-03-29,2.41,1.50,
2004-03-30,2.39,1.52,
2004-03-31,2.38,1.48,
2004-04-01,2.43,1.48,
2004-04-02,2.46,1.69,
2004-04-05,2.49,1.75,
2004-04-06,2.46,1.73,
2004-04-07,2.37,1.82,
2004-04-08,2.41,1.80,
2004-04-09,,,
2004-04-12,2.44,1.81,
2004-04-13,2.47,1.88,
2004-04-14,2.49,1.91,
2004-04-15,2.49,1.93,
2004-04-16,2.50,1.87,
2004-04-19,2.52,1.87,
2004-04-20,2.46,1.97,
2004-04-21,2.49,1.96,
2004-04-22,2.42,1.98,
2004-04-23,2.36,2.12,
2004-04-26,2.43,2.03,
2004-04-27,2.43,2.00,
2004-04-28,2.40,2.10,
2004-04-29,2.40,2.15,
2004-04-30,2.42,2.11,
2004-05-03,2.44,2.09,
2004-05-04,2.46,2.10,
2004-05-05,2.51,2.10,
2004-05-06,2.48,2.15,
2004-05-07,2.55,2.24,
2004-05-10,2.56,2.25,
2004-05-11,2.58,2.21,
2004-05-12,2.66,2.17,
2004-05-13,2.67,2.18,
2004-05-14,2.63,2.16,
2004-05-17,2.63,2.07,
2004-05-18,2.69,2.05,
2004-05-19,2.76,2.03,
2004-05-20,2.76,1.96,
2004-05-21,2.72,2.04,
2004-05-24,2.74,2.01,
2004-05-25,2.70,2.03,
2004-05-26,2.68,1.99,
2004-05-27,2.63,1.97,
2004-05-28,2.66,2.00,
2004-05-31,,,
2004-06-01,2.74,1.97,
2004-06-02,2.70,2.04,
2004-06-03,2.66,2.05,
2004-06-04,2.67,2.11,
2004-06-07,2.67,2.11,
2004-06-08,2.63,2.15,
2004-06-09,2.62,2.20,
2004-06-10,2.63,2.18,
2004-06-11,,,
2004-06-14,2.63,2.26,
2004-06-15,2.53,2.16,
2004-06-16,2.56,2.18,
2004-06-17,2.55,2.16,
2004-06-18,2.57,2.15,
2004-06-21,2.54,2.16,
2004-06-22,2.55,2.17,
2004-06-23,2.53,2.18,
2004-06-24,2.51,2.15,
2004-06-25,2.50,2.16,
2004-06-28,2.53,2.23,
2004-06-29,2.50,2.20,
2004-06-30,2.52,2.10,
2004-07-01,2.53,2.04,
2004-07-02,2.52,1.96,
2004-07-05,,,
2004-07-06,2.52,1.97,
2004-07-07,2.50,2.00,
2004-07-08,2.47,2.02,
2004-07-09,2.47,2.02,
2004-07-12,2.44,2.02,
2004-07-13,2.47,2.03,
2004-07-14,2.48,2.02,
2004-07-15,2.49,2.01,
2004-07-16,2.44,1.94,
2004-07-19,2.42,1.96,
2004-07-20,2.42,2.05,
2004-07-21,2.45,2.05,
2004-07-22,2.45,2.03,
2004-07-23,2.45,2.00,
2004-07-26,2.44,2.05,
2004-07-27,2.47,2.15,
2004-07-28,2.50,2.11,
2004-07-29,2.53,2.07,
2004-07-30,2.49,2.01,
2004-08-02,2.48,2.00,
2004-08-03,2.47,1.98,
2004-08-04,2.45,2.00,
2004-08-05,2.47,1.96,
2004-08-06,2.42,1.82,
2004-08-09,2.43,1.85,
2004-08-10,2.42,1.90,
2004-08-11,2.44,1.86,
2004-08-12,2.46,1.81,
2004-08-13,2.45,1.77,
2004-08-16,2.44,1.82,
2004-08-17,2.39,1.82,
2004-08-18,2.40,1.83,
2004-08-19,2.46,1.76,
2004-08-20,2.45,1.79,
2004-08-23,2.42,1.86,
2004-08-24,2.41,1.87,
2004-08-25,2.38,1.88,
2004-08-26,2.36,1.86,
2004-08-27,2.37,1.86,
2004-08-30,2.36,1.83,
2004-08-31,2.35,1.78,
2004-09-01,2.36,1.77,
2004-09-02,2.37,1.83,
2004-09-03,2.42,1.88,
2004-09-06,,,
2004-09-07,2.40,1.86,
2004-09-08,2.36,1.82,
2004-09-09,2.39,1.83,
2004-09-10,2.36,1.83,
2004-09-13,2.35,1.81,
2004-09-14,2.34,1.81,
2004-09-15,2.32,1.86,
2004-09-16,2.27,1.81,
2004-09-17,2.29,1.85,
2004-09-20,2.27,1.80,
2004-09-21,2.25,1.80,
2004-09-22,2.27,1.73,
2004-09-23,2.26,1.76,
2004-09-24,2.26,1.78,
2004-09-27,2.29,1.72,
2004-09-28,2.32,1.70,
2004-09-29,2.34,1.76,
2004-09-30,2.37,1.77,
2004-10-01,2.38,1.83,
2004-10-04,2.33,1.86,
2004-10-05,2.34,1.84,
2004-10-06,2.33,1.90,
2004-10-07,2.37,1.89,
2004-10-08,2.37,1.78,
2004-10-11,,,
2004-10-12,2.37,1.75,
2004-10-13,2.37,1.72,
2004-10-14,2.35,1.68,
2004-10-15,2.37,1.70,
2004-10-18,2.36,1.71,
2004-10-19,2.37,1.70,
2004-10-20,2.35,1.66,
2004-10-21,2.39,1.62,
2004-10-22,2.36,1.64,
2004-10-25,2.36,1.63,
2004-10-26,2.38,1.63,
2004-10-27,2.38,1.73,
2004-10-28,2.41,1.68,
2004-10-29,2.42,1.63,
2004-11-01,2.44,1.67,
2004-11-02,2.49,1.61,
2004-11-03,2.48,1.61,
2004-11-04,2.45,1.65,
2004-11-05,2.50,1.71,
2004-11-08,2.50,1.72,
2004-11-09,2.48,1.74,
2004-11-10,2.50,1.75,
2004-11-11,,,
2004-11-12,2.49,1.71,
2004-11-15,2.53,1.67,
2004-11-16,2.53,1.68,
2004-11-17,2.51,1.63,
2004-11-18,2.48,1.64,
2004-11-19,2.53,1.67,
2004-11-22,2.56,1.62,
2004-11-23,2.54,1.65,
2004-11-24,2.56,1.64,
2004-11-25,,,
2004-11-26,2.58,1.66,
2004-11-29,2.60,1.74,
2004-11-30,2.61,1.75,
2004-12-01,2.59,1.79,
2004-12-02,2.57,1.83,
2004-12-03,2.54,1.73,
2004-12-06,2.54,1.70,
2004-12-07,2.54,1.69,
2004-12-08,2.52,1.62,
2004-12-09,2.55,1.64,
2004-12-10,2.50,1.66,
2004-12-13,2.51,1.65,
2004-12-14,2.52,1.62,
2004-12-15,2.52,1.57,
2004-12-16,2.55,1.64,
2004-12-17,2.57,1.64,
2004-12-20,2.59,1.62,
2004-12-21,2.59,1.59,
2004-12-22,2.58,1.63,
2004-12-23,2.61,1.62,
2004-12-24,,,
2004-12-27,2.63,1.67,
2004-12-28,2.62,1.69,
2004-12-29,2.60,1.73,
2004-12-30,2.57,1.70,
2004-12-31,2.56,1.68,
2005-01-03,2.53,1.70,
2005-01-04,2.51,1.78,
2005-01-05,2.50,1.79,
2005-01-06,2.53,1.76,
2005-01-07,2.49,1.80,
2005-01-10,2.52,1.77,
2005-01-11,2.50,1.76,
2005-01-12,2.52,1.73,
2005-01-13,2.50,1.70,
2005-01-14,2.51,1.72,
2005-01-17,,,
2005-01-18,2.50,1.71,
2005-01-19,2.50,1.70,
2005-01-20,2.47,1.70,
2005-01-21,2.47,1.69,
2005-01-24,2.46,1.68,
2005-01-25,2.46,1.74,
2005-01-26,2.49,1.72,
2005-01-27,2.50,1.72,
2005-01-28,2.51,1.65,
2005-01-31,2.49,1.65,
2005-02-01,2.48,1.67,
2005-02-02,2.45,1.70,
2005-02-03,2.45,1.73,
2005-02-04,2.44,1.65,
2005-02-07,2.45,1.62,
2005-02-08,2.48,1.57,
2005-02-09,2.51,1.49,
2005-02-10,2.50,1.57,
2005-02-11,2.53,1.57,
2005-02-14,2.54,1.54,
2005-02-15,2.49,1.61,
2005-02-16,2.51,1.65,
2005-02-17,2.54,1.65,
2005-02-18,2.60,1.67,
2005-02-21,,,
2005-02-22,2.62,1.67,
2005-02-23,2.63,1.64,
2005-02-24,2.64,1.65,
2005-02-25,2.63,1.64,
2005-02-28,2.66,1.70,
2005-03-01,2.69,1.69,
2005-03-02,2.69,1.69,
2005-03-03,2.70,1.69,
2005-03-04,2.67,1.65,
2005-03-07,2.68,1.63,
2005-03-08,2.71,1.67,
2005-03-09,2.75,1.77,
2005-03-10,2.72,1.76,
2005-03-11,2.74,1.82,
2005-03-14,2.70,1.82,
2005-03-15,2.72,1.82,
2005-03-16,2.73,1.79,
2005-03-17,2.74,1.73,
2005-03-18,2.74,1.77,
2005-03-21,2.73,1.80,
2005-03-22,2.76,1.87,
2005-03-23,2.69,1.92,
2005-03-24,2.70,1.90,
2005-03-25,,,
2005-03-28,2.70,1.94,
2005-03-29,2.69,1.91,
2005-03-30,2.67,1.89,
2005-03-31,2.71,1.79,
2005-04-01,2.69,1.77,
2005-04-04,2.68,1.79,
2005-04-05,2.67,1.81,
2005-04-06,2.64,1.80,
2005-04-07,2.64,1.85,
2005-04-08,2.66,1.84,
2005-04-11,2.63,1.82,
2005-04-12,2.65,1.73,
2005-04-13,2.64,1.74,
2005-04-14,2.65,1.72,
2005-04-15,2.60,1.67,
2005-04-18,2.61,1.66,
2005-04-19,2.59,1.62,
2005-04-20,2.62,1.60,
2005-04-21,2.66,1.66,
2005-04-22,2.65,1.61,
2005-04-25,2.63,1.63,
2005-04-26,2.62,1.66,
2005-04-27,2.60,1.65,
2005-04-28,2.61,1.58,
2005-04-29,2.60,1.61,
2005-05-02,2.60,1.61,
2005-05-03,2.57,1.64,
2005-05-04,2.57,1.63,
2005-05-05,2.57,1.62,
2005-05-06,2.59,1.69,
2005-05-09,2.60,1.69,
2005-05-10,2.58,1.65,
2005-05-11,2.57,1.64,
2005-05-12,2.52,1.66,
2005-05-13,2.46,1.66,
2005-05-16,2.47,1.66,
2005-05-17,2.48,1.64,
2005-05-18,2.42,1.65,
2005-05-19,2.42,1.69,
2005-05-20,2.46,1.67,
2005-05-23,2.42,1.65,
2005-05-24,2.42,1.62,
2005-05-25,2.42,1.66,
2005-05-26,2.39,1.69,
2005-05-27,2.41,1.67,
2005-05-30,,,
2005-05-31,2.37,1.63,
2005-06-01,2.37,1.54,
2005-06-02,2.34,1.55,
2005-06-03,2.37,1.61,
2005-06-06,2.36,1.60,
2005-06-07,2.32,1.60,
2005-06-08,2.32,1.63,
2005-06-09,2.34,1.64,
2005-06-10,2.31,1.74,
2005-06-13,2.33,1.76,
2005-06-14,2.34,1.79,
2005-06-15,2.33,1.79,
2005-06-16,2.34,1.75,
2005-06-17,2.37,1.72,
2005-06-20,2.37,1.74,
2005-06-21,2.34,1.72,
2005-06-22,2.27,1.68,
2005-06-23,2.28,1.68,
2005-06-24,2.27,1.65,
2005-06-27,2.28,1.62,
2005-06-28,2.30,1.67,
2005-06-29,2.30,1.69,
2005-06-30,2.27,1.67,
2005-07-01,2.31,1.75,
2005-07-04,,,
2005-07-05,2.31,1.80,
2005-07-06,2.30,1.78,
2005-07-07,2.28,1.77,
2005-07-08,2.28,1.83,
2005-07-11,2.30,1.81,
2005-07-12,2.32,1.83,
2005-07-13,2.30,1.87,
2005-07-14,2.25,1.94,
2005-07-15,2.23,1.95,
2005-07-18,2.24,1.98,
2005-07-19,2.28,1.92,
2005-07-20,2.27,1.90,
2005-07-21,2.33,1.95,
2005-07-22,2.34,1.89,
2005-07-25,2.31,1.94,
2005-07-26,2.32,1.92,
2005-07-27,2.35,1.92,
2005-07-28,2.34,1.86,
2005-07-29,2.36,1.92,
2005-08-01,2.37,1.95,
2005-08-02,2.35,1.99,
2005-08-03,2.37,1.93,
2005-08-04,2.38,1.94,
2005-08-05,2.40,2.00,
2005-08-08,2.40,2.02,
2005-08-09,2.39,2.02,
2005-08-10,2.39,2.01,
2005-08-11,2.35,1.97,
2005-08-12,2.33,1.91,
2005-08-15,2.35,1.92,
2005-08-16,2.36,1.87,
2005-08-17,2.37,1.91,
2005-08-18,2.35,1.86,
2005-08-19,2.36,1.85,
2005-08-22,2.36,1.86,
2005-08-23,2.35,1.85,
2005-08-24,2.36,1.83,
2005-08-25,2.38,1.80,
2005-08-26,2.39,1.81,
2005-08-29,2.41,1.79,
2005-08-30,2.45,1.71,
2005-08-31,2.37,1.65,
2005-09-01,2.41,1.61,
2005-09-02,2.44,1.59,
2005-09-05,,,
2005-09-06,2.44,1.65,
2005-09-07,2.46,1.69,
2005-09-08,2.47,1.68,
2005-09-09,2.50,1.64,
2005-09-12,2.49,1.69,
2005-09-13,2.47,1.67,
2005-09-14,2.49,1.68,
2005-09-15,2.51,1.71,
2005-09-16,2.53,1.73,
2005-09-19,2.55,1.70,
2005-09-20,2.52,1.74,
2005-09-21,2.51,1.68,
2005-09-22,2.52,1.67,
2005-09-23,2.51,1.74,
2005-09-26,2.52,1.78,
2005-09-27,2.53,1.77,
2005-09-28,2.53,1.73,
2005-09-29,2.54,1.75,
2005-09-30,2.56,1.78,
2005-10-03,2.55,1.84,
2005-10-04,2.51,1.87,
2005-10-05,2.50,1.86,
2005-10-06,2.46,1.91,
2005-10-07,2.45,1.90,
2005-10-10,,,
2005-10-11,2.47,1.92,
2005-10-12,2.49,1.96,
2005-10-13,2.52,1.96,
2005-10-14,2.50,1.98,
2005-10-17,2.56,1.94,
2005-10-18,2.57,1.92,
2005-10-19,2.55,1.92,
2005-10-20,2.54,1.92,
2005-10-21,2.50,1.89,
2005-10-24,2.52,1.93,
2005-10-25,2.49,2.05,
2005-10-26,2.54,2.06,
2005-10-27,2.56,2.01,
2005-10-28,2.57,2.01,
2005-10-31,2.57,2.00,
2005-11-01,2.58,2.00,
2005-11-02,2.59,2.02,
2005-11-03,2.62,2.03,
2005-11-04,2.60,2.06,
2005-11-07,2.62,2.03,
2005-11-08,2.56,2.01,
2005-11-09,2.56,2.08,
2005-11-10,2.48,2.07,
2005-11-11,,,
2005-11-14,2.47,2.14,
2005-11-15,2.44,2.12,
2005-11-16,2.42,2.07,
2005-11-17,2.42,2.04,
2005-11-18,2.41,2.09,
2005-11-21,2.38,2.08,
2005-11-22,2.40,2.03,
2005-11-23,2.39,2.08,
2005-11-24,,,
2005-11-25,2.38,2.05,
2005-11-28,2.37,2.04,
2005-11-29,2.37,2.11,
2005-11-30,2.37,2.12,
2005-12-01,2.37,2.15,
2005-12-02,2.36,2.16,
2005-12-05,2.40,2.17,
2005-12-06,2.37,2.12,
2005-12-07,2.34,2.18,
2005-12-08,2.33,2.14,
2005-12-09,2.36,2.18,
2005-12-12,2.39,2.17,
2005-12-13,2.38,2.16,
2005-12-14,2.35,2.10,
2005-12-15,2.35,2.12,
2005-12-16,2.34,2.11,
2005-12-19,2.34,2.11,
2005-12-20,2.35,2.12,
2005-12-21,2.35,2.14,
2005-12-22,2.33,2.11,
2005-12-23,2.31,2.07,
2005-12-26,,,
2005-12-27,2.29,2.05,
2005-12-28,2.28,2.10,
2005-12-29,2.30,2.07,
2005-12-30,2.33,2.06,
2006-01-02,,,
2006-01-03,2.34,2.03,
2006-01-04,2.35,2.01,
2006-01-05,2.32,2.04,
2006-01-06,2.33,2.05,
2006-01-09,2.33,2.05,
2006-01-10,2.37,2.06,
2006-01-11,2.39,2.07,
2006-01-12,2.41,2.01,
2006-01-13,2.39,1.97,
2006-01-16,,,
2006-01-17,2.39,1.95,
2006-01-18,2.37,1.97,
2006-01-19,2.41,1.97,
2006-01-20,2.43,1.94,
2006-01-23,2.42,1.94,
2006-01-24,2.43,1.97,
2006-01-25,2.46,2.03,
2006-01-26,2.52,2.01,
2006-01-27,2.50,2.02,
2006-01-30,2.51,2.03,
2006-01-31,2.53,2.00,
2006-02-01,2.55,2.02,
2006-02-02,2.53,2.04,
2006-02-03,2.54,2.00,
2006-02-06,2.55,2.00,
2006-02-07,2.55,2.02,
2006-02-08,2.49,2.07,
2006-02-09,2.49,2.05,
2006-02-10,2.50,2.09,
2006-02-13,2.50,2.08,
2006-02-14,2.48,2.14,
2006-02-15,2.48,2.13,
2006-02-16,2.49,2.10,
2006-02-17,2.51,2.03,
2006-02-20,,,
2006-02-21,2.53,2.04,
2006-02-22,2.52,2.01,
2006-02-23,2.53,2.03,
2006-02-24,2.56,2.02,
2006-02-27,2.55,2.04,
2006-02-28,2.53,2.02,
2006-03-01,2.57,2.02,
2006-03-02,2.59,2.05,
2006-03-03,2.61,2.07,
2006-03-06,2.60,2.14,
2006-03-07,2.58,2.16,
2006-03-08,2.53,2.20,
2006-03-09,2.54,2.20,
2006-03-10,2.53,2.23,
2006-03-13,2.53,2.24,
2006-03-14,2.54,2.17,
2006-03-15,2.55,2.18,
2006-03-16,2.53,2.12,
2006-03-17,2.52,2.16,
2006-03-20,2.51,2.15,
2006-03-21,2.48,2.23,
2006-03-22,2.47,2.23,
2006-03-23,2.49,2.24,
2006-03-24,2.47,2.20,
2006-03-27,2.47,2.23,
2006-03-28,2.49,2.30,
2006-03-29,2.49,2.32,
2006-03-30,2.51,2.35,
2006-03-31,2.51,2.35,
2006-04-03,2.52,2.36,
2006-04-04,2.49,2.38,
2006-04-05,2.50,2.34,
2006-04-06,2.52,2.38,
2006-04-07,2.54,2.43,
2006-04-10,2.56,2.41,
2006-04-11,2.56,2.37,
2006-04-12,2.57,2.41,
2006-04-13,2.57,2.48,
2006-04-14,,,
2006-04-17,2.58,2.43,
2006-04-18,2.61,2.38,
2006-04-19,2.66,2.38,
2006-04-20,2.62,2.42,
2006-04-21,2.62,2.39,
2006-04-24,2.60,2.39,
2006-04-25,2.60,2.47,
2006-04-26,2.61,2.51,
2006-04-27,2.64,2.45,
2006-04-28,2.68,2.39,
2006-05-01,2.72,2.42,
2006-05-02,2.69,2.43,
2006-05-03,2.68,2.47,
2006-05-04,2.67,2.49,
2006-05-05,2.67,2.45,
2006-05-08,2.67,2.45,
2006-05-09,2.70,2.43,
2006-05-10,2.70,2.43,
2006-05-11,2.71,2.43,
2006-05-12,2.72,2.47,
2006-05-15,2.68,2.47,
2006-05-16,2.66,2.44,
2006-05-17,2.69,2.47,
2006-05-18,2.67,2.41,
2006-05-19,2.62,2.43,
2006-05-22,2.61,2.43,
2006-05-23,2.63,2.44,
2006-05-24,2.61,2.42,
2006-05-25,2.61,2.46,
2006-05-26,2.62,2.44,
2006-05-29,,,
2006-05-30,2.64,2.45,
2006-05-31,2.64,2.48,
2006-06-01,2.65,2.46,
2006-06-02,2.63,2.37,
2006-06-05,2.62,2.40,
2006-06-06,2.57,2.44,
2006-06-07,2.54,2.48,
2006-06-08,2.53,2.47,
2006-06-09,2.53,2.45,
2006-06-12,2.54,2.45,
2006-06-13,2.53,2.44,
2006-06-14,2.55,2.50,
2006-06-15,2.58,2.52,
2006-06-16,2.59,2.54,
2006-06-19,2.56,2.58,
2006-06-20,2.57,2.58,
2006-06-21,2.57,2.59,
2006-06-22,2.59,2.61,
2006-06-23,2.59,2.64,
2006-06-26,2.58,2.67,
2006-06-27,2.58,2.63,
2006-06-28,2.57,2.68,
2006-06-29,2.61,2.61,
2006-06-30,2.61,2.54,
2006-07-03,2.59,2.56,
2006-07-04,,,
2006-07-05,2.60,2.63,
2006-07-06,2.60,2.59,
2006-07-07,2.59,2.55,
2006-07-10,2.57,2.56,
2006-07-11,2.57,2.53,
2006-07-12,2.56,2.54,
2006-07-13,2.57,2.51,
2006-07-14,2.57,2.50,
2006-07-17,2.58,2.49,
2006-07-18,2.58,2.55,
2006-07-19,2.57,2.49,
2006-07-20,2.58,2.45,
2006-07-21,2.56,2.49,
2006-07-24,2.56,2.49,
2006-07-25,2.59,2.48,
2006-07-26,2.60,2.44,
2006-07-27,2.60,2.47,
2006-07-28,2.59,2.41,
2006-07-31,2.58,2.41,
2006-08-01,2.59,2.40,
2006-08-02,2.60,2.36,
2006-08-03,2.61,2.35,
2006-08-04,2.61,2.30,
2006-08-07,2.64,2.29,
2006-08-08,2.66,2.27,
2006-08-09,2.64,2.28,
2006-08-10,2.63,2.30,
2006-08-11,2.64,2.33,
2006-08-14,2.64,2.36,
2006-08-15,2.61,2.32,
2006-08-16,2.59,2.28,
2006-08-17,2.59,2.28,
2006-08-18,2.58,2.26,
2006-08-21,2.59,2.23,
2006-08-22,2.60,2.22,
2006-08-23,2.57,2.25,
2006-08-24,2.53,2.28,
2006-08-25,2.55,2.24,
2006-08-28,2.52,2.28,
2006-08-29,2.50,2.29,
2006-08-30,2.48,2.28,
2006-08-31,2.50,2.24,
2006-09-01,2.48,2.25,
2006-09-04,,,
2006-09-05,2.47,2.31,
2006-09-06,2.48,2.32,
2006-09-07,2.46,2.34,
2006-09-08,2.43,2.35,
2006-09-11,2.42,2.38,
2006-09-12,2.42,2.36,
2006-09-13,2.42,2.35,
2006-09-14,2.44,2.35,
2006-09-15,2.42,2.38,
2006-09-18,2.42,2.39,
2006-09-19,2.39,2.35,
2006-09-20,2.34,2.39,
2006-09-21,2.34,2.31,
2006-09-22,2.33,2.27,
2006-09-25,2.32,2.24,
2006-09-26,2.34,2.25,
2006-09-27,2.34,2.26,
2006-09-28,2.36,2.27,
2006-09-29,2.37,2.27,
2006-10-02,2.35,2.27,
2006-10-03,2.33,2.29,
2006-10-04,2.30,2.27,
2006-10-05,2.30,2.31,
2006-10-06,2.33,2.37,
2006-10-09,,,
2006-10-10,2.33,2.42,
2006-10-11,2.33,2.45,
2006-10-12,2.35,2.44,
2006-10-13,2.34,2.47,
2006-10-16,2.34,2.45,
2006-10-17,2.32,2.46,
2006-10-18,2.31,2.46,
2006-10-19,2.30,2.49,
2006-10-20,2.30,2.49,
2006-10-23,2.30,2.53,
2006-10-24,2.31,2.52,
2006-10-25,2.34,2.44,
2006-10-26,2.32,2.41,
2006-10-27,2.31,2.37,
2006-10-30,2.29,2.39,
2006-10-31,2.27,2.34,
2006-11-01,2.28,2.29,
2006-11-02,2.28,2.32,
2006-11-03,2.32,2.40,
2006-11-06,2.35,2.36,
2006-11-07,2.34,2.32,
2006-11-08,2.35,2.29,
2006-11-09,2.34,2.28,
2006-11-10,2.34,2.25,
2006-11-13,2.32,2.29,
2006-11-14,2.29,2.28,
2006-11-15,2.31,2.30,
2006-11-16,2.28,2.38,
2006-11-17,2.28,2.33,
2006-11-20,2.27,2.33,
2006-11-21,2.27,2.31,
2006-11-22,2.27,2.30,
2006-11-23,,,
2006-11-24,2.28,2.27,
2006-11-27,2.30,2.24,
2006-11-28,2.30,2.21,
2006-11-29,2.30,2.22,
2006-11-30,2.30,2.16,
2006-12-01,2.33,2.10,
2006-12-04,2.32,2.11,
2006-12-05,2.34,2.11,
2006-12-06,2.34,2.14,
2006-12-07,2.34,2.15,
2006-12-08,2.35,2.21,
2006-12-11,2.35,2.17,
2006-12-12,2.34,2.15,
2006-12-13,2.36,2.22,
2006-12-14,2.37,2.23,
2006-12-15,2.31,2.29,
2006-12-18,2.29,2.31,
2006-12-19,2.29,2.31,
2006-12-20,2.28,2.32,
2006-12-21,2.26,2.29,
2006-12-22,2.28,2.35,
2006-12-25,,,
2006-12-26,2.27,2.34,
2006-12-27,2.27,2.39,
2006-12-28,2.29,2.41,
2006-12-29,2.30,2.41,
2007-01-01,,,
2007-01-02,2.30,2.38,
2007-01-03,2.31,2.36,
2007-01-04,2.26,2.36,
2007-01-05,2.27,2.38,
2007-01-08,2.28,2.38,
2007-01-09,2.27,2.39,
2007-01-10,2.27,2.42,
2007-01-11,2.31,2.43,
2007-01-12,2.28,2.49,
2007-01-15,,,
2007-01-16,2.27,2.48,
2007-01-17,2.29,2.50,
2007-01-18,2.28,2.47,
2007-01-19,2.31,2.47,
2007-01-22,2.32,2.44,
2007-01-23,2.35,2.46,
2007-01-24,2.37,2.44,
2007-01-25,2.39,2.48,
2007-01-26,2.40,2.48,
2007-01-29,2.40,2.50,
2007-01-30,2.42,2.46,
2007-01-31,2.43,2.40,
2007-02-01,2.42,2.42,
2007-02-02,2.41,2.42,
2007-02-05,2.40,2.41,
2007-02-06,2.37,2.40,
2007-02-07,2.34,2.40,
2007-02-08,2.34,2.39,
2007-02-09,2.36,2.43,
2007-02-12,2.34,2.46,
2007-02-13,2.36,2.46,
2007-02-14,2.36,2.38,
2007-02-15,2.32,2.38,
2007-02-16,2.33,2.36,
2007-02-19,,,
2007-02-20,2.32,2.36,
2007-02-21,2.36,2.33,
2007-02-22,2.38,2.35,
2007-02-23,2.38,2.30,
2007-02-26,2.37,2.26,
2007-02-27,2.36,2.14,
2007-02-28,2.36,2.20,
2007-03-01,2.37,2.19,
2007-03-02,2.37,2.15,
2007-03-05,2.34,2.17,
2007-03-06,2.34,2.19,
2007-03-07,2.34,2.16,
2007-03-08,2.34,2.17,
2007-03-09,2.34,2.25,
2007-03-12,2.34,2.22,
2007-03-13,2.35,2.15,
2007-03-14,2.35,2.18,
2007-03-15,2.37,2.17,
2007-03-16,2.39,2.16,
2007-03-19,2.40,2.18,
2007-03-20,2.39,2.17,
2007-03-21,2.39,2.14,
2007-03-22,2.43,2.17,
2007-03-23,2.43,2.19,
2007-03-26,2.44,2.16,
2007-03-27,2.46,2.16,
2007-03-28,2.45,2.17,
2007-03-29,2.46,2.18,
2007-03-30,2.44,2.21,
2007-04-02,2.44,2.21,
2007-04-03,2.42,2.25,
2007-04-04,2.43,2.23,
2007-04-05,2.46,2.22,
2007-04-06,2.49,2.27,
2007-04-09,2.48,2.27,
2007-04-10,2.46,2.27,
2007-04-11,2.46,2.28,
2007-04-12,2.46,2.28,
2007-04-13,2.45,2.31,
2007-04-16,2.44,2.30,
2007-04-17,2.40,2.29,
2007-04-18,2.40,2.26,
2007-04-19,2.41,2.27,
2007-04-20,2.41,2.27,
2007-04-23,2.41,2.25,
2007-04-24,2.42,2.21,
2007-04-25,2.44,2.22,
2007-04-26,2.43,2.26,
2007-04-27,2.46,2.25,
2007-04-30,2.43,2.20,
2007-05-01,2.45,2.19,
2007-05-02,2.43,2.22,
2007-05-03,2.43,2.25,
2007-05-04,2.41,2.24,
2007-05-07,2.37,2.27,
2007-05-08,2.36,2.27,
2007-05-09,2.38,2.29,
2007-05-10,2.38,2.27,
2007-05-11,2.37,2.30,
2007-05-14,2.37,2.32,
2007-05-15,2.34,2.37,
2007-05-16,2.33,2.38,
2007-05-17,2.35,2.41,
2007-05-18,2.35,2.46,
2007-05-21,2.36,2.43,
2007-05-22,2.35,2.48,
2007-05-23,2.36,2.50,
2007-05-24,2.38,2.48,
2007-05-25,2.37,2.49,
2007-05-28,,,
2007-05-29,2.34,2.54,
2007-05-30,2.36,2.52,
2007-05-31,2.36,2.54,
2007-06-01,2.38,2.57,
2007-06-04,2.38,2.55,
2007-06-05,2.38,2.60,
2007-06-06,2.39,2.58,
2007-06-07,2.41,2.70,
2007-06-08,2.43,2.69,
2007-06-11,2.42,2.72,
2007-06-12,2.43,2.83,
2007-06-13,2.45,2.75,
2007-06-14,2.46,2.77,
2007-06-15,2.43,2.73,
2007-06-18,2.42,2.73,
2007-06-19,2.42,2.67,
2007-06-20,2.41,2.73,
2007-06-21,2.42,2.74,
2007-06-22,2.44,2.70,
2007-06-25,2.42,2.67,
2007-06-26,2.40,2.70,
2007-06-27,2.39,2.70,
2007-06-28,2.39,2.73,
2007-06-29,2.38,2.65,
2007-07-02,2.39,2.61,
2007-07-03,2.37,2.68,
2007-07-04,,,
2007-07-05,2.40,2.76,
2007-07-06,2.40,2.79,
2007-07-09,2.41,2.75,
2007-07-10,2.39,2.64,
2007-07-11,2.38,2.71,
2007-07-12,2.39,2.74,
2007-07-13,2.38,2.73,
2007-07-16,2.36,2.69,
2007-07-17,2.35,2.73,
2007-07-18,2.38,2.64,
2007-07-19,2.39,2.65,
2007-07-20,2.36,2.60,
2007-07-23,2.34,2.63,
2007-07-24,2.36,2.58,
2007-07-25,2.36,2.56,
2007-07-26,2.32,2.47,
2007-07-27,2.32,2.48,
2007-07-30,2.33,2.49,
2007-07-31,2.34,2.44,
2007-08-01,2.32,2.44,
2007-08-02,2.31,2.46,
2007-08-03,2.27,2.44,
2007-08-06,2.26,2.46,
2007-08-07,2.26,2.51,
2007-08-08,2.26,2.58,
2007-08-09,2.25,2.54,
2007-08-10,2.25,2.56,
2007-08-13,2.26,2.52,
2007-08-14,2.24,2.49,
2007-08-15,2.23,2.46,
2007-08-16,2.21,2.39,
2007-08-17,2.23,2.45,
2007-08-20,2.20,2.44,
2007-08-21,2.22,2.38,
2007-08-22,2.21,2.42,
2007-08-23,2.23,2.39,
2007-08-24,2.23,2.40,
2007-08-27,2.22,2.38,
2007-08-28,2.20,2.33,
2007-08-29,2.19,2.38,
2007-08-30,2.19,2.32,
2007-08-31,2.20,2.34,
2007-09-03,,,
2007-09-04,2.20,2.36,
2007-09-05,2.19,2.29,
2007-09-06,2.19,2.32,
2007-09-07,2.19,2.19,
2007-09-10,2.20,2.14,
2007-09-11,2.21,2.16,
2007-09-12,2.23,2.18,
2007-09-13,2.25,2.24,
2007-09-14,2.27,2.20,
2007-09-17,2.27,2.21,
2007-09-18,2.31,2.19,
2007-09-19,2.32,2.21,
2007-09-20,2.35,2.34,
2007-09-21,2.33,2.31,
2007-09-24,2.30,2.33,
2007-09-25,2.29,2.34,
2007-09-26,2.29,2.34,
2007-09-27,2.31,2.27,
2007-09-28,2.32,2.27,
2007-10-01,2.30,2.26,
2007-10-02,2.31,2.23,
2007-10-03,2.30,2.25,
2007-10-04,2.30,2.24,
2007-10-05,2.31,2.34,
2007-10-08,,,
2007-10-09,2.33,2.34,
2007-10-10,2.32,2.33,
2007-10-11,2.34,2.32,
2007-10-12,2.34,2.36,
2007-10-15,2.35,2.34,
2007-10-16,2.35,2.31,
2007-10-17,2.35,2.22,
2007-10-18,2.32,2.20,
2007-10-19,2.32,2.09,
2007-10-22,2.31,2.11,
2007-10-23,2.30,2.11,
2007-10-24,2.29,2.07,
2007-10-25,2.33,2.04,
2007-10-26,2.36,2.05,
2007-10-29,2.35,2.04,
2007-10-30,2.34,2.06,
2007-10-31,2.34,2.14,
2007-11-01,2.36,2.00,
2007-11-02,2.39,1.92,
2007-11-05,2.41,1.94,
2007-11-06,2.45,1.93,
2007-11-07,2.43,1.91,
2007-11-08,2.40,1.88,
2007-11-09,2.41,1.82,
2007-11-12,,,
2007-11-13,2.40,1.86,
2007-11-14,2.40,1.88,
2007-11-15,2.36,1.81,
2007-11-16,2.35,1.80,
2007-11-19,2.37,1.70,
2007-11-20,2.38,1.68,
2007-11-21,2.38,1.62,
2007-11-22,,,
2007-11-23,2.38,1.63,
2007-11-26,2.38,1.45,
2007-11-27,2.37,1.58,
2007-11-28,2.32,1.71,
2007-11-29,2.33,1.61,
2007-11-30,2.34,1.63,
2007-12-03,2.32,1.57,
2007-12-04,2.30,1.59,
2007-12-05,2.26,1.66,
2007-12-06,2.25,1.77,
2007-12-07,2.26,1.86,
2007-12-10,2.26,1.89,
2007-12-11,2.25,1.73,
2007-12-12,2.27,1.78,
2007-12-13,2.31,1.87,
2007-12-14,2.34,1.90,
2007-12-17,2.34,1.86,
2007-12-18,2.34,1.80,
2007-12-19,2.33,1.73,
2007-12-20,2.30,1.74,
2007-12-21,2.34,1.84,
2007-12-24,2.35,1.88,
2007-12-25,,,
2007-12-26,2.35,1.95,
2007-12-27,2.36,1.85,
2007-12-28,2.33,1.78,
2007-12-31,2.31,1.73,
2008-01-01,,,
2008-01-02,2.32,1.59,
2008-01-03,2.33,1.58,
2008-01-04,2.32,1.56,
2008-01-07,2.29,1.57,
2008-01-08,2.29,1.57,
2008-01-09,2.26,1.56,
2008-01-10,2.23,1.68,
2008-01-11,2.26,1.56,
2008-01-14,2.28,1.53,
2008-01-15,2.27,1.45,
2008-01-16,2.24,1.50,
2008-01-17,2.23,1.43,
2008-01-18,2.24,1.42,
2008-01-21,,,
2008-01-22,2.24,1.28,
2008-01-23,2.20,1.31,
2008-01-24,2.24,1.44,
2008-01-25,2.27,1.34,
2008-01-28,2.28,1.33,
2008-01-29,2.32,1.37,
2008-01-30,2.33,1.45,
2008-01-31,2.34,1.33,
2008-02-01,2.31,1.31,
2008-02-04,2.30,1.38,
2008-02-05,2.27,1.34,
2008-02-06,2.25,1.36,
2008-02-07,2.27,1.47,
2008-02-08,2.28,1.36,
2008-02-11,2.30,1.32,
2008-02-12,2.30,1.36,
2008-02-13,2.28,1.42,
2008-02-14,2.28,1.57,
2008-02-15,2.28,1.48,
2008-02-18,,,
2008-02-19,2.33,1.56,
2008-02-20,2.38,1.55,
2008-02-21,2.34,1.43,
2008-02-22,2.35,1.44,
2008-02-25,2.38,1.53,
2008-02-26,2.44,1.44,
2008-02-27,2.43,1.42,
2008-02-28,2.45,1.26,
2008-02-29,2.43,1.10,
2008-03-03,2.46,1.08,
2008-03-04,2.48,1.15,
2008-03-05,2.54,1.16,
2008-03-06,2.55,1.07,
2008-03-07,2.55,1.01,
2008-03-10,2.56,0.90,
2008-03-11,2.55,1.05,
2008-03-12,2.54,0.95,
2008-03-13,2.51,1.05,
2008-03-14,2.43,1.01,
2008-03-17,2.29,1.05,
2008-03-18,2.40,1.08,
2008-03-19,2.34,1.04,
2008-03-20,2.32,1.02,
2008-03-21,,,
2008-03-24,2.32,1.24,
2008-03-25,2.26,1.25,
2008-03-26,2.27,1.24,
2008-03-27,2.33,1.23,
2008-03-28,2.34,1.13,
2008-03-31,2.34,1.11,
2008-04-01,2.35,1.22,
2008-04-02,2.34,1.26,
2008-04-03,2.33,1.28,
2008-04-04,2.32,1.18,
2008-04-07,2.34,1.23,
2008-04-08,2.32,1.26,
2008-04-09,2.30,1.19,
2008-04-10,2.29,1.26,
2008-04-11,2.30,1.19,
2008-04-14,2.30,1.23,
2008-04-15,2.32,1.28,
2008-04-16,2.31,1.41,
2008-04-17,2.31,1.44,
2008-04-18,2.32,1.45,
2008-04-21,2.31,1.44,
2008-04-22,2.31,1.43,
2008-04-23,2.33,1.44,
2008-04-24,2.31,1.56,
2008-04-25,2.31,1.60,
2008-04-28,2.30,1.56,
2008-04-29,2.29,1.56,
2008-04-30,2.27,1.50,
2008-05-01,2.26,1.52,
2008-05-02,2.36,1.53,
2008-05-05,2.35,1.53,
2008-05-06,2.38,1.55,
2008-05-07,2.36,1.51,
2008-05-08,2.36,1.43,
2008-05-09,2.38,1.39,
2008-05-12,2.37,1.41,
2008-05-13,2.39,1.51,
2008-05-14,2.43,1.49,
2008-05-15,2.43,1.40,
2008-05-16,2.44,1.41,
2008-05-19,2.47,1.36,
2008-05-20,2.47,1.31,
2008-05-21,2.51,1.30,
2008-05-22,2.51,1.41,
2008-05-23,2.49,1.36,
2008-05-26,,,
2008-05-27,2.47,1.46,
2008-05-28,2.45,1.58,
2008-05-29,2.46,1.62,
2008-05-30,2.48,1.58,
2008-06-02,2.47,1.51,
2008-06-03,2.41,1.51,
2008-06-04,2.39,1.59,
2008-06-05,2.43,1.63,
2008-06-06,2.47,1.47,
2008-06-09,2.48,1.54,
2008-06-10,2.49,1.62,
2008-06-11,2.48,1.62,
2008-06-12,2.50,1.73,
2008-06-13,2.50,1.77,
2008-06-16,2.49,1.76,
2008-06-17,2.48,1.75,
2008-06-18,2.48,1.68,
2008-06-19,2.47,1.75,
2008-06-20,2.44,1.72,
2008-06-23,2.44,1.75,
2008-06-24,2.46,1.64,
2008-06-25,2.47,1.65,
2008-06-26,2.52,1.55,
2008-06-27,2.51,1.48,
2008-06-30,2.51,1.48,
2008-07-01,2.52,1.49,
2008-07-02,2.56,1.43,
2008-07-03,2.57,1.42,
2008-07-04,,,
2008-07-07,2.52,1.43,
2008-07-08,2.46,1.45,
2008-07-09,2.46,1.39,
2008-07-10,2.43,1.40,
2008-07-11,2.48,1.48,
2008-07-14,2.47,1.43,
2008-07-15,2.47,1.40,
2008-07-16,2.49,1.48,
2008-07-17,2.47,1.60,
2008-07-18,2.46,1.65,
2008-07-21,2.43,1.66,
2008-07-22,2.43,1.71,
2008-07-23,2.36,1.80,
2008-07-24,2.34,1.69,
2008-07-25,2.34,1.79,
2008-07-28,2.36,1.70,
2008-07-29,2.33,1.76,
2008-07-30,2.36,1.71,
2008-07-31,2.34,1.65,
2008-08-01,2.34,1.63,
2008-08-04,2.34,1.64,
2008-08-05,2.30,1.74,
2008-08-06,2.27,1.79,
2008-08-07,2.24,1.68,
2008-08-08,2.22,1.72,
2008-08-11,2.19,1.80,
2008-08-12,2.19,1.72,
2008-08-13,2.19,1.75,
2008-08-14,2.22,1.67,
2008-08-15,2.18,1.66,
2008-08-18,2.15,1.67,
2008-08-19,2.15,1.68,
2008-08-20,2.19,1.60,
2008-08-21,2.23,1.61,
2008-08-22,2.18,1.69,
2008-08-25,2.15,1.64,
2008-08-26,2.16,1.63,
2008-08-27,2.19,1.58,
2008-08-28,2.17,1.62,
2008-08-29,2.15,1.68,
2008-09-01,,,
2008-09-02,2.05,1.69,
2008-09-03,2.00,1.71,
2008-09-04,1.94,1.70,
2008-09-05,1.95,1.71,
2008-09-08,1.98,1.68,
2008-09-09,1.93,1.69,
2008-09-10,1.95,1.70,
2008-09-11,1.97,1.67,
2008-09-12,1.95,1.79,
2008-09-15,1.77,1.70,
2008-09-16,1.63,1.85,
2008-09-17,1.60,1.81,
2008-09-18,1.60,1.94,
2008-09-19,1.93,1.85,
2008-09-22,1.98,1.85,
2008-09-23,1.86,1.99,
2008-09-24,1.75,2.05,
2008-09-25,1.79,2.09,
2008-09-26,1.75,2.10,
2008-09-29,1.58,2.03,
2008-09-30,1.60,2.25,
2008-10-01,1.51,2.26,
2008-10-02,1.49,2.17,
2008-10-03,1.45,2.18,
2008-10-06,1.27,2.21,
2008-10-07,1.18,2.32,
2008-10-08,1.03,2.69,
2008-10-09,1.05,2.79,
2008-10-10,0.92,2.97,
2008-10-13,,,
2008-10-14,1.03,3.05,
2008-10-15,1.02,3.02,
2008-10-16,0.97,3.02,
2008-10-17,1.11,2.87,
2008-10-20,1.15,2.76,
2008-10-21,1.13,2.63,
2008-10-22,1.06,2.59,
2008-10-23,0.96,2.67,
2008-10-24,0.74,3.02,
2008-10-27,0.77,3.02,
2008-10-28,0.83,3.06,
2008-10-29,0.88,3.05,
2008-10-30,0.94,3.06,
2008-10-31,0.87,3.14,
2008-11-03,0.87,3.09,
2008-11-04,0.93,2.88,
2008-11-05,0.97,2.76,
2008-11-06,0.94,2.81,
2008-11-07,0.97,2.86,
2008-11-10,0.98,2.84,
2008-11-11,,,
2008-11-12,0.96,2.79,
2008-11-13,0.89,2.95,
2008-11-14,0.85,2.87,
2008-11-17,0.83,2.85,
2008-11-18,0.61,2.92,
2008-11-19,0.40,2.98,
2008-11-20,0.04,3.06,
2008-11-21,0.05,3.15,
2008-11-24,0.24,3.11,
2008-11-25,0.32,2.79,
2008-11-26,0.31,2.68,
2008-11-27,,,
2008-11-28,0.33,2.60,
2008-12-01,0.34,2.38,
2008-12-02,0.42,2.26,
2008-12-03,0.53,2.14,
2008-12-04,0.57,1.98,
2008-12-05,0.44,2.23,
2008-12-08,0.30,2.47,
2008-12-09,0.26,2.41,
2008-12-10,0.25,2.44,
2008-12-11,0.29,2.35,
2008-12-12,0.17,2.43,
2008-12-15,0.10,2.43,
2008-12-16,0.16,2.21,
2008-12-17,0.34,1.86,
2008-12-18,0.23,1.85,
2008-12-19,0.15,1.98,
2008-12-22,0.15,2.01,
2008-12-23,0.15,2.03,
2008-12-24,0.13,2.07,
2008-12-25,,,
2008-12-26,0.13,2.03,
2008-12-29,0.11,2.02,
2008-12-30,0.09,2.02,
2008-12-31,0.11,2.14,
2009-01-01,,,
2009-01-02,0.17,2.29,
2009-01-05,0.15,2.34,
2009-01-06,0.42,2.09,
2009-01-07,0.47,2.05,
2009-01-08,0.50,1.97,
2009-01-09,0.56,1.87,
2009-01-12,0.59,1.75,
2009-01-13,0.59,1.74,
2009-01-14,0.45,1.79,
2009-01-15,0.45,1.78,
2009-01-16,0.55,1.81,
2009-01-19,,,
2009-01-20,0.58,1.82,
2009-01-21,0.58,1.98,
2009-01-22,0.65,1.97,
2009-01-23,0.72,1.93,
2009-01-26,0.78,1.92,
2009-01-27,0.82,1.77,
2009-01-28,0.90,1.81,
2009-01-29,1.04,1.83,
2009-01-30,1.14,1.73,
2009-02-02,1.07,1.69,
2009-02-03,1.13,1.76,
2009-02-04,1.17,1.78,
2009-02-05,1.11,1.84,
2009-02-06,1.23,1.82,
2009-02-09,1.41,1.66,
2009-02-10,1.25,1.65,
2009-02-11,1.12,1.66,
2009-02-12,1.14,1.61,
2009-02-13,1.21,1.68,
2009-02-16,,,
2009-02-17,1.11,1.53,
2009-02-18,1.11,1.63,
2009-02-19,1.12,1.73,
2009-02-20,1.11,1.67,
2009-02-23,1.08,1.70,
2009-02-24,0.98,1.82,
2009-02-25,0.97,1.98,
2009-02-26,0.96,2.02,
2009-02-27,0.96,2.06,
2009-03-02,0.91,2.00,
2009-03-03,0.91,2.02,
2009-03-04,0.92,2.09,
2009-03-05,0.85,1.98,
2009-03-06,0.81,2.02,
2009-03-09,0.83,2.06,
2009-03-10,0.84,2.15,
2009-03-11,0.92,2.03,
2009-03-12,1.01,1.88,
2009-03-13,1.02,1.87,
2009-03-16,1.09,1.88,
2009-03-17,1.12,1.90,
2009-03-18,1.23,1.28,
2009-03-19,1.30,1.31,
2009-03-20,1.22,1.43,
2009-03-23,1.28,1.40,
2009-03-24,1.32,1.36,
2009-03-25,1.37,1.44,
2009-03-26,1.46,1.30,
2009-03-27,1.40,1.38,
2009-03-30,1.34,1.39,
2009-03-31,1.28,1.43,
2009-04-01,1.31,1.37,
2009-04-02,1.33,1.44,
2009-04-03,1.38,1.53,
2009-04-06,1.43,1.52,
2009-04-07,1.32,1.61,
2009-04-08,1.29,1.57,
2009-04-09,1.34,1.62,
2009-04-10,,,
2009-04-13,1.33,1.55,
2009-04-14,1.28,1.52,
2009-04-15,1.27,1.55,
2009-04-16,1.27,1.59,
2009-04-17,1.28,1.70,
2009-04-20,1.22,1.66,
2009-04-21,1.25,1.69,
2009-04-22,1.33,1.65,
2009-04-23,1.44,1.52,
2009-04-24,1.50,1.53,
2009-04-27,1.47,1.48,
2009-04-28,1.51,1.54,
2009-04-29,1.53,1.59,
2009-04-30,1.47,1.69,
2009-05-01,1.41,1.80,
2009-05-04,1.42,1.77,
2009-05-05,1.43,1.77,
2009-05-06,1.44,1.74,
2009-05-07,1.55,1.74,
2009-05-08,1.52,1.77,
2009-05-11,1.47,1.70,
2009-05-12,1.48,1.69,
2009-05-13,1.44,1.67,
2009-05-14,1.42,1.68,
2009-05-15,1.48,1.66,
2009-05-18,1.56,1.66,
2009-05-19,1.60,1.65,
2009-05-20,1.63,1.56,
2009-05-21,1.68,1.67,
2009-05-22,1.73,1.72,
2009-05-25,,,
2009-05-26,1.78,1.72,
2009-05-27,1.88,1.83,
2009-05-28,1.80,1.87,
2009-05-29,1.80,1.67,
2009-06-01,1.91,1.80,
2009-06-02,1.96,1.69,
2009-06-03,1.88,1.68,
2009-06-04,1.89,1.83,
2009-06-05,1.96,1.88,
2009-06-08,1.97,1.94,
2009-06-09,1.98,1.88,
2009-06-10,2.07,1.91,
2009-06-11,1.99,1.89,
2009-06-12,1.90,1.91,
2009-06-15,1.86,1.90,
2009-06-16,1.79,1.88,
2009-06-17,1.73,1.95,
2009-06-18,1.88,1.98,
2009-06-19,1.88,1.91,
2009-06-22,1.83,1.89,
2009-06-23,1.81,1.84,
2009-06-24,1.79,1.93,
2009-06-25,1.73,1.82,
2009-06-26,1.67,1.85,
2009-06-29,1.68,1.83,
2009-06-30,1.75,1.78,
2009-07-01,1.72,1.83,
2009-07-02,1.64,1.87,
2009-07-03,,,
2009-07-06,1.49,2.03,
2009-07-07,1.60,1.87,
2009-07-08,1.54,1.79,
2009-07-09,1.57,1.87,
2009-07-10,1.52,1.80,
2009-07-13,1.54,1.84,
2009-07-14,1.64,1.86,
2009-07-15,1.76,1.87,
2009-07-16,1.77,1.82,
2009-07-17,1.86,1.81,
2009-07-20,1.88,1.73,
2009-07-21,1.79,1.71,
2009-07-22,1.83,1.75,
2009-07-23,1.92,1.80,
2009-07-24,1.89,1.81,
2009-07-27,1.90,1.85,
2009-07-28,1.86,1.86,
2009-07-29,1.85,1.84,
2009-07-30,1.89,1.78,
2009-07-31,1.81,1.71,
2009-08-03,1.88,1.78,
2009-08-04,1.89,1.81,
2009-08-05,1.95,1.85,
2009-08-06,1.92,1.87,
2009-08-07,2.01,1.88,
2009-08-10,1.97,1.83,
2009-08-11,1.91,1.80,
2009-08-12,1.88,1.84,
2009-08-13,1.79,1.80,
2009-08-14,1.70,1.85,
2009-08-17,1.69,1.79,
2009-08-18,1.73,1.78,
2009-08-19,1.75,1.70,
2009-08-20,1.82,1.60,
2009-08-21,1.87,1.69,
2009-08-24,1.81,1.67,
2009-08-25,1.73,1.72,
2009-08-26,1.72,1.72,
2009-08-27,1.72,1.75,
2009-08-28,1.70,1.76,
2009-08-31,1.64,1.76,
2009-09-01,1.64,1.74,
2009-09-02,1.58,1.71,
2009-09-03,1.64,1.69,
2009-09-04,1.75,1.70,
2009-09-07,,,
2009-09-08,1.81,1.66,
2009-09-09,1.82,1.66,
2009-09-10,1.77,1.59,
2009-09-11,1.75,1.59,
2009-09-14,1.77,1.65,
2009-09-15,1.83,1.64,
2009-09-16,1.86,1.62,
2009-09-17,1.80,1.62,
2009-09-18,1.81,1.68,
2009-09-21,1.80,1.69,
2009-09-22,1.81,1.65,
2009-09-23,1.81,1.63,
2009-09-24,1.76,1.64,
2009-09-25,1.74,1.60,
2009-09-28,1.74,1.57,
2009-09-29,1.72,1.59,
2009-09-30,1.75,1.56,
2009-10-01,1.71,1.50,
2009-10-02,1.70,1.54,
2009-10-05,1.73,1.51,
2009-10-06,1.74,1.53,
2009-10-07,1.76,1.45,
2009-10-08,1.78,1.49,
2009-10-09,1.84,1.56,
2009-10-12,,,
2009-10-13,1.88,1.46,
2009-10-14,1.94,1.51,
2009-10-15,1.99,1.50,
2009-10-16,1.98,1.45,
2009-10-19,2.03,1.38,
2009-10-20,1.98,1.37,
2009-10-21,1.99,1.43,
2009-10-22,1.95,1.49,
2009-10-23,2.00,1.51,
2009-10-26,2.00,1.59,
2009-10-27,2.00,1.49,
2009-10-28,1.96,1.48,
2009-10-29,2.03,1.50,
2009-10-30,2.00,1.41,
2009-11-02,2.04,1.41,
2009-11-03,2.05,1.45,
2009-11-04,2.12,1.45,
2009-11-05,2.16,1.41,
2009-11-06,2.17,1.37,
2009-11-09,2.22,1.30,
2009-11-10,2.19,1.31,
2009-11-11,,,
2009-11-12,2.12,1.33,
2009-11-13,2.12,1.31,
2009-11-16,2.12,1.21,
2009-11-17,2.13,1.20,
2009-11-18,2.15,1.21,
2009-11-19,2.14,1.21,
2009-11-20,2.15,1.21,
2009-11-23,2.17,1.20,
2009-11-24,2.11,1.21,
2009-11-25,2.12,1.16,
2009-11-26,,,
2009-11-27,2.06,1.15,
2009-11-30,2.08,1.13,
2009-12-01,2.14,1.14,
2009-12-02,2.14,1.18,
2009-12-03,2.15,1.24,
2009-12-04,2.14,1.34,
2009-12-07,2.13,1.31,
2009-12-08,2.09,1.31,
2009-12-09,2.09,1.36,
2009-12-10,2.09,1.40,
2009-12-11,2.14,1.41,
2009-12-14,2.19,1.37,
2009-12-15,2.23,1.37,
2009-12-16,2.27,1.34,
2009-12-17,2.22,1.28,
2009-12-18,2.24,1.31,
2009-12-21,2.30,1.39,
2009-12-22,2.33,1.43,
2009-12-23,2.31,1.46,
2009-12-24,2.32,1.50,
2009-12-25,,,
2009-12-28,2.35,1.50,
2009-12-29,2.36,1.46,
2009-12-30,2.36,1.44,
2009-12-31,2.37,1.48,
2010-01-01,,,
2010-01-04,2.38,1.47,
2010-01-05,2.34,1.43,
2010-01-06,2.37,1.48,
2010-01-07,2.41,1.44,
2010-01-08,2.42,1.41,
2010-01-11,2.38,1.47,
2010-01-12,2.39,1.35,
2010-01-13,2.37,1.43,
2010-01-14,2.36,1.40,
2010-01-15,2.36,1.34,
2010-01-18,,,
2010-01-19,2.38,1.35,
2010-01-20,2.37,1.31,
2010-01-21,2.33,1.29,
2010-01-22,2.31,1.31,
2010-01-25,2.33,1.33,
2010-01-26,2.34,1.31,
2010-01-27,2.31,1.35,
2010-01-28,2.33,1.35,
2010-01-29,2.33,1.30,
2010-02-01,2.39,1.29,
2010-02-02,2.41,1.26,
2010-02-03,2.43,1.30,
2010-02-04,2.35,1.27,
2010-02-05,2.27,1.32,
2010-02-08,2.27,1.35,
2010-02-09,2.30,1.37,
2010-02-10,2.28,1.44,
2010-02-11,2.26,1.47,
2010-02-12,2.23,1.46,
2010-02-15,,,
2010-02-16,2.24,1.42,
2010-02-17,2.28,1.46,
2010-02-18,2.31,1.48,
2010-02-19,2.26,1.52,
2010-02-22,2.25,1.55,2.22
2010-02-23,2.19,1.50,2.14
2010-02-24,2.19,1.51,2.16
2010-02-25,2.13,1.51,2.16
2010-02-26,2.13,1.48,2.13
2010-03-01,2.15,1.46,2.14
2010-03-02,2.16,1.46,2.14
2010-03-03,2.17,1.46,2.15
2010-03-04,2.17,1.44,2.12
2010-03-05,2.21,1.48,2.15
2010-03-08,2.23,1.49,2.17
2010-03-09,2.23,1.48,2.19
2010-03-10,2.24,1.49,2.18
2010-03-11,2.24,1.49,2.16
2010-03-12,2.26,1.45,2.13
2010-03-15,2.25,1.46,2.13
2010-03-16,2.24,1.42,2.11
2010-03-17,2.25,1.40,2.07
2010-03-18,2.23,1.45,2.09
2010-03-19,2.20,1.50,2.10
2010-03-22,2.19,1.48,2.09
2010-03-23,2.20,1.49,2.11
2010-03-24,2.24,1.60,2.21
2010-03-25,2.26,1.65,2.23
2010-03-26,2.24,1.62,2.20
2010-03-29,2.22,1.66,2.22
2010-03-30,2.22,1.66,2.22
2010-03-31,2.24,1.60,2.16
2010-04-01,2.28,1.61,2.16
2010-04-02,2.27,1.69,2.22
2010-04-05,2.31,1.70,2.26
2010-04-06,2.30,1.68,2.20
2010-04-07,2.34,1.55,2.09
2010-04-08,2.33,1.58,2.11
2010-04-09,2.34,1.56,2.10
2010-04-12,2.35,1.52,2.06
2010-04-13,2.34,1.50,2.05
2010-04-14,2.34,1.54,2.08
2010-04-15,2.37,1.49,2.04
2010-04-16,2.33,1.46,2.02
2010-04-19,2.34,1.49,2.05
2010-04-20,2.35,1.47,2.03
2010-04-21,2.35,1.42,1.98
2010-04-22,2.34,1.46,2.01
2010-04-23,2.37,1.47,2.01
2010-04-26,2.37,1.46,2.00
2010-04-27,2.34,1.37,1.93
2010-04-28,2.40,1.40,1.97
2010-04-29,2.45,1.31,1.88
2010-04-30,2.40,1.29,1.85
2010-05-03,2.40,1.32,1.87
2010-05-04,2.32,1.31,1.85
2010-05-05,2.28,1.30,1.84
2010-05-06,2.16,1.25,1.73
2010-05-07,2.15,1.30,1.82
2010-05-10,2.24,1.33,1.87
2010-05-11,2.25,1.31,1.86
2010-05-12,2.28,1.28,1.86
2010-05-13,2.27,1.28,1.84
2010-05-14,2.18,1.26,1.79
2010-05-17,2.16,1.31,1.83
2010-05-18,2.13,1.25,1.76
2010-05-19,2.04,1.32,1.83
2010-05-20,1.89,1.36,1.84
2010-05-21,1.87,1.33,1.79
2010-05-24,1.88,1.35,1.82
2010-05-25,1.85,1.33,1.83
2010-05-26,1.91,1.30,1.81
2010-05-27,2.01,1.33,1.84
2010-05-28,1.99,1.32,1.83
2010-05-31,,,
2010-06-01,1.97,1.32,1.83
2010-06-02,1.99,1.36,1.85
2010-06-03,2.05,1.34,1.84
2010-06-04,1.94,1.26,1.77
2010-06-07,1.92,1.25,1.76
2010-06-08,1.89,1.29,1.77
2010-06-09,1.92,1.28,1.78
2010-06-10,1.98,1.35,1.86
2010-06-11,1.95,1.29,1.79
2010-06-14,1.97,1.31,1.82
2010-06-15,2.00,1.32,1.83
2010-06-16,1.99,1.28,1.79
2010-06-17,1.99,1.22,1.73
2010-06-18,1.99,1.25,1.76
2010-06-21,2.02,1.24,1.75
2010-06-22,1.98,1.20,1.72
2010-06-23,1.94,1.19,1.71
2010-06-24,1.91,1.23,1.76
2010-06-25,1.91,1.21,1.74
2010-06-28,1.88,1.17,1.72
2010-06-29,1.83,1.14,1.70
2010-06-30,1.82,1.15,1.71
2010-07-01,1.75,1.21,1.76
2010-07-02,1.73,1.27,1.81
2010-07-05,,,
2010-07-06,1.69,1.26,1.80
2010-07-07,1.70,1.30,1.85
2010-07-08,1.79,1.25,1.82
2010-07-09,1.81,1.26,1.83
2010-07-12,1.82,1.26,1.84
2010-07-13,1.87,1.28,1.87
2010-07-14,1.84,1.23,1.83
2010-07-15,1.79,1.21,1.82
2010-07-16,1.71,1.25,1.88
2010-07-19,1.70,1.29,1.95
2010-07-20,1.70,1.28,1.95
2010-07-21,1.71,1.19,1.86
2010-07-22,1.75,1.21,1.87
2010-07-23,1.78,1.24,1.93
2010-07-26,1.79,1.24,1.92
2010-07-27,1.82,1.26,1.94
2010-07-28,1.81,1.22,1.91
2010-07-29,1.82,1.21,1.92
2010-07-30,1.80,1.14,1.85
2010-08-02,1.86,1.13,1.88
2010-08-03,1.87,1.07,1.85
2010-08-04,1.86,1.12,1.88
2010-08-05,1.87,1.07,1.86
2010-08-06,1.82,1.04,1.85
2010-08-09,1.82,1.04,1.85
2010-08-10,1.84,0.95,1.78
2010-08-11,1.77,0.95,1.80
2010-08-12,1.69,1.05,1.86
2010-08-13,1.68,1.00,1.80
2010-08-16,1.63,0.95,1.74
2010-08-17,1.63,1.01,1.78
2010-08-18,1.62,1.02,1.78
2010-08-19,1.56,1.02,1.77
2010-08-20,1.57,1.05,1.77
2010-08-23,1.55,1.05,1.69
2010-08-24,1.49,1.01,1.68
2010-08-25,1.53,1.01,1.65
2010-08-26,1.55,0.95,1.59
2010-08-27,1.61,1.05,1.67
2010-08-30,1.55,0.99,1.62
2010-08-31,1.52,0.95,1.60
2010-09-01,1.56,1.02,1.65
2010-09-02,1.58,1.05,1.69
2010-09-03,1.62,1.10,1.72
2010-09-06,,,
2010-09-07,1.63,0.98,1.65
2010-09-08,1.64,1.02,1.69
2010-09-09,1.72,1.05,1.73
2010-09-10,1.79,1.02,1.73
2010-09-13,1.80,0.94,1.65
2010-09-14,1.75,0.93,1.66
2010-09-15,1.77,0.97,1.72
2010-09-16,1.77,1.00,1.77
2010-09-17,1.75,1.00,1.79
2010-09-20,1.78,0.94,1.74
2010-09-21,1.83,0.78,1.61
2010-09-22,1.82,0.74,1.56
2010-09-23,1.79,0.77,1.59
2010-09-24,1.81,0.81,1.65
2010-09-27,1.75,0.79,1.61
2010-09-28,1.79,0.69,1.53
2010-09-29,1.78,0.74,1.58
2010-09-30,1.78,0.75,1.63
2010-10-01,1.79,0.75,1.61
2010-10-04,1.78,0.72,1.59
2010-10-05,1.85,0.65,1.54
2010-10-06,1.89,0.52,1.43
2010-10-07,1.88,0.53,1.48
2010-10-08,1.96,0.45,1.42
2010-10-11,,,
2010-10-12,1.95,0.49,1.46
2010-10-13,2.02,0.44,1.41
2010-10-14,2.11,0.41,1.36
2010-10-15,2.09,0.50,1.42
2010-10-18,2.05,0.47,1.39
2010-10-19,2.06,0.44,1.35
2010-10-20,2.04,0.47,1.36
2010-10-21,2.07,0.50,1.38
2010-10-22,2.09,0.50,1.40
2010-10-25,2.14,0.45,1.35
2010-10-26,2.15,0.52,1.42
2010-10-27,2.13,0.62,1.48
2010-10-28,2.12,0.57,1.45
2010-10-29,2.13,0.50,1.41
2010-11-01,2.17,0.49,1.40
2010-11-02,2.14,0.49,1.35
2010-11-03,2.17,0.50,1.43
2010-11-04,2.09,0.44,1.47
2010-11-05,2.10,0.48,1.52
2010-11-08,2.12,0.48,1.52
2010-11-09,2.14,0.58,1.62
2010-11-10,2.09,0.56,1.58
2010-11-11,,,
2010-11-12,2.05,0.71,1.66
2010-11-15,2.05,0.87,1.79
2010-11-16,1.98,0.87,1.75
2010-11-17,2.05,0.84,1.76
2010-11-18,2.07,0.83,1.73
2010-11-19,2.11,0.77,1.70
2010-11-22,2.10,0.70,1.64
2010-11-23,2.08,0.69,1.63
2010-11-24,2.13,0.80,1.73
2010-11-25,,,
2010-11-26,2.12,0.75,1.65
2010-11-29,2.11,0.73,1.63
2010-11-30,2.07,0.74,1.65
2010-12-01,2.14,0.83,1.73
2010-12-02,2.17,0.84,1.73
2010-12-03,2.17,0.86,1.77
2010-12-06,2.16,0.79,1.72
2010-12-07,2.23,0.92,1.81
2010-12-08,2.19,1.07,1.91
2010-12-09,2.14,1.09,1.92
2010-12-10,2.16,1.16,1.95
2010-12-13,2.18,1.11,1.90
2010-12-14,2.22,1.27,2.04
2010-12-15,2.31,1.22,2.00
2010-12-16,2.32,1.15,1.94
2010-12-17,2.28,1.05,1.85
2010-12-20,2.29,1.07,1.89
2010-12-21,2.29,1.06,1.89
2010-12-22,2.33,1.03,1.90
2010-12-23,2.33,1.08,1.93
2010-12-24,,,
2010-12-27,2.30,1.06,1.91
2010-12-28,2.33,1.17,2.01
2010-12-29,2.29,1.06,1.90
2010-12-30,2.30,1.08,1.93
2010-12-31,2.30,1.00,1.86
2011-01-03,2.31,1.05,1.90
2011-01-04,2.35,1.01,1.91
2011-01-05,2.42,1.08,1.96
2011-01-06,2.41,1.03,1.94
2011-01-07,2.36,0.98,1.91
2011-01-10,2.36,0.96,1.90
2011-01-11,2.40,0.97,1.89
2011-01-12,2.42,0.98,1.91
2011-01-13,2.37,0.97,1.90
2011-01-14,2.35,1.00,1.93
2011-01-17,,,
2011-01-18,2.40,0.99,1.94
2011-01-19,2.38,0.99,1.92
2011-01-20,2.25,1.22,2.04
2011-01-21,2.24,1.20,2.02
2011-01-24,2.25,1.18,2.03
2011-01-25,2.24,1.11,2.00
2011-01-26,2.29,1.16,2.07
2011-01-27,2.26,1.16,2.08
2011-01-28,2.27,1.09,2.05
2011-01-31,2.34,1.08,2.07
2011-02-01,2.37,1.11,2.08
2011-02-02,2.36,1.16,2.10
2011-02-03,2.35,1.23,2.13
2011-02-04,2.38,1.30,2.17
2011-02-07,2.36,1.32,2.16
2011-02-08,2.36,1.39,2.21
2011-02-09,2.31,1.34,2.18
2011-02-10,2.31,1.39,2.25
2011-02-11,2.28,1.36,2.21
2011-02-14,2.28,1.34,2.18
2011-02-15,2.28,1.33,2.17
2011-02-16,2.25,1.37,2.21
2011-02-17,2.27,1.31,2.19
2011-02-18,2.34,1.25,2.16
2011-02-21,,,
2011-02-22,2.34,1.12,2.08
2011-02-23,2.39,1.10,2.06
2011-02-24,2.41,1.05,2.00
2011-02-25,2.40,1.02,1.97
2011-02-28,2.39,1.03,1.96
2011-03-01,2.41,1.00,1.94
2011-03-02,2.45,1.01,1.94
2011-03-03,2.49,1.09,2.00
2011-03-04,2.49,1.00,1.94
2011-03-07,2.51,1.00,1.93
2011-03-08,2.55,1.01,1.95
2011-03-09,2.50,0.98,1.92
2011-03-10,2.46,0.91,1.85
2011-03-11,2.44,0.96,1.89
2011-03-14,2.43,0.93,1.89
2011-03-15,2.40,0.93,1.87
2011-03-16,2.37,0.85,1.80
2011-03-17,2.43,0.82,1.79
2011-03-18,2.43,0.85,1.80
2011-03-21,2.44,0.90,1.83
2011-03-22,2.39,0.95,1.85
2011-03-23,2.38,0.98,1.88
2011-03-24,2.47,0.95,1.88
2011-03-25,2.44,1.02,1.90
2011-03-28,2.46,1.01,1.90
2011-03-29,2.47,1.03,1.92
2011-03-30,2.47,1.00,1.90
2011-03-31,2.48,0.99,1.88
2011-04-01,2.52,0.94,1.83
2011-04-04,2.54,0.91,1.82
2011-04-05,2.56,0.94,1.82
2011-04-06,2.57,0.99,1.90
2011-04-07,2.59,0.99,1.92
2011-04-08,2.64,0.95,1.87
2011-04-11,2.63,0.96,1.87
2011-04-12,2.62,0.90,1.81
2011-04-13,2.61,0.88,1.80
2011-04-14,2.62,0.89,1.78
2011-04-15,2.61,0.82,1.71
2011-04-18,2.60,0.80,1.71
2011-04-19,2.63,0.76,1.68
2011-04-20,2.61,0.82,1.74
2011-04-21,2.59,0.83,1.77
2011-04-22,,,
2011-04-25,2.60,0.79,1.75
2011-04-26,2.58,0.76,1.74
2011-04-27,2.58,0.81,1.79
2011-04-28,2.56,0.78,1.76
2011-04-29,2.57,0.75,1.74
2011-05-02,2.56,0.75,1.73
2011-05-03,2.55,0.73,1.71
2011-05-04,2.55,0.70,1.68
2011-05-05,2.48,0.70,1.68
2011-05-06,2.48,0.71,1.71
2011-05-09,2.48,0.69,1.70
2011-05-10,2.49,0.74,1.73
2011-05-11,2.43,0.76,1.74
2011-05-12,2.43,0.79,1.78
2011-05-13,2.39,0.79,1.78
2011-05-16,2.34,0.81,1.79
2011-05-17,2.30,0.82,1.79
2011-05-18,2.36,0.82,1.79
2011-05-19,2.26,0.91,1.83
2011-05-20,2.30,0.85,1.85
2011-05-23,2.29,0.84,1.84
2011-05-24,2.33,0.79,1.80
2011-05-25,2.33,0.80,1.82
2011-05-26,2.31,0.76,1.78
2011-05-27,2.28,0.79,1.80
2011-05-30,,,
2011-05-31,2.25,0.80,1.80
2011-06-01,2.22,0.74,1.75
2011-06-02,2.26,0.78,1.80
2011-06-03,2.24,0.75,1.78
2011-06-06,2.25,0.76,1.80
2011-06-07,2.25,0.76,1.81
2011-06-08,2.22,0.76,1.78
2011-06-09,2.21,0.80,1.80
2011-06-10,2.20,0.79,1.79
2011-06-13,2.20,0.80,1.80
2011-06-14,2.28,0.83,1.84
2011-06-15,2.24,0.74,1.78
2011-06-16,2.20,0.73,1.79
2011-06-17,2.19,0.75,1.84
2011-06-20,2.18,0.79,1.84
2011-06-21,2.21,0.78,1.82
2011-06-22,2.19,0.82,1.85
2011-06-23,2.22,0.71,1.71
2011-06-24,2.24,0.64,1.66
2011-06-27,2.28,0.67,1.73
2011-06-28,2.32,0.73,1.75
2011-06-29,2.40,0.74,1.77
2011-06-30,2.43,0.75,1.75
2011-07-01,2.45,0.77,1.77
2011-07-04,,,
2011-07-05,2.39,0.77,1.77
2011-07-06,2.38,0.74,1.74
2011-07-07,2.42,0.75,1.74
2011-07-08,2.34,0.69,1.68
2011-07-11,2.31,0.63,1.61
2011-07-12,2.32,0.60,1.58
2011-07-13,2.33,0.59,1.54
2011-07-14,2.30,0.68,1.62
2011-07-15,2.33,0.61,1.61
2011-07-18,2.36,0.58,1.61
2011-07-19,2.37,0.54,1.53
2011-07-20,2.34,0.62,1.60
2011-07-21,2.35,0.68,1.64
2011-07-22,2.38,0.61,1.61
2011-07-25,2.45,0.58,1.62
2011-07-26,2.42,0.57,1.60
2011-07-27,2.45,0.56,1.58
2011-07-28,2.46,0.52,1.54
2011-07-29,2.44,0.38,1.39
2011-08-01,2.44,0.33,1.34
2011-08-02,2.37,0.29,1.26
2011-08-03,2.28,0.36,1.29
2011-08-04,2.23,0.24,1.15
2011-08-05,2.26,0.32,1.25
2011-08-08,2.20,0.20,1.14
2011-08-09,2.20,0.00,0.99
2011-08-10,2.30,-0.13,0.88
2011-08-11,2.28,0.06,1.12
2011-08-12,2.26,-0.02,1.03
2011-08-15,2.23,0.06,1.08
2011-08-16,2.18,0.05,1.04
2011-08-17,2.16,0.01,0.96
2011-08-18,1.99,0.09,1.03
2011-08-19,2.05,0.02,0.95
2011-08-22,2.07,0.03,0.96
2011-08-23,2.02,0.13,1.04
2011-08-24,2.04,0.25,1.20
2011-08-25,2.10,0.13,1.13
2011-08-26,2.04,0.15,1.10
2011-08-29,2.06,0.22,1.17
2011-08-30,2.05,0.14,1.10
2011-08-31,2.05,0.18,1.18
2011-09-01,2.08,0.07,1.07
2011-09-02,2.02,0.00,0.94
2011-09-05,,,
2011-09-06,1.93,0.05,0.98
2011-09-07,1.96,0.09,1.06
2011-09-08,2.00,0.00,1.00
2011-09-09,1.96,-0.03,0.97
2011-09-12,1.94,0.00,0.98
2011-09-13,1.93,0.07,1.07
2011-09-14,1.91,0.12,1.08
2011-09-15,1.96,0.13,1.10
2011-09-16,1.95,0.13,1.09
2011-09-19,1.88,0.09,1.06
2011-09-20,1.91,0.04,1.03
2011-09-21,1.86,0.02,0.98
2011-09-22,1.71,0.01,0.87
2011-09-23,1.74,0.10,0.97
2011-09-26,1.79,0.12,1.06
2011-09-27,1.88,0.12,1.06
2011-09-28,1.87,0.16,1.05
2011-09-29,1.82,0.17,1.03
2011-09-30,1.75,0.17,1.02
2011-10-03,1.73,0.07,0.86
2011-10-04,1.76,0.05,0.83
2011-10-05,1.80,0.12,0.90
2011-10-06,1.88,0.13,0.93
2011-10-07,1.94,0.16,0.95
2011-10-10,,,
2011-10-11,1.95,0.23,1.02
2011-10-12,1.98,0.26,1.08
2011-10-13,1.92,0.27,1.08
2011-10-14,1.98,0.28,1.12
2011-10-17,1.94,0.24,1.07
2011-10-18,1.97,0.22,1.05
2011-10-19,1.95,0.23,1.04
2011-10-20,1.98,0.22,0.99
2011-10-21,2.00,0.23,1.06
2011-10-24,2.02,0.23,1.04
2011-10-25,2.02,0.12,0.90
2011-10-26,2.08,0.15,0.92
2011-10-27,2.18,0.24,1.07
2011-10-28,2.15,0.19,1.02
2011-10-31,2.09,0.08,0.85
2011-11-01,2.05,-0.04,0.72
2011-11-02,2.10,-0.07,0.73
2011-11-03,2.09,0.00,0.79
2011-11-04,2.12,-0.06,0.74
2011-11-07,2.14,-0.10,0.69
2011-11-08,2.13,-0.03,0.77
2011-11-09,2.04,-0.04,0.76
2011-11-10,2.08,-0.04,0.79
2011-11-11,,,
2011-11-14,2.05,-0.01,0.79
2011-11-15,2.02,0.04,0.84
2011-11-16,1.96,0.05,0.83
2011-11-17,1.90,0.06,0.83
2011-11-18,1.96,0.05,0.83
2011-11-21,1.90,0.07,0.85
2011-11-22,1.89,0.05,0.82
2011-11-23,1.90,-0.01,0.73
2011-11-24,,,
2011-11-25,1.92,0.05,0.79
2011-11-28,1.95,0.02,0.75
2011-11-29,1.99,0.01,0.75
2011-11-30,2.05,0.03,0.82
2011-12-01,2.05,0.06,0.85
2011-12-02,2.05,0.00,0.78
2011-12-05,2.05,-0.01,0.77
2011-12-06,2.07,0.01,0.81
2011-12-07,2.03,-0.01,0.82
2011-12-08,1.98,0.01,0.85
2011-12-09,2.02,0.05,0.92
2011-12-12,2.04,-0.01,0.83
2011-12-13,2.01,-0.05,0.74
2011-12-14,1.96,-0.04,0.73
2011-12-15,1.93,-0.01,0.78
2011-12-16,1.91,-0.05,0.74
2011-12-19,1.94,-0.12,0.68
2011-12-20,2.04,-0.10,0.69
2011-12-21,2.05,-0.07,0.73
2011-12-22,2.04,-0.07,0.76
2011-12-23,2.07,-0.04,0.79
2011-12-26,,,
2011-12-27,2.04,-0.02,0.81
2011-12-28,2.00,-0.07,0.74
2011-12-29,1.96,-0.05,0.78
2011-12-30,1.96,-0.07,0.78
2012-01-02,,,
2012-01-03,2.01,-0.04,0.81
2012-01-04,2.08,-0.08,0.79
2012-01-05,2.12,-0.10,0.76
2012-01-06,2.09,-0.11,0.73
2012-01-09,2.11,-0.13,0.72
2012-01-10,2.08,-0.08,0.75
2012-01-11,2.03,-0.10,0.71
2012-01-12,2.04,-0.10,0.74
2012-01-13,2.03,-0.14,0.71
2012-01-16,,,
2012-01-17,2.04,-0.17,0.68
2012-01-18,2.07,-0.15,0.72
2012-01-19,2.01,0.00,0.76
2012-01-20,2.04,0.01,0.80
2012-01-23,2.07,0.02,0.84
2012-01-24,2.09,-0.01,0.82
2012-01-25,2.13,-0.12,0.76
2012-01-26,2.12,-0.16,0.74
2012-01-27,2.11,-0.18,0.73
2012-01-30,2.11,-0.24,0.68
2012-01-31,2.11,-0.28,0.61
2012-02-01,2.15,-0.28,0.65
2012-02-02,2.16,-0.30,0.64
2012-02-03,2.18,-0.21,0.75
2012-02-06,2.19,-0.26,0.69
2012-02-07,2.21,-0.21,0.73
2012-02-08,2.22,-0.21,0.71
2012-02-09,2.21,-0.17,0.76
2012-02-10,2.20,-0.24,0.69
2012-02-13,2.21,-0.22,0.69
2012-02-14,2.19,-0.27,0.63
2012-02-15,2.19,-0.26,0.65
2012-02-16,2.23,-0.24,0.77
2012-02-17,2.24,-0.23,0.79
2012-02-20,,,
2012-02-21,2.27,-0.22,0.80
2012-02-22,2.28,-0.27,0.76
2012-02-23,2.29,-0.30,0.75
2012-02-24,2.27,-0.29,0.75
2012-02-27,2.24,-0.32,0.70
2012-02-28,2.25,-0.31,0.72
2012-02-29,2.26,-0.28,0.73
2012-03-01,2.26,-0.23,0.80
2012-03-02,2.23,-0.24,0.81
2012-03-05,2.20,-0.20,0.87
2012-03-06,2.17,-0.21,0.83
2012-03-07,2.20,-0.22,0.83
2012-03-08,2.24,-0.21,0.85
2012-03-09,2.28,-0.24,0.82
2012-03-12,2.28,-0.24,0.80
2012-03-13,2.34,-0.20,0.84
2012-03-14,2.36,-0.07,0.95
2012-03-15,2.37,-0.08,0.90
2012-03-16,2.40,-0.09,0.88
2012-03-19,2.42,-0.03,0.93
2012-03-20,2.42,-0.04,0.93
2012-03-21,2.39,-0.08,0.90
2012-03-22,2.37,-0.08,0.91
2012-03-23,2.36,-0.11,0.86
2012-03-26,2.34,-0.08,0.93
2012-03-27,2.33,-0.13,0.89
2012-03-28,2.32,-0.11,0.89
2012-03-29,2.31,-0.13,0.87
2012-03-30,2.32,-0.09,0.93
2012-04-02,2.36,-0.14,0.89
2012-04-03,2.36,-0.06,0.94
2012-04-04,2.30,-0.05,0.94
2012-04-05,2.27,-0.08,0.92
2012-04-06,2.23,-0.16,0.85
2012-04-09,2.23,-0.17,0.83
2012-04-10,2.25,-0.24,0.77
2012-04-11,2.30,-0.25,0.78
2012-04-12,2.30,-0.22,0.82
2012-04-13,2.27,-0.25,0.77
2012-04-16,2.26,-0.26,0.75
2012-04-17,2.29,-0.26,0.74
2012-04-18,2.26,-0.26,0.74
2012-04-19,2.19,-0.21,0.77
2012-04-20,2.23,-0.24,0.75
2012-04-23,2.22,-0.26,0.72
2012-04-24,2.25,-0.25,0.74
2012-04-25,2.25,-0.24,0.75
2012-04-26,2.27,-0.29,0.72
2012-04-27,2.26,-0.30,0.73
2012-04-30,2.25,-0.30,0.75
2012-05-01,2.26,-0.28,0.78
2012-05-02,2.24,-0.28,0.76
2012-05-03,2.23,-0.27,0.78
2012-05-04,2.21,-0.30,0.76
2012-05-07,2.19,-0.27,0.75
2012-05-08,2.16,-0.28,0.72
2012-05-09,2.14,-0.27,0.76
2012-05-10,2.14,-0.25,0.77
2012-05-11,2.12,-0.28,0.76
2012-05-14,2.11,-0.33,0.71
2012-05-15,2.12,-0.36,0.68
2012-05-16,2.09,-0.33,0.70
2012-05-17,2.05,-0.35,0.62
2012-05-18,2.10,-0.39,0.60
2012-05-21,2.16,-0.41,0.57
2012-05-22,2.17,-0.38,0.62
2012-05-23,2.14,-0.41,0.58
2012-05-24,2.14,-0.37,0.63
2012-05-25,2.13,-0.38,0.63
2012-05-28,,,
2012-05-29,2.11,-0.37,0.65
2012-05-30,2.08,-0.45,0.57
2012-05-31,2.09,-0.50,0.51
2012-06-01,2.06,-0.59,0.36
2012-06-04,2.09,-0.56,0.37
2012-06-05,2.13,-0.56,0.38
2012-06-06,2.16,-0.50,0.46
2012-06-07,2.15,-0.49,0.53
2012-06-08,2.15,-0.50,0.55
2012-06-11,2.13,-0.53,0.53
2012-06-12,2.15,-0.48,0.56
2012-06-13,2.12,-0.51,0.51
2012-06-14,2.11,-0.47,0.55
2012-06-15,2.14,-0.54,0.50
2012-06-18,2.13,-0.54,0.49
2012-06-19,2.17,-0.53,0.51
2012-06-20,2.16,-0.51,0.50
2012-06-21,2.10,-0.47,0.52
2012-06-22,2.11,-0.42,0.57
2012-06-25,2.10,-0.47,0.51
2012-06-26,2.11,-0.45,0.52
2012-06-27,2.10,-0.45,0.49
2012-06-28,2.08,-0.48,0.49
2012-06-29,2.13,-0.46,0.56
2012-07-02,2.11,-0.50,0.51
2012-07-03,2.13,-0.48,0.53
2012-07-04,,,
2012-07-05,2.13,-0.51,0.50
2012-07-06,2.10,-0.53,0.48
2012-07-09,2.10,-0.57,0.43
2012-07-10,2.12,-0.59,0.40
2012-07-11,2.11,-0.57,0.41
2012-07-12,2.08,-0.58,0.39
2012-07-13,2.11,-0.59,0.38
2012-07-16,2.11,-0.61,0.37
2012-07-17,2.12,-0.59,0.40
2012-07-18,2.12,-0.60,0.40
2012-07-19,2.16,-0.62,0.40
2012-07-20,2.16,-0.67,0.33
2012-07-23,2.15,-0.68,0.32
2012-07-24,2.12,-0.68,0.31
2012-07-25,2.10,-0.67,0.31
2012-07-26,2.11,-0.66,0.33
2012-07-27,2.19,-0.61,0.41
2012-07-30,2.17,-0.64,0.36
2012-07-31,2.20,-0.69,0.32
2012-08-01,2.23,-0.67,0.34
2012-08-02,2.20,-0.69,0.30
2012-08-03,2.26,-0.66,0.36
2012-08-06,2.27,-0.68,0.35
2012-08-07,2.31,-0.65,0.38
2012-08-08,2.29,-0.61,0.42
2012-08-09,2.27,-0.58,0.44
2012-08-10,2.25,-0.60,0.44
2012-08-13,2.23,-0.58,0.45
2012-08-14,2.26,-0.53,0.51
2012-08-15,2.25,-0.45,0.60
2012-08-16,2.25,-0.42,0.64
2012-08-17,2.24,-0.43,0.64
2012-08-20,2.25,-0.43,0.64
2012-08-21,2.25,-0.45,0.61
2012-08-22,2.26,-0.55,0.53
2012-08-23,2.30,-0.62,0.48
2012-08-24,2.28,-0.60,0.48
2012-08-27,2.29,-0.64,0.44
2012-08-28,2.32,-0.68,0.41
2012-08-29,2.30,-0.64,0.44
2012-08-30,2.26,-0.63,0.46
2012-08-31,2.25,-0.68,0.41
2012-09-03,,,
2012-09-04,2.27,-0.68,0.40
2012-09-05,2.29,-0.69,0.40
2012-09-06,2.31,-0.63,0.47
2012-09-07,2.35,-0.68,0.44
2012-09-10,2.36,-0.68,0.43
2012-09-11,2.38,-0.68,0.43
2012-09-12,2.38,-0.61,0.52
2012-09-13,2.47,-0.72,0.44
2012-09-14,2.64,-0.76,0.43
2012-09-17,2.59,-0.74,0.43
2012-09-18,2.55,-0.73,0.44
2012-09-19,2.54,-0.75,0.42
2012-09-20,2.50,-0.70,0.46
2012-09-21,2.48,-0.71,0.46
2012-09-24,2.47,-0.73,0.47
2012-09-25,2.44,-0.74,0.43
2012-09-26,2.41,-0.77,0.39
2012-09-27,2.44,-0.78,0.41
2012-09-28,2.42,-0.77,0.43
2012-10-01,2.42,-0.78,0.42
2012-10-02,2.47,-0.83,0.37
2012-10-03,2.47,-0.83,0.35
2012-10-04,2.56,-0.86,0.34
2012-10-05,2.57,-0.82,0.38
2012-10-08,,,
2012-10-09,2.55,-0.81,0.37
2012-10-10,2.52,-0.80,0.38
2012-10-11,2.47,-0.77,0.39
2012-10-12,2.47,-0.78,0.39
2012-10-15,2.48,-0.78,0.40
2012-10-16,2.46,-0.71,0.46
2012-10-17,2.48,-0.65,0.49
2012-10-18,2.52,-0.66,0.49
2012-10-19,2.50,-0.71,0.42
2012-10-22,2.53,-0.70,0.42
2012-10-23,2.50,-0.71,0.40
2012-10-24,2.49,-0.69,0.42
2012-10-25,2.49,-0.63,0.47
2012-10-26,2.47,-0.69,0.43
2012-10-29,2.47,-0.73,0.39
2012-10-30,,,
2012-10-31,2.50,-0.78,0.35
2012-11-01,2.52,-0.77,0.36
2012-11-02,2.48,-0.73,0.40
2012-11-05,2.47,-0.75,0.38
2012-11-06,2.50,-0.72,0.41
2012-11-07,2.48,-0.80,0.33
2012-11-08,2.47,-0.85,0.26
2012-11-09,2.44,-0.83,0.29
2012-11-12,,,
2012-11-13,2.43,-0.84,0.28
2012-11-14,2.40,-0.81,0.29
2012-11-15,2.38,-0.80,0.29
2012-11-16,2.39,-0.81,0.31
2012-11-19,2.39,-0.78,0.34
2012-11-20,2.40,-0.74,0.38
2012-11-21,2.40,-0.71,0.40
2012-11-22,,,
2012-11-23,2.42,-0.72,0.40
2012-11-26,2.39,-0.73,0.38
2012-11-27,2.38,-0.74,0.37
2012-11-28,2.38,-0.75,0.38
2012-11-29,2.40,-0.78,0.36
2012-11-30,2.41,-0.79,0.34
2012-12-03,2.44,-0.81,0.30
2012-12-04,2.45,-0.83,0.28
2012-12-05,2.45,-0.85,0.27
2012-12-06,2.46,-0.87,0.24
2012-12-07,2.50,-0.86,0.25
2012-12-10,2.50,-0.87,0.24
2012-12-11,2.50,-0.84,0.26
2012-12-12,2.51,-0.79,0.31
2012-12-13,2.47,-0.73,0.34
2012-12-14,2.46,-0.74,0.32
2012-12-17,2.48,-0.70,0.38
2012-12-18,2.51,-0.67,0.42
2012-12-19,2.48,-0.66,0.41
2012-12-20,2.50,-0.69,0.38
2012-12-21,2.48,-0.71,0.35
2012-12-24,2.48,-0.69,0.35
2012-12-25,,,
2012-12-26,2.48,-0.71,0.35
2012-12-27,2.47,-0.73,0.34
2012-12-28,2.46,-0.73,0.36
2012-12-31,2.45,-0.67,0.41
2013-01-01,,,
2013-01-02,2.48,-0.62,0.47
2013-01-03,2.46,-0.54,0.56
2013-01-04,2.48,-0.55,0.53
2013-01-07,2.52,-0.60,0.49
2013-01-08,2.49,-0.60,0.46
2013-01-09,2.52,-0.64,0.44
2013-01-10,2.53,-0.62,0.47
2013-01-11,2.52,-0.63,0.45
2013-01-14,2.55,-0.66,0.46
2013-01-15,2.52,-0.66,0.43
2013-01-16,2.49,-0.65,0.44
2013-01-17,2.53,-0.64,0.47
2013-01-18,2.53,-0.66,0.44
2013-01-21,,,
2013-01-22,2.54,-0.68,0.44
2013-01-23,2.52,-0.66,0.44
2013-01-24,2.50,-0.62,0.45
2013-01-25,2.54,-0.56,0.51
2013-01-28,2.55,-0.55,0.52
2013-01-29,2.56,-0.53,0.55
2013-01-30,2.57,-0.54,0.56
2013-01-31,2.59,-0.57,0.53
2013-02-01,2.59,-0.55,0.58
2013-02-04,2.59,-0.59,0.53
2013-02-05,2.59,-0.55,0.56
2013-02-06,2.58,-0.58,0.53
2013-02-07,2.57,-0.58,0.53
2013-02-08,2.56,-0.57,0.56
2013-02-11,2.57,-0.58,0.55
2013-02-12,2.59,-0.57,0.57
2013-02-13,2.59,-0.54,0.59
2013-02-14,2.56,-0.56,0.58
2013-02-15,2.54,-0.53,0.61
2013-02-18,,,
2013-02-19,2.55,-0.52,0.61
2013-02-20,2.54,-0.52,0.61
2013-02-21,2.53,-0.54,0.62
2013-02-22,2.54,-0.57,0.59
2013-02-25,2.50,-0.62,0.54
2013-02-26,2.50,-0.62,0.56
2013-02-27,2.52,-0.61,0.57
2013-02-28,2.53,-0.64,0.55
2013-03-01,2.53,-0.67,0.52
2013-03-04,2.53,-0.65,0.54
2013-03-05,2.55,-0.65,0.54
2013-03-06,2.56,-0.61,0.58
2013-03-07,2.56,-0.56,0.62
2013-03-08,2.56,-0.50,0.67
2013-03-11,2.57,-0.50,0.67
2013-03-12,2.55,-0.52,0.65
2013-03-13,2.56,-0.52,0.65
2013-03-14,2.57,-0.53,0.67
2013-03-15,2.56,-0.55,0.67
2013-03-18,2.56,-0.60,0.64
2013-03-19,2.53,-0.61,0.62
2013-03-20,2.53,-0.57,0.66
2013-03-21,2.52,-0.57,0.65
2013-03-22,2.53,-0.60,0.62
2013-03-25,2.53,-0.60,0.63
2013-03-26,2.53,-0.61,0.62
2013-03-27,2.51,-0.64,0.59
2013-03-28,2.51,-0.64,0.61
2013-03-29,,,
2013-04-01,2.51,-0.65,0.58
2013-04-02,2.51,-0.63,0.60
2013-04-03,2.48,-0.65,0.56
2013-04-04,2.48,-0.70,0.48
2013-04-05,2.46,-0.74,0.38
2013-04-08,2.45,-0.69,0.44
2013-04-09,2.45,-0.67,0.49
2013-04-10,2.44,-0.60,0.56
2013-04-11,2.47,-0.65,0.52
2013-04-12,2.43,-0.68,0.47
2013-04-15,2.41,-0.69,0.44
2013-04-16,2.40,-0.65,0.48
2013-04-17,2.37,-0.64,0.48
2013-04-18,2.27,-0.55,0.52
2013-04-19,2.32,-0.59,0.49
2013-04-22,2.35,-0.63,0.47
2013-04-23,2.38,-0.64,0.47
2013-04-24,2.38,-0.65,0.45
2013-04-25,2.40,-0.66,0.45
2013-04-26,2.38,-0.68,0.42
2013-04-29,2.37,-0.67,0.44
2013-04-30,2.34,-0.64,0.46
2013-05-01,2.30,-0.64,0.44
2013-05-02,2.28,-0.62,0.45
2013-05-03,2.31,-0.53,0.56
2013-05-06,2.31,-0.51,0.58
2013-05-07,2.32,-0.50,0.59
2013-05-08,2.29,-0.48,0.62
2013-05-09,2.31,-0.50,0.62
2013-05-10,2.35,-0.45,0.67
2013-05-13,2.33,-0.41,0.69
2013-05-14,2.33,-0.37,0.74
2013-05-15,2.30,-0.36,0.75
2013-05-16,2.27,-0.40,0.70
2013-05-17,2.26,-0.31,0.76
2013-05-20,2.28,-0.31,0.77
2013-05-21,2.28,-0.34,0.74
2013-05-22,2.27,-0.24,0.83
2013-05-23,2.26,-0.24,0.83
2013-05-24,2.27,-0.26,0.80
2013-05-27,,,
2013-05-28,2.29,-0.14,0.89
2013-05-29,2.23,-0.10,0.91
2013-05-30,2.18,-0.05,0.96
2013-05-31,2.21,-0.05,0.97
2013-06-03,2.20,-0.07,0.95
2013-06-04,2.19,-0.05,0.99
2013-06-05,2.16,-0.06,0.97
2013-06-06,2.13,-0.05,0.99
2013-06-07,2.14,0.03,1.06
2013-06-10,2.11,0.11,1.15
2013-06-11,2.07,0.13,1.14
2013-06-12,2.04,0.21,1.21
2013-06-13,2.04,0.15,1.17
2013-06-14,2.05,0.09,1.14
2013-06-17,2.04,0.15,1.21
2013-06-18,2.06,0.14,1.16
2013-06-19,2.04,0.29,1.26
2013-06-20,1.95,0.46,1.39
2013-06-21,1.93,0.59,1.45
2013-06-24,1.93,0.64,1.45
2013-06-25,1.96,0.64,1.44
2013-06-26,1.95,0.60,1.38
2013-06-27,1.99,0.50,1.31
2013-06-28,1.99,0.53,1.31
2013-07-01,2.02,0.48,1.28
2013-07-02,2.04,0.44,1.23
2013-07-03,2.04,0.48,1.28
2013-07-04,,,
2013-07-05,2.07,0.66,1.43
2013-07-08,2.07,0.58,1.38
2013-07-09,2.06,0.59,1.40
2013-07-10,2.06,0.64,1.44
2013-07-11,2.04,0.56,1.41
2013-07-12,2.06,0.55,1.40
2013-07-15,2.10,0.47,1.34
2013-07-16,2.14,0.41,1.29
2013-07-17,2.14,0.38,1.29
2013-07-18,2.18,0.38,1.35
2013-07-19,2.21,0.29,1.27
2013-07-22,2.22,0.28,1.25
2013-07-23,2.20,0.33,1.30
2013-07-24,2.17,0.44,1.39
2013-07-25,2.17,0.44,1.39
2013-07-26,2.15,0.43,1.36
2013-07-29,2.16,0.45,1.38
2013-07-30,2.17,0.46,1.39
2013-07-31,2.22,0.38,1.31
2013-08-01,2.26,0.48,1.40
2013-08-02,2.21,0.42,1.35
2013-08-05,2.25,0.42,1.37
2013-08-06,2.28,0.39,1.32
2013-08-07,2.26,0.35,1.27
2013-08-08,2.24,0.34,1.26
2013-08-09,2.24,0.33,1.25
2013-08-12,2.24,0.37,1.30
2013-08-13,2.23,0.48,1.40
2013-08-14,2.21,0.50,1.43
2013-08-15,2.17,0.60,1.51
2013-08-16,2.16,0.68,1.58
2013-08-19,2.13,0.75,1.63
2013-08-20,2.15,0.67,1.58
2013-08-21,2.14,0.73,1.62
2013-08-22,2.11,0.79,1.61
2013-08-23,2.13,0.69,1.51
2013-08-26,2.15,0.64,1.47
2013-08-27,2.15,0.57,1.41
2013-08-28,2.15,0.63,1.45
2013-08-29,2.10,0.65,1.43
2013-08-30,2.10,0.68,1.46
2013-09-02,,,
2013-09-03,2.10,0.76,1.54
2013-09-04,2.07,0.83,1.58
2013-09-05,2.06,0.92,1.64
2013-09-06,2.07,0.87,1.62
2013-09-09,2.06,0.84,1.59
2013-09-10,2.10,0.86,1.60
2013-09-11,2.13,0.80,1.55
2013-09-12,2.11,0.81,1.57
2013-09-13,2.10,0.80,1.57
2013-09-16,2.12,0.76,1.60
2013-09-17,2.16,0.70,1.54
2013-09-18,2.20,0.49,1.44
2013-09-19,2.21,0.55,1.48
2013-09-20,2.23,0.52,1.44
2013-09-23,2.26,0.46,1.38
2013-09-24,2.19,0.48,1.37
2013-09-25,2.18,0.45,1.36
2013-09-26,2.19,0.47,1.37
2013-09-27,2.18,0.46,1.39
2013-09-30,2.19,0.45,1.38
2013-10-01,2.20,0.46,1.39
2013-10-02,2.20,0.43,1.37
2013-10-03,2.19,0.43,1.38
2013-10-04,2.20,0.46,1.40
2013-10-07,2.20,0.45,1.37
2013-10-08,2.18,0.48,1.39
2013-10-09,2.21,0.47,1.40
2013-10-10,2.21,0.50,1.43
2013-10-11,2.20,0.50,1.42
2013-10-14,,,
2013-10-15,2.21,0.54,1.47
2013-10-16,2.19,0.50,1.43
2013-10-17,2.16,0.45,1.40
2013-10-18,2.18,0.42,1.37
2013-10-21,2.19,0.44,1.39
2013-10-22,2.17,0.37,1.34
2013-10-23,2.15,0.36,1.33
2013-10-24,2.17,0.36,1.33
2013-10-25,2.19,0.34,1.30
2013-10-28,2.19,0.35,1.30
2013-10-29,2.18,0.35,1.32
2013-10-30,2.18,0.37,1.33
2013-10-31,2.17,0.40,1.34
2013-11-01,2.15,0.50,1.41
2013-11-04,2.13,0.50,1.42
2013-11-05,2.14,0.55,1.48
2013-11-06,2.19,0.48,1.46
2013-11-07,2.17,0.46,1.43
2013-11-08,2.18,0.59,1.54
2013-11-11,,,
2013-11-12,2.18,0.62,1.55
2013-11-13,2.17,0.58,1.54
2013-11-14,2.18,0.51,1.50
2013-11-15,2.18,0.53,1.51
2013-11-18,2.19,0.48,1.47
2013-11-19,2.18,0.53,1.51
2013-11-20,2.16,0.64,1.63
2013-11-21,2.19,0.60,1.59
2013-11-22,2.19,0.56,1.52
2013-11-25,2.18,0.56,1.51
2013-11-26,2.17,0.54,1.49
2013-11-27,2.16,0.58,1.52
2013-11-28,,,
2013-11-29,2.15,0.60,1.53
2013-12-02,2.15,0.66,1.58
2013-12-03,2.15,0.64,1.57
2013-12-04,2.11,0.73,1.64
2013-12-05,2.12,0.76,1.66
2013-12-06,2.11,0.77,1.64
2013-12-09,2.12,0.74,1.62
2013-12-10,2.12,0.69,1.58
2013-12-11,2.15,0.71,1.60
2013-12-12,2.14,0.75,1.63
2013-12-13,2.16,0.72,1.59
2013-12-16,2.18,0.71,1.59
2013-12-17,2.18,0.67,1.56
2013-12-18,2.17,0.72,1.60
2013-12-19,2.15,0.79,1.63
2013-12-20,2.16,0.73,1.56
2013-12-23,2.18,0.76,1.57
2013-12-24,2.19,0.80,1.61
2013-12-25,,,
2013-12-26,2.20,0.80,1.63
2013-12-27,2.22,0.80,1.64
2013-12-30,2.23,0.76,1.59
2013-12-31,2.24,0.80,1.64
2014-01-01,,,
2014-01-02,2.26,0.74,1.58
2014-01-03,2.26,0.75,1.57
2014-01-06,2.26,0.72,1.54
2014-01-07,2.26,0.70,1.52
2014-01-08,2.29,0.72,1.50
2014-01-09,2.31,0.66,1.45
2014-01-10,2.29,0.59,1.40
2014-01-13,2.27,0.57,1.41
2014-01-14,2.26,0.62,1.45
2014-01-15,2.28,0.62,1.45
2014-01-16,2.25,0.61,1.43
2014-01-17,2.26,0.58,1.41
2014-01-20,,,
2014-01-21,2.26,0.59,1.42
2014-01-22,2.25,0.62,1.44
2014-01-23,2.13,0.66,1.38
2014-01-24,2.14,0.61,1.36
2014-01-27,2.14,0.64,1.39
2014-01-28,2.15,0.62,1.40
2014-01-29,2.14,0.55,1.35
2014-01-30,2.15,0.57,1.36
2014-01-31,2.14,0.53,1.33
2014-02-03,2.14,0.47,1.28
2014-02-04,2.13,0.51,1.34
2014-02-05,2.14,0.56,1.42
2014-02-06,2.16,0.57,1.42
2014-02-07,2.18,0.53,1.40
2014-02-10,2.19,0.51,1.39
2014-02-11,2.19,0.56,1.42
2014-02-12,2.21,0.59,1.45
2014-02-13,2.17,0.56,1.42
2014-02-14,2.16,0.59,1.43
2014-02-17,,,
2014-02-18,2.14,0.57,1.42
2014-02-19,2.13,0.60,1.45
2014-02-20,2.13,0.63,1.49
2014-02-21,2.12,0.61,1.45
2014-02-24,2.16,0.59,1.45
2014-02-25,2.15,0.55,1.40
2014-02-26,2.16,0.51,1.38
2014-02-27,2.16,0.49,1.35
2014-02-28,2.17,0.49,1.32
2014-03-03,2.16,0.44,1.27
2014-03-04,2.18,0.52,1.35
2014-03-05,2.18,0.52,1.33
2014-03-06,2.21,0.53,1.36
2014-03-07,2.23,0.57,1.38
2014-03-10,2.22,0.57,1.39
2014-03-11,2.20,0.57,1.39
2014-03-12,2.19,0.54,1.36
2014-03-13,2.17,0.49,1.31
2014-03-14,2.17,0.48,1.30
2014-03-17,2.18,0.52,1.32
2014-03-18,2.18,0.50,1.32
2014-03-19,2.16,0.62,1.36
2014-03-20,2.13,0.66,1.40
2014-03-21,2.14,0.61,1.34
2014-03-24,2.15,0.59,1.30
2014-03-25,2.14,0.61,1.30
2014-03-26,2.14,0.57,1.27
2014-03-27,2.13,0.56,1.24
2014-03-28,2.13,0.60,1.28
2014-03-31,2.13,0.60,1.29
2014-04-01,2.14,0.63,1.32
2014-04-02,2.14,0.68,1.37
2014-04-03,2.14,0.66,1.34
2014-04-04,2.13,0.61,1.30
2014-04-07,2.12,0.59,1.28
2014-04-08,2.11,0.58,1.28
2014-04-09,2.14,0.57,1.29
2014-04-10,2.14,0.51,1.24
2014-04-11,2.13,0.50,1.20
2014-04-14,2.13,0.52,1.20
2014-04-15,2.14,0.50,1.19
2014-04-16,2.17,0.48,1.16
2014-04-17,2.21,0.52,1.21
2014-04-18,,,
2014-04-21,2.20,0.53,1.21
2014-04-22,2.21,0.52,1.19
2014-04-23,2.21,0.49,1.16
2014-04-24,2.21,0.49,1.14
2014-04-25,2.20,0.48,1.13
2014-04-28,2.18,0.52,1.17
2014-04-29,2.18,0.53,1.20
2014-04-30,2.18,0.49,1.16
2014-05-01,2.20,0.43,1.10
2014-05-02,2.19,0.41,1.06
2014-05-05,2.18,0.45,1.11
2014-05-06,2.16,0.45,1.09
2014-05-07,2.20,0.42,1.11
2014-05-08,2.19,0.42,1.13
2014-05-09,2.18,0.44,1.15
2014-05-12,2.18,0.48,1.19
2014-05-13,2.16,0.45,1.15
2014-05-14,2.17,0.37,1.07
2014-05-15,2.19,0.31,1.01
2014-05-16,2.18,0.34,1.03
2014-05-19,2.17,0.37,1.09
2014-05-20,2.17,0.35,1.09
2014-05-21,2.18,0.36,1.12
2014-05-22,2.21,0.35,1.11
2014-05-23,2.22,0.32,1.08
2014-05-26,,,
2014-05-27,2.21,0.31,1.06
2014-05-28,2.22,0.22,0.98
2014-05-29,2.23,0.22,0.99
2014-05-30,2.22,0.26,1.02
2014-06-02,2.22,0.32,1.08
2014-06-03,2.19,0.41,1.15
2014-06-04,2.17,0.44,1.18
2014-06-05,2.18,0.41,1.16
2014-06-06,2.20,0.40,1.15
2014-06-09,2.21,0.41,1.15
2014-06-10,2.21,0.43,1.17
2014-06-11,2.22,0.43,1.17
2014-06-12,2.19,0.39,1.14
2014-06-13,2.19,0.41,1.14
2014-06-16,2.20,0.41,1.11
2014-06-17,2.23,0.43,1.14
2014-06-18,2.23,0.38,1.11
2014-06-19,2.25,0.39,1.14
2014-06-20,2.28,0.35,1.09
2014-06-23,2.28,0.35,1.09
2014-06-24,2.28,0.31,1.04
2014-06-25,2.28,0.29,1.03
2014-06-26,2.27,0.26,0.99
2014-06-27,2.27,0.27,1.01
2014-06-30,2.26,0.27,0.99
2014-07-01,2.26,0.32,1.05
2014-07-02,2.26,0.38,1.12
2014-07-03,2.28,0.37,1.10
2014-07-04,,,
2014-07-07,2.27,0.36,1.08
2014-07-08,2.27,0.31,1.02
2014-07-09,2.29,0.28,0.99
2014-07-10,2.28,0.27,1.00
2014-07-11,2.28,0.25,0.97
2014-07-14,2.27,0.28,0.99
2014-07-15,2.25,0.31,1.01
2014-07-16,2.23,0.32,1.00
2014-07-17,2.23,0.24,0.93
2014-07-18,2.24,0.26,0.95
2014-07-21,2.24,0.25,0.92
2014-07-22,2.23,0.25,0.92
2014-07-23,2.23,0.25,0.93
2014-07-24,2.27,0.25,0.95
2014-07-25,2.28,0.20,0.88
2014-07-28,2.28,0.22,0.91
2014-07-29,2.27,0.20,0.87
2014-07-30,2.28,0.29,0.95
2014-07-31,2.29,0.29,0.96
2014-08-01,2.27,0.25,0.93
2014-08-04,2.25,0.26,0.95
2014-08-05,2.24,0.25,0.94
2014-08-06,2.25,0.24,0.93
2014-08-07,2.24,0.19,0.90
2014-08-08,2.25,0.19,0.91
2014-08-11,2.25,0.19,0.92
2014-08-12,2.24,0.22,0.96
2014-08-13,2.23,0.20,0.94
2014-08-14,2.21,0.19,0.89
2014-08-15,2.18,0.16,0.84
2014-08-18,2.18,0.21,0.90
2014-08-19,2.17,0.23,0.93
2014-08-20,2.17,0.26,0.94
2014-08-21,2.17,0.24,0.91
2014-08-22,2.14,0.26,0.88
2014-08-25,2.15,0.24,0.86
2014-08-26,2.14,0.25,0.88
2014-08-27,2.14,0.23,0.85
2014-08-28,2.13,0.21,0.82
2014-08-29,2.12,0.23,0.84
2014-09-01,,,
2014-09-02,2.15,0.27,0.90
2014-09-03,2.17,0.24,0.89
2014-09-04,2.17,0.28,0.94
2014-09-05,2.15,0.31,0.97
2014-09-08,2.13,0.35,0.97
2014-09-09,2.11,0.39,0.97
2014-09-10,2.10,0.44,1.02
2014-09-11,2.12,0.42,1.01
2014-09-12,2.13,0.49,1.10
2014-09-15,2.13,0.47,1.09
2014-09-16,2.12,0.48,1.11
2014-09-17,2.06,0.56,1.16
2014-09-18,2.02,0.61,1.17
2014-09-19,2.03,0.56,1.11
2014-09-22,1.99,0.58,1.13
2014-09-23,2.02,0.52,1.08
2014-09-24,2.03,0.54,1.10
2014-09-25,2.02,0.50,1.06
2014-09-26,1.97,0.57,1.09
2014-09-29,1.95,0.55,1.08
2014-09-30,1.97,0.55,1.10
2014-10-01,1.96,0.46,1.01
2014-10-02,1.95,0.49,1.04
2014-10-03,1.93,0.52,1.04
2014-10-06,1.93,0.50,1.04
2014-10-07,1.92,0.44,1.00
2014-10-08,1.96,0.39,0.97
2014-10-09,1.97,0.37,0.96
2014-10-10,1.96,0.35,0.93
2014-10-13,,,
2014-10-14,1.92,0.29,0.88
2014-10-15,1.86,0.29,0.88
2014-10-16,1.89,0.28,0.89
2014-10-17,1.92,0.30,0.90
2014-10-20,1.91,0.29,0.90
2014-10-21,1.90,0.33,0.94
2014-10-22,1.91,0.34,0.94
2014-10-23,1.91,0.38,0.98
2014-10-24,1.90,0.39,0.98
2014-10-27,1.89,0.38,0.97
2014-10-28,1.91,0.39,0.98
2014-10-29,1.92,0.42,0.96
2014-10-30,1.90,0.42,0.96
2014-10-31,1.92,0.43,0.99
2014-11-03,1.93,0.43,0.99
2014-11-04,1.92,0.43,0.96
2014-11-05,1.93,0.43,0.96
2014-11-06,1.94,0.45,0.98
2014-11-07,1.94,0.38,0.93
2014-11-10,1.94,0.44,0.98
2014-11-11,,,
2014-11-12,1.91,0.46,1.00
2014-11-13,1.88,0.47,1.01
2014-11-14,1.89,0.43,0.99
2014-11-17,1.86,0.48,1.02
2014-11-18,1.84,0.48,1.02
2014-11-19,1.83,0.53,1.07
2014-11-20,1.85,0.49,1.05
2014-11-21,1.86,0.45,1.00
2014-11-24,1.86,0.44,0.99
2014-11-25,1.85,0.42,0.96
2014-11-26,1.82,0.42,0.95
2014-11-27,,,
2014-11-28,1.79,0.39,0.92
2014-12-01,1.79,0.43,0.96
2014-12-02,1.77,0.51,1.01
2014-12-03,1.79,0.50,1.00
2014-12-04,1.77,0.48,0.96
2014-12-05,1.75,0.56,0.98
2014-12-08,1.71,0.55,0.94
2014-12-09,1.73,0.49,0.90
2014-12-10,1.71,0.47,0.88
2014-12-11,1.70,0.49,0.88
2014-12-12,1.64,0.46,0.84
2014-12-15,1.62,0.50,0.84
2014-12-16,1.65,0.42,0.77
2014-12-17,1.65,0.49,0.81
2014-12-18,1.65,0.57,0.91
2014-12-19,1.68,0.49,0.85
2014-12-22,1.70,0.47,0.82
2014-12-23,1.70,0.56,0.92
2014-12-24,1.68,0.59,0.91
2014-12-25,,,
2014-12-26,1.67,0.58,0.90
2014-12-29,1.65,0.57,0.88
2014-12-30,1.64,0.56,0.88
2014-12-31,1.68,0.49,0.83
2015-01-01,,,
2015-01-02,1.71,0.41,0.76
2015-01-05,1.64,0.40,0.71
2015-01-06,1.56,0.41,0.68
2015-01-07,1.57,0.39,0.68
2015-01-08,1.62,0.41,0.73
2015-01-09,1.62,0.36,0.72
2015-01-12,1.57,0.35,0.69
2015-01-13,1.54,0.37,0.73
2015-01-14,1.57,0.29,0.69
2015-01-15,1.58,0.19,0.61
2015-01-16,1.60,0.23,0.66
2015-01-19,,,
2015-01-20,1.59,0.23,0.63
2015-01-21,1.61,0.26,0.71
2015-01-22,1.61,0.29,0.69
2015-01-23,1.60,0.21,0.61
2015-01-26,1.61,0.22,0.64
2015-01-27,1.66,0.17,0.64
2015-01-28,1.61,0.12,0.56
2015-01-29,1.62,0.15,0.59
2015-01-30,1.65,0.03,0.52
2015-02-02,1.65,0.03,0.54
2015-02-03,1.70,0.09,0.62
2015-02-04,1.71,0.10,0.60
2015-02-05,1.70,0.13,0.64
2015-02-06,1.71,0.24,0.68
2015-02-09,1.71,0.25,0.67
2015-02-10,1.70,0.31,0.74
2015-02-11,1.68,0.32,0.75
2015-02-12,1.66,0.33,0.78
2015-02-13,1.68,0.34,0.81
2015-02-16,,,
2015-02-17,1.71,0.43,0.87
2015-02-18,1.71,0.36,0.82
2015-02-19,1.74,0.37,0.84
2015-02-20,1.75,0.38,0.83
2015-02-23,1.72,0.34,0.79
2015-02-24,1.72,0.27,0.73
2015-02-25,1.72,0.24,0.70
2015-02-26,1.79,0.24,0.72
2015-02-27,1.83,0.17,0.68
2015-03-02,1.83,0.25,0.75
2015-03-03,1.86,0.26,0.75
2015-03-04,1.87,0.25,0.74
2015-03-05,1.84,0.27,0.74
2015-03-06,1.83,0.41,0.86
2015-03-09,1.76,0.44,0.88
2015-03-10,1.73,0.41,0.85
2015-03-11,1.72,0.39,0.83
2015-03-12,1.71,0.39,0.84
2015-03-13,1.69,0.44,0.88
2015-03-16,1.65,0.45,0.87
2015-03-17,1.64,0.42,0.81
2015-03-18,1.70,0.23,0.66
2015-03-19,1.79,0.19,0.65
2015-03-20,1.76,0.17,0.61
2015-03-23,1.75,0.17,0.62
2015-03-24,1.77,0.11,0.55
2015-03-25,1.81,0.12,0.57
2015-03-26,1.80,0.21,0.67
2015-03-27,1.76,0.19,0.64
2015-03-30,1.73,0.23,0.69
2015-03-31,1.76,0.18,0.69
2015-04-01,1.80,0.07,0.60
2015-04-02,1.81,0.11,0.64
2015-04-03,1.83,0.02,0.58
2015-04-06,1.85,0.07,0.66
2015-04-07,1.85,0.04,0.60
2015-04-08,1.84,0.08,0.63
2015-04-09,1.84,0.13,0.68
2015-04-10,1.82,0.14,0.67
2015-04-13,1.80,0.14,0.68
2015-04-14,1.80,0.10,0.65
2015-04-15,1.84,0.07,0.64
2015-04-16,1.85,0.05,0.63
2015-04-17,1.89,-0.02,0.54
2015-04-20,1.89,0.01,0.59
2015-04-21,1.86,0.06,0.63
2015-04-22,1.87,0.12,0.70
2015-04-23,1.89,0.07,0.66
2015-04-24,1.89,0.04,0.64
2015-04-27,1.91,0.03,0.63
2015-04-28,1.89,0.11,0.71
2015-04-29,1.92,0.14,0.76
2015-04-30,1.94,0.11,0.72
2015-05-01,1.94,0.18,0.78
2015-05-04,1.92,0.24,0.86
2015-05-05,1.94,0.25,0.86
2015-05-06,1.91,0.34,0.95
2015-05-07,1.88,0.30,0.88
2015-05-08,1.88,0.28,0.89
2015-05-11,1.88,0.40,1.00
2015-05-12,1.88,0.40,0.99
2015-05-13,1.86,0.41,1.04
2015-05-14,1.87,0.36,1.03
2015-05-15,1.83,0.31,0.94
2015-05-18,1.86,0.37,1.02
2015-05-19,1.85,0.42,1.06
2015-05-20,1.88,0.38,1.06
2015-05-21,1.84,0.35,1.01
2015-05-22,1.87,0.34,1.00
2015-05-25,,,
2015-05-26,1.82,0.32,0.94
2015-05-27,1.80,0.34,0.95
2015-05-28,1.80,0.33,0.98
2015-05-29,1.80,0.32,0.95
2015-06-01,1.80,0.39,1.02
2015-06-02,1.83,0.44,1.08
2015-06-03,1.83,0.55,1.16
2015-06-04,1.81,0.50,1.09
2015-06-05,1.86,0.55,1.14
2015-06-08,1.85,0.54,1.14
2015-06-09,1.86,0.56,1.18
2015-06-10,1.87,0.63,1.25
2015-06-11,1.83,0.56,1.17
2015-06-12,1.84,0.55,1.16
2015-06-15,1.85,0.51,1.12
2015-06-16,1.88,0.44,1.05
2015-06-17,1.90,0.42,1.09
2015-06-18,1.89,0.46,1.14
2015-06-19,1.86,0.40,1.07
2015-06-22,1.90,0.47,1.14
2015-06-23,1.92,0.50,1.17
2015-06-24,1.90,0.48,1.13
2015-06-25,1.91,0.49,1.13
2015-06-26,1.92,0.57,1.21
2015-06-29,1.87,0.46,1.10
2015-06-30,1.87,0.48,1.11
2015-07-01,1.89,0.54,1.18
2015-07-02,1.91,0.49,1.16
2015-07-03,,,
2015-07-06,1.87,0.43,1.07
2015-07-07,1.87,0.40,1.04
2015-07-08,1.83,0.39,1.02
2015-07-09,1.85,0.47,1.13
2015-07-10,1.87,0.55,1.19
2015-07-13,1.86,0.58,1.21
2015-07-14,1.85,0.56,1.20
2015-07-15,1.84,0.52,1.15
2015-07-16,1.84,0.52,1.13
2015-07-17,1.83,0.51,1.12
2015-07-20,1.82,0.56,1.14
2015-07-21,1.82,0.53,1.12
2015-07-22,1.80,0.53,1.10
2015-07-23,1.79,0.49,1.06
2015-07-24,1.76,0.51,1.07
2015-07-27,1.73,0.50,1.05
2015-07-28,1.75,0.51,1.07
2015-07-29,1.77,0.52,1.08
2015-07-30,1.77,0.51,1.06
2015-07-31,1.74,0.46,1.04
2015-08-03,1.70,0.46,1.02
2015-08-04,1.71,0.52,1.06
2015-08-05,1.70,0.58,1.11
2015-08-06,1.67,0.56,1.08
2015-08-07,1.66,0.52,1.02
2015-08-10,1.69,0.55,1.07
2015-08-11,1.66,0.49,1.01
2015-08-12,1.62,0.52,1.06
2015-08-13,1.62,0.57,1.07
2015-08-14,1.62,0.58,1.05
2015-08-17,1.58,0.58,1.05
2015-08-18,1.58,0.62,1.10
2015-08-19,1.57,0.55,1.06
2015-08-20,1.56,0.53,1.02
2015-08-21,1.53,0.52,1.04
2015-08-24,1.49,0.52,1.07
2015-08-25,1.53,0.59,1.14
2015-08-26,1.53,0.65,1.22
2015-08-27,1.58,0.60,1.15
2015-08-28,1.61,0.58,1.12
2015-08-31,1.63,0.58,1.15
2015-09-01,1.57,0.60,1.17
2015-09-02,1.56,0.64,1.22
2015-09-03,1.54,0.64,1.22
2015-09-04,1.51,0.62,1.18
2015-09-07,,,
2015-09-08,1.53,0.67,1.25
2015-09-09,1.56,0.65,1.21
2015-09-10,1.59,0.64,1.21
2015-09-11,1.59,0.61,1.18
2015-09-14,1.56,0.62,1.19
2015-09-15,1.56,0.72,1.29
2015-09-16,1.57,0.73,1.32
2015-09-17,1.58,0.63,1.26
2015-09-18,1.55,0.58,1.19
2015-09-21,1.54,0.66,1.30
2015-09-22,1.51,0.63,1.26
2015-09-23,1.52,0.64,1.26
2015-09-24,1.49,0.64,1.24
2015-09-25,1.46,0.71,1.32
2015-09-28,1.39,0.71,1.28
2015-09-29,1.39,0.66,1.27
2015-09-30,1.41,0.65,1.29
2015-10-01,1.46,0.59,1.23
2015-10-02,1.48,0.51,1.18
2015-10-05,1.51,0.56,1.23
2015-10-06,1.52,0.53,1.20
2015-10-07,1.55,0.53,1.19
2015-10-08,1.58,0.54,1.23
2015-10-09,1.54,0.58,1.24
2015-10-12,,,
2015-10-13,1.52,0.54,1.22
2015-10-14,1.49,0.50,1.19
2015-10-15,1.50,0.54,1.22
2015-10-16,1.48,0.56,1.24
2015-10-19,1.45,0.59,1.27
2015-10-20,1.48,0.60,1.26
2015-10-21,1.45,0.59,1.24
2015-10-22,1.47,0.57,1.21
2015-10-23,1.51,0.58,1.19
2015-10-26,1.48,0.59,1.19
2015-10-27,1.48,0.57,1.18
2015-10-28,1.47,0.63,1.20
2015-10-29,1.52,0.67,1.24
2015-10-30,1.53,0.63,1.19
2015-11-02,1.55,0.65,1.20
2015-11-03,1.58,0.65,1.24
2015-11-04,1.57,0.68,1.24
2015-11-05,1.55,0.71,1.27
2015-11-06,1.59,0.75,1.31
2015-11-09,1.60,0.76,1.32
2015-11-10,1.55,0.77,1.32
2015-11-11,,,
2015-11-12,1.54,0.78,1.32
2015-11-13,1.52,0.76,1.31
2015-11-16,1.51,0.76,1.33
2015-11-17,1.53,0.72,1.28
2015-11-18,1.56,0.71,1.27
2015-11-19,1.56,0.68,1.23
2015-11-20,1.60,0.66,1.21
2015-11-23,1.61,0.64,1.20
2015-11-24,1.62,0.62,1.20
2015-11-25,1.61,0.62,1.20
2015-11-26,,,
2015-11-27,1.60,0.62,1.20
2015-11-30,1.59,0.62,1.19
2015-12-01,1.57,0.58,1.14
2015-12-02,1.56,0.62,1.16
2015-12-03,1.61,0.72,1.27
2015-12-04,1.60,0.68,1.21
2015-12-07,1.56,0.67,1.19
2015-12-08,1.56,0.68,1.20
2015-12-09,1.53,0.69,1.23
2015-12-10,1.51,0.73,1.26
2015-12-11,1.46,0.67,1.21
2015-12-14,1.45,0.78,1.32
2015-12-15,1.48,0.80,1.32
2015-12-16,1.46,0.84,1.34
2015-12-17,1.47,0.77,1.28
2015-12-18,1.46,0.73,1.26
2015-12-21,1.45,0.75,1.28
2015-12-22,1.46,0.78,1.30
2015-12-23,1.51,0.76,1.29
2015-12-24,1.52,0.73,1.26
2015-12-25,,,
2015-12-28,1.50,0.74,1.24
2015-12-29,1.53,0.79,1.31
2015-12-30,1.54,0.77,1.31
2015-12-31,1.54,0.73,1.28
2016-01-01,,,
2016-01-04,1.55,0.69,1.25
2016-01-05,1.56,0.69,1.27
2016-01-06,1.53,0.65,1.23
2016-01-07,1.50,0.66,1.27
2016-01-08,1.48,0.65,1.27
2016-01-11,1.45,0.72,1.33
2016-01-12,1.43,0.69,1.29
2016-01-13,1.43,0.65,1.26
2016-01-14,1.43,0.67,1.29
2016-01-15,1.36,0.67,1.27
2016-01-18,,,
2016-01-19,1.38,0.68,1.28
2016-01-20,1.32,0.69,1.29
2016-01-21,1.28,0.74,1.31
2016-01-22,1.35,0.72,1.29
2016-01-25,1.34,0.69,1.27
2016-01-26,1.36,0.65,1.25
2016-01-27,1.40,0.62,1.23
2016-01-28,1.42,0.58,1.21
2016-01-29,1.41,0.53,1.17
2016-02-01,1.40,0.57,1.19
2016-02-02,1.36,0.51,1.12
2016-02-03,1.38,0.50,1.10
2016-02-04,1.36,0.51,1.11
2016-02-05,1.33,0.53,1.13
2016-02-08,1.23,0.52,1.09
2016-02-09,1.21,0.53,1.10
2016-02-10,1.21,0.50,1.06
2016-02-11,1.18,0.45,1.03
2016-02-12,1.25,0.49,1.10
2016-02-15,,,
2016-02-16,1.25,0.53,1.16
2016-02-17,1.28,0.53,1.18
2016-02-18,1.24,0.51,1.13
2016-02-19,1.26,0.50,1.11
2016-02-22,1.31,0.46,1.08
2016-02-23,1.32,0.42,1.05
2016-02-24,1.36,0.39,1.04
2016-02-25,1.39,0.32,1.00
2016-02-26,1.41,0.35,1.04
2016-02-29,1.42,0.32,1.00
2016-03-01,1.48,0.35,1.04
2016-03-02,1.51,0.33,1.00
2016-03-03,1.53,0.30,0.97
2016-03-04,1.51,0.37,1.02
2016-03-07,1.48,0.43,1.06
2016-03-08,1.46,0.37,1.01
2016-03-09,1.51,0.39,1.05
2016-03-10,1.48,0.45,1.06
2016-03-11,1.54,0.44,1.09
2016-03-14,1.52,0.45,1.09
2016-03-15,1.50,0.47,1.11
2016-03-16,1.58,0.36,1.05
2016-03-17,1.57,0.34,1.00
2016-03-18,1.61,0.27,0.94
2016-03-21,1.64,0.28,0.95
2016-03-22,1.63,0.31,0.95
2016-03-23,1.58,0.30,0.91
2016-03-24,1.57,0.34,0.95
2016-03-25,,,
2016-03-28,1.56,0.33,0.94
2016-03-29,1.61,0.20,0.84
2016-03-30,1.65,0.18,0.86
2016-03-31,1.62,0.16,0.83
2016-04-01,1.62,0.17,0.83
2016-04-04,1.64,0.14,0.81
2016-04-05,1.59,0.14,0.79
2016-04-06,1.59,0.17,0.83
2016-04-07,1.58,0.12,0.78
2016-04-08,1.58,0.14,0.81
2016-04-11,1.56,0.17,0.85
2016-04-12,1.57,0.22,0.89
2016-04-13,1.56,0.21,0.87
2016-04-14,1.56,0.24,0.89
2016-04-15,1.56,0.20,0.84
2016-04-18,1.57,0.21,0.84
2016-04-19,1.60,0.19,0.83
2016-04-20,1.62,0.23,0.88
2016-04-21,1.64,0.24,0.91
2016-04-22,1.64,0.25,0.92
2016-04-25,1.65,0.26,0.94
2016-04-26,1.67,0.27,0.95
2016-04-27,1.68,0.19,0.90
2016-04-28,1.72,0.12,0.86
2016-04-29,1.71,0.12,0.82
2016-05-02,1.68,0.20,0.89
2016-05-03,1.64,0.17,0.87
2016-05-04,1.63,0.16,0.86
2016-05-05,1.63,0.13,0.83
2016-05-06,1.61,0.18,0.86
2016-05-09,1.59,0.18,0.87
2016-05-10,1.62,0.15,0.84
2016-05-11,1.59,0.14,0.82
2016-05-12,1.60,0.15,0.83
2016-05-13,1.58,0.13,0.79
2016-05-16,1.60,0.15,0.82
2016-05-17,1.61,0.15,0.80
2016-05-18,1.61,0.26,0.88
2016-05-19,1.56,0.29,0.88
2016-05-20,1.56,0.29,0.89
2016-05-23,1.54,0.30,0.89
2016-05-24,1.55,0.31,0.90
2016-05-25,1.58,0.29,0.90
2016-05-26,1.58,0.25,0.87
2016-05-27,1.58,0.27,0.89
2016-05-30,,,
2016-05-31,1.54,0.30,0.91
2016-06-01,1.54,0.31,0.91
2016-06-02,1.54,0.27,0.88
2016-06-03,1.52,0.19,0.84
2016-06-06,1.54,0.19,0.85
2016-06-07,1.57,0.15,0.82
2016-06-08,1.59,0.12,0.78
2016-06-09,1.56,0.12,0.78
2016-06-10,1.52,0.12,0.78
2016-06-13,1.47,0.15,0.81
2016-06-14,1.45,0.17,0.84
2016-06-15,1.47,0.13,0.82
2016-06-16,1.42,0.15,0.82
2016-06-17,1.42,0.20,0.85
2016-06-20,1.43,0.24,0.88
2016-06-21,1.43,0.28,0.91
2016-06-22,1.44,0.25,0.90
2016-06-23,1.50,0.24,0.88
2016-06-24,1.42,0.15,0.81
2016-06-27,1.34,0.12,0.73
2016-06-28,1.37,0.09,0.70
2016-06-29,1.40,0.10,0.71
2016-06-30,1.40,0.09,0.70
2016-07-01,1.43,0.03,0.62
2016-07-04,,,
2016-07-05,1.40,-0.03,0.56
2016-07-06,1.43,-0.05,0.54
2016-07-07,1.43,-0.03,0.56
2016-07-08,1.43,-0.06,0.53
2016-07-11,1.42,0.01,0.56
2016-07-12,1.46,0.07,0.64
2016-07-13,1.45,0.03,0.58
2016-07-14,1.45,0.08,0.62
2016-07-15,1.49,0.11,0.64
2016-07-18,1.49,0.10,0.65
2016-07-19,1.44,0.12,0.65
2016-07-20,1.46,0.13,0.67
2016-07-21,1.52,0.05,0.67
2016-07-22,1.51,0.06,0.67
2016-07-25,1.50,0.08,0.68
2016-07-26,1.50,0.07,0.66
2016-07-27,1.49,0.03,0.61
2016-07-28,1.52,0.00,0.59
2016-07-29,1.49,-0.03,0.56
2016-08-01,1.46,0.05,0.63
2016-08-02,1.44,0.11,0.70
2016-08-03,1.46,0.09,0.68
2016-08-04,1.47,0.04,0.62
2016-08-05,1.50,0.09,0.64
2016-08-08,1.51,0.08,0.63
2016-08-09,1.49,0.06,0.60
2016-08-10,1.44,0.06,0.59
2016-08-11,1.47,0.10,0.61
2016-08-12,1.44,0.07,0.58
2016-08-15,1.45,0.10,0.62
2016-08-16,1.44,0.13,0.65
2016-08-17,1.47,0.09,0.63
2016-08-18,1.47,0.06,0.61
2016-08-19,1.48,0.10,0.63
2016-08-22,1.47,0.08,0.59
2016-08-23,1.48,0.07,0.58
2016-08-24,1.48,0.08,0.59
2016-08-25,1.49,0.09,0.61
2016-08-26,1.47,0.15,0.64
2016-08-29,1.46,0.11,0.58
2016-08-30,1.46,0.11,0.59
2016-08-31,1.47,0.11,0.58
2016-09-01,1.45,0.12,0.57
2016-09-02,1.47,0.13,0.60
2016-09-05,,,
2016-09-06,1.49,0.06,0.54
2016-09-07,1.51,0.03,0.52
2016-09-08,1.52,0.09,0.59
2016-09-09,1.50,0.17,0.67
2016-09-12,1.51,0.17,0.67
2016-09-13,1.49,0.24,0.74
2016-09-14,1.49,0.21,0.72
2016-09-15,1.49,0.22,0.76
2016-09-16,1.51,0.19,0.73
2016-09-19,1.50,0.20,0.75
2016-09-20,1.49,0.20,0.75
2016-09-21,1.51,0.15,0.69
2016-09-22,1.55,0.08,0.62
2016-09-23,1.57,0.05,0.58
2016-09-26,1.54,0.05,0.60
2016-09-27,1.52,0.04,0.58
2016-09-28,1.56,0.01,0.57
2016-09-29,1.54,0.02,0.58
2016-09-30,1.60,0.00,0.59
2016-10-03,1.63,0.00,0.58
2016-10-04,1.62,0.07,0.66
2016-10-05,1.62,0.10,0.69
2016-10-06,1.64,0.11,0.68
2016-10-07,1.63,0.10,0.68
2016-10-10,,,
2016-10-11,1.64,0.13,0.71
2016-10-12,1.64,0.15,0.73
2016-10-13,1.63,0.12,0.71
2016-10-14,1.67,0.13,0.74
2016-10-17,1.68,0.09,0.68
2016-10-18,1.66,0.09,0.68
2016-10-19,1.68,0.08,0.68
2016-10-20,1.68,0.08,0.68
2016-10-21,1.67,0.07,0.66
2016-10-24,1.66,0.11,0.69
2016-10-25,1.70,0.07,0.65
2016-10-26,1.71,0.08,0.65
2016-10-27,1.72,0.13,0.72
2016-10-28,1.73,0.13,0.74
2016-10-31,1.73,0.11,0.70
2016-11-01,1.72,0.11,0.69
2016-11-02,1.70,0.11,0.70
2016-11-03,1.68,0.14,0.75
2016-11-04,1.68,0.11,0.72
2016-11-07,1.71,0.12,0.71
2016-11-08,1.73,0.15,0.73
2016-11-09,1.82,0.25,0.83
2016-11-10,1.88,0.27,0.87
2016-11-11,,,
2016-11-14,1.83,0.40,0.96
2016-11-15,1.82,0.41,0.95
2016-11-16,1.83,0.39,0.92
2016-11-17,1.87,0.42,0.96
2016-11-18,1.90,0.44,0.94
2016-11-21,1.91,0.42,0.92
2016-11-22,1.90,0.41,0.93
2016-11-23,1.92,0.44,0.93
2016-11-24,,,
2016-11-25,1.89,0.47,0.93
2016-11-28,1.85,0.47,0.95
2016-11-29,1.86,0.44,0.92
2016-11-30,1.94,0.43,0.91
2016-12-01,1.97,0.48,0.95
2016-12-02,1.91,0.49,0.98
2016-12-05,1.94,0.45,0.94
2016-12-06,1.95,0.44,0.94
2016-12-07,1.92,0.42,0.91
2016-12-08,1.95,0.45,0.98
2016-12-09,1.96,0.51,1.04
2016-12-12,1.98,0.51,1.04
2016-12-13,1.95,0.53,1.04
2016-12-14,1.94,0.60,1.07
2016-12-15,1.90,0.70,1.15
2016-12-16,1.86,0.74,1.20
2016-12-19,1.86,0.68,1.13
2016-12-20,1.90,0.67,1.14
2016-12-21,1.91,0.64,1.10
2016-12-22,1.95,0.60,1.06
2016-12-23,1.97,0.58,1.03
2016-12-26,,,
2016-12-27,1.99,0.58,1.04
2016-12-28,1.95,0.56,1.02
2016-12-29,1.94,0.55,1.02
2016-12-30,1.95,0.50,0.99
2017-01-02,,,
2017-01-03,1.98,0.47,0.94
2017-01-04,1.99,0.47,0.95
2017-01-05,1.95,0.42,0.89
2017-01-06,1.96,0.46,0.93
2017-01-09,1.95,0.43,0.91
2017-01-10,1.95,0.43,0.91
2017-01-11,1.99,0.39,0.88
2017-01-12,1.98,0.38,0.87
2017-01-13,1.99,0.41,0.89
2017-01-16,,,
2017-01-17,1.97,0.36,0.87
2017-01-18,2.00,0.42,0.92
2017-01-19,2.04,0.43,0.93
2017-01-20,2.04,0.44,0.94
2017-01-23,2.02,0.39,0.89
2017-01-24,2.06,0.41,0.93
2017-01-25,2.08,0.45,0.96
2017-01-26,2.08,0.43,0.94
2017-01-27,2.08,0.41,0.91
2017-01-30,2.07,0.42,0.94
2017-01-31,2.05,0.40,0.93
2017-02-01,2.05,0.43,0.96
2017-02-02,2.05,0.43,0.98
2017-02-03,2.05,0.44,1.01
2017-02-06,2.02,0.40,0.98
2017-02-07,2.00,0.40,0.96
2017-02-08,1.96,0.38,0.91
2017-02-09,1.99,0.41,0.93
2017-02-10,2.01,0.40,0.90
2017-02-13,2.00,0.43,0.91
2017-02-14,2.01,0.46,0.94
2017-02-15,2.06,0.45,0.93
2017-02-16,2.02,0.43,0.95
2017-02-17,2.01,0.41,0.91
2017-02-20,,,
2017-02-21,2.03,0.40,0.92
2017-02-22,2.04,0.38,0.91
2017-02-23,2.03,0.35,0.89
2017-02-24,2.00,0.31,0.85
2017-02-27,2.01,0.35,0.88
2017-02-28,2.02,0.34,0.87
2017-03-01,2.03,0.43,0.94
2017-03-02,2.01,0.48,0.98
2017-03-03,2.04,0.45,0.96
2017-03-06,2.01,0.48,0.99
2017-03-07,2.03,0.49,1.01
2017-03-08,2.01,0.56,1.06
2017-03-09,2.00,0.60,1.09
2017-03-10,2.01,0.57,1.06
2017-03-13,2.01,0.61,1.09
2017-03-14,1.99,0.61,1.08
2017-03-15,2.01,0.50,1.00
2017-03-16,2.02,0.51,1.02
2017-03-17,2.01,0.49,1.01
2017-03-20,2.00,0.47,1.00
2017-03-21,1.98,0.45,0.99
2017-03-22,1.97,0.43,0.96
2017-03-23,1.95,0.46,0.96
2017-03-24,1.98,0.42,0.91
2017-03-27,1.97,0.41,0.90
2017-03-28,1.97,0.45,0.94
2017-03-29,1.98,0.41,0.91
2017-03-30,1.96,0.46,0.96
2017-03-31,1.97,0.43,0.94
2017-04-03,1.96,0.39,0.91
2017-04-04,1.96,0.40,0.92
2017-04-05,1.97,0.37,0.89
2017-04-06,1.95,0.39,0.90
2017-04-07,1.94,0.44,0.94
2017-04-10,1.93,0.44,0.94
2017-04-11,1.91,0.41,0.91
2017-04-12,1.90,0.38,0.89
2017-04-13,1.92,0.32,0.86
2017-04-14,,,
2017-04-17,1.88,0.38,0.90
2017-04-18,1.85,0.33,0.85
2017-04-19,1.85,0.36,0.90
2017-04-20,1.85,0.39,0.92
2017-04-21,1.84,0.40,0.93
2017-04-24,1.87,0.41,0.94
2017-04-25,1.91,0.44,0.96
2017-04-26,1.90,0.42,0.94
2017-04-27,1.91,0.39,0.92
2017-04-28,1.92,0.37,0.90
2017-05-01,1.92,0.41,0.96
2017-05-02,1.88,0.41,0.95
2017-05-03,1.87,0.46,0.98
2017-05-04,1.86,0.50,1.02
2017-05-05,1.86,0.50,1.01
2017-05-08,1.86,0.53,1.05
2017-05-09,1.86,0.56,1.06
2017-05-10,1.85,0.56,1.05
2017-05-11,1.88,0.51,1.02
2017-05-12,1.84,0.49,1.01
2017-05-15,1.82,0.52,1.05
2017-05-16,1.82,0.51,1.04
2017-05-17,1.78,0.44,0.97
2017-05-18,1.80,0.43,0.96
2017-05-19,1.82,0.41,0.92
2017-05-22,1.82,0.43,0.95
2017-05-23,1.83,0.46,0.96
2017-05-24,1.81,0.45,0.97
2017-05-25,1.80,0.45,0.97
2017-05-26,1.81,0.44,0.96
2017-05-29,,,
2017-05-30,1.81,0.40,0.93
2017-05-31,1.81,0.40,0.92
2017-06-01,1.81,0.40,0.92
2017-06-02,1.79,0.36,0.87
2017-06-05,1.79,0.39,0.92
2017-06-06,1.77,0.37,0.91
2017-06-07,1.78,0.40,0.93
2017-06-08,1.78,0.41,0.95
2017-06-09,1.78,0.43,0.96
2017-06-12,1.75,0.46,0.98
2017-06-13,1.75,0.46,0.96
2017-06-14,1.71,0.44,0.93
2017-06-15,1.67,0.49,0.97
2017-06-16,1.67,0.49,0.97
2017-06-19,1.67,0.52,0.97
2017-06-20,1.66,0.50,0.93
2017-06-21,1.66,0.50,0.91
2017-06-22,1.69,0.46,0.88
2017-06-23,1.70,0.45,0.87
2017-06-26,1.71,0.43,0.86
2017-06-27,1.71,0.50,0.92
2017-06-28,1.73,0.49,0.92
2017-06-29,1.72,0.55,0.96
2017-06-30,1.73,0.58,0.99
2017-07-03,1.75,0.60,1.00
2017-07-04,,,
2017-07-05,1.75,0.58,0.98
2017-07-06,1.76,0.61,1.02
2017-07-07,1.73,0.66,1.06
2017-07-10,1.72,0.66,1.07
2017-07-11,1.75,0.62,1.05
2017-07-12,1.76,0.57,1.01
2017-07-13,1.77,0.58,1.03
2017-07-14,1.76,0.57,1.03
2017-07-17,1.77,0.54,1.00
2017-07-18,1.76,0.51,0.97
2017-07-19,1.76,0.51,0.96
2017-07-20,1.77,0.50,0.98
2017-07-21,1.76,0.48,0.96
2017-07-24,1.78,0.48,0.97
2017-07-25,1.81,0.52,1.03
2017-07-26,1.80,0.49,1.00
2017-07-27,1.83,0.49,1.02
2017-07-28,1.83,0.47,0.99
2017-07-31,1.82,0.48,1.00
2017-08-01,1.79,0.47,0.98
2017-08-02,1.79,0.48,0.98
2017-08-03,1.78,0.46,0.96
2017-08-04,1.80,0.47,0.97
2017-08-07,1.80,0.46,0.96
2017-08-08,1.83,0.46,0.96
2017-08-09,1.82,0.42,0.92
2017-08-10,1.80,0.40,0.89
2017-08-11,1.79,0.40,0.91
2017-08-14,1.77,0.45,0.94
2017-08-15,1.78,0.49,0.97
2017-08-16,1.78,0.45,0.94
2017-08-17,1.77,0.42,0.92
2017-08-18,1.76,0.43,0.93
2017-08-21,1.75,0.43,0.92
2017-08-22,1.77,0.45,0.93
2017-08-23,1.75,0.42,0.91
2017-08-24,1.75,0.44,0.92
2017-08-25,1.75,0.42,0.91
2017-08-28,1.75,0.41,0.92
2017-08-29,1.74,0.39,0.90
2017-08-30,1.76,0.39,0.91
2017-08-31,1.76,0.36,0.87
2017-09-01,1.79,0.37,0.90
2017-09-04,,,
2017-09-05,1.77,0.30,0.83
2017-09-06,1.78,0.32,0.85
2017-09-07,1.79,0.26,0.80
2017-09-08,1.81,0.25,0.79
2017-09-11,1.83,0.31,0.84
2017-09-12,1.84,0.33,0.85
2017-09-13,1.85,0.35,0.87
2017-09-14,1.85,0.35,0.85
2017-09-15,1.85,0.35,0.84
2017-09-18,1.87,0.36,0.86
2017-09-19,1.87,0.37,0.87
2017-09-20,1.85,0.43,0.90
2017-09-21,1.83,0.44,0.90
2017-09-22,1.84,0.42,0.88
2017-09-25,1.84,0.38,0.85
2017-09-26,1.84,0.40,0.87
2017-09-27,1.87,0.44,0.92
2017-09-28,1.87,0.44,0.92
2017-09-29,1.84,0.49,0.94
2017-10-02,1.83,0.51,0.95
2017-10-03,1.84,0.49,0.94
2017-10-04,1.85,0.48,0.94
2017-10-05,1.86,0.49,0.95
2017-10-06,1.87,0.50,0.97
2017-10-09,,,
2017-10-10,1.88,0.47,0.94
2017-10-11,1.89,0.46,0.93
2017-10-12,1.89,0.44,0.90
2017-10-13,1.85,0.43,0.89
2017-10-16,1.84,0.46,0.89
2017-10-17,1.82,0.48,0.89
2017-10-18,1.84,0.50,0.93
2017-10-19,1.84,0.49,0.91
2017-10-20,1.87,0.52,0.95
2017-10-23,1.86,0.52,0.95
2017-10-24,1.87,0.55,0.97
2017-10-25,1.88,0.56,0.99
2017-10-26,1.89,0.57,1.00
2017-10-27,1.88,0.54,0.97
2017-10-30,1.87,0.50,0.93
2017-10-31,1.88,0.50,0.92
2017-11-01,1.88,0.49,0.91
2017-11-02,1.87,0.48,0.89
2017-11-03,1.86,0.48,0.88
2017-11-06,1.86,0.46,0.87
2017-11-07,1.88,0.44,0.84
2017-11-08,1.87,0.45,0.84
2017-11-09,1.87,0.46,0.86
2017-11-10,1.88,0.52,0.92
2017-11-13,1.88,0.52,0.91
2017-11-14,1.87,0.51,0.89
2017-11-15,1.85,0.48,0.85
2017-11-16,1.84,0.53,0.87
2017-11-17,1.86,0.49,0.85
2017-11-20,1.85,0.52,0.85
2017-11-21,1.84,0.52,0.84
2017-11-22,1.84,0.48,0.82
2017-11-23,,,
2017-11-24,1.84,0.50,0.85
2017-11-27,1.83,0.49,0.84
2017-11-28,1.84,0.50,0.85
2017-11-29,1.84,0.53,0.88
2017-11-30,1.86,0.56,0.88
2017-12-01,1.86,0.51,0.81
2017-12-04,1.87,0.50,0.80
2017-12-05,1.86,0.50,0.78
2017-12-06,1.86,0.47,0.77
2017-12-07,1.87,0.50,0.81
2017-12-08,1.88,0.50,0.81
2017-12-11,1.88,0.51,0.82
2017-12-12,1.89,0.51,0.81
2017-12-13,1.88,0.48,0.79
2017-12-14,1.87,0.48,0.77
2017-12-15,1.88,0.47,0.75
2017-12-18,1.89,0.50,0.79
2017-12-19,1.91,0.55,0.84
2017-12-20,1.92,0.57,0.89
2017-12-21,1.93,0.55,0.85
2017-12-22,1.94,0.54,0.84
2017-12-25,,,
2017-12-26,1.94,0.53,0.83
2017-12-27,1.94,0.48,0.76
2017-12-28,1.96,0.47,0.75
2017-12-29,1.96,0.44,0.73
2018-01-01,,,
2018-01-02,2.00,0.46,0.77
2018-01-03,1.98,0.46,0.76
2018-01-04,2.01,0.45,0.75
2018-01-05,2.01,0.46,0.76
2018-01-08,2.02,0.47,0.77
2018-01-09,2.03,0.52,0.82
2018-01-10,2.03,0.52,0.82
2018-01-11,2.00,0.54,0.83
2018-01-12,2.01,0.54,0.81
2018-01-15,,,
2018-01-16,2.03,0.51,0.78
2018-01-17,2.04,0.53,0.79
2018-01-18,2.05,0.57,0.81
2018-01-19,2.06,0.58,0.81
2018-01-22,2.06,0.60,0.83
2018-01-23,2.06,0.57,0.81
2018-01-24,2.07,0.58,0.82
2018-01-25,2.07,0.56,0.79
2018-01-26,2.09,0.57,0.80
2018-01-29,2.09,0.61,0.81
2018-01-30,2.10,0.63,0.84
2018-01-31,2.11,0.61,0.80
2018-02-01,2.11,0.67,0.86
2018-02-02,2.14,0.70,0.90
2018-02-05,2.10,0.67,0.89
2018-02-06,2.10,0.69,0.91
2018-02-07,2.10,0.74,0.96
2018-02-08,2.09,0.76,0.99
2018-02-09,2.05,0.78,1.01
2018-02-12,2.07,0.79,1.01
2018-02-13,2.05,0.78,0.99
2018-02-14,2.09,0.82,1.02
2018-02-15,2.11,0.79,1.02
2018-02-16,2.09,0.78,1.01
2018-02-19,,,
2018-02-20,2.10,0.78,1.01
2018-02-21,2.12,0.82,1.06
2018-02-22,2.11,0.81,1.06
2018-02-23,2.12,0.76,1.03
2018-02-26,2.13,0.73,1.01
2018-02-27,2.13,0.77,1.02
2018-02-28,2.12,0.75,0.99
2018-03-01,2.10,0.71,0.96
2018-03-02,2.12,0.74,0.98
2018-03-05,2.13,0.75,1.01
2018-03-06,2.12,0.76,1.01
2018-03-07,2.13,0.76,1.03
2018-03-08,2.11,0.75,1.00
2018-03-09,2.12,0.78,1.03
2018-03-12,2.10,0.77,1.01
2018-03-13,2.09,0.75,1.00
2018-03-14,2.07,0.74,0.97
2018-03-15,2.08,0.74,0.97
2018-03-16,2.08,0.77,1.00
2018-03-19,2.08,0.77,1.00
2018-03-20,2.08,0.81,1.03
2018-03-21,2.09,0.80,1.03
2018-03-22,2.08,0.75,0.97
2018-03-23,2.07,0.75,0.98
2018-03-26,2.08,0.77,0.99
2018-03-27,2.07,0.71,0.95
2018-03-28,2.05,0.72,0.94
2018-03-29,2.05,0.69,0.90
2018-03-30,,,
2018-04-02,2.05,0.68,0.90
2018-04-03,2.08,0.71,0.92
2018-04-04,2.08,0.71,0.93
2018-04-05,2.08,0.75,0.97
2018-04-06,2.07,0.70,0.92
2018-04-09,2.07,0.71,0.92
2018-04-10,2.08,0.72,0.92
2018-04-11,2.11,0.68,0.88
2018-04-12,2.13,0.70,0.90
2018-04-13,2.13,0.69,0.88
2018-04-16,2.12,0.71,0.89
2018-04-17,2.14,0.68,0.85
2018-04-18,2.16,0.71,0.89
2018-04-19,2.17,0.75,0.92
2018-04-20,2.17,0.79,0.96
2018-04-23,2.18,0.80,0.97
2018-04-24,2.17,0.83,1.01
2018-04-25,2.17,0.86,1.03
2018-04-26,2.18,0.82,0.99
2018-04-27,2.17,0.79,0.93
2018-04-30,2.17,0.78,0.91
2018-05-01,2.16,0.81,0.94
2018-05-02,2.17,0.80,0.95
2018-05-03,2.16,0.78,0.94
2018-05-04,2.16,0.79,0.94
2018-05-07,2.17,0.78,0.94
2018-05-08,2.16,0.81,0.96
2018-05-09,2.18,0.82,0.97
2018-05-10,2.17,0.80,0.94
2018-05-11,2.15,0.82,0.94
2018-05-14,2.15,0.85,0.97
2018-05-15,2.18,0.90,1.02
2018-05-16,2.17,0.92,1.02
2018-05-17,2.16,0.95,1.07
2018-05-18,2.15,0.91,1.04
2018-05-21,2.16,0.90,1.03
2018-05-22,2.15,0.91,1.04
2018-05-23,2.14,0.87,1.02
2018-05-24,2.12,0.86,1.00
2018-05-25,2.09,0.84,0.99
2018-05-28,,,
2018-05-29,2.04,0.73,0.89
2018-05-30,2.06,0.78,0.93
2018-05-31,2.07,0.76,0.91
2018-06-01,2.09,0.80,0.94
2018-06-04,2.12,0.82,0.96
2018-06-05,2.13,0.79,0.94
2018-06-06,2.14,0.83,0.97
2018-06-07,2.13,0.80,0.94
2018-06-08,2.11,0.82,0.96
2018-06-11,2.13,0.83,0.97
2018-06-12,2.13,0.83,0.96
2018-06-13,2.12,0.86,0.98
2018-06-14,2.12,0.82,0.94
2018-06-15,2.12,0.81,0.93
2018-06-18,2.12,0.80,0.93
2018-06-19,2.12,0.77,0.91
2018-06-20,2.12,0.81,0.95
2018-06-21,2.11,0.79,0.94
2018-06-22,2.12,0.78,0.92
2018-06-25,2.10,0.77,0.91
2018-06-26,2.12,0.76,0.90
2018-06-27,2.11,0.72,0.86
2018-06-28,2.10,0.74,0.87
2018-06-29,2.11,0.74,0.87
2018-07-02,2.14,0.73,0.85
2018-07-03,2.12,0.71,0.83
2018-07-04,,,
2018-07-05,2.13,0.71,0.82
2018-07-06,2.12,0.70,0.81
2018-07-09,2.13,0.73,0.84
2018-07-10,2.13,0.74,0.85
2018-07-11,2.11,0.74,0.83
2018-07-12,2.10,0.75,0.84
2018-07-13,2.11,0.72,0.82
2018-07-16,2.10,0.75,0.84
2018-07-17,2.09,0.77,0.86
2018-07-18,2.09,0.79,0.89
2018-07-19,2.09,0.75,0.87
2018-07-20,2.11,0.78,0.92
2018-07-23,2.11,0.85,0.98
2018-07-24,2.11,0.84,0.96
2018-07-25,2.13,0.81,0.94
2018-07-26,2.11,0.87,0.97
2018-07-27,2.12,0.84,0.95
2018-07-30,2.13,0.85,0.96
2018-07-31,2.12,0.84,0.94
2018-08-01,2.13,0.87,0.97
2018-08-02,2.12,0.86,0.97
2018-08-03,2.12,0.83,0.95
2018-08-06,2.11,0.83,0.96
2018-08-07,2.13,0.85,0.99
2018-08-08,2.11,0.85,0.98
2018-08-09,2.11,0.82,0.95
2018-08-10,2.09,0.78,0.92
2018-08-13,2.10,0.78,0.93
2018-08-14,2.09,0.80,0.95
2018-08-15,2.08,0.78,0.93
2018-08-16,2.08,0.79,0.92
2018-08-17,2.08,0.79,0.92
2018-08-20,2.07,0.75,0.89
2018-08-21,2.08,0.77,0.90
2018-08-22,2.08,0.74,0.89
2018-08-23,2.09,0.73,0.87
2018-08-24,2.09,0.73,0.86
2018-08-27,2.11,0.74,0.88
2018-08-28,2.11,0.77,0.91
2018-08-29,2.12,0.77,0.90
2018-08-30,2.10,0.76,0.88
2018-08-31,2.08,0.78,0.91
2018-09-03,,,
2018-09-04,2.10,0.80,0.94
2018-09-05,2.09,0.81,0.95
2018-09-06,2.08,0.80,0.94
2018-09-07,2.10,0.84,0.97
2018-09-10,2.10,0.84,0.96
2018-09-11,2.12,0.86,0.99
2018-09-12,2.12,0.85,0.97
2018-09-13,2.10,0.87,0.98
2018-09-14,2.10,0.89,1.00
2018-09-17,2.10,0.89,1.01
2018-09-18,2.13,0.92,1.05
2018-09-19,2.15,0.93,1.06
2018-09-20,2.15,0.92,1.04
2018-09-21,2.15,0.92,1.03
2018-09-24,2.16,0.92,1.04
2018-09-25,2.16,0.94,1.05
2018-09-26,2.14,0.92,1.03
2018-09-27,2.15,0.91,1.03
2018-09-28,2.14,0.91,1.04
2018-10-01,2.14,0.95,1.09
2018-10-02,2.12,0.93,1.07
2018-10-03,2.16,0.99,1.13
2018-10-04,2.16,1.03,1.18
2018-10-05,2.16,1.07,1.23
2018-10-08,,,
2018-10-09,2.17,1.04,1.19
2018-10-10,2.16,1.06,1.23
2018-10-11,2.12,1.02,1.18
2018-10-12,2.12,1.03,1.18
2018-10-15,2.13,1.03,1.19
2018-10-16,2.13,1.03,1.19
2018-10-17,2.13,1.06,1.21
2018-10-18,2.10,1.07,1.24
2018-10-19,2.11,1.09,1.26
2018-10-22,2.11,1.09,1.26
2018-10-23,2.09,1.08,1.26
2018-10-24,2.07,1.03,1.24
2018-10-25,2.05,1.09,1.28
2018-10-26,2.06,1.02,1.23
2018-10-29,2.06,1.02,1.25
2018-10-30,2.05,1.07,1.28
2018-10-31,2.05,1.10,1.31
2018-11-01,2.02,1.12,1.32
2018-11-02,2.06,1.16,1.37
2018-11-05,2.06,1.14,1.33
2018-11-06,2.07,1.15,1.32
2018-11-07,2.07,1.15,1.32
2018-11-08,2.07,1.17,1.32
2018-11-09,2.04,1.15,1.31
2018-11-12,,,
2018-11-13,2.02,1.12,1.29
2018-11-14,2.00,1.12,1.30
2018-11-15,2.00,1.11,1.30
2018-11-16,2.02,1.06,1.25
2018-11-19,1.99,1.07,1.26
2018-11-20,1.97,1.09,1.28
2018-11-21,1.97,1.09,1.28
2018-11-22,,,
2018-11-23,1.96,1.09,1.29
2018-11-26,1.96,1.11,1.30
2018-11-27,1.91,1.15,1.34
2018-11-28,1.94,1.12,1.34
2018-11-29,1.98,1.05,1.28
2018-11-30,1.97,1.04,1.26
2018-12-03,1.96,1.02,1.23
2018-12-04,1.94,0.97,1.16
2018-12-05,,,
2018-12-06,1.90,0.97,1.15
2018-12-07,1.89,0.96,1.17
2018-12-10,1.86,0.99,1.19
2018-12-11,1.83,1.06,1.22
2018-12-12,1.83,1.08,1.24
2018-12-13,1.83,1.08,1.25
2018-12-14,1.82,1.07,1.23
2018-12-17,1.81,1.05,1.22
2018-12-18,1.81,1.01,1.17
2018-12-19,1.80,0.97,1.11
2018-12-20,1.76,1.03,1.16
2018-12-21,1.77,1.02,1.17
2018-12-24,1.75,0.99,1.15
2018-12-25,,,
2018-12-26,1.77,1.04,1.21
2018-12-27,1.74,1.03,1.22
2018-12-28,1.73,0.99,1.21
2018-12-31,1.71,0.98,1.21
2019-01-01,,,
2019-01-02,1.70,0.96,1.19
2019-01-03,1.68,0.88,1.14
2019-01-04,1.76,0.91,1.17
2019-01-07,1.78,0.92,1.18
2019-01-08,1.82,0.91,1.15
2019-01-09,1.83,0.91,1.16
2019-01-10,1.81,0.93,1.20
2019-01-11,1.83,0.88,1.18
2019-01-14,1.81,0.90,1.20
2019-01-15,1.81,0.91,1.21
2019-01-16,1.82,0.91,1.20
2019-01-17,1.79,0.96,1.21
2019-01-18,1.83,0.96,1.21
2019-01-21,,,
2019-01-22,1.79,0.95,1.20
2019-01-23,1.80,0.96,1.21
2019-01-24,1.77,0.95,1.20
2019-01-25,1.79,0.97,1.22
2019-01-28,1.78,0.97,1.23
2019-01-29,1.78,0.94,1.20
2019-01-30,1.84,0.86,1.17
2019-01-31,1.85,0.78,1.08
2019-02-01,1.88,0.82,1.11
2019-02-04,1.87,0.86,1.14
2019-02-05,1.87,0.84,1.11
2019-02-06,1.86,0.84,1.13
2019-02-07,1.84,0.81,1.11
2019-02-08,1.82,0.81,1.10
2019-02-11,1.82,0.83,1.13
2019-02-12,1.83,0.85,1.14
2019-02-13,1.86,0.85,1.14
2019-02-14,1.85,0.81,1.12
2019-02-15,1.86,0.80,1.10
2019-02-18,,,
2019-02-19,1.87,0.78,1.08
2019-02-20,1.89,0.76,1.07
2019-02-21,1.91,0.78,1.10
2019-02-22,1.91,0.74,1.06
2019-02-25,1.92,0.75,1.06
2019-02-26,1.92,0.72,1.05
2019-02-27,1.93,0.76,1.10
2019-02-28,1.95,0.78,1.11
2019-03-01,1.96,0.80,1.13
2019-03-04,1.94,0.78,1.11
2019-03-05,1.93,0.79,1.11
2019-03-06,1.91,0.78,1.11
2019-03-07,1.90,0.74,1.08
2019-03-08,1.90,0.72,1.06
2019-03-11,1.91,0.73,1.09
2019-03-12,1.90,0.71,1.06
2019-03-13,1.92,0.69,1.05
2019-03-14,1.94,0.69,1.06
2019-03-15,1.94,0.65,1.03
2019-03-18,1.96,0.64,1.02
2019-03-19,1.95,0.66,1.03
2019-03-20,1.96,0.58,0.97
2019-03-21,1.96,0.58,0.96
2019-03-22,1.90,0.54,0.91
2019-03-25,1.88,0.55,0.93
2019-03-26,1.86,0.55,0.94
2019-03-27,1.84,0.55,0.94
2019-03-28,1.83,0.56,0.93
2019-03-29,1.88,0.53,0.89
2019-04-01,1.90,0.59,0.95
2019-04-02,1.90,0.58,0.94
2019-04-03,1.91,0.61,0.99
2019-04-04,1.90,0.61,0.99
2019-04-05,1.90,0.60,0.97
2019-04-08,1.91,0.61,0.98
2019-04-09,1.91,0.60,0.98
2019-04-10,1.94,0.54,0.94
2019-04-11,1.94,0.57,0.98
2019-04-12,1.95,0.61,0.99
2019-04-15,1.94,0.61,0.99
2019-04-16,1.96,0.64,1.01
2019-04-17,1.94,0.65,1.02
2019-04-18,1.95,0.62,0.98
2019-04-19,,,
2019-04-22,1.95,0.64,1.01
2019-04-23,1.95,0.62,0.99
2019-04-24,1.96,0.57,0.95
2019-04-25,1.98,0.56,0.93
2019-04-26,1.97,0.54,0.92
2019-04-29,1.96,0.58,0.96
2019-04-30,1.95,0.56,0.94
2019-05-01,1.93,0.59,0.95
2019-05-02,1.89,0.66,1.00
2019-05-03,1.91,0.63,0.97
2019-05-06,1.91,0.60,0.96
2019-05-07,1.87,0.58,0.94
2019-05-08,1.87,0.62,0.99
2019-05-09,1.85,0.60,0.96
2019-05-10,1.88,0.59,0.95
2019-05-13,1.85,0.55,0.92
2019-05-14,1.86,0.56,0.93
2019-05-15,1.83,0.54,0.92
2019-05-16,1.84,0.56,0.94
2019-05-17,1.81,0.58,0.94
2019-05-20,1.81,0.60,0.95
2019-05-21,1.83,0.60,0.94
2019-05-22,1.79,0.60,0.94
2019-05-23,1.73,0.58,0.91
2019-05-24,1.76,0.56,0.89
2019-05-27,,,
2019-05-28,1.73,0.53,0.87
2019-05-29,1.75,0.50,0.84
2019-05-30,1.74,0.48,0.81
2019-05-31,1.74,0.40,0.74
2019-06-03,1.73,0.34,0.72
2019-06-04,1.74,0.38,0.77
2019-06-05,1.75,0.37,0.78
2019-06-06,1.73,0.39,0.80
2019-06-07,1.74,0.35,0.76
2019-06-10,1.73,0.42,0.82
2019-06-11,1.72,0.43,0.82
2019-06-12,1.71,0.42,0.83
2019-06-13,1.68,0.42,0.84
2019-06-14,1.63,0.46,0.87
2019-06-17,1.61,0.48,0.87
2019-06-18,1.64,0.42,0.82
2019-06-19,1.67,0.36,0.77
2019-06-20,1.74,0.27,0.72
2019-06-21,1.73,0.34,0.79
2019-06-24,1.71,0.31,0.76
2019-06-25,1.67,0.33,0.78
2019-06-26,1.70,0.35,0.79
2019-06-27,1.68,0.33,0.77
2019-06-28,1.69,0.31,0.78
2019-07-01,1.69,0.34,0.81
2019-07-02,1.65,0.33,0.79
2019-07-03,1.65,0.31,0.76
2019-07-04,,,
2019-07-05,1.69,0.35,0.78
2019-07-08,1.70,0.35,0.76
2019-07-09,1.71,0.36,0.75
2019-07-10,1.74,0.33,0.76
2019-07-11,1.77,0.36,0.81
2019-07-12,1.77,0.35,0.80
2019-07-15,1.77,0.32,0.77
2019-07-16,1.80,0.33,0.78
2019-07-17,1.75,0.31,0.75
2019-07-18,1.79,0.25,0.74
2019-07-19,1.80,0.25,0.75
2019-07-22,1.79,0.26,0.75
2019-07-23,1.81,0.27,0.76
2019-07-24,1.79,0.26,0.75
2019-07-25,1.80,0.28,0.76
2019-07-26,1.78,0.30,0.78
2019-07-29,1.77,0.29,0.78
2019-07-30,1.78,0.28,0.77
2019-07-31,1.76,0.26,0.72
2019-08-01,1.70,0.20,0.71
2019-08-02,1.66,0.20,0.69
2019-08-05,1.60,0.15,0.65
2019-08-06,1.62,0.11,0.60
2019-08-07,1.62,0.09,0.56
2019-08-08,1.65,0.07,0.54
2019-08-09,1.66,0.08,0.55
2019-08-12,1.61,0.04,0.47
2019-08-13,1.63,0.05,0.49
2019-08-14,1.57,0.02,0.44
2019-08-15,1.54,-0.02,0.41
2019-08-16,1.54,0.01,0.44
2019-08-19,1.56,0.04,0.49
2019-08-20,1.53,0.02,0.48
2019-08-21,1.54,0.05,0.50
2019-08-22,1.55,0.07,0.51
2019-08-23,1.54,-0.02,0.42
2019-08-26,1.54,0.00,0.44
2019-08-27,1.55,-0.06,0.36
2019-08-28,1.55,-0.08,0.32
2019-08-29,1.59,-0.09,0.31
2019-08-30,1.55,-0.05,0.35
2019-09-02,,,
2019-09-03,1.50,-0.03,0.37
2019-09-04,1.51,-0.04,0.39
2019-09-05,1.56,0.01,0.43
2019-09-06,1.54,0.01,0.41
2019-09-09,1.57,0.06,0.47
2019-09-10,1.60,0.12,0.54
2019-09-11,1.60,0.15,0.56
2019-09-12,1.63,0.16,0.58
2019-09-13,1.67,0.23,0.65
2019-09-16,1.67,0.17,0.59
2019-09-17,1.66,0.15,0.56
2019-09-18,1.59,0.21,0.59
2019-09-19,1.61,0.18,0.57
2019-09-20,1.61,0.13,0.50
2019-09-23,1.61,0.11,0.49
2019-09-24,1.58,0.06,0.45
2019-09-25,1.60,0.13,0.52
2019-09-26,1.57,0.13,0.51
2019-09-27,1.53,0.16,0.53
2019-09-30,1.53,0.15,0.53
2019-10-01,1.52,0.13,0.52
2019-10-02,1.50,0.10,0.51
2019-10-03,1.48,0.06,0.48
2019-10-04,1.50,0.02,0.43
2019-10-07,1.51,0.05,0.46
2019-10-08,1.48,0.06,0.48
2019-10-09,1.49,0.10,0.52
2019-10-10,1.52,0.15,0.57
2019-10-11,1.56,0.20,0.59
2019-10-14,,,
2019-10-15,1.56,0.21,0.59
2019-10-16,1.57,0.18,0.60
2019-10-17,1.59,0.17,0.59
2019-10-18,1.60,0.16,0.58
2019-10-21,1.61,0.19,0.60
2019-10-22,1.61,0.17,0.58
2019-10-23,1.61,0.16,0.56
2019-10-24,1.62,0.15,0.56
2019-10-25,1.65,0.15,0.56
2019-10-28,1.64,0.21,0.61
2019-10-29,1.61,0.23,0.64
2019-10-30,1.57,0.21,0.60
2019-10-31,1.54,0.15,0.55
2019-11-01,1.59,0.14,0.54
2019-11-04,1.64,0.15,0.56
2019-11-05,1.68,0.18,0.58
2019-11-06,1.66,0.15,0.54
2019-11-07,1.69,0.23,0.61
2019-11-08,1.71,0.23,0.63
2019-11-11,,,
2019-11-12,1.70,0.22,0.61
2019-11-13,1.66,0.22,0.60
2019-11-14,1.62,0.20,0.58
2019-11-15,1.63,0.21,0.59
2019-11-18,1.63,0.18,0.57
2019-11-19,1.63,0.16,0.53
2019-11-20,1.60,0.13,0.49
2019-11-21,1.63,0.14,0.51
2019-11-22,1.62,0.15,0.49
2019-11-25,1.62,0.14,0.47
2019-11-26,1.62,0.12,0.44
2019-11-27,1.63,0.14,0.47
2019-11-28,,,
2019-11-29,1.61,0.17,0.50
2019-12-02,1.65,0.18,0.54
2019-12-03,1.63,0.09,0.44
2019-12-04,1.66,0.11,0.47
2019-12-05,1.67,0.13,0.49
2019-12-06,1.69,0.15,0.51
2019-12-09,1.69,0.14,0.51
2019-12-10,1.71,0.14,0.50
2019-12-11,1.69,0.10,0.47
2019-12-12,1.72,0.18,0.53
2019-12-13,1.70,0.12,0.50
2019-12-16,1.73,0.16,0.52
2019-12-17,1.75,0.14,0.52
2019-12-18,1.76,0.16,0.54
2019-12-19,1.77,0.15,0.52
2019-12-20,1.77,0.15,0.52
2019-12-23,1.75,0.18,0.55
2019-12-24,1.75,0.15,0.53
2019-12-25,,,
2019-12-26,1.74,0.16,0.54
2019-12-27,1.73,0.15,0.54
2019-12-30,1.75,0.15,0.55
2019-12-31,1.77,0.15,0.58
2020-01-01,,,
2020-01-02,1.80,0.08,0.50
2020-01-03,1.77,0.03,0.45
2020-01-06,1.75,0.06,0.48
2020-01-07,1.74,0.09,0.52
2020-01-08,1.75,0.12,0.54
2020-01-09,1.74,0.11,0.52
2020-01-10,1.76,0.07,0.47
2020-01-13,1.77,0.08,0.48
2020-01-14,1.77,0.05,0.46
2020-01-15,1.75,0.04,0.44
2020-01-16,1.74,0.07,0.46
2020-01-17,1.75,0.09,0.49
2020-01-20,,,
2020-01-21,1.74,0.04,0.44
2020-01-22,1.72,0.05,0.44
2020-01-23,1.70,0.04,0.41
2020-01-24,1.68,0.02,0.38
2020-01-27,1.63,-0.02,0.33
2020-01-28,1.65,0.00,0.36
2020-01-29,1.64,-0.04,0.32
2020-01-30,1.64,-0.07,0.30
2020-01-31,1.65,-0.14,0.26
2020-02-03,1.63,-0.09,0.30
2020-02-04,1.64,-0.03,0.36
2020-02-05,1.66,0.00,0.40
2020-02-06,1.67,-0.02,0.36
2020-02-07,1.66,-0.07,0.31
2020-02-10,1.66,-0.10,0.30
2020-02-11,1.65,-0.06,0.34
2020-02-12,1.66,-0.04,0.36
2020-02-13,1.67,-0.06,0.33
2020-02-14,1.66,-0.07,0.32
2020-02-17,,,
2020-02-18,1.65,-0.10,0.28
2020-02-19,1.65,-0.09,0.29
2020-02-20,1.63,-0.11,0.26
2020-02-21,1.61,-0.15,0.22
2020-02-24,1.59,-0.21,0.19
2020-02-25,1.53,-0.20,0.19
2020-02-26,1.54,-0.21,0.20
2020-02-27,1.53,-0.23,0.19
2020-02-28,1.41,-0.28,0.24
2020-03-02,1.41,-0.31,0.11
2020-03-03,1.45,-0.43,0.05
2020-03-04,1.46,-0.44,0.04
2020-03-05,1.40,-0.48,-0.01
2020-03-06,1.31,-0.57,-0.22
2020-03-09,0.99,-0.45,-0.20
2020-03-10,1.00,-0.24,0.06
2020-03-11,0.96,-0.14,0.13
2020-03-12,0.92,-0.04,0.30
2020-03-13,0.90,0.04,0.39
2020-03-16,0.73,0.00,0.31
2020-03-17,0.63,0.39,0.67
2020-03-18,0.63,0.55,0.75
2020-03-19,0.50,0.62,0.78
2020-03-20,0.75,0.17,0.34
2020-03-23,0.80,-0.04,-0.01
2020-03-24,0.97,-0.13,-0.07
2020-03-25,1.07,-0.19,0.00
2020-03-26,1.07,-0.24,-0.05
2020-03-27,0.94,-0.22,-0.03
2020-03-30,0.95,-0.25,0.04
2020-03-31,0.87,-0.17,0.16
2020-04-01,0.91,-0.29,0.07
2020-04-02,1.03,-0.40,-0.03
2020-04-03,1.08,-0.46,-0.08
2020-04-06,1.14,-0.47,-0.09
2020-04-07,1.17,-0.42,-0.06
2020-04-08,1.19,-0.42,-0.04
2020-04-09,1.23,-0.50,-0.12
2020-04-10,,,
2020-04-13,1.26,-0.50,-0.13
2020-04-14,1.29,-0.53,-0.14
2020-04-15,1.19,-0.56,-0.19
2020-04-16,1.03,-0.42,-0.09
2020-04-17,1.01,-0.36,-0.02
2020-04-20,0.94,-0.31,-0.04
2020-04-21,0.96,-0.38,-0.14
2020-04-22,1.06,-0.43,-0.17
2020-04-23,1.05,-0.44,-0.20
2020-04-24,1.11,-0.51,-0.26
2020-04-27,1.17,-0.50,-0.24
2020-04-28,1.14,-0.52,-0.26
2020-04-29,1.14,-0.51,-0.22
2020-04-30,1.07,-0.43,-0.12
2020-05-01,1.06,-0.42,-0.12
2020-05-04,1.07,-0.43,-0.12
2020-05-05,1.10,-0.44,-0.12
2020-05-06,1.10,-0.38,-0.04
2020-05-07,1.08,-0.45,-0.11
2020-05-08,1.12,-0.43,-0.07
2020-05-11,1.13,-0.40,-0.05
2020-05-12,1.09,-0.40,-0.05
2020-05-13,1.07,-0.43,-0.08
2020-05-14,1.06,-0.43,-0.09
2020-05-15,1.09,-0.45,-0.11
2020-05-18,1.17,-0.44,-0.07
2020-05-19,1.15,-0.45,-0.06
2020-05-20,1.16,-0.48,-0.10
2020-05-21,1.14,-0.46,-0.08
2020-05-22,1.12,-0.46,-0.08
2020-05-25,,,
2020-05-26,1.13,-0.44,-0.03
2020-05-27,1.14,-0.46,-0.03
2020-05-28,1.18,-0.48,-0.05
2020-05-29,1.15,-0.50,-0.07
2020-06-01,1.18,-0.52,-0.06
2020-06-02,1.18,-0.50,-0.03
2020-06-03,1.21,-0.44,0.02
2020-06-04,1.22,-0.40,0.06
2020-06-05,1.27,-0.36,0.10
2020-06-08,1.28,-0.40,0.08
2020-06-09,1.26,-0.42,0.05
2020-06-10,1.27,-0.52,-0.03
2020-06-11,1.21,-0.55,-0.10
2020-06-12,1.21,-0.50,-0.04
2020-06-15,1.23,-0.52,-0.05
2020-06-16,1.27,-0.52,-0.01
2020-06-17,1.26,-0.52,-0.01
2020-06-18,1.28,-0.57,-0.07
2020-06-19,1.30,-0.60,-0.09
2020-06-22,1.34,-0.63,-0.12
2020-06-23,1.38,-0.66,-0.14
2020-06-24,1.33,-0.64,-0.14
2020-06-25,1.33,-0.65,-0.16
2020-06-26,1.32,-0.68,-0.20
2020-06-29,1.34,-0.70,-0.18
2020-06-30,1.34,-0.68,-0.15
2020-07-01,1.37,-0.68,-0.15
2020-07-02,1.41,-0.73,-0.18
2020-07-03,,,
2020-07-06,1.45,-0.76,-0.20
2020-07-07,1.43,-0.78,-0.23
2020-07-08,1.42,-0.75,-0.19
2020-07-09,1.39,-0.77,-0.24
2020-07-10,1.41,-0.76,-0.22
2020-07-13,1.42,-0.78,-0.24
2020-07-14,1.41,-0.78,-0.25
2020-07-15,1.41,-0.77,-0.24
2020-07-16,1.41,-0.79,-0.27
2020-07-17,1.46,-0.82,-0.28
2020-07-20,1.46,-0.84,-0.30
2020-07-21,1.48,-0.87,-0.32
2020-07-22,1.48,-0.88,-0.32
2020-07-23,1.49,-0.90,-0.34
2020-07-24,1.51,-0.92,-0.37
2020-07-27,1.52,-0.90,-0.36
2020-07-28,1.51,-0.92,-0.39
2020-07-29,1.53,-0.95,-0.40
2020-07-30,1.52,-0.97,-0.42
2020-07-31,1.55,-1.00,-0.45
2020-08-03,1.58,-1.02,-0.44
2020-08-04,1.57,-1.05,-0.46
2020-08-05,1.61,-1.06,-0.45
2020-08-06,1.63,-1.08,-0.45
2020-08-07,1.61,-1.04,-0.41
2020-08-10,1.61,-1.02,-0.41
2020-08-11,1.63,-0.99,-0.37
2020-08-12,1.67,-0.98,-0.35
2020-08-13,1.67,-0.96,-0.30
2020-08-14,1.65,-0.94,-0.26
2020-08-17,1.66,-0.97,-0.28
2020-08-18,1.68,-1.01,-0.35
2020-08-19,1.67,-0.99,-0.33
2020-08-20,1.62,-0.97,-0.26
2020-08-21,1.64,-1.00,-0.34
2020-08-24,1.67,-1.02,-0.36
2020-08-25,1.70,-1.01,-0.34
2020-08-26,1.72,-1.03,-0.35
2020-08-27,1.73,-0.99,-0.26
2020-08-28,1.77,-1.03,-0.28
2020-08-31,1.80,-1.08,-0.35
2020-09-01,1.76,-1.08,-0.39
2020-09-02,1.73,-1.07,-0.40
2020-09-03,1.65,-1.02,-0.39
2020-09-04,1.70,-0.98,-0.33
2020-09-07,,,
2020-09-08,1.68,-0.99,-0.35
2020-09-09,1.71,-1.00,-0.34
2020-09-10,1.69,-1.01,-0.36
2020-09-11,1.65,-0.98,-0.33
2020-09-14,1.65,-0.97,-0.32
2020-09-15,1.67,-0.99,-0.34
2020-09-16,1.68,-0.99,-0.32
2020-09-17,1.66,-0.97,-0.32
2020-09-18,1.67,-0.97,-0.31
2020-09-21,1.62,-0.94,-0.30
2020-09-22,1.62,-0.94,-0.30
2020-09-23,1.60,-0.92,-0.31
2020-09-24,1.58,-0.91,-0.33
2020-09-25,1.58,-0.92,-0.34
2020-09-28,1.61,-0.94,-0.34
2020-09-29,1.64,-0.98,-0.36
2020-09-30,1.63,-0.94,-0.32
2020-10-01,1.63,-0.95,-0.34
2020-10-02,1.64,-0.94,-0.33
2020-10-05,1.68,-0.90,-0.27
2020-10-06,1.66,-0.90,-0.26
2020-10-07,1.71,-0.90,-0.24
2020-10-08,1.72,-0.94,-0.29
2020-10-09,1.73,-0.94,-0.29
2020-10-12,,,
2020-10-13,1.70,-0.96,-0.33
2020-10-14,1.69,-0.96,-0.33
2020-10-15,1.69,-0.95,-0.33
2020-10-16,1.71,-0.95,-0.33
2020-10-19,1.71,-0.93,-0.30
2020-10-20,1.72,-0.91,-0.26
2020-10-21,1.74,-0.91,-0.26
2020-10-22,1.76,-0.89,-0.23
2020-10-23,1.75,-0.90,-0.25
2020-10-26,1.72,-0.91,-0.28
2020-10-27,1.71,-0.92,-0.30
2020-10-28,1.70,-0.91,-0.29
2020-10-29,1.71,-0.86,-0.26
2020-10-30,1.70,-0.82,-0.23
2020-11-02,1.71,-0.84,-0.26
2020-11-03,1.72,-0.82,-0.24
2020-11-04,1.64,-0.86,-0.27
2020-11-05,1.66,-0.87,-0.29
2020-11-06,1.65,-0.82,-0.24
2020-11-09,1.73,-0.77,-0.15
2020-11-10,1.76,-0.78,-0.17
2020-11-11,,,
2020-11-12,1.71,-0.83,-0.24
2020-11-13,1.72,-0.83,-0.24
2020-11-16,1.72,-0.81,-0.22
2020-11-17,1.70,-0.83,-0.25
2020-11-18,1.70,-0.82,-0.24
2020-11-19,1.70,-0.84,-0.27
2020-11-20,1.69,-0.86,-0.31
2020-11-23,1.71,-0.85,-0.30
2020-11-24,1.74,-0.86,-0.29
2020-11-25,1.75,-0.87,-0.29
2020-11-26,,,
2020-11-27,1.75,-0.91,-0.33
2020-11-30,1.77,-0.93,-0.35
2020-12-01,1.81,-0.89,-0.30
2020-12-02,1.85,-0.90,-0.29
2020-12-03,1.86,-0.94,-0.32
2020-12-04,1.89,-0.92,-0.28
2020-12-07,1.88,-0.94,-0.30
2020-12-08,1.89,-0.97,-0.32
2020-12-09,1.91,-0.96,-0.32
2020-12-10,1.88,-0.96,-0.35
2020-12-11,1.87,-0.97,-0.34
2020-12-14,1.88,-0.98,-0.34
2020-12-15,1.91,-0.99,-0.35
2020-12-16,1.92,-1.00,-0.33
2020-12-17,1.94,-1.00,-0.33
2020-12-18,1.95,-1.00,-0.32
2020-12-21,1.95,-1.00,-0.32
2020-12-22,1.94,-1.01,-0.33
2020-12-23,1.97,-1.01,-0.32
2020-12-24,1.97,-1.03,-0.35
2020-12-25,,,
2020-12-28,1.97,-1.03,-0.35
2020-12-29,1.96,-1.02,-0.34
2020-12-30,1.96,-1.03,-0.35
2020-12-31,1.99,-1.06,-0.37
2021-01-01,,,
2021-01-04,2.01,-1.08,-0.39
2021-01-05,2.03,-1.07,-0.36
2021-01-06,2.06,-1.02,-0.30
2021-01-07,2.09,-1.01,-0.28
2021-01-08,2.06,-0.93,-0.21
2021-01-11,2.06,-0.91,-0.20
2021-01-12,2.08,-0.93,-0.22
2021-01-13,2.06,-0.96,-0.28
2021-01-14,2.09,-0.94,-0.24
2021-01-15,2.10,-0.99,-0.26
2021-01-18,,,
2021-01-19,2.10,-1.00,-0.29
2021-01-20,2.12,-1.02,-0.30
2021-01-21,2.10,-0.98,-0.30
2021-01-22,2.09,-0.99,-0.30
2021-01-25,2.08,-1.03,-0.32
2021-01-26,2.08,-1.03,-0.29
2021-01-27,2.08,-1.04,-0.28
2021-01-28,2.13,-1.06,-0.31
2021-01-29,2.13,-1.02,-0.27
2021-02-01,2.11,-1.02,-0.27
2021-02-02,2.15,-1.03,-0.27
2021-02-03,2.19,-1.04,-0.25
2021-02-04,2.17,-1.02,-0.24
2021-02-05,2.21,-1.02,-0.20
2021-02-08,2.22,-1.03,-0.22
2021-02-09,2.22,-1.04,-0.22
2021-02-10,2.21,-1.06,-0.24
2021-02-11,2.20,-1.04,-0.20
2021-02-12,2.21,-1.01,-0.16
2021-02-15,,,
2021-02-16,2.24,-0.94,-0.11
2021-02-17,2.21,-0.92,-0.11
2021-02-18,2.16,-0.87,-0.04
2021-02-19,2.14,-0.80,0.03
2021-02-22,2.16,-0.79,0.06
2021-02-23,2.16,-0.79,0.08
2021-02-24,2.17,-0.79,0.11
2021-02-25,2.14,-0.60,0.22
2021-02-26,2.15,-0.71,0.06
2021-03-01,2.16,-0.71,0.12
2021-03-02,2.20,-0.78,0.08
2021-03-03,2.21,-0.74,0.10
2021-03-04,2.20,-0.66,0.15
2021-03-05,2.22,-0.66,0.12
2021-03-08,2.21,-0.62,0.15
2021-03-09,2.21,-0.66,0.10
2021-03-10,2.26,-0.73,0.05
2021-03-11,2.28,-0.74,0.08
2021-03-12,2.26,-0.62,0.21
2021-03-15,2.27,-0.65,0.16
2021-03-16,2.30,-0.68,0.14
2021-03-17,2.30,-0.67,0.17
2021-03-18,2.27,-0.56,0.21
2021-03-19,2.31,-0.57,0.18
2021-03-22,2.33,-0.64,0.08
2021-03-23,2.29,-0.66,0.05
2021-03-24,2.31,-0.69,0.03
2021-03-25,2.32,-0.69,0.05
2021-03-26,2.34,-0.67,0.06
2021-03-29,2.36,-0.63,0.10
2021-03-30,2.35,-0.62,0.09
2021-03-31,2.37,-0.63,0.11
2021-04-01,2.35,-0.66,0.07
2021-04-02,2.36,-0.64,0.07
2021-04-05,2.35,-0.62,0.10
2021-04-06,2.32,-0.65,0.10
2021-04-07,2.34,-0.66,0.12
2021-04-08,2.33,-0.69,0.10
2021-04-09,2.31,-0.64,0.14
2021-04-12,2.33,-0.64,0.13
2021-04-13,2.33,-0.69,0.09
2021-04-14,2.33,-0.69,0.10
2021-04-15,2.33,-0.77,0.01
2021-04-16,2.36,-0.77,0.01
2021-04-19,2.34,-0.73,0.05
2021-04-20,2.32,-0.74,0.04
2021-04-21,2.33,-0.76,0.02
2021-04-22,2.33,-0.76,0.00
2021-04-23,2.34,-0.76,0.00
2021-04-26,2.36,-0.78,-0.02
2021-04-27,2.39,-0.76,-0.01
2021-04-28,2.41,-0.78,-0.02
2021-04-29,2.42,-0.77,0.01
2021-04-30,2.41,-0.76,0.02
2021-05-03,2.42,-0.79,0.02
2021-05-04,2.42,-0.81,0.00
2021-05-05,2.47,-0.88,-0.05
2021-05-06,2.45,-0.87,-0.03
2021-05-07,2.49,-0.89,-0.03
2021-05-10,2.54,-0.91,-0.03
2021-05-11,2.53,-0.89,0.00
2021-05-12,2.54,-0.85,0.04
2021-05-13,2.51,-0.85,0.03
2021-05-14,2.51,-0.88,-0.02
2021-05-17,2.54,-0.90,-0.02
2021-05-18,2.52,-0.88,0.00
2021-05-19,2.48,-0.80,0.04
2021-05-20,2.41,-0.78,0.04
2021-05-21,2.43,-0.80,0.03
2021-05-24,2.44,-0.83,0.00
2021-05-25,2.42,-0.86,-0.05
2021-05-26,2.40,-0.82,-0.03
2021-05-27,2.42,-0.81,-0.02
2021-05-28,2.42,-0.84,-0.06
2021-05-31,,,
2021-06-01,2.46,-0.84,-0.05
2021-06-02,2.44,-0.85,-0.05
2021-06-03,2.42,-0.79,-0.03
2021-06-04,2.40,-0.84,-0.08
2021-06-07,2.39,-0.82,-0.06
2021-06-08,2.36,-0.83,-0.09
2021-06-09,2.32,-0.82,-0.11
2021-06-10,2.35,-0.90,-0.16
2021-06-11,2.32,-0.85,-0.14
2021-06-14,2.36,-0.85,-0.15
2021-06-15,2.38,-0.87,-0.15
2021-06-16,2.32,-0.75,-0.11
2021-06-17,2.27,-0.75,-0.15
2021-06-18,2.24,-0.79,-0.21
2021-06-21,2.25,-0.75,-0.12
2021-06-22,2.31,-0.83,-0.17
2021-06-23,2.34,-0.84,-0.16
2021-06-24,2.30,-0.81,-0.16
2021-06-25,2.34,-0.80,-0.13
2021-06-28,2.33,-0.84,-0.19
2021-06-29,2.32,-0.83,-0.17
2021-06-30,2.32,-0.87,-0.20
2021-07-01,2.35,-0.87,-0.21
2021-07-02,2.33,-0.89,-0.22
2021-07-05,,,
2021-07-06,2.31,-0.94,-0.26
2021-07-07,2.28,-0.95,-0.28
2021-07-08,2.22,-0.92,-0.25
2021-07-09,2.28,-0.91,-0.23
2021-07-12,2.33,-0.95,-0.25
2021-07-13,2.36,-0.94,-0.23
2021-07-14,2.34,-0.97,-0.25
2021-07-15,2.32,-1.01,-0.29
2021-07-16,2.33,-1.02,-0.29
2021-07-19,2.24,-1.05,-0.34
2021-07-20,2.26,-1.03,-0.29
2021-07-21,2.28,-0.98,-0.26
2021-07-22,2.28,-1.01,-0.29
2021-07-23,2.35,-1.05,-0.31
2021-07-26,2.40,-1.11,-0.36
2021-07-27,2.38,-1.13,-0.36
2021-07-28,2.41,-1.15,-0.36
2021-07-29,2.43,-1.15,-0.36
2021-07-30,2.40,-1.16,-0.35
2021-08-02,2.37,-1.17,-0.36
2021-08-03,2.38,-1.19,-0.37
2021-08-04,2.35,-1.16,-0.37
2021-08-05,2.33,-1.10,-0.34
2021-08-06,2.37,-1.06,-0.30
2021-08-09,2.37,-1.04,-0.28
2021-08-10,2.40,-1.04,-0.28
2021-08-11,2.42,-1.07,-0.28
2021-08-12,2.41,-1.05,-0.26
2021-08-13,2.37,-1.08,-0.30
2021-08-16,2.36,-1.10,-0.31
2021-08-17,2.33,-1.07,-0.27
2021-08-18,2.32,-1.05,-0.29
2021-08-19,2.28,-1.04,-0.30
2021-08-20,2.27,-1.01,-0.30
2021-08-23,2.27,-1.02,-0.31
2021-08-24,2.30,-1.01,-0.29
2021-08-25,2.35,-1.00,-0.26
2021-08-26,2.33,-0.99,-0.28
2021-08-27,2.39,-1.08,-0.35
2021-08-30,2.37,-1.08,-0.34
2021-08-31,2.33,-1.03,-0.30
2021-09-01,2.34,-1.03,-0.31
2021-09-02,2.32,-1.03,-0.31
2021-09-03,2.34,-1.01,-0.28
2021-09-06,,,
2021-09-07,2.36,-0.98,-0.25
2021-09-08,2.38,-1.03,-0.29
2021-09-09,2.38,-1.08,-0.36
2021-09-10,2.40,-1.05,-0.34
2021-09-13,2.37,-1.04,-0.34
2021-09-14,2.33,-1.05,-0.37
2021-09-15,2.35,-1.04,-0.36
2021-09-16,2.35,-1.01,-0.34
2021-09-17,2.33,-0.96,-0.32
2021-09-20,2.29,-0.98,-0.34
2021-09-21,2.29,-0.96,-0.33
2021-09-22,2.28,-0.96,-0.34
2021-09-23,2.31,-0.90,-0.30
2021-09-24,2.34,-0.87,-0.24
2021-09-27,2.35,-0.87,-0.25
2021-09-28,2.38,-0.84,-0.20
2021-09-29,2.37,-0.82,-0.18
2021-09-30,2.37,-0.85,-0.19
2021-10-01,2.38,-0.90,-0.23
2021-10-04,2.38,-0.89,-0.23
2021-10-05,2.45,-0.91,-0.23
2021-10-06,2.43,-0.90,-0.24
2021-10-07,2.46,-0.88,-0.20
2021-10-08,2.50,-0.89,-0.21
2021-10-11,,,
2021-10-12,2.49,-0.90,-0.24
2021-10-13,2.52,-0.96,-0.32
2021-10-14,2.52,-1.00,-0.34
2021-10-15,2.56,-0.97,-0.33
2021-10-18,2.54,-0.95,-0.34
2021-10-19,2.54,-0.89,-0.27
2021-10-20,2.57,-0.92,-0.26
2021-10-21,2.64,-0.96,-0.31
2021-10-22,2.64,-0.98,-0.32
2021-10-25,2.66,-1.02,-0.32
2021-10-26,2.69,-1.06,-0.37
2021-10-27,2.65,-1.11,-0.46
2021-10-28,2.57,-1.00,-0.36
2021-10-29,2.51,-0.96,-0.30
2021-11-01,2.50,-0.92,-0.27
2021-11-02,2.51,-0.95,-0.32
2021-11-03,2.53,-0.93,-0.30
2021-11-04,2.56,-1.03,-0.38
2021-11-05,2.54,-1.09,-0.45
2021-11-08,2.62,-1.11,-0.50
2021-11-09,2.63,-1.17,-0.57
2021-11-10,2.70,-1.14,-0.52
2021-11-11,,,
2021-11-12,2.73,-1.15,-0.51
2021-11-15,2.76,-1.13,-0.48
2021-11-16,2.73,-1.10,-0.42
2021-11-17,2.70,-1.10,-0.43
2021-11-18,2.73,-1.14,-0.47
2021-11-19,2.65,-1.11,-0.52
2021-11-22,2.61,-0.98,-0.41
2021-11-23,2.62,-0.95,-0.36
2021-11-24,2.61,-0.97,-0.39
2021-11-25,,,
2021-11-26,2.55,-1.07,-0.48
2021-11-29,2.54,-1.02,-0.44
2021-11-30,2.50,-1.07,-0.51
2021-12-01,2.44,-1.01,-0.50
2021-12-02,2.47,-1.03,-0.56
2021-12-03,2.43,-1.08,-0.59
2021-12-06,2.44,-1.01,-0.50
2021-12-07,2.47,-0.99,-0.47
2021-12-08,2.52,-1.00,-0.43
2021-12-09,2.47,-0.98,-0.41
2021-12-10,2.44,-0.96,-0.36
2021-12-13,2.40,-0.98,-0.40
2021-12-14,2.37,-0.93,-0.37
2021-12-15,2.39,-0.92,-0.35
2021-12-16,2.42,-0.98,-0.34
2021-12-17,2.38,-0.97,-0.37
2021-12-20,2.39,-0.96,-0.36
2021-12-21,2.44,-0.96,-0.38
2021-12-22,2.47,-1.01,-0.43
2021-12-23,2.47,-0.97,-0.38
2021-12-24,,,
2021-12-27,2.50,-1.02,-0.42
2021-12-28,2.50,-1.01,-0.40
2021-12-29,2.53,-0.98,-0.38
2021-12-30,2.58,-1.06,-0.43
2021-12-31,2.56,-1.04,-0.44
2022-01-03,2.60,-0.97,-0.36
2022-01-04,2.57,-0.91,-0.27
2022-01-05,2.53,-0.82,-0.20
2022-01-06,2.46,-0.73,-0.15
2022-01-07,2.48,-0.72,-0.16
2022-01-10,2.48,-0.70,-0.15
2022-01-11,2.54,-0.79,-0.22
2022-01-12,2.48,-0.74,-0.17
2022-01-13,2.43,-0.73,-0.17
2022-01-14,2.44,-0.66,-0.10
2022-01-17,,,
2022-01-18,2.46,-0.59,-0.06
2022-01-19,2.40,-0.57,-0.05
2022-01-20,2.33,-0.50,-0.05
2022-01-21,2.34,-0.59,-0.12
2022-01-24,2.38,-0.63,-0.12
2022-01-25,2.41,-0.63,-0.09
2022-01-26,2.38,-0.53,-0.03
2022-01-27,2.40,-0.59,-0.11
2022-01-28,2.44,-0.66,-0.14
2022-01-31,2.44,-0.65,-0.12
2022-02-01,2.43,-0.62,-0.08
2022-02-02,2.41,-0.63,-0.07
2022-02-03,2.38,-0.56,-0.01
2022-02-04,2.41,-0.48,0.06
2022-02-07,2.40,-0.48,0.05
2022-02-08,2.42,-0.46,0.05
2022-02-09,2.42,-0.48,0.05
2022-02-10,2.45,-0.42,0.11
2022-02-11,2.43,-0.51,0.09
2022-02-14,2.48,-0.50,0.13
2022-02-15,2.48,-0.43,0.18
2022-02-16,2.46,-0.43,0.17
2022-02-17,2.43,-0.46,0.19
2022-02-18,2.41,-0.49,0.12
2022-02-21,,,
2022-02-22,2.45,-0.51,0.11
2022-02-23,2.53,-0.54,0.12
2022-02-24,2.55,-0.59,0.10
2022-02-25,2.54,-0.57,0.09
2022-02-28,2.62,-0.79,-0.11
2022-03-01,2.62,-0.90,-0.16
2022-03-02,2.71,-0.85,-0.14
2022-03-03,2.69,-0.83,-0.11
2022-03-04,2.67,-0.93,-0.17
2022-03-07,2.77,-0.99,-0.23
2022-03-08,2.90,-1.04,-0.30
2022-03-09,2.84,-0.90,-0.20
2022-03-10,2.86,-0.88,-0.14
2022-03-11,2.94,-0.94,-0.22
2022-03-14,2.93,-0.79,-0.13
2022-03-15,2.84,-0.69,-0.03
2022-03-16,2.80,-0.61,-0.02
2022-03-17,2.91,-0.71,-0.08
2022-03-18,2.86,-0.72,-0.09
2022-03-21,2.90,-0.58,0.01
2022-03-22,2.91,-0.53,0.04
2022-03-23,2.94,-0.62,-0.06
2022-03-24,2.92,-0.58,-0.02
2022-03-25,2.95,-0.47,0.06
2022-03-28,2.95,-0.49,0.02
2022-03-29,2.86,-0.45,0.05
2022-03-30,2.86,-0.51,0.00
2022-03-31,2.84,-0.52,-0.03
2022-04-01,2.80,-0.41,0.00
2022-04-04,2.80,-0.38,0.02
2022-04-05,2.84,-0.30,0.09
2022-04-06,2.83,-0.22,0.15
2022-04-07,2.82,-0.16,0.21
2022-04-08,2.87,-0.15,0.23
2022-04-11,2.91,-0.12,0.27
2022-04-12,2.86,-0.14,0.28
2022-04-13,2.80,-0.10,0.30
2022-04-14,2.89,-0.06,0.34
2022-04-15,,,
2022-04-18,2.92,-0.07,0.33
2022-04-19,2.93,0.00,0.38
2022-04-20,2.92,-0.07,0.28
2022-04-21,3.02,-0.12,0.25
2022-04-22,2.98,-0.08,0.30
2022-04-25,2.91,-0.10,0.30
2022-04-26,2.85,-0.08,0.33
2022-04-27,2.88,-0.06,0.36
2022-04-28,2.97,-0.12,0.29
2022-04-29,2.88,0.01,0.40
2022-05-02,2.81,0.18,0.56
2022-05-03,2.83,0.14,0.48
2022-05-04,2.86,0.07,0.44
2022-05-05,2.87,0.18,0.55
2022-05-06,2.86,0.26,0.63
2022-05-09,2.75,0.30,0.66
2022-05-10,2.65,0.34,0.67
2022-05-11,2.70,0.21,0.51
2022-05-12,2.59,0.25,0.57
2022-05-13,2.69,0.24,0.57
2022-05-16,2.68,0.20,0.59
2022-05-17,2.71,0.27,0.65
2022-05-18,2.72,0.17,0.54
2022-05-19,2.59,0.25,0.63
2022-05-20,2.55,0.23,0.64
2022-05-23,2.60,0.26,0.68
2022-05-24,2.55,0.21,0.62
2022-05-25,2.56,0.19,0.64
2022-05-26,2.62,0.13,0.61
2022-05-27,2.63,0.11,0.59
2022-05-30,,,
2022-05-31,2.64,0.21,0.67
2022-06-01,2.65,0.29,0.67
2022-06-02,2.66,0.26,0.62
2022-06-03,2.74,0.22,0.55
2022-06-06,2.76,0.28,0.62
2022-06-07,2.73,0.25,0.58
2022-06-08,2.75,0.28,0.63
2022-06-09,2.75,0.29,0.62
2022-06-10,2.76,0.39,0.67
2022-06-13,2.74,0.69,0.90
2022-06-14,2.60,0.89,1.01
2022-06-15,2.70,0.63,0.86
2022-06-16,2.62,0.66,0.86
2022-06-17,2.58,0.67,0.85
2022-06-20,,,
2022-06-21,2.61,0.70,0.90
2022-06-22,2.54,0.62,0.80
2022-06-23,2.50,0.59,0.81
2022-06-24,2.56,0.57,0.81
2022-06-27,2.55,0.65,0.87
2022-06-28,2.48,0.72,0.91
2022-06-29,2.36,0.74,0.96
2022-06-30,2.33,0.65,0.91
2022-07-01,2.34,0.54,0.88
2022-07-04,,,
2022-07-05,2.30,0.52,0.84
2022-07-06,2.29,0.64,0.94
2022-07-07,2.33,0.68,0.98
2022-07-08,2.37,0.72,1.02
2022-07-11,2.32,0.67,0.99
2022-07-12,2.32,0.64,0.94
2022-07-13,2.31,0.60,0.88
2022-07-14,2.34,0.62,0.89
2022-07-15,2.36,0.57,0.86
2022-07-18,2.37,0.59,0.90
2022-07-19,2.39,0.62,0.92
2022-07-20,2.38,0.66,0.95
2022-07-21,2.33,0.58,0.93
2022-07-22,2.34,0.43,0.82
2022-07-25,2.36,0.45,0.85
2022-07-26,2.36,0.45,0.85
2022-07-27,2.42,0.36,0.80
2022-07-28,2.48,0.20,0.75
2022-07-29,2.53,0.14,0.71
2022-08-01,2.51,0.09,0.67
2022-08-02,2.48,0.27,0.79
2022-08-03,2.50,0.23,0.72
2022-08-04,2.46,0.22,0.74
2022-08-05,2.46,0.37,0.81
2022-08-08,2.48,0.29,0.74
2022-08-09,2.47,0.33,0.78
2022-08-10,2.43,0.35,0.82
2022-08-11,2.47,0.40,0.90
2022-08-12,2.47,0.37,0.89
2022-08-15,2.44,0.35,0.89
2022-08-16,2.44,0.38,0.89
2022-08-17,2.46,0.43,0.92
2022-08-18,2.52,0.36,0.86
2022-08-19,2.55,0.43,0.87
2022-08-22,2.57,0.46,0.88
2022-08-23,2.58,0.47,0.89
2022-08-24,2.62,0.49,0.92
2022-08-25,2.60,0.43,0.87
2022-08-26,2.57,0.47,0.85
2022-08-29,2.58,0.54,0.90
2022-08-30,2.55,0.56,0.87
2022-08-31,2.48,0.67,0.96
2022-09-01,2.45,0.81,1.07
2022-09-02,2.47,0.73,1.01
2022-09-05,,,
2022-09-06,2.48,0.85,1.11
2022-09-07,2.45,0.82,1.07
2022-09-08,2.41,0.88,1.11
2022-09-09,2.42,0.91,1.14
2022-09-12,2.42,0.95,1.21
2022-09-13,2.44,0.98,1.19
2022-09-14,2.46,0.95,1.15
2022-09-15,2.43,1.02,1.18
2022-09-16,2.38,1.07,1.25
2022-09-19,2.34,1.15,1.28
2022-09-20,2.40,1.17,1.30
2022-09-21,2.38,1.13,1.24
2022-09-22,2.41,1.29,1.38
2022-09-23,2.37,1.32,1.38
2022-09-26,2.32,1.56,1.52
2022-09-27,2.33,1.64,1.66
2022-09-28,2.33,1.39,1.50
2022-09-29,2.19,1.57,1.64
2022-09-30,2.15,1.68,1.74
2022-10-03,2.24,1.43,1.58
2022-10-04,2.24,1.38,1.58
2022-10-05,2.22,1.54,1.68
2022-10-06,2.22,1.61,1.73
2022-10-07,2.27,1.62,1.73
2022-10-10,,,
2022-10-11,2.31,1.62,1.73
2022-10-12,2.29,1.62,1.71
2022-10-13,2.34,1.63,1.72
2022-10-14,2.41,1.59,1.66
2022-10-17,2.45,1.57,1.65
2022-10-18,2.41,1.60,1.71
2022-10-19,2.42,1.72,1.79
2022-10-20,2.51,1.73,1.77
2022-10-21,2.52,1.69,1.82
2022-10-24,2.59,1.66,1.78
2022-10-25,2.51,1.59,1.74
2022-10-26,2.44,1.60,1.75
2022-10-27,2.45,1.51,1.67
2022-10-28,2.51,1.51,1.65
2022-10-31,2.52,1.58,1.69
2022-11-01,2.51,1.56,1.64
2022-11-02,2.53,1.57,1.63
2022-11-03,2.40,1.74,1.76
2022-11-04,2.48,1.69,1.77
2022-11-07,2.53,1.69,1.77
2022-11-08,2.50,1.64,1.74
2022-11-09,2.42,1.70,1.80
2022-11-10,2.39,1.43,1.58
2022-11-11,,,
2022-11-14,2.37,1.51,1.65
2022-11-15,2.35,1.45,1.57
2022-11-16,2.29,1.38,1.51
2022-11-17,2.28,1.49,1.57
2022-11-18,2.25,1.57,1.63
2022-11-21,2.31,1.52,1.57
2022-11-22,2.32,1.44,1.51
2022-11-23,2.32,1.39,1.43
2022-11-24,,,
2022-11-25,2.32,1.36,1.42
2022-11-28,2.26,1.43,1.47
2022-11-29,2.25,1.50,1.54
2022-11-30,2.34,1.34,1.46
2022-12-01,2.36,1.17,1.29
2022-12-02,2.43,1.08,1.15
2022-12-05,2.39,1.21,1.23
2022-12-06,2.31,1.20,1.21
2022-12-07,2.26,1.16,1.16
2022-12-08,2.28,1.20,1.15
2022-12-09,2.26,1.31,1.28
2022-12-12,2.28,1.33,1.29
2022-12-13,2.24,1.27,1.30
2022-12-14,2.19,1.30,1.35
2022-12-15,2.16,1.28,1.33
2022-12-16,2.13,1.35,1.40
2022-12-19,2.15,1.42,1.47
2022-12-20,2.24,1.45,1.50
2022-12-21,2.27,1.41,1.48
2022-12-22,2.19,1.48,1.53
2022-12-23,2.20,1.55,1.60
2022-12-26,,,
2022-12-27,2.26,1.58,1.65
2022-12-28,2.28,1.60,1.67
2022-12-29,2.27,1.56,1.63
2022-12-30,2.30,1.58,1.67
2023-01-02,,,
2023-01-03,2.26,1.53,1.61
2023-01-04,2.22,1.47,1.57
2023-01-05,2.22,1.49,1.55
2023-01-06,2.21,1.34,1.43
2023-01-09,2.22,1.31,1.41
2023-01-10,2.24,1.37,1.47
2023-01-11,2.23,1.31,1.41
2023-01-12,2.21,1.22,1.33
2023-01-13,2.18,1.31,1.44
2023-01-16,,,
2023-01-17,2.17,1.36,1.47
2023-01-18,2.12,1.25,1.40
2023-01-19,2.20,1.19,1.34
2023-01-20,2.23,1.25,1.42
2023-01-23,2.28,1.24,1.41
2023-01-24,2.27,1.19,1.34
2023-01-25,2.29,1.17,1.33
2023-01-26,2.33,1.16,1.30
2023-01-27,2.33,1.19,1.33
2023-01-30,2.29,1.26,1.39
2023-01-31,2.24,1.28,1.43
2023-02-01,2.25,1.14,1.33
2023-02-02,2.22,1.18,1.38
2023-02-03,2.22,1.31,1.46
2023-02-06,2.25,1.38,1.47
2023-02-07,2.31,1.36,1.47
2023-02-08,2.34,1.29,1.41
2023-02-09,2.33,1.34,1.47
2023-02-10,2.33,1.41,1.53
2023-02-13,2.31,1.41,1.51
2023-02-14,2.31,1.46,1.53
2023-02-15,2.35,1.46,1.54
2023-02-16,2.37,1.49,1.57
2023-02-17,2.36,1.46,1.54
2023-02-20,,,
2023-02-21,2.42,1.53,1.60
2023-02-22,2.41,1.52,1.58
2023-02-23,2.39,1.49,1.55
2023-02-24,2.38,1.57,1.61
2023-02-27,2.36,1.56,1.61
2023-02-28,2.43,1.49,1.57
2023-03-01,2.44,1.57,1.60
2023-03-02,2.48,1.60,1.63
2023-03-03,2.52,1.45,1.49
2023-03-06,2.49,1.49,1.54
2023-03-07,2.38,1.59,1.56
2023-03-08,2.32,1.66,1.62
2023-03-09,2.30,1.63,1.63
2023-03-10,2.26,1.44,1.45
2023-03-13,2.24,1.31,1.46
2023-03-14,2.31,1.33,1.49
2023-03-15,2.29,1.22,1.44
2023-03-16,2.22,1.34,1.48
2023-03-17,2.10,1.29,1.50
2023-03-20,2.14,1.33,1.51
2023-03-21,2.23,1.36,1.52
2023-03-22,2.28,1.20,1.43
2023-03-23,2.19,1.19,1.43
2023-03-24,2.22,1.16,1.45
2023-03-27,2.24,1.29,1.55
2023-03-28,2.31,1.24,1.50
2023-03-29,2.33,1.24,1.50
2023-03-30,2.34,1.21,1.48
2023-03-31,2.32,1.16,1.44
2023-04-03,2.29,1.14,1.43
2023-04-04,2.25,1.10,1.41
2023-04-05,2.23,1.07,1.39
2023-04-06,2.24,1.06,1.35
2023-04-07,2.25,1.14,1.40
2023-04-10,2.27,1.14,1.40
2023-04-11,2.29,1.14,1.38
2023-04-12,2.27,1.14,1.38
2023-04-13,2.29,1.16,1.40
2023-04-14,2.30,1.22,1.46
2023-04-17,2.32,1.28,1.52
2023-04-18,2.28,1.30,1.53
2023-04-19,2.28,1.32,1.53
2023-04-20,2.26,1.28,1.50
2023-04-21,2.28,1.29,1.53
2023-04-24,2.28,1.24,1.48
2023-04-25,2.25,1.15,1.43
2023-04-26,2.25,1.18,1.46
2023-04-27,2.27,1.26,1.50
2023-04-28,2.18,1.26,1.51
2023-05-01,2.23,1.36,1.61
2023-05-02,2.20,1.24,1.53
2023-05-03,2.20,1.18,1.50
2023-05-04,2.19,1.18,1.52
2023-05-05,2.21,1.23,1.53
2023-05-08,2.23,1.29,1.59
2023-05-09,2.23,1.30,1.61
2023-05-10,2.17,1.26,1.58
2023-05-11,2.16,1.23,1.53
2023-05-12,2.18,1.28,1.54
2023-05-15,2.19,1.31,1.59
2023-05-16,2.19,1.35,1.61
2023-05-17,2.22,1.35,1.60
2023-05-18,2.23,1.42,1.63
2023-05-19,2.24,1.46,1.66
2023-05-22,2.24,1.48,1.68
2023-05-23,2.26,1.44,1.65
2023-05-24,2.25,1.48,1.67
2023-05-25,2.25,1.58,1.68
2023-05-26,2.23,1.57,1.64
2023-05-29,,,
2023-05-30,2.22,1.47,1.62
2023-05-31,2.18,1.46,1.63
2023-06-01,2.16,1.45,1.62
2023-06-02,2.18,1.51,1.66
2023-06-05,2.19,1.50,1.66
2023-06-06,2.20,1.50,1.64
2023-06-07,2.21,1.58,1.70
2023-06-08,2.20,1.53,1.65
2023-06-09,2.20,1.55,1.65
2023-06-12,2.17,1.56,1.65
2023-06-13,2.20,1.64,1.70
2023-06-14,2.21,1.62,1.67
2023-06-15,2.21,1.51,1.63
2023-06-16,2.22,1.55,1.63
2023-06-19,,,
2023-06-20,2.22,1.52,1.59
2023-06-21,2.21,1.51,1.57
2023-06-22,2.24,1.56,1.63
2023-06-23,2.21,1.53,1.59
2023-06-26,2.18,1.54,1.62
2023-06-27,2.20,1.57,1.63
2023-06-28,2.18,1.53,1.61
2023-06-29,2.20,1.65,1.69
2023-06-30,2.22,1.59,1.62
2023-07-03,2.25,1.61,1.62
2023-07-04,,,
2023-07-05,2.26,1.69,1.70
2023-07-06,2.27,1.78,1.75
2023-07-07,2.27,1.79,1.78
2023-07-10,2.25,1.76,1.79
2023-07-11,2.24,1.75,1.80
2023-07-12,2.26,1.60,1.67
2023-07-13,2.24,1.52,1.64
2023-07-14,2.24,1.59,1.67
2023-07-17,2.25,1.56,1.67
2023-07-18,2.23,1.57,1.66
2023-07-19,2.22,1.53,1.61
2023-07-20,2.35,1.50,1.62
2023-07-21,2.35,1.49,1.62
2023-07-24,2.38,1.48,1.61
2023-07-25,2.39,1.52,1.65
2023-07-26,2.36,1.50,1.65
2023-07-27,2.37,1.64,1.76
2023-07-28,2.38,1.58,1.72
2023-07-31,2.37,1.60,1.76
2023-08-01,2.37,1.68,1.81
2023-08-02,2.36,1.72,1.85
2023-08-03,2.37,1.83,1.99
2023-08-04,2.38,1.67,1.87
2023-08-07,2.41,1.68,1.89
2023-08-08,2.36,1.66,1.88
2023-08-09,2.34,1.66,1.87
2023-08-10,2.33,1.76,1.96
2023-08-11,2.36,1.80,1.96
2023-08-14,2.36,1.83,1.98
2023-08-15,2.32,1.89,2.02
2023-08-16,2.32,1.96,2.06
2023-08-17,2.33,1.97,2.09
2023-08-18,2.32,1.94,2.08
2023-08-21,2.34,2.00,2.12
2023-08-22,2.35,1.99,2.07
2023-08-23,2.35,1.84,1.93
2023-08-24,2.32,1.91,1.98
2023-08-25,2.33,1.92,1.99
2023-08-28,2.30,1.90,1.99
2023-08-29,2.29,1.83,1.95
2023-08-30,2.26,1.86,1.97
2023-08-31,2.24,1.85,1.96
2023-09-01,2.26,1.92,2.04
2023-09-04,,,
2023-09-05,2.29,1.98,2.10
2023-09-06,2.30,2.00,2.08
2023-09-07,2.32,1.95,2.06
2023-09-08,2.33,1.93,2.01
2023-09-11,2.35,1.94,2.04
2023-09-12,2.34,1.93,2.02
2023-09-13,2.35,1.90,2.00
2023-09-14,2.34,1.95,2.06
2023-09-15,2.35,1.98,2.08
2023-09-18,2.36,1.96,2.05
2023-09-19,2.37,2.00,2.09
2023-09-20,2.35,2.00,2.07
2023-09-21,2.38,2.11,2.20
2023-09-22,2.37,2.07,2.16
2023-09-25,2.37,2.18,2.28
2023-09-26,2.33,2.23,2.33
2023-09-27,2.34,2.27,2.35
2023-09-28,2.39,2.20,2.29
2023-09-29,2.35,2.24,2.33
2023-10-02,2.35,2.34,2.41
2023-10-03,2.36,2.45,2.51
2023-10-04,2.33,2.40,2.44
2023-10-05,2.31,2.41,2.49
2023-10-06,2.31,2.47,2.54
2023-10-09,,,
2023-10-10,2.32,2.34,2.43
2023-10-11,2.32,2.26,2.34
2023-10-12,2.34,2.36,2.46
2023-10-13,2.34,2.29,2.38
2023-10-16,2.38,2.33,2.44
2023-10-17,2.41,2.42,2.47
2023-10-18,2.44,2.47,2.50
2023-10-19,2.49,2.49,2.55
2023-10-20,2.47,2.46,2.55
2023-10-23,2.41,2.45,2.52
2023-10-24,2.40,2.43,2.47
2023-10-25,2.43,2.52,2.56
2023-10-26,2.42,2.44,2.50
2023-10-27,2.42,2.42,2.51
2023-10-30,2.44,2.44,2.52
2023-10-31,2.42,2.46,2.51
2023-11-01,2.41,2.36,2.44
2023-11-02,2.40,2.27,2.32
2023-11-03,2.39,2.18,2.28
2023-11-06,2.42,2.25,2.32
2023-11-07,2.39,2.19,2.25
2023-11-08,2.34,2.15,2.18
2023-11-09,2.33,2.29,2.31
2023-11-10,2.32,2.29,2.30
2023-11-13,2.31,2.32,2.34
2023-11-14,2.28,2.16,2.24
2023-11-15,2.31,2.22,2.28
2023-11-16,2.27,2.18,2.26
2023-11-17,2.28,2.16,2.24
2023-11-20,2.30,2.12,2.20
2023-11-21,2.25,2.16,2.24
2023-11-22,2.26,2.16,2.20
2023-11-23,,,
2023-11-24,2.26,2.21,2.25
2023-11-27,2.21,2.18,2.22
2023-11-28,2.22,2.12,2.21
2023-11-29,2.21,2.06,2.15
2023-11-30,2.23,2.14,2.22
2023-12-01,2.22,2.00,2.12
2023-12-04,2.21,2.07,2.17
2023-12-05,2.17,2.01,2.08
2023-12-06,2.14,1.98,2.02
2023-12-07,2.17,1.97,2.02
2023-12-08,2.21,2.02,2.05
2023-12-11,2.19,2.04,2.09
2023-12-12,2.16,2.04,2.09
2023-12-13,2.16,1.88,2.00
2023-12-14,2.22,1.70,1.82
2023-12-15,2.22,1.69,1.82
2023-12-18,2.21,1.74,1.87
2023-12-19,2.19,1.74,1.87
2023-12-20,2.19,1.67,1.83
2023-12-21,2.19,1.70,1.86
2023-12-22,2.19,1.71,1.89
2023-12-25,,,
2023-12-26,2.18,1.71,1.89
2023-12-27,2.15,1.64,1.82
2023-12-28,2.16,1.68,1.84
2023-12-29,2.16,1.72,1.90
2024-01-01,,,
2024-01-02,2.21,1.74,1.91
2024-01-03,2.20,1.71,1.89
2024-01-04,2.22,1.77,1.96
2024-01-05,2.22,1.83,2.02
2024-01-08,2.22,1.79,1.98
2024-01-09,2.22,1.80,1.99
2024-01-10,2.22,1.82,2.01
2024-01-11,2.22,1.76,1.98
2024-01-12,2.27,1.69,1.95
2024-01-15,,,
2024-01-16,2.30,1.77,2.03
2024-01-17,2.30,1.80,2.03
2024-01-18,2.34,1.80,2.05
2024-01-19,2.34,1.81,2.03
2024-01-22,2.31,1.80,2.03
2024-01-23,2.29,1.85,2.09
2024-01-24,2.30,1.88,2.11
2024-01-25,2.29,1.85,2.10
2024-01-26,2.30,1.85,2.10
2024-01-29,2.30,1.78,2.03
2024-01-30,2.26,1.80,2.04
2024-01-31,2.26,1.73,1.99
2024-02-01,2.19,1.68,1.91
2024-02-02,2.21,1.82,2.02
2024-02-05,2.27,1.90,2.09
2024-02-06,2.24,1.85,2.06
2024-02-07,2.23,1.86,2.08
2024-02-08,2.24,1.91,2.12
2024-02-09,2.25,1.92,2.13
2024-02-12,2.24,1.93,2.15
2024-02-13,2.29,2.02,2.20
2024-02-14,2.30,1.97,2.18
2024-02-15,2.30,1.94,2.16
2024-02-16,2.33,1.97,2.17
2024-02-19,,,
2024-02-20,2.32,1.95,2.17
2024-02-21,2.34,1.98,2.18
2024-02-22,2.31,2.02,2.19
2024-02-23,2.30,1.96,2.11
2024-02-26,2.31,1.97,2.13
2024-02-27,2.32,1.99,2.16
2024-02-28,2.33,1.94,2.12
2024-02-29,2.33,1.92,2.09
2024-03-01,2.32,1.87,2.05
2024-03-04,2.34,1.88,2.05
2024-03-05,2.32,1.81,1.98
2024-03-06,2.30,1.81,1.98
2024-03-07,2.28,1.81,2.01
2024-03-08,2.28,1.81,2.01
2024-03-11,2.27,1.83,2.02
2024-03-12,2.30,1.86,2.05
2024-03-13,2.30,1.89,2.08
2024-03-14,2.30,1.99,2.17
2024-03-15,2.32,1.99,2.16
2024-03-18,2.31,2.03,2.19
2024-03-19,2.30,2.00,2.18
2024-03-20,2.31,1.96,2.17
2024-03-21,2.34,1.93,2.14
2024-03-22,2.35,1.87,2.10
2024-03-25,2.33,1.92,2.14
2024-03-26,2.32,1.92,2.13
2024-03-27,2.32,1.88,2.09
2024-03-28,2.32,1.88,2.07
2024-03-29,,,
2024-04-01,2.35,1.98,2.17
2024-04-02,2.36,2.00,2.19
2024-04-03,2.36,2.00,2.20
2024-04-04,2.34,1.97,2.17
2024-04-05,2.37,2.02,2.22
2024-04-08,2.38,2.04,2.22
2024-04-09,2.36,2.00,2.18
2024-04-10,2.40,2.15,2.29
2024-04-11,2.40,2.16,2.31
2024-04-12,2.39,2.11,2.27
2024-04-15,2.43,2.20,2.37
2024-04-16,2.43,2.24,2.40
2024-04-17,2.39,2.20,2.36
2024-04-18,2.40,2.24,2.38
2024-04-19,2.41,2.21,2.36
2024-04-22,2.41,2.21,2.36
2024-04-23,2.41,2.20,2.38
2024-04-24,2.41,2.24,2.41
2024-04-25,2.42,2.28,2.42
2024-04-26,2.43,2.24,2.38
2024-04-29,2.41,2.22,2.36
2024-04-30,2.41,2.28,2.41
2024-05-01,2.38,2.25,2.38
2024-05-02,2.37,2.21,2.37
2024-05-03,2.35,2.15,2.31
2024-05-06,2.35,2.14,2.29
2024-05-07,2.32,2.15,2.28
2024-05-08,2.31,2.17,2.31
2024-05-09,2.32,2.13,2.26
2024-05-10,2.34,2.16,2.29
2024-05-13,2.33,2.15,2.29
2024-05-14,2.33,2.12,2.26
2024-05-15,2.31,2.05,2.19
2024-05-16,2.31,2.07,2.20
2024-05-17,2.32,2.10,2.23
2024-05-20,2.33,2.11,2.24
2024-05-21,2.32,2.09,2.22
2024-05-22,2.33,2.10,2.21
2024-05-23,2.30,2.17,2.26
2024-05-24,2.32,2.14,2.25
2024-05-27,,,
2024-05-28,2.34,2.20,2.32
2024-05-29,2.36,2.25,2.36
2024-05-30,2.36,2.19,2.32
2024-05-31,2.35,2.16,2.30
2024-06-03,2.33,2.08,2.22
2024-06-04,2.31,2.02,2.16
2024-06-05,2.30,1.99,2.13
2024-06-06,2.28,2.00,2.14
2024-06-07,2.30,2.13,2.24
2024-06-10,2.31,2.16,2.28
2024-06-11,2.27,2.12,2.23
2024-06-12,2.22,2.09,2.21
2024-06-13,2.21,2.03,2.15
2024-06-14,2.17,2.03,2.12
2024-06-17,2.22,2.06,2.15
2024-06-18,2.21,2.01,2.10
2024-06-19,,,
2024-06-20,2.25,2.00,2.12
2024-06-21,2.23,2.02,2.15
2024-06-24,2.22,2.03,2.14
2024-06-25,2.22,2.01,2.12
2024-06-26,2.26,2.06,2.17
2024-06-27,2.26,2.03,2.15
2024-06-28,2.28,2.08,2.23
2024-07-01,2.32,2.16,2.32
2024-07-02,2.30,2.13,2.28
2024-07-03,2.27,2.09,2.23
2024-07-04,,,
2024-07-05,2.28,2.00,2.17
2024-07-08,2.27,2.01,2.17
2024-07-09,2.26,2.04,2.21
2024-07-10,2.27,2.01,2.18
2024-07-11,2.25,1.95,2.13
2024-07-12,2.24,1.94,2.12
2024-07-15,2.27,1.96,2.16
2024-07-16,2.26,1.91,2.09
2024-07-17,2.26,1.90,2.09
2024-07-18,2.31,1.89,2.13
2024-07-19,2.32,1.93,2.16
2024-07-22,2.30,1.96,2.18
2024-07-23,2.29,1.96,2.20
2024-07-24,2.28,2.00,2.26
2024-07-25,2.28,1.99,2.24
2024-07-26,2.27,1.93,2.20
2024-07-29,2.25,1.92,2.17
2024-07-30,2.25,1.90,2.16
2024-07-31,2.24,1.85,2.13
2024-08-01,2.20,1.79,2.09
2024-08-02,2.04,1.76,2.04
2024-08-05,2.07,1.71,1.97
2024-08-06,2.12,1.78,2.05
2024-08-07,2.11,1.85,2.12
2024-08-08,2.12,1.87,2.14
2024-08-09,2.10,1.84,2.10
2024-08-12,2.11,1.79,2.06
2024-08-13,2.09,1.76,2.05
2024-08-14,2.06,1.77,2.04
2024-08-15,2.12,1.80,2.06
2024-08-16,2.08,1.81,2.06
2024-08-19,2.07,1.79,2.04
2024-08-20,2.07,1.75,1.99
2024-08-21,2.07,1.72,1.97
2024-08-22,2.10,1.76,2.03
2024-08-23,2.13,1.68,1.97
2024-08-26,2.15,1.67,1.97
2024-08-27,2.15,1.68,1.98
2024-08-28,2.15,1.69,1.98
2024-08-29,2.16,1.71,2.00
2024-08-30,2.15,1.76,2.04
2024-09-02,,,
2024-09-03,2.11,1.73,2.00
2024-09-04,2.07,1.70,1.98
2024-09-05,2.03,1.70,1.97
2024-09-06,2.03,1.69,1.98
2024-09-09,2.04,1.66,1.94
2024-09-10,2.02,1.63,1.92
2024-09-11,2.04,1.61,1.91
2024-09-12,2.05,1.63,1.94
2024-09-13,2.08,1.58,1.90
2024-09-16,2.09,1.54,1.84
2024-09-17,2.12,1.53,1.85
2024-09-18,2.12,1.58,1.90
2024-09-19,2.17,1.56,1.91
2024-09-20,2.15,1.58,1.93
2024-09-23,2.17,1.58,1.93
2024-09-24,2.19,1.55,1.92
2024-09-25,2.18,1.61,1.97
2024-09-26,2.16,1.63,1.96
2024-09-27,2.15,1.60,1.95
2024-09-30,2.18,1.63,1.96
2024-10-01,2.19,1.55,1.90
2024-10-02,2.21,1.58,1.93
2024-10-03,2.21,1.64,1.98
2024-10-04,2.23,1.75,2.04
2024-10-07,2.27,1.76,2.06
2024-10-08,2.27,1.77,2.07
2024-10-09,2.29,1.77,2.06
2024-10-10,2.33,1.76,2.08
2024-10-11,2.33,1.75,2.09
2024-10-14,,,
2024-10-15,2.28,1.75,2.05
2024-10-16,2.27,1.75,2.05
2024-10-17,2.30,1.79,2.11
2024-10-18,2.31,1.77,2.09
2024-10-21,2.31,1.88,2.19
2024-10-22,2.33,1.87,2.17
2024-10-23,2.31,1.93,2.21
2024-10-24,2.30,1.91,2.17
2024-10-25,2.29,1.96,2.22
2024-10-28,2.29,1.99,2.23
2024-10-29,2.30,1.98,2.22
2024-10-30,2.34,1.95,2.17
2024-10-31,2.33,1.95,2.15
2024-11-01,2.33,2.04,2.25
2024-11-04,2.28,2.03,2.22
2024-11-05,2.27,1.99,2.16
2024-11-06,2.38,2.04,2.25
2024-11-07,2.33,1.98,2.22
2024-11-08,2.35,1.95,2.16
2024-11-11,,,
2024-11-12,2.35,2.08,2.27
2024-11-13,2.35,2.09,2.32
2024-11-14,2.33,2.10,2.28
2024-11-15,2.33,2.10,2.31
2024-11-18,2.34,2.08,2.30
2024-11-19,2.34,2.05,2.28
2024-11-20,2.35,2.06,2.29
2024-11-21,2.34,2.09,2.31
2024-11-22,2.34,2.07,2.29
2024-11-25,2.29,1.98,2.20
2024-11-26,2.28,2.02,2.24
2024-11-27,2.26,1.99,2.21
2024-11-28,,,
2024-11-29,2.26,1.92,2.15
2024-12-02,2.26,1.93,2.15
2024-12-03,2.28,1.95,2.17
2024-12-04,2.29,1.90,2.12
2024-12-05,2.25,1.92,2.13
2024-12-06,2.24,1.91,2.14
2024-12-09,2.27,1.93,2.18
2024-12-10,2.29,1.93,2.17
2024-12-11,2.30,1.96,2.22
2024-12-12,2.32,2.00,2.28
2024-12-13,2.33,2.07,2.33
2024-12-16,2.32,2.07,2.32
2024-12-17,2.31,2.09,2.33
2024-12-18,2.32,2.18,2.37
2024-12-19,2.29,2.28,2.47
2024-12-20,2.29,2.23,2.44
2024-12-23,2.32,2.27,2.47
2024-12-24,2.35,2.24,2.44
2024-12-25,,,
2024-12-26,2.35,2.23,2.43
2024-12-27,2.34,2.28,2.49
2024-12-30,2.31,2.24,2.47
2024-12-31,2.34,2.24,2.48
2025-01-01,,,
2025-01-02,2.34,2.23,2.48
2025-01-03,2.34,2.26,2.51
2025-01-06,2.34,2.28,2.53
2025-01-07,2.38,2.29,2.55
2025-01-08,2.40,2.27,2.55
2025-01-09,2.39,2.29,2.58
2025-01-10,2.43,2.34,2.60
2025-01-13,2.45,2.34,2.59
2025-01-14,2.44,2.34,2.61
2025-01-15,2.42,2.24,2.53
2025-01-16,2.42,2.19,2.51
2025-01-17,2.41,2.20,2.51
2025-01-20,,,
2025-01-21,2.38,2.19,2.48
2025-01-22,2.40,2.20,2.48
2025-01-23,2.42,2.23,2.50
2025-01-24,2.43,2.20,2.47
2025-01-27,2.40,2.13,2.40
2025-01-28,2.42,2.13,2.42
2025-01-29,2.40,2.15,2.42
2025-01-30,2.38,2.14,2.42
2025-01-31,2.42,2.16,2.46
2025-02-03,2.45,2.09,2.39
2025-02-04,2.44,2.08,2.37
2025-02-05,2.42,2.01,2.29
2025-02-06,2.42,2.03,2.30
2025-02-07,2.42,2.07,2.35
2025-02-10,2.44,2.07,2.36
2025-02-11,2.46,2.08,2.38
2025-02-12,2.46,2.16,2.46
2025-02-13,2.44,2.08,2.38
2025-02-14,2.43,2.04,2.36
2025-02-17,,,
2025-02-18,2.45,2.10,2.41
2025-02-19,2.45,2.08,2.40
2025-02-20,2.45,2.05,2.39
2025-02-21,2.42,2.00,2.35
2025-02-24,2.42,1.98,2.33
2025-02-25,2.38,1.92,2.27
2025-02-26,2.36,1.89,2.25
2025-02-27,2.37,1.92,2.30
2025-02-28,2.38,1.86,2.24
2025-03-03,2.36,1.80,2.20
2025-03-04,2.35,1.87,2.28
2025-03-05,2.34,1.94,2.33
2025-03-06,2.34,1.95,2.33
2025-03-07,2.33,1.99,2.36
2025-03-10,2.31,1.91,2.31
2025-03-11,2.31,1.97,2.35
2025-03-12,2.33,1.99,2.37
2025-03-13,2.29,1.98,2.36
2025-03-14,2.30,2.01,2.38
2025-03-17,2.29,2.02,2.37
2025-03-18,2.30,1.99,2.35
2025-03-19,2.31,1.94,2.32
2025-03-20,2.31,1.93,2.31
2025-03-21,2.33,1.92,2.35
2025-03-24,2.36,1.98,2.40
2025-03-25,2.35,1.96,2.39
2025-03-26,2.37,1.98,2.41
2025-03-27,2.39,1.99,2.44
2025-03-28,2.37,1.90,2.37
2025-03-31,2.38,1.85,2.32
2025-04-01,2.33,1.84,2.30
2025-04-02,2.32,1.88,2.32
2025-04-03,2.28,1.78,2.31
2025-04-04,2.18,1.83,2.28
2025-04-07,2.19,1.96,2.42
2025-04-08,2.22,2.04,2.52
2025-04-09,2.27,2.07,2.50
2025-04-10,2.19,2.21,2.68
2025-04-11,2.20,2.28,2.68
2025-04-14,2.23,2.15,2.60
2025-04-15,2.19,2.16,2.63
2025-04-16,2.17,2.12,2.60
2025-04-17,2.23,2.11,2.59
2025-04-18,,,
2025-04-21,2.22,2.20,2.68
2025-04-22,2.27,2.14,2.63
2025-04-23,2.29,2.11,2.58
2025-04-24,2.30,2.02,2.52
2025-04-25,2.27,2.02,2.53
2025-04-28,2.25,1.98,2.50
2025-04-29,2.23,1.96,2.46
2025-04-30,2.23,1.94,2.47
2025-05-01,2.25,2.00,2.53
2025-05-02,2.27,2.06,2.56
2025-05-05,2.28,2.08,2.58
2025-05-06,2.26,2.04,2.56
2025-05-07,2.25,2.01,2.54
2025-05-08,2.29,2.08,2.59
2025-05-09,2.29,2.08,2.60
2025-05-12,2.29,2.16,2.64
2025-05-13,2.32,2.17,2.65
2025-05-14,2.37,2.16,2.65
2025-05-15,2.34,2.11,2.61
2025-05-16,2.34,2.09,2.59
2025-05-19,2.36,2.10,2.60
2025-05-20,2.35,2.13,2.65
2025-05-21,2.35,2.23,2.75
2025-05-22,2.34,2.20,2.73
2025-05-23,2.33,2.18,2.73
2025-05-26,,,
2025-05-27,2.32,2.11,2.65
2025-05-28,2.32,2.15,2.67
2025-05-29,2.32,2.11,2.63
2025-05-30,2.34,2.07,2.61
2025-06-02,2.33,2.13,2.68
2025-06-03,2.32,2.14,2.68
2025-06-04,2.31,2.06,2.60
2025-06-05,2.29,2.11,2.61
2025-06-06,2.31,2.20,2.68
2025-06-09,2.31,2.18,2.67
2025-06-10,2.29,2.18,2.66
2025-06-11,2.27,2.14,2.65
2025-06-12,2.25,2.11,2.60
2025-06-13,2.28,2.13,2.64
2025-06-16,2.30,2.16,2.67
2025-06-17,2.31,2.08,2.59
2025-06-18,2.31,2.07,2.60
2025-06-19,,,
2025-06-20,2.33,2.05,2.59
2025-06-23,2.30,2.04,2.59
2025-06-24,2.29,2.01,2.57
2025-06-25,2.28,2.01,2.56
2025-06-26,2.28,1.98,2.55
2025-06-27,2.29,2.00,2.57
2025-06-30,2.29,1.95,2.51
2025-07-01,2.29,1.97,2.52
2025-07-02,2.30,2.00,2.54
2025-07-03,2.33,2.02,2.57
2025-07-04,,,
2025-07-07,2.35,2.05,2.62
2025-07-08,2.35,2.07,2.63
2025-07-09,2.33,2.01,2.58
2025-07-10,2.34,2.01,2.57
2025-07-11,2.37,2.06,2.64
2025-07-14,2.39,2.04,2.64
2025-07-15,2.41,2.09,2.67
2025-07-16,2.41,2.05,2.66
2025-07-17,2.43,2.04,2.64
2025-07-18,2.41,2.03,2.65
2025-07-21,2.40,1.98,2.60
2025-07-22,2.39,1.96,2.59
2025-07-23,2.37,2.03,2.64
2025-07-24,2.45,1.98,2.62
2025-07-25,2.44,1.96,2.60
2025-07-28,2.44,1.98,2.63
2025-07-29,2.43,1.91,2.56
2025-07-30,2.42,1.96,2.60
2025-07-31,2.39,1.98,2.62
2025-08-01,2.33,1.90,2.58
2025-08-04,2.37,1.85,2.55
2025-08-05,2.36,1.86,2.54
2025-08-06,2.34,1.88,2.57
2025-08-07,2.35,1.88,2.56
2025-08-08,2.39,1.88,2.57
2025-08-11,2.40,1.87,2.57
2025-08-12,2.38,1.91,2.61
2025-08-13,2.37,1.87,2.57
2025-08-14,2.39,1.90,2.60
2025-08-15,2.38,1.95,2.65
2025-08-18,2.38,1.96,2.67
2025-08-19,2.35,1.95,2.64
2025-08-20,2.35,1.94,2.64
2025-08-21,2.39,1.94,2.65
2025-08-22,2.41,1.85,2.59
2025-08-25,2.41,1.87,2.60
2025-08-26,2.42,1.84,2.60
2025-08-27,2.43,1.81,2.61
2025-08-28,2.41,1.81,2.60
2025-08-29,2.41,1.82,2.62
2025-09-01,,,
2025-09-02,2.41,1.87,2.67
2025-09-03,2.40,1.82,2.61
2025-09-04,2.38,1.79,2.59
2025-09-05,2.37,1.73,2.52
2025-09-08,2.35,1.70,2.46
2025-09-09,2.36,1.72,2.48
2025-09-10,2.35,1.69,2.46
2025-09-11,2.34,1.67,2.41
2025-09-12,2.36,1.70,2.43
2025-09-15,2.37,1.68,2.42
2025-09-16,2.37,1.67,2.40
2025-09-17,2.38,1.68,2.40
2025-09-18,2.38,1.73,2.46
2025-09-19,2.39,1.75,2.47
2025-09-22,2.37,1.78,2.50
2025-09-23,2.37,1.75,2.47
2025-09-24,2.38,1.78,2.49
2025-09-25,2.38,1.80,2.49
2025-09-26,2.38,1.82,2.51
2025-09-29,2.35,1.80,2.47
2025-09-30,2.36,1.80,2.49
2025-10-01,2.35,1.77,2.48
2025-10-02,2.34,1.76,2.46
2025-10-03,2.33,1.80,2.48
2025-10-06,2.34,1.84,2.52
2025-10-07,2.35,1.79,2.47
2025-10-08,2.35,1.78,2.46
2025-10-09,2.34,1.80,2.47
2025-10-10,2.30,1.75,2.41
2025-10-13,,,
2025-10-14,2.30,1.73,2.40
2025-10-15,2.29,1.76,2.42
2025-10-16,2.28,1.71,2.37
2025-10-17,2.27,1.75,2.40
2025-10-20,2.26,1.74,2.39
2025-10-21,2.28,1.70,2.35
2025-10-22,2.29,1.68,2.34
2025-10-23,2.30,1.71,2.36
2025-10-24,2.29,1.73,2.37
2025-10-27,2.28,1.73,2.36
2025-10-28,2.28,1.71,2.33
2025-10-29,2.30,1.78,2.38
2025-10-30,2.29,1.82,2.43
2025-10-31,2.30,1.81,2.44
2025-11-03,2.31,1.82,2.47
2025-11-04,2.29,1.81,2.45
2025-11-05,2.30,1.87,2.50
2025-11-06,2.28,1.83,2.47
2025-11-07,2.28,1.83,2.48
2025-11-10,2.29,1.84,2.48
2025-11-11,,,
2025-11-12,2.27,1.81,2.44
2025-11-13,2.28,1.83,2.48
2025-11-14,2.28,1.86,2.51
2025-11-17,2.28,1.85,2.50
2025-11-18,2.27,1.85,2.51
2025-11-19,2.27,1.86,2.53
2025-11-20,2.24,1.86,2.53
2025-11-21,2.24,1.82,2.51
2025-11-24,2.23,1.81,2.50
2025-11-25,2.22,1.79,2.49
2025-11-26,2.23,1.77,2.45
2025-11-27,,,
2025-11-28,2.23,1.79,2.48
2025-12-01,2.24,1.85,2.53
2025-12-02,2.24,1.85,2.53
2025-12-03,2.24,1.82,2.52
2025-12-04,2.26,1.85,2.54
2025-12-05,2.26,1.88,2.57
2025-12-08,2.26,1.91,2.58
2025-12-09,2.26,1.92,2.58
2025-12-10,2.25,1.88,2.55
2025-12-11,2.25,1.89,2.57
2025-12-12,2.26,1.93,2.61
2025-12-15,2.25,1.93,2.61
2025-12-16,2.23,1.92,2.60
2025-12-17,2.24,1.92,2.61
2025-12-18,2.24,1.88,2.58
2025-12-19,2.24,1.92,2.61
2025-12-22,2.23,1.94,2.63
2025-12-23,2.24,1.94,2.61
2025-12-24,2.24,1.91,2.58
2025-12-25,,,
2025-12-26,2.23,1.91,2.60
2025-12-29,2.22,1.90,2.60
2025-12-30,2.24,1.90,2.60
2025-12-31,2.25,1.93,2.62
2026-01-01,,,
2026-01-02,2.25,1.94,2.63
2026-01-05,2.26,1.91,2.61
2026-01-06,2.27,1.91,2.62
2026-01-07,2.27,1.88,2.59
2026-01-08,2.27,1.92,2.62
2026-01-09,2.28,1.90,2.58
2026-01-12,2.29,1.90,2.59
2026-01-13,2.30,1.88,2.58
2026-01-14,2.29,1.86,2.56
2026-01-15,2.29,1.88,2.55
2026-01-16,2.33,1.91,2.58
2026-01-19,,,
2026-01-20,2.33,1.97,2.65
2026-01-21,2.34,1.92,2.60
2026-01-22,2.31,1.95,2.58
2026-01-23,2.32,1.92,2.56
2026-01-26,2.32,1.90,2.54
2026-01-27,2.34,1.90,2.56
2026-01-28,2.36,1.90,2.57
2026-01-29,2.35,1.89,2.58
2026-01-30,2.36,1.90,2.60
2026-02-02,2.35,1.94,2.63
2026-02-03,2.36,1.92,2.62
2026-02-04,2.35,1.94,2.63
2026-02-05,2.32,1.89,2.59
2026-02-06,2.34,1.88,2.58
2026-02-09,2.35,1.87,2.57
2026-02-10,2.32,1.84,2.53
2026-02-11,2.32,1.86,2.55
2026-02-12,2.29,1.80,2.48
2026-02-13,2.27,1.77,2.46
2026-02-16,,,
2026-02-17,2.26,1.79,2.47
2026-02-18,2.29,1.80,2.48
2026-02-19,2.29,1.79,2.47
2026-02-20,2.28,1.80,2.48
2026-02-23,2.26,1.77,2.49
2026-02-24,2.26,1.78,2.48
2026-02-25,2.28,1.77,2.47
2026-02-26,2.28,1.74,2.44
2026-02-27,2.25,1.72,2.43
2026-03-02,2.29,1.76,2.47
2026-03-03,2.29,1.77,2.48
2026-03-04,2.29,1.80,2.50
2026-03-05,2.31,1.82,2.52
2026-03-06,2.35,1.80,2.54
2026-03-09,2.34,1.78,2.51
2026-03-10,2.33,1.82,2.56
2026-03-11,2.36,1.85,2.61
2026-03-12,2.38,1.89,2.63
2026-03-13,2.36,1.92,2.66
2026-03-16,2.36,1.87,2.62
2026-03-17,2.37,1.83,2.60
2026-03-18,2.40,1.86,2.61
2026-03-19,2.37,1.88,2.60
2026-03-20,2.38,2.01,2.72
2026-03-23,2.33,2.01,2.69
2026-03-24,2.33,2.06,2.72
2026-03-25,2.31,2.02,2.69
2026-03-26,2.34,2.08,2.71
2026-03-27,2.31,2.13,2.78
2026-03-30,2.31,2.04,2.72
2026-03-31,2.30,2.00,2.69
2026-04-01,2.31,2.02,2.71
2026-04-02,2.34,1.97,2.66
2026-04-03,2.36,1.99,2.67
2026-04-06,2.36,1.98,2.65
2026-04-07,2.37,1.96,2.67
2026-04-08,2.33,1.96,2.66
2026-04-09,2.34,1.95,2.67
2026-04-10,2.36,1.95,2.67
2026-04-13,2.38,1.92,2.65
2026-04-14,2.37,1.89,2.62
2026-04-15,2.39,1.90,2.63
2026-04-16,2.39,1.93,2.68
2026-04-17,2.36,1.90,2.65
2026-04-20,2.35,1.91,2.65
2026-04-21,2.38,1.92,2.65
2026-04-22,2.38,1.92,2.65
2026-04-23,2.42,1.92,2.65
2026-04-24,2.42,1.89,2.65
2026-04-27,2.44,1.91,2.68
2026-04-28,2.44,1.92,2.68
2026-04-29,2.46,1.96,2.71
2026-04-30,2.46,1.94,2.71
2026-05-01,2.48,1.91,2.67
2026-05-04,2.50,1.95,2.71
2026-05-05,2.47,1.96,2.69
2026-05-06,2.42,1.94,2.67
2026-05-07,2.45,1.96,2.68
2026-05-08,2.45,1.93,2.66
2026-05-11,2.47,1.95,2.69
2026-05-12,2.47,1.99,2.74
2026-05-13,2.47,1.99,2.74
2026-05-14,2.47,2.00,2.73
2026-05-15,2.49,2.10,2.81
2026-05-18,2.48,2.13,2.82
2026-05-19,2.49,2.18,2.84
2026-05-20,2.44,2.13,2.81
2026-05-21,2.39,2.18,2.80
2026-05-22,2.40,2.16,2.77
2026-05-25,,,
2026-05-26,2.40,2.10,2.73
2026-05-27,2.39,2.09,2.72
2026-05-28,2.39,2.06,2.70
2026-05-29,2.38,2.07,2.71
2026-06-01,2.40,2.07,2.71
2026-06-02,2.39,2.07,2.69
2026-06-03,2.38,2.11,2.72
2026-06-04,2.36,2.11,2.71
2026-06-05,2.36,2.19,2.74
2026-06-08,2.35,2.21,2.77
2026-06-09,2.33,2.20,2.75
2026-06-10,2.34,2.21,2.78
2026-06-11,2.29,2.16,2.72
2026-06-12,2.31,2.17,2.73
2026-06-15,2.32,2.15,2.72
2026-06-16,2.29,2.14,2.70
2026-06-17,2.26,2.23,2.73
2026-06-18,2.25,2.21,2.70
2026-06-19,,,
2026-06-22,2.23,2.28,2.75
2026-06-23,2.21,2.29,2.76
2026-06-24,2.18,2.23,2.71
2026-06-25,2.21,2.19,2.69
2026-06-26,2.20,2.18,2.69
2026-06-29,2.22,2.16,2.68
2026-06-30,2.24,2.20,2.73
2026-07-01,2.23,2.25,2.78
2026-07-02,2.23,2.26,2.79
2026-07-03,,,
2026-07-06,2.24,2.24,2.79
2026-07-07,2.25,2.30,2.84
2026-07-08,2.25,2.31,2.86
2026-07-09,2.23,2.31,2.86
2026-07-10,2.24,2.32,2.86
2026-07-13,2.26,2.36,2.89
2026-07-14,2.25,2.33,2.87
2026-07-15,2.23,2.32,2.88
2026-07-16,2.22,2.35,2.91
2026-07-17,2.24,2.31,2.87
2026-07-20,2.25,2.35,2.91
2026-07-21,2.26,2.37,2.91
2026-07-22,2.28,2.39,2.93
2026-07-23,2.28,2.43,2.95
2026-07-24,2.26,2.43,2.95
2026-07-27,2.21,2.44,2.95
2026-07-28,2.20,2.41,2.92
2026-07-29,2.26,2.41,2.98
2026-07-30,2.27,2.41,2.98
2026-07-31,2.28,2.47,3.03
2026-08-03,2.27,2.43,2.99
2026-08-04,2.23,2.40,2.96
2026-08-05,2.22,2.41,2.96
2026-08-06,2.26,2.43,2.98
2026-08-07,2.25,2.40,2.96
2026-08-10,2.29,2.43,3.00
2026-08-11,2.27,2.43,3.00
2026-08-12,2.26,2.42,2.99
2026-08-13,2.24,2.39,2.97
2026-08-14,2.27,2.41,3.00
2026-08-17,2.28,2.44,3.06
2026-08-18,2.30,2.41,3.03
2026-08-19,2.30,2.35,2.94
2026-08-20,2.34,2.35,2.95
2026-08-21,2.34,,
