observation_date,DGS2,DGS10,DGS30,T10Y2Y
1962-01-02,,4.06,,
1962-01-03,,4.03,,
1962-01-04,,3.99,,
1962-01-05,,4.02,,
1962-01-08,,4.03,,
1962-01-09,,4.05,,
1962-01-10,,4.07,,
1962-01-11,,4.08,,
1962-01-12,,4.08,,
1962-01-15,,4.10,,
1962-01-16,,4.13,,
1962-01-17,,4.12,,
1962-01-18,,4.11,,
1962-01-19,,4.11,,
1962-01-22,,4.09,,
1962-01-23,,4.11,,
1962-01-24,,4.10,,
1962-01-25,,4.11,,
1962-01-26,,4.11,,
1962-01-29,,4.12,,
1962-01-30,,4.11,,
1962-01-31,,4.10,,
1962-02-01,,4.09,,
1962-02-02,,4.08,,
1962-02-05,,4.07,,
1962-02-06,,4.06,,
1962-02-07,,4.07,,
1962-02-08,,4.07,,
1962-02-09,,4.05,,
1962-02-12,,,,
1962-02-13,,4.03,,
1962-02-14,,4.03,,
1962-02-15,,4.02,,
1962-02-16,,4.02,,
1962-02-19,,4.01,,
1962-02-20,,4.05,,
1962-02-21,,4.03,,
1962-02-22,,,,
1962-02-23,,4.02,,
1962-02-26,,4.00,,
1962-02-27,,4.01,,
1962-02-28,,4.00,,
1962-03-01,,3.98,,
1962-03-02,,3.98,,
1962-03-05,,4.00,,
1962-03-06,,4.01,,
1962-03-07,,4.00,,
1962-03-08,,3.98,,
1962-03-09,,3.96,,
1962-03-12,,3.94,,
1962-03-13,,3.92,,
1962-03-14,,3.93,,
1962-03-15,,3.96,,
1962-03-16,,3.96,,
1962-03-19,,3.93,,
1962-03-20,,3.91,,
1962-03-21,,3.86,,
1962-03-22,,3.83,,
1962-03-23,,3.87,,
1962-03-26,,3.89,,
1962-03-27,,3.90,,
1962-03-28,,3.90,,
1962-03-29,,3.90,,
1962-03-30,,3.86,,
1962-04-02,,3.86,,
1962-04-03,,3.83,,
1962-04-04,,3.78,,
1962-04-05,,3.84,,
1962-04-06,,3.81,,
1962-04-09,,3.83,,
1962-04-10,,3.83,,
1962-04-11,,3.87,,
1962-04-12,,3.86,,
1962-04-13,,3.85,,
1962-04-16,,3.83,,
1962-04-17,,3.82,,
1962-04-18,,3.81,,
1962-04-19,,3.82,,
1962-04-20,,,,
1962-04-23,,3.86,,
1962-04-24,,3.87,,
1962-04-25,,3.88,,
1962-04-26,,3.89,,
1962-04-27,,3.86,,
1962-04-30,,3.86,,
1962-05-01,,3.85,,
1962-05-02,,3.86,,
1962-05-03,,3.86,,
1962-05-04,,3.87,,
1962-05-07,,3.86,,
1962-05-08,,3.85,,
1962-05-09,,3.82,,
1962-05-10,,3.83,,
1962-05-11,,3.82,,
1962-05-14,,3.85,,
1962-05-15,,3.87,,
1962-05-16,,3.86,,
1962-05-17,,3.87,,
1962-05-18,,3.93,,
1962-05-21,,3.94,,
1962-05-22,,3.93,,
1962-05-23,,3.91,,
1962-05-24,,3.90,,
1962-05-25,,3.88,,
1962-05-28,,3.87,,
1962-05-29,,3.89,,
1962-05-30,,,,
1962-05-31,,3.90,,
1962-06-01,,3.89,,
1962-06-04,,3.88,,
1962-06-05,,3.89,,
1962-06-06,,3.89,,
1962-06-07,,3.87,,
1962-06-08,,3.86,,
1962-06-11,,3.87,,
1962-06-12,,3.86,,
1962-06-13,,3.87,,
1962-06-14,,3.90,,
1962-06-15,,3.89,,
1962-06-18,,3.91,,
1962-06-19,,3.93,,
1962-06-20,,3.92,,
1962-06-21,,3.90,,
1962-06-22,,3.90,,
1962-06-25,,3.95,,
1962-06-26,,3.97,,
1962-06-27,,3.96,,
1962-06-28,,3.98,,
1962-06-29,,4.00,,
1962-07-02,,4.00,,
1962-07-03,,4.00,,
1962-07-04,,,,
1962-07-05,,4.00,,
1962-07-06,,4.02,,
1962-07-09,,4.05,,
1962-07-10,,4.02,,
1962-07-11,,3.99,,
1962-07-12,,4.00,,
1962-07-13,,4.00,,
1962-07-16,,4.01,,
1962-07-17,,4.03,,
1962-07-18,,4.02,,
1962-07-19,,4.02,,
1962-07-20,,4.01,,
1962-07-23,,4.00,,
1962-07-24,,4.01,,
1962-07-25,,4.02,,
1962-07-26,,4.01,,
1962-07-27,,4.02,,
1962-07-30,,4.03,,
1962-07-31,,4.04,,
1962-08-01,,4.03,,
1962-08-02,,4.00,,
1962-08-03,,4.01,,
1962-08-06,,4.01,,
1962-08-07,,4.02,,
1962-08-08,,4.01,,
1962-08-09,,3.99,,
1962-08-10,,3.99,,
1962-08-13,,3.99,,
1962-08-14,,3.98,,
1962-08-15,,3.98,,
1962-08-16,,3.96,,
1962-08-17,,3.96,,
1962-08-20,,3.94,,
1962-08-21,,3.94,,
1962-08-22,,3.95,,
1962-08-23,,3.95,,
1962-08-24,,3.95,,
1962-08-27,,3.95,,
1962-08-28,,3.96,,
1962-08-29,,3.96,,
1962-08-30,,3.95,,
1962-08-31,,3.96,,
1962-09-03,,,,
1962-09-04,,3.96,,
1962-09-05,,3.97,,
1962-09-06,,3.99,,
1962-09-07,,4.01,,
1962-09-10,,4.00,,
1962-09-11,,4.00,,
1962-09-12,,4.00,,
1962-09-13,,3.99,,
1962-09-14,,3.99,,
1962-09-17,,3.99,,
1962-09-18,,3.98,,
1962-09-19,,3.99,,
1962-09-20,,3.98,,
1962-09-21,,3.98,,
1962-09-24,,3.97,,
1962-09-25,,3.96,,
1962-09-26,,3.95,,
1962-09-27,,3.95,,
1962-09-28,,3.94,,
1962-10-01,,3.93,,
1962-10-02,,3.92,,
1962-10-03,,3.90,,
1962-10-04,,3.90,,
1962-10-05,,3.92,,
1962-10-08,,3.93,,
1962-10-09,,3.95,,
1962-10-10,,3.93,,
1962-10-11,,3.94,,
1962-10-12,,,,
1962-10-15,,3.94,,
1962-10-16,,3.94,,
1962-10-17,,3.94,,
1962-10-18,,3.92,,
1962-10-19,,3.88,,
1962-10-22,,3.91,,
1962-10-23,,3.94,,
1962-10-24,,3.94,,
1962-10-25,,3.94,,
1962-10-26,,3.93,,
1962-10-29,,3.92,,
1962-10-30,,3.92,,
1962-10-31,,3.92,,
1962-11-01,,3.92,,
1962-11-02,,3.91,,
1962-11-05,,3.91,,
1962-11-06,,,,
1962-11-07,,3.91,,
1962-11-08,,3.90,,
1962-11-09,,3.89,,
1962-11-12,,,,
1962-11-13,,3.90,,
1962-11-14,,3.91,,
1962-11-15,,3.91,,
1962-11-16,,3.93,,
1962-11-19,,3.93,,
1962-11-20,,3.93,,
1962-11-21,,3.92,,
1962-11-22,,,,
1962-11-23,,3.92,,
1962-11-26,,3.93,,
1962-11-27,,3.92,,
1962-11-28,,3.92,,
1962-11-29,,3.92,,
1962-11-30,,3.92,,
1962-12-03,,3.93,,
1962-12-04,,3.94,,
1962-12-05,,3.93,,
1962-12-06,,3.92,,
1962-12-07,,3.91,,
1962-12-10,,3.90,,
1962-12-11,,3.89,,
1962-12-12,,3.88,,
1962-12-13,,3.88,,
1962-12-14,,3.87,,
1962-12-17,,3.85,,
1962-12-18,,3.83,,
1962-12-19,,3.84,,
1962-12-20,,3.83,,
1962-12-21,,3.81,,
1962-12-24,,3.79,,
1962-12-25,,,,
1962-12-26,,3.79,,
1962-12-27,,3.81,,
1962-12-28,,3.84,,
1962-12-31,,3.85,,
1963-01-01,,,,
1963-01-02,,3.82,,
1963-01-03,,3.81,,
1963-01-04,,3.84,,
1963-01-07,,3.83,,
1963-01-08,,3.81,,
1963-01-09,,3.82,,
1963-01-10,,3.81,,
1963-01-11,,3.80,,
1963-01-14,,3.81,,
1963-01-15,,3.80,,
1963-01-16,,3.80,,
1963-01-17,,3.82,,
1963-01-18,,3.84,,
1963-01-21,,3.85,,
1963-01-22,,3.86,,
1963-01-23,,3.86,,
1963-01-24,,3.86,,
1963-01-25,,3.85,,
1963-01-28,,3.86,,
1963-01-29,,3.86,,
1963-01-30,,3.86,,
1963-01-31,,3.87,,
1963-02-01,,3.88,,
1963-02-04,,3.89,,
1963-02-05,,3.90,,
1963-02-06,,3.91,,
1963-02-07,,3.91,,
1963-02-08,,3.91,,
1963-02-11,,3.92,,
1963-02-12,,,,
1963-02-13,,3.92,,
1963-02-14,,3.91,,
1963-02-15,,3.91,,
1963-02-18,,3.91,,
1963-02-19,,3.93,,
1963-02-20,,3.94,,
1963-02-21,,3.95,,
1963-02-22,,,,
1963-02-25,,3.95,,
1963-02-26,,3.95,,
1963-02-27,,3.95,,
1963-02-28,,3.94,,
1963-03-01,,3.93,,
1963-03-04,,3.92,,
1963-03-05,,3.92,,
1963-03-06,,3.91,,
1963-03-07,,3.92,,
1963-03-08,,3.92,,
1963-03-11,,3.92,,
1963-03-12,,3.92,,
1963-03-13,,3.92,,
1963-03-14,,3.92,,
1963-03-15,,3.92,,
1963-03-18,,3.92,,
1963-03-19,,3.92,,
1963-03-20,,3.92,,
1963-03-21,,3.92,,
1963-03-22,,3.93,,
1963-03-25,,3.94,,
1963-03-26,,3.96,,
1963-03-27,,3.96,,
1963-03-28,,3.96,,
1963-03-29,,3.95,,
1963-04-01,,3.95,,
1963-04-02,,3.96,,
1963-04-03,,3.96,,
1963-04-04,,3.95,,
1963-04-05,,3.95,,
1963-04-08,,3.97,,
1963-04-09,,3.98,,
1963-04-10,,4.00,,
1963-04-11,,4.00,,
1963-04-12,,,,
1963-04-15,,4.01,,
1963-04-16,,4.00,,
1963-04-17,,4.00,,
1963-04-18,,3.99,,
1963-04-19,,3.97,,
1963-04-22,,3.97,,
1963-04-23,,3.97,,
1963-04-24,,3.96,,
1963-04-25,,3.95,,
1963-04-26,,3.95,,
1963-04-29,,3.95,,
1963-04-30,,3.95,,
1963-05-01,,3.94,,
1963-05-02,,3.94,,
1963-05-03,,3.93,,
1963-05-06,,3.92,,
1963-05-07,,3.91,,
1963-05-08,,3.92,,
1963-05-09,,3.93,,
1963-05-10,,3.93,,
1963-05-13,,3.92,,
1963-05-14,,3.91,,
1963-05-15,,3.91,,
1963-05-16,,3.90,,
1963-05-17,,3.92,,
1963-05-20,,3.93,,
1963-05-21,,3.92,,
1963-05-22,,3.92,,
1963-05-23,,3.93,,
1963-05-24,,3.95,,
1963-05-27,,3.95,,
1963-05-28,,3.96,,
1963-05-29,,3.96,,
1963-05-30,,,,
1963-05-31,,3.96,,
1963-06-03,,3.98,,
1963-06-04,,3.98,,
1963-06-05,,3.98,,
1963-06-06,,3.99,,
1963-06-07,,3.99,,
1963-06-10,,3.99,,
1963-06-11,,3.98,,
1963-06-12,,3.99,,
1963-06-13,,3.99,,
1963-06-14,,3.99,,
1963-06-17,,4.00,,
1963-06-18,,4.00,,
1963-06-19,,4.00,,
1963-06-20,,4.00,,
1963-06-21,,4.00,,
1963-06-24,,4.00,,
1963-06-25,,4.00,,
1963-06-26,,4.00,,
1963-06-27,,4.00,,
1963-06-28,,4.00,,
1963-07-01,,4.01,,
1963-07-02,,4.03,,
1963-07-03,,4.03,,
1963-07-04,,,,
1963-07-05,,4.04,,
1963-07-08,,4.05,,
1963-07-09,,4.04,,
1963-07-10,,4.03,,
1963-07-11,,4.04,,
1963-07-12,,4.03,,
1963-07-15,,4.02,,
1963-07-16,,4.02,,
1963-07-17,,4.03,,
1963-07-18,,4.02,,
1963-07-19,,4.02,,
1963-07-22,,4.02,,
1963-07-23,,4.02,,
1963-07-24,,4.01,,
1963-07-25,,4.01,,
1963-07-26,,3.99,,
1963-07-29,,3.99,,
1963-07-30,,4.00,,
1963-07-31,,4.00,,
1963-08-01,,3.99,,
1963-08-02,,3.99,,
1963-08-05,,3.99,,
1963-08-06,,4.00,,
1963-08-07,,4.01,,
1963-08-08,,4.00,,
1963-08-09,,4.00,,
1963-08-12,,4.01,,
1963-08-13,,4.02,,
1963-08-14,,4.02,,
1963-08-15,,4.01,,
1963-08-16,,4.00,,
1963-08-19,,3.99,,
1963-08-20,,3.99,,
1963-08-21,,4.00,,
1963-08-22,,4.00,,
1963-08-23,,4.00,,
1963-08-26,,4.00,,
1963-08-27,,4.00,,
1963-08-28,,4.00,,
1963-08-29,,4.01,,
1963-08-30,,4.02,,
1963-09-02,,,,
1963-09-03,,4.03,,
1963-09-04,,4.04,,
1963-09-05,,4.08,,
1963-09-06,,4.09,,
1963-09-09,,4.09,,
1963-09-10,,4.09,,
1963-09-11,,4.09,,
1963-09-12,,4.09,,
1963-09-13,,4.09,,
1963-09-16,,4.09,,
1963-09-17,,4.09,,
1963-09-18,,4.08,,
1963-09-19,,4.08,,
1963-09-20,,4.07,,
1963-09-23,,4.07,,
1963-09-24,,4.08,,
1963-09-25,,4.08,,
1963-09-26,,4.08,,
1963-09-27,,4.07,,
1963-09-30,,4.07,,
1963-10-01,,4.07,,
1963-10-02,,4.07,,
1963-10-03,,4.07,,
1963-10-04,,4.08,,
1963-10-07,,4.08,,
1963-10-08,,4.09,,
1963-10-09,,4.10,,
1963-10-10,,4.10,,
1963-10-11,,4.10,,
1963-10-14,,4.10,,
1963-10-15,,4.11,,
1963-10-16,,4.11,,
1963-10-17,,4.12,,
1963-10-18,,4.12,,
1963-10-21,,4.12,,
1963-10-22,,4.11,,
1963-10-23,,4.12,,
1963-10-24,,4.11,,
1963-10-25,,4.12,,
1963-10-28,,4.12,,
1963-10-29,,4.13,,
1963-10-30,,4.14,,
1963-10-31,,4.15,,
1963-11-01,,4.15,,
1963-11-04,,4.15,,
1963-11-05,,,,
1963-11-06,,4.17,,
1963-11-07,,4.17,,
1963-11-08,,4.16,,
1963-11-11,,,,
1963-11-12,,4.16,,
1963-11-13,,4.15,,
1963-11-14,,4.12,,
1963-11-15,,4.11,,
1963-11-18,,4.11,,
1963-11-19,,4.10,,
1963-11-20,,4.09,,
1963-11-21,,4.10,,
1963-11-22,,4.09,,
1963-11-25,,,,
1963-11-26,,4.08,,
1963-11-27,,4.08,,
1963-11-28,,,,
1963-11-29,,4.08,,
1963-12-02,,4.09,,
1963-12-03,,4.10,,
1963-12-04,,4.10,,
1963-12-05,,4.11,,
1963-12-06,,4.11,,
1963-12-09,,4.10,,
1963-12-10,,4.10,,
1963-12-11,,4.12,,
1963-12-12,,4.12,,
1963-12-13,,4.13,,
1963-12-16,,4.15,,
1963-12-17,,4.15,,
1963-12-18,,4.15,,
1963-12-19,,4.14,,
1963-12-20,,4.15,,
1963-12-23,,4.15,,
1963-12-24,,4.15,,
1963-12-25,,,,
1963-12-26,,4.15,,
1963-12-27,,4.15,,
1963-12-30,,4.14,,
1963-12-31,,4.14,,
1964-01-01,,,,
1964-01-02,,4.14,,
1964-01-03,,4.15,,
1964-01-06,,4.16,,
1964-01-07,,4.15,,
1964-01-08,,4.18,,
1964-01-09,,4.18,,
1964-01-10,,4.18,,
1964-01-13,,4.18,,
1964-01-14,,4.18,,
1964-01-15,,4.18,,
1964-01-16,,4.17,,
1964-01-17,,4.17,,
1964-01-20,,4.16,,
1964-01-21,,4.16,,
1964-01-22,,4.16,,
1964-01-23,,4.16,,
1964-01-24,,4.18,,
1964-01-27,,4.18,,
1964-01-28,,4.17,,
1964-01-29,,4.17,,
1964-01-30,,4.16,,
1964-01-31,,4.15,,
1964-02-03,,4.15,,
1964-02-04,,4.15,,
1964-02-05,,4.15,,
1964-02-06,,4.14,,
1964-02-07,,4.14,,
1964-02-10,,4.14,,
1964-02-11,,4.14,,
1964-02-12,,,,
1964-02-13,,4.13,,
1964-02-14,,4.13,,
1964-02-17,,4.13,,
1964-02-18,,4.14,,
1964-02-19,,4.14,,
1964-02-20,,4.14,,
1964-02-21,,,,
1964-02-24,,4.15,,
1964-02-25,,4.15,,
1964-02-26,,4.15,,
1964-02-27,,4.17,,
1964-02-28,,4.18,,
1964-03-02,,4.17,,
1964-03-03,,4.18,,
1964-03-04,,4.19,,
1964-03-05,,4.19,,
1964-03-06,,4.19,,
1964-03-09,,4.20,,
1964-03-10,,4.20,,
1964-03-11,,4.21,,
1964-03-12,,4.21,,
1964-03-13,,4.22,,
1964-03-16,,4.21,,
1964-03-17,,4.22,,
1964-03-18,,4.23,,
1964-03-19,,4.24,,
1964-03-20,,4.25,,
1964-03-23,,4.25,,
1964-03-24,,4.26,,
1964-03-25,,4.26,,
1964-03-26,,4.25,,
1964-03-27,,,,
1964-03-30,,4.25,,
1964-03-31,,4.23,,
1964-04-01,,4.23,,
1964-04-02,,4.24,,
1964-04-03,,4.25,,
1964-04-06,,4.25,,
1964-04-07,,4.25,,
1964-04-08,,4.22,,
1964-04-09,,4.22,,
1964-04-10,,4.22,,
1964-04-13,,4.23,,
1964-04-14,,4.24,,
1964-04-15,,4.23,,
1964-04-16,,4.23,,
1964-04-17,,4.24,,
1964-04-20,,4.24,,
1964-04-21,,4.23,,
1964-04-22,,4.23,,
1964-04-23,,4.23,,
1964-04-24,,4.23,,
1964-04-27,,4.23,,
1964-04-28,,4.23,,
1964-04-29,,4.22,,
1964-04-30,,4.22,,
1964-05-01,,4.22,,
1964-05-04,,4.22,,
1964-05-05,,4.22,,
1964-05-06,,4.22,,
1964-05-07,,4.22,,
1964-05-08,,4.20,,
1964-05-11,,4.19,,
1964-05-12,,4.19,,
1964-05-13,,4.19,,
1964-05-14,,4.19,,
1964-05-15,,4.19,,
1964-05-18,,4.19,,
1964-05-19,,4.19,,
1964-05-20,,4.20,,
1964-05-21,,4.20,,
1964-05-22,,4.20,,
1964-05-25,,4.19,,
1964-05-26,,4.19,,
1964-05-27,,4.20,,
1964-05-28,,4.19,,
1964-05-29,,,,
1964-06-01,,4.19,,
1964-06-02,,4.19,,
1964-06-03,,4.19,,
1964-06-04,,4.19,,
1964-06-05,,4.18,,
1964-06-08,,4.18,,
1964-06-09,,4.17,,
1964-06-10,,4.17,,
1964-06-11,,4.18,,
1964-06-12,,4.18,,
1964-06-15,,4.18,,
1964-06-16,,4.18,,
1964-06-17,,4.18,,
1964-06-18,,4.17,,
1964-06-19,,4.16,,
1964-06-22,,4.15,,
1964-06-23,,4.15,,
1964-06-24,,4.15,,
1964-06-25,,4.15,,
1964-06-26,,4.15,,
1964-06-29,,4.15,,
1964-06-30,,4.15,,
1964-07-01,,4.15,,
1964-07-02,,4.15,,
1964-07-03,,,,
1964-07-06,,4.16,,
1964-07-07,,4.15,,
1964-07-08,,4.15,,
1964-07-09,,4.18,,
1964-07-10,,4.19,,
1964-07-13,,4.19,,
1964-07-14,,4.19,,
1964-07-15,,4.19,,
1964-07-16,,4.19,,
1964-07-17,,4.20,,
1964-07-20,,4.21,,
1964-07-21,,4.20,,
1964-07-22,,4.21,,
1964-07-23,,4.20,,
1964-07-24,,4.20,,
1964-07-27,,4.20,,
1964-07-28,,4.20,,
1964-07-29,,4.20,,
1964-07-30,,4.19,,
1964-07-31,,4.19,,
1964-08-03,,4.19,,
1964-08-04,,4.19,,
1964-08-05,,4.19,,
1964-08-06,,4.18,,
1964-08-07,,4.19,,
1964-08-10,,4.19,,
1964-08-11,,4.20,,
1964-08-12,,4.20,,
1964-08-13,,4.19,,
1964-08-14,,4.19,,
1964-08-17,,4.19,,
1964-08-18,,4.19,,
1964-08-19,,4.19,,
1964-08-20,,4.19,,
1964-08-21,,4.19,,
1964-08-24,,4.19,,
1964-08-25,,4.20,,
1964-08-26,,4.20,,
1964-08-27,,4.20,,
1964-08-28,,4.21,,
1964-08-31,,4.21,,
1964-09-01,,4.21,,
1964-09-02,,4.22,,
1964-09-03,,4.22,,
1964-09-04,,4.22,,
1964-09-07,,,,
1964-09-08,,4.22,,
1964-09-09,,4.22,,
1964-09-10,,4.22,,
1964-09-11,,4.22,,
1964-09-14,,4.22,,
1964-09-15,,4.22,,
1964-09-16,,4.21,,
1964-09-17,,4.20,,
1964-09-18,,4.20,,
1964-09-21,,4.19,,
1964-09-22,,4.19,,
1964-09-23,,4.19,,
1964-09-24,,4.19,,
1964-09-25,,4.19,,
1964-09-28,,4.17,,
1964-09-29,,4.18,,
1964-09-30,,4.18,,
1964-10-01,,4.18,,
1964-10-02,,4.18,,
1964-10-05,,4.20,,
1964-10-06,,4.19,,
1964-10-07,,4.19,,
1964-10-08,,4.19,,
1964-10-09,,4.19,,
1964-10-12,,,,
1964-10-13,,4.19,,
1964-10-14,,4.19,,
1964-10-15,,4.20,,
1964-10-16,,4.21,,
1964-10-19,,4.21,,
1964-10-20,,4.20,,
1964-10-21,,4.19,,
1964-10-22,,4.19,,
1964-10-23,,4.19,,
1964-10-26,,4.19,,
1964-10-27,,4.18,,
1964-10-28,,4.17,,
1964-10-29,,4.16,,
1964-10-30,,4.16,,
1964-11-02,,4.15,,
1964-11-03,,,,
1964-11-04,,4.15,,
1964-11-05,,4.15,,
1964-11-06,,4.15,,
1964-11-09,,4.15,,
1964-11-10,,4.14,,
1964-11-11,,,,
1964-11-12,,4.12,,
1964-11-13,,4.13,,
1964-11-16,,4.13,,
1964-11-17,,4.14,,
1964-11-18,,4.14,,
1964-11-19,,4.13,,
1964-11-20,,4.13,,
1964-11-23,,4.18,,
1964-11-24,,4.18,,
1964-11-25,,4.19,,
1964-11-26,,,,
1964-11-27,,4.19,,
1964-11-30,,4.20,,
1964-12-01,,4.20,,
1964-12-02,,4.19,,
1964-12-03,,4.18,,
1964-12-04,,4.18,,
1964-12-07,,4.17,,
1964-12-08,,4.16,,
1964-12-09,,4.16,,
1964-12-10,,4.15,,
1964-12-11,,4.15,,
1964-12-14,,4.16,,
1964-12-15,,4.17,,
1964-12-16,,4.18,,
1964-12-17,,4.18,,
1964-12-18,,4.19,,
1964-12-21,,4.18,,
1964-12-22,,4.18,,
1964-12-23,,4.19,,
1964-12-24,,4.19,,
1964-12-25,,,,
1964-12-28,,4.19,,
1964-12-29,,4.19,,
1964-12-30,,4.20,,
1964-12-31,,4.21,,
1965-01-01,,,,
1965-01-04,,4.20,,
1965-01-05,,4.20,,
1965-01-06,,4.20,,
1965-01-07,,4.20,,
1965-01-08,,4.20,,
1965-01-11,,4.20,,
1965-01-12,,4.19,,
1965-01-13,,4.19,,
1965-01-14,,4.19,,
1965-01-15,,4.19,,
1965-01-18,,4.19,,
1965-01-19,,4.18,,
1965-01-20,,4.18,,
1965-01-21,,4.17,,
1965-01-22,,4.17,,
1965-01-25,,4.18,,
1965-01-26,,4.19,,
1965-01-27,,4.19,,
1965-01-28,,4.19,,
1965-01-29,,4.19,,
1965-02-01,,4.20,,
1965-02-02,,4.20,,
1965-02-03,,4.20,,
1965-02-04,,4.21,,
1965-02-05,,4.22,,
1965-02-08,,4.21,,
1965-02-09,,4.21,,
1965-02-10,,4.21,,
1965-02-11,,4.21,,
1965-02-12,,,,
1965-02-15,,4.22,,
1965-02-16,,4.21,,
1965-02-17,,4.21,,
1965-02-18,,4.21,,
1965-02-19,,4.22,,
1965-02-22,,,,
1965-02-23,,4.21,,
1965-02-24,,4.22,,
1965-02-25,,4.21,,
1965-02-26,,4.22,,
1965-03-01,,4.22,,
1965-03-02,,4.24,,
1965-03-03,,4.23,,
1965-03-04,,4.22,,
1965-03-05,,4.23,,
1965-03-08,,4.23,,
1965-03-09,,4.23,,
1965-03-10,,4.23,,
1965-03-11,,4.22,,
1965-03-12,,4.22,,
1965-03-15,,4.21,,
1965-03-16,,4.21,,
1965-03-17,,4.20,,
1965-03-18,,4.20,,
1965-03-19,,4.20,,
1965-03-22,,4.19,,
1965-03-23,,4.19,,
1965-03-24,,4.18,,
1965-03-25,,4.19,,
1965-03-26,,4.20,,
1965-03-29,,4.20,,
1965-03-30,,4.20,,
1965-03-31,,4.20,,
1965-04-01,,4.20,,
1965-04-02,,4.20,,
1965-04-05,,4.20,,
1965-04-06,,4.20,,
1965-04-07,,4.20,,
1965-04-08,,4.19,,
1965-04-09,,4.20,,
1965-04-12,,4.20,,
1965-04-13,,4.20,,
1965-04-14,,4.19,,
1965-04-15,,4.20,,
1965-04-16,,,,
1965-04-19,,4.21,,
1965-04-20,,4.21,,
1965-04-21,,4.21,,
1965-04-22,,4.21,,
1965-04-23,,4.21,,
1965-04-26,,4.21,,
1965-04-27,,4.21,,
1965-04-28,,4.21,,
1965-04-29,,4.21,,
1965-04-30,,4.21,,
1965-05-03,,4.21,,
1965-05-04,,4.20,,
1965-05-05,,4.20,,
1965-05-06,,4.20,,
1965-05-07,,4.20,,
1965-05-10,,4.20,,
1965-05-11,,4.20,,
1965-05-12,,4.20,,
1965-05-13,,4.21,,
1965-05-14,,4.21,,
1965-05-17,,4.21,,
1965-05-18,,4.22,,
1965-05-19,,4.22,,
1965-05-20,,4.22,,
1965-05-21,,4.22,,
1965-05-24,,4.22,,
1965-05-25,,4.22,,
1965-05-26,,4.22,,
1965-05-27,,4.22,,
1965-05-28,,4.23,,
1965-05-31,,,,
1965-06-01,,4.23,,
1965-06-02,,4.23,,
1965-06-03,,4.23,,
1965-06-04,,4.23,,
1965-06-07,,4.23,,
1965-06-08,,4.23,,
1965-06-09,,4.23,,
1965-06-10,,4.23,,
1965-06-11,,4.23,,
1965-06-14,,4.21,,
1965-06-15,,4.21,,
1965-06-16,,4.21,,
1965-06-17,,4.21,,
1965-06-18,,4.21,,
1965-06-21,,4.20,,
1965-06-22,,4.20,,
1965-06-23,,4.20,,
1965-06-24,,4.19,,
1965-06-25,,4.19,,
1965-06-28,,4.19,,
1965-06-29,,4.20,,
1965-06-30,,4.20,,
1965-07-01,,4.20,,
1965-07-02,,4.21,,
1965-07-05,,,,
1965-07-06,,4.21,,
1965-07-07,,4.21,,
1965-07-08,,4.20,,
1965-07-09,,4.21,,
1965-07-12,,4.21,,
1965-07-13,,4.21,,
1965-07-14,,4.21,,
1965-07-15,,4.20,,
1965-07-16,,4.20,,
1965-07-19,,4.20,,
1965-07-20,,4.20,,
1965-07-21,,4.20,,
1965-07-22,,4.20,,
1965-07-23,,4.20,,
1965-07-26,,4.20,,
1965-07-27,,4.20,,
1965-07-28,,4.20,,
1965-07-29,,4.21,,
1965-07-30,,4.22,,
1965-08-02,,4.22,,
1965-08-03,,4.22,,
1965-08-04,,4.23,,
1965-08-05,,4.23,,
1965-08-06,,4.24,,
1965-08-09,,4.24,,
1965-08-10,,4.24,,
1965-08-11,,4.25,,
1965-08-12,,4.25,,
1965-08-13,,4.25,,
1965-08-16,,4.26,,
1965-08-17,,4.27,,
1965-08-18,,4.26,,
1965-08-19,,4.26,,
1965-08-20,,4.26,,
1965-08-23,,4.26,,
1965-08-24,,4.27,,
1965-08-25,,4.26,,
1965-08-26,,4.27,,
1965-08-27,,4.27,,
1965-08-30,,4.27,,
1965-08-31,,4.27,,
1965-09-01,,4.28,,
1965-09-02,,4.28,,
1965-09-03,,4.27,,
1965-09-06,,,,
1965-09-07,,4.27,,
1965-09-08,,4.27,,
1965-09-09,,4.27,,
1965-09-10,,4.28,,
1965-09-13,,4.28,,
1965-09-14,,4.28,,
1965-09-15,,4.28,,
1965-09-16,,4.27,,
1965-09-17,,4.27,,
1965-09-20,,4.27,,
1965-09-21,,4.28,,
1965-09-22,,4.29,,
1965-09-23,,4.30,,
1965-09-24,,4.31,,
1965-09-27,,4.31,,
1965-09-28,,4.33,,
1965-09-29,,4.36,,
1965-09-30,,4.35,,
1965-10-01,,4.36,,
1965-10-04,,4.35,,
1965-10-05,,4.33,,
1965-10-06,,4.32,,
1965-10-07,,4.31,,
1965-10-08,,4.32,,
1965-10-11,,4.31,,
1965-10-12,,,,
1965-10-13,,4.30,,
1965-10-14,,4.31,,
1965-10-15,,4.34,,
1965-10-18,,4.34,,
1965-10-19,,4.35,,
1965-10-20,,4.36,,
1965-10-21,,4.37,,
1965-10-22,,4.36,,
1965-10-25,,4.38,,
1965-10-26,,4.38,,
1965-10-27,,4.39,,
1965-10-28,,4.40,,
1965-10-29,,4.41,,
1965-11-01,,4.43,,
1965-11-02,,,,
1965-11-03,,4.43,,
1965-11-04,,4.43,,
1965-11-05,,4.43,,
1965-11-08,,4.45,,
1965-11-09,,4.47,,
1965-11-10,,4.46,,
1965-11-11,,,,
1965-11-12,,4.44,,
1965-11-15,,4.45,,
1965-11-16,,4.44,,
1965-11-17,,4.45,,
1965-11-18,,4.45,,
1965-11-19,,4.46,,
1965-11-22,,4.45,,
1965-11-23,,4.45,,
1965-11-24,,4.45,,
1965-11-25,,,,
1965-11-26,,4.45,,
1965-11-29,,4.46,,
1965-11-30,,4.48,,
1965-12-01,,4.52,,
1965-12-02,,4.52,,
1965-12-03,,4.52,,
1965-12-06,,4.61,,
1965-12-07,,4.59,,
1965-12-08,,4.60,,
1965-12-09,,4.60,,
1965-12-10,,4.60,,
1965-12-13,,4.65,,
1965-12-14,,4.67,,
1965-12-15,,4.67,,
1965-12-16,,4.66,,
1965-12-17,,4.65,,
1965-12-20,,4.61,,
1965-12-21,,4.64,,
1965-12-22,,4.65,,
1965-12-23,,4.65,,
1965-12-24,,,,
1965-12-27,,4.62,,
1965-12-28,,4.61,,
1965-12-29,,4.62,,
1965-12-30,,4.63,,
1965-12-31,,4.65,,
1966-01-03,,4.63,,
1966-01-04,,4.65,,
1966-01-05,,4.63,,
1966-01-06,,4.60,,
1966-01-07,,4.60,,
1966-01-10,,4.61,,
1966-01-11,,4.60,,
1966-01-12,,4.56,,
1966-01-13,,4.58,,
1966-01-14,,4.59,,
1966-01-17,,4.61,,
1966-01-18,,4.61,,
1966-01-19,,4.61,,
1966-01-20,,4.60,,
1966-01-21,,4.59,,
1966-01-24,,4.60,,
1966-01-25,,4.61,,
1966-01-26,,4.61,,
1966-01-27,,4.63,,
1966-01-28,,4.65,,
1966-01-31,,4.69,,
1966-02-01,,4.69,,
1966-02-02,,4.70,,
1966-02-03,,4.70,,
1966-02-04,,4.71,,
1966-02-07,,4.73,,
1966-02-08,,4.72,,
1966-02-09,,4.74,,
1966-02-10,,4.78,,
1966-02-11,,4.86,,
1966-02-14,,4.87,,
1966-02-15,,4.88,,
1966-02-16,,4.89,,
1966-02-17,,4.88,,
1966-02-18,,4.90,,
1966-02-21,,4.92,,
1966-02-22,,,,
1966-02-23,,4.92,,
1966-02-24,,4.93,,
1966-02-25,,4.97,,
1966-02-28,,5.02,,
1966-03-01,,5.01,,
1966-03-02,,5.00,,
1966-03-03,,5.00,,
1966-03-04,,4.98,,
1966-03-07,,4.96,,
1966-03-08,,4.93,,
1966-03-09,,4.93,,
1966-03-10,,4.95,,
1966-03-11,,4.96,,
1966-03-14,,4.94,,
1966-03-15,,4.91,,
1966-03-16,,4.90,,
1966-03-17,,4.86,,
1966-03-18,,4.84,,
1966-03-21,,4.81,,
1966-03-22,,4.78,,
1966-03-23,,4.73,,
1966-03-24,,4.76,,
1966-03-25,,4.82,,
1966-03-28,,4.81,,
1966-03-29,,4.80,,
1966-03-30,,4.70,,
1966-03-31,,4.71,,
1966-04-01,,4.70,,
1966-04-04,,4.69,,
1966-04-05,,4.66,,
1966-04-06,,4.71,,
1966-04-07,,4.73,,
1966-04-08,,,,
1966-04-11,,4.73,,
1966-04-12,,4.73,,
1966-04-13,,4.74,,
1966-04-14,,4.76,,
1966-04-15,,4.77,,
1966-04-18,,4.76,,
1966-04-19,,4.76,,
1966-04-20,,4.80,,
1966-04-21,,4.77,,
1966-04-22,,4.77,,
1966-04-25,,4.78,,
1966-04-26,,4.79,,
1966-04-27,,4.78,,
1966-04-28,,4.78,,
1966-04-29,,4.79,,
1966-05-02,,4.80,,
1966-05-03,,4.81,,
1966-05-04,,4.81,,
1966-05-05,,4.81,,
1966-05-06,,4.79,,
1966-05-09,,4.75,,
1966-05-10,,4.75,,
1966-05-11,,4.77,,
1966-05-12,,4.77,,
1966-05-13,,4.77,,
1966-05-16,,4.77,,
1966-05-17,,4.75,,
1966-05-18,,4.75,,
1966-05-19,,4.75,,
1966-05-20,,4.75,,
1966-05-23,,4.77,,
1966-05-24,,4.79,,
1966-05-25,,4.78,,
1966-05-26,,4.80,,
1966-05-27,,4.81,,
1966-05-30,,,,
1966-05-31,,4.80,,
1966-06-01,,4.79,,
1966-06-02,,4.77,,
1966-06-03,,4.78,,
1966-06-06,,4.79,,
1966-06-07,,4.81,,
1966-06-08,,4.83,,
1966-06-09,,4.83,,
1966-06-10,,4.83,,
1966-06-13,,4.83,,
1966-06-14,,4.83,,
1966-06-15,,4.79,,
1966-06-16,,4.81,,
1966-06-17,,4.80,,
1966-06-20,,4.76,,
1966-06-21,,4.75,,
1966-06-22,,4.76,,
1966-06-23,,4.77,,
1966-06-24,,4.80,,
1966-06-27,,4.83,,
1966-06-28,,4.89,,
1966-06-29,,4.90,,
1966-06-30,,4.97,,
1966-07-01,,4.99,,
1966-07-04,,,,
1966-07-05,,4.96,,
1966-07-06,,4.95,,
1966-07-07,,4.95,,
1966-07-08,,4.97,,
1966-07-11,,5.03,,
1966-07-12,,5.05,,
1966-07-13,,5.07,,
1966-07-14,,5.10,,
1966-07-15,,5.09,,
1966-07-18,,5.04,,
1966-07-19,,5.03,,
1966-07-20,,5.02,,
1966-07-21,,5.04,,
1966-07-22,,5.02,,
1966-07-25,,4.99,,
1966-07-26,,4.99,,
1966-07-27,,4.99,,
1966-07-28,,5.03,,
1966-07-29,,5.05,,
1966-08-01,,5.05,,
1966-08-02,,5.04,,
1966-08-03,,5.06,,
1966-08-04,,5.07,,
1966-08-05,,5.07,,
1966-08-08,,5.08,,
1966-08-09,,5.10,,
1966-08-10,,5.10,,
1966-08-11,,5.11,,
1966-08-12,,5.11,,
1966-08-15,,5.15,,
1966-08-16,,5.18,,
1966-08-17,,5.24,,
1966-08-18,,5.29,,
1966-08-19,,5.31,,
1966-08-22,,5.29,,
1966-08-23,,5.33,,
1966-08-24,,5.36,,
1966-08-25,,5.39,,
1966-08-26,,5.48,,
1966-08-29,,5.51,,
1966-08-30,,5.48,,
1966-08-31,,5.36,,
1966-09-01,,5.30,,
1966-09-02,,5.23,,
1966-09-05,,,,
1966-09-06,,5.19,,
1966-09-07,,5.20,,
1966-09-08,,5.18,,
1966-09-09,,5.17,,
1966-09-12,,5.18,,
1966-09-13,,5.16,,
1966-09-14,,5.21,,
1966-09-15,,5.25,,
1966-09-16,,5.24,,
1966-09-19,,5.32,,
1966-09-20,,5.27,,
1966-09-21,,5.21,,
1966-09-22,,5.15,,
1966-09-23,,5.17,,
1966-09-26,,5.17,,
1966-09-27,,5.13,,
1966-09-28,,5.09,,
1966-09-29,,4.99,,
1966-09-30,,5.02,,
1966-10-03,,5.08,,
1966-10-04,,5.06,,
1966-10-05,,5.05,,
1966-10-06,,5.03,,
1966-10-07,,5.02,,
1966-10-10,,5.05,,
1966-10-11,,5.05,,
1966-10-12,,,,
1966-10-13,,5.07,,
1966-10-14,,5.06,,
1966-10-17,,5.04,,
1966-10-18,,4.99,,
1966-10-19,,5.00,,
1966-10-20,,5.02,,
1966-10-21,,4.94,,
1966-10-24,,4.94,,
1966-10-25,,4.94,,
1966-10-26,,4.96,,
1966-10-27,,4.99,,
1966-10-28,,4.97,,
1966-10-31,,4.97,,
1966-11-01,,4.99,,
1966-11-02,,5.04,,
1966-11-03,,5.06,,
1966-11-04,,5.11,,
1966-11-07,,5.11,,
1966-11-08,,,,
1966-11-09,,5.12,,
1966-11-10,,5.17,,
1966-11-11,,,,
1966-11-14,,5.19,,
1966-11-15,,5.21,,
1966-11-16,,5.22,,
1966-11-17,,5.23,,
1966-11-18,,5.22,,
1966-11-21,,5.17,,
1966-11-22,,5.20,,
1966-11-23,,5.22,,
1966-11-24,,,,
1966-11-25,,5.23,,
1966-11-28,,5.19,,
1966-11-29,,5.15,,
1966-11-30,,5.12,,
1966-12-01,,5.09,,
1966-12-02,,5.03,,
1966-12-05,,5.06,,
1966-12-06,,5.07,,
1966-12-07,,5.07,,
1966-12-08,,5.10,,
1966-12-09,,5.05,,
1966-12-12,,4.93,,
1966-12-13,,4.86,,
1966-12-14,,4.83,,
1966-12-15,,4.76,,
1966-12-16,,4.78,,
1966-12-19,,4.72,,
1966-12-20,,4.69,,
1966-12-21,,4.66,,
1966-12-22,,4.68,,
1966-12-23,,4.67,,
1966-12-26,,,,
1966-12-27,,4.71,,
1966-12-28,,4.64,,
1966-12-29,,4.66,,
1966-12-30,,4.64,,
1967-01-02,,,,
1967-01-03,,4.69,,
1967-01-04,,4.65,,
1967-01-05,,4.63,,
1967-01-06,,4.64,,
1967-01-09,,4.71,,
1967-01-10,,4.69,,
1967-01-11,,4.54,,
1967-01-12,,4.55,,
1967-01-13,,4.51,,
1967-01-16,,4.49,,
1967-01-17,,4.51,,
1967-01-18,,4.53,,
1967-01-19,,4.58,,
1967-01-20,,4.60,,
1967-01-23,,4.60,,
1967-01-24,,4.65,,
1967-01-25,,4.62,,
1967-01-26,,4.50,,
1967-01-27,,4.47,,
1967-01-30,,4.48,,
1967-01-31,,4.52,,
1967-02-01,,4.52,,
1967-02-02,,4.51,,
1967-02-03,,4.52,,
1967-02-06,,4.53,,
1967-02-07,,4.54,,
1967-02-08,,4.54,,
1967-02-09,,4.53,,
1967-02-10,,4.59,,
1967-02-13,,,,
1967-02-14,,4.64,,
1967-02-15,,4.69,,
1967-02-16,,4.67,,
1967-02-17,,4.68,,
1967-02-20,,4.70,,
1967-02-21,,4.71,,
1967-02-22,,,,
1967-02-23,,4.74,,
1967-02-24,,4.73,,
1967-02-27,,4.72,,
1967-02-28,,4.72,,
1967-03-01,,4.66,,
1967-03-02,,4.63,,
1967-03-03,,4.62,,
1967-03-06,,4.61,,
1967-03-07,,4.60,,
1967-03-08,,4.61,,
1967-03-09,,4.57,,
1967-03-10,,4.58,,
1967-03-13,,4.56,,
1967-03-14,,4.53,,
1967-03-15,,4.49,,
1967-03-16,,4.45,,
1967-03-17,,4.47,,
1967-03-20,,4.45,,
1967-03-21,,4.51,,
1967-03-22,,4.52,,
1967-03-23,,4.50,,
1967-03-24,,,,
1967-03-27,,4.52,,
1967-03-28,,4.52,,
1967-03-29,,4.52,,
1967-03-30,,4.50,,
1967-03-31,,4.50,,
1967-04-03,,4.50,,
1967-04-04,,4.49,,
1967-04-05,,4.50,,
1967-04-06,,4.49,,
1967-04-07,,4.48,,
1967-04-10,,4.50,,
1967-04-11,,4.51,,
1967-04-12,,4.51,,
1967-04-13,,4.54,,
1967-04-14,,4.56,,
1967-04-17,,4.61,,
1967-04-18,,4.63,,
1967-04-19,,4.63,,
1967-04-20,,4.63,,
1967-04-21,,4.66,,
1967-04-24,,4.68,,
1967-04-25,,4.71,,
1967-04-26,,4.73,,
1967-04-27,,4.73,,
1967-04-28,,4.78,,
1967-05-01,,4.77,,
1967-05-02,,4.75,,
1967-05-03,,4.75,,
1967-05-04,,4.76,,
1967-05-05,,4.77,,
1967-05-08,,4.83,,
1967-05-09,,4.87,,
1967-05-10,,4.87,,
1967-05-11,,4.84,,
1967-05-12,,4.82,,
1967-05-15,,4.86,,
1967-05-16,,4.87,,
1967-05-17,,4.88,,
1967-05-18,,4.88,,
1967-05-19,,4.89,,
1967-05-22,,4.94,,
1967-05-23,,4.94,,
1967-05-24,,4.93,,
1967-05-25,,4.92,,
1967-05-26,,4.86,,
1967-05-29,,4.84,,
1967-05-30,,,,
1967-05-31,,4.81,,
1967-06-01,,4.81,,
1967-06-02,,4.82,,
1967-06-05,,4.85,,
1967-06-06,,4.84,,
1967-06-07,,4.84,,
1967-06-08,,4.86,,
1967-06-09,,4.89,,
1967-06-12,,4.94,,
1967-06-13,,4.95,,
1967-06-14,,5.02,,
1967-06-15,,5.02,,
1967-06-16,,5.07,,
1967-06-19,,5.07,,
1967-06-20,,5.14,,
1967-06-21,,5.14,,
1967-06-22,,5.13,,
1967-06-23,,5.14,,
1967-06-26,,5.16,,
1967-06-27,,5.21,,
1967-06-28,,5.18,,
1967-06-29,,5.20,,
1967-06-30,,5.22,,
1967-07-03,,5.22,,
1967-07-04,,,,
1967-07-05,,5.17,,
1967-07-06,,5.11,,
1967-07-07,,5.15,,
1967-07-10,,5.16,,
1967-07-11,,5.09,,
1967-07-12,,5.06,,
1967-07-13,,5.08,,
1967-07-14,,5.08,,
1967-07-17,,5.09,,
1967-07-18,,5.16,,
1967-07-19,,5.18,,
1967-07-20,,5.20,,
1967-07-21,,5.20,,
1967-07-24,,5.23,,
1967-07-25,,5.23,,
1967-07-26,,5.23,,
1967-07-27,,5.20,,
1967-07-28,,5.18,,
1967-07-31,,5.16,,
1967-08-01,,5.18,,
1967-08-02,,5.21,,
1967-08-03,,5.20,,
1967-08-04,,5.26,,
1967-08-07,,5.30,,
1967-08-08,,5.28,,
1967-08-09,,5.27,,
1967-08-10,,5.28,,
1967-08-11,,5.29,,
1967-08-14,,5.29,,
1967-08-15,,5.29,,
1967-08-16,,5.28,,
1967-08-17,,5.28,,
1967-08-18,,5.28,,
1967-08-21,,5.30,,
1967-08-22,,5.30,,
1967-08-23,,5.31,,
1967-08-24,,5.31,,
1967-08-25,,5.32,,
1967-08-28,,5.29,,
1967-08-29,,5.27,,
1967-08-30,,5.28,,
1967-08-31,,5.27,,
1967-09-01,,5.25,,
1967-09-04,,,,
1967-09-05,,5.22,,
1967-09-06,,5.20,,
1967-09-07,,5.20,,
1967-09-08,,5.26,,
1967-09-11,,5.28,,
1967-09-12,,5.29,,
1967-09-13,,5.27,,
1967-09-14,,5.28,,
1967-09-15,,5.29,,
1967-09-18,,5.30,,
1967-09-19,,5.35,,
1967-09-20,,5.34,,
1967-09-21,,5.36,,
1967-09-22,,5.36,,
1967-09-25,,5.38,,
1967-09-26,,5.37,,
1967-09-27,,5.37,,
1967-09-28,,5.36,,
1967-09-29,,5.31,,
1967-10-02,,5.35,,
1967-10-03,,5.35,,
1967-10-04,,5.37,,
1967-10-05,,5.37,,
1967-10-06,,5.37,,
1967-10-09,,5.39,,
1967-10-10,,5.42,,
1967-10-11,,5.42,,
1967-10-12,,,,
1967-10-13,,5.45,,
1967-10-16,,5.47,,
1967-10-17,,5.49,,
1967-10-18,,5.52,,
1967-10-19,,5.53,,
1967-10-20,,5.52,,
1967-10-23,,5.56,,
1967-10-24,,5.56,,
1967-10-25,,5.57,,
1967-10-26,,5.58,,
1967-10-27,,5.57,,
1967-10-30,,5.60,,
1967-10-31,,5.64,,
1967-11-01,,5.70,,
1967-11-02,,5.71,,
1967-11-03,,5.75,,
1967-11-06,,5.77,,
1967-11-07,,,,
1967-11-08,,5.74,,
1967-11-09,,5.78,,
1967-11-10,,5.83,,
1967-11-13,,5.87,,
1967-11-14,,5.81,,
1967-11-15,,5.78,,
1967-11-16,,5.72,,
1967-11-17,,5.75,,
1967-11-20,,5.85,,
1967-11-21,,5.71,,
1967-11-22,,5.70,,
1967-11-23,,,,
1967-11-24,,5.78,,
1967-11-27,,5.76,,
1967-11-28,,5.65,,
1967-11-29,,5.67,,
1967-11-30,,5.74,,
1967-12-01,,5.78,,
1967-12-04,,5.76,,
1967-12-05,,5.74,,
1967-12-06,,5.69,,
1967-12-07,,5.71,,
1967-12-08,,5.72,,
1967-12-11,,5.74,,
1967-12-12,,5.75,,
1967-12-13,,5.71,,
1967-12-14,,5.70,,
1967-12-15,,5.71,,
1967-12-18,,5.68,,
1967-12-19,,5.66,,
1967-12-20,,5.62,,
1967-12-21,,5.64,,
1967-12-22,,5.69,,
1967-12-25,,,,
1967-12-26,,5.64,,
1967-12-27,,5.64,,
1967-12-28,,5.70,,
1967-12-29,,5.70,,
1968-01-01,,,,
1968-01-02,,5.63,,
1968-01-03,,5.63,,
1968-01-04,,5.51,,
1968-01-05,,5.48,,
1968-01-08,,5.50,,
1968-01-09,,5.52,,
1968-01-10,,5.46,,
1968-01-11,,5.46,,
1968-01-12,,5.43,,
1968-01-15,,5.49,,
1968-01-16,,5.52,,
1968-01-17,,5.48,,
1968-01-18,,5.55,,
1968-01-19,,5.59,,
1968-01-22,,5.61,,
1968-01-23,,5.56,,
1968-01-24,,5.56,,
1968-01-25,,5.52,,
1968-01-26,,5.53,,
1968-01-29,,5.53,,
1968-01-30,,5.53,,
1968-01-31,,5.54,,
1968-02-01,,5.58,,
1968-02-02,,5.58,,
1968-02-05,,5.60,,
1968-02-06,,5.61,,
1968-02-07,,5.59,,
1968-02-08,,5.60,,
1968-02-09,,5.59,,
1968-02-12,,,,
1968-02-13,,5.55,,
1968-02-14,,5.54,,
1968-02-15,,5.51,,
1968-02-16,,5.50,,
1968-02-19,,5.53,,
1968-02-20,,5.54,,
1968-02-21,,5.54,,
1968-02-22,,,,
1968-02-23,,5.56,,
1968-02-26,,5.58,,
1968-02-27,,5.58,,
1968-02-28,,5.57,,
1968-02-29,,5.56,,
1968-03-01,,5.56,,
1968-03-04,,5.57,,
1968-03-05,,5.59,,
1968-03-06,,5.61,,
1968-03-07,,5.67,,
1968-03-08,,5.75,,
1968-03-11,,5.75,,
1968-03-12,,5.79,,
1968-03-13,,5.86,,
1968-03-14,,5.95,,
1968-03-15,,5.84,,
1968-03-18,,5.76,,
1968-03-19,,5.77,,
1968-03-20,,5.73,,
1968-03-21,,5.76,,
1968-03-22,,5.74,,
1968-03-25,,5.74,,
1968-03-26,,5.78,,
1968-03-27,,5.78,,
1968-03-28,,5.78,,
1968-03-29,,5.76,,
1968-04-01,,5.64,,
1968-04-02,,5.62,,
1968-04-03,,5.49,,
1968-04-04,,5.52,,
1968-04-05,,5.52,,
1968-04-08,,5.54,,
1968-04-09,,,,
1968-04-10,,5.53,,
1968-04-11,,5.54,,
1968-04-12,,,,
1968-04-15,,5.60,,
1968-04-16,,5.62,,
1968-04-17,,5.62,,
1968-04-18,,5.64,,
1968-04-19,,5.76,,
1968-04-22,,5.78,,
1968-04-23,,5.73,,
1968-04-24,,5.72,,
1968-04-25,,5.72,,
1968-04-26,,5.71,,
1968-04-29,,5.73,,
1968-04-30,,5.74,,
1968-05-01,,5.73,,
1968-05-02,,5.76,,
1968-05-03,,5.80,,
1968-05-06,,5.78,,
1968-05-07,,5.79,,
1968-05-08,,5.80,,
1968-05-09,,5.79,,
1968-05-10,,5.79,,
1968-05-13,,5.79,,
1968-05-14,,5.82,,
1968-05-15,,5.85,,
1968-05-16,,5.90,,
1968-05-17,,5.92,,
1968-05-20,,5.96,,
1968-05-21,,6.02,,
1968-05-22,,6.02,,
1968-05-23,,5.98,,
1968-05-24,,5.96,,
1968-05-27,,5.92,,
1968-05-28,,5.94,,
1968-05-29,,5.95,,
1968-05-30,,,,
1968-05-31,,5.86,,
1968-06-03,,5.79,,
1968-06-04,,5.78,,
1968-06-05,,5.81,,
1968-06-06,,5.83,,
1968-06-07,,5.82,,
1968-06-10,,5.80,,
1968-06-11,,5.79,,
1968-06-12,,5.77,,
1968-06-13,,5.76,,
1968-06-14,,5.72,,
1968-06-17,,5.71,,
1968-06-18,,5.71,,
1968-06-19,,5.67,,
1968-06-20,,5.62,,
1968-06-21,,5.60,,
1968-06-24,,5.61,,
1968-06-25,,5.64,,
1968-06-26,,5.64,,
1968-06-27,,5.65,,
1968-06-28,,5.64,,
1968-07-01,,5.62,,
1968-07-02,,5.58,,
1968-07-03,,5.57,,
1968-07-04,,,,
1968-07-05,,5.56,,
1968-07-08,,5.53,,
1968-07-09,,5.51,,
1968-07-10,,5.52,,
1968-07-11,,5.52,,
1968-07-12,,5.53,,
1968-07-15,,5.56,,
1968-07-16,,5.57,,
1968-07-17,,5.55,,
1968-07-18,,5.56,,
1968-07-19,,5.53,,
1968-07-22,,5.45,,
1968-07-23,,5.38,,
1968-07-24,,5.39,,
1968-07-25,,5.37,,
1968-07-26,,5.39,,
1968-07-29,,5.41,,
1968-07-30,,5.41,,
1968-07-31,,5.39,,
1968-08-01,,5.38,,
1968-08-02,,5.34,,
1968-08-05,,5.37,,
1968-08-06,,5.38,,
1968-08-07,,5.36,,
1968-08-08,,5.37,,
1968-08-09,,5.39,,
1968-08-12,,5.42,,
1968-08-13,,5.43,,
1968-08-14,,5.43,,
1968-08-15,,5.45,,
1968-08-16,,5.42,,
1968-08-19,,5.43,,
1968-08-20,,5.43,,
1968-08-21,,5.46,,
1968-08-22,,5.50,,
1968-08-23,,5.47,,
1968-08-26,,5.46,,
1968-08-27,,5.46,,
1968-08-28,,5.45,,
1968-08-29,,5.43,,
1968-08-30,,5.42,,
1968-09-02,,,,
1968-09-03,,5.41,,
1968-09-04,,5.43,,
1968-09-05,,5.46,,
1968-09-06,,5.48,,
1968-09-09,,5.49,,
1968-09-10,,5.51,,
1968-09-11,,5.50,,
1968-09-12,,5.49,,
1968-09-13,,5.48,,
1968-09-16,,5.46,,
1968-09-17,,5.46,,
1968-09-18,,5.42,,
1968-09-19,,5.43,,
1968-09-20,,5.45,,
1968-09-23,,5.45,,
1968-09-24,,5.44,,
1968-09-25,,5.44,,
1968-09-26,,5.45,,
1968-09-27,,5.46,,
1968-09-30,,5.49,,
1968-10-01,,5.49,,
1968-10-02,,5.49,,
1968-10-03,,5.50,,
1968-10-04,,5.52,,
1968-10-07,,5.55,,
1968-10-08,,5.57,,
1968-10-09,,5.60,,
1968-10-10,,5.61,,
1968-10-11,,5.61,,
1968-10-14,,5.62,,
1968-10-15,,5.65,,
1968-10-16,,5.62,,
1968-10-17,,5.58,,
1968-10-18,,5.57,,
1968-10-21,,5.58,,
1968-10-22,,5.58,,
1968-10-23,,5.58,,
1968-10-24,,5.61,,
1968-10-25,,5.60,,
1968-10-28,,5.61,,
1968-10-29,,5.62,,
1968-10-30,,5.63,,
1968-10-31,,5.61,,
1968-11-01,,5.61,,
1968-11-04,,5.63,,
1968-11-05,,,,
1968-11-06,,5.62,,
1968-11-07,,5.63,,
1968-11-08,,5.65,,
1968-11-11,,,,
1968-11-12,,5.68,,
1968-11-13,,5.66,,
1968-11-14,,5.66,,
1968-11-15,,5.68,,
1968-11-18,,5.71,,
1968-11-19,,5.74,,
1968-11-20,,5.74,,
1968-11-21,,5.73,,
1968-11-22,,5.74,,
1968-11-25,,5.75,,
1968-11-26,,5.76,,
1968-11-27,,5.76,,
1968-11-28,,,,
1968-11-29,,5.78,,
1968-12-02,,5.89,,
1968-12-03,,5.96,,
1968-12-04,,5.95,,
1968-12-05,,5.93,,
1968-12-06,,5.91,,
1968-12-09,,5.92,,
1968-12-10,,5.93,,
1968-12-11,,5.93,,
1968-12-12,,5.94,,
1968-12-13,,5.93,,
1968-12-16,,5.96,,
1968-12-17,,5.97,,
1968-12-18,,6.00,,
1968-12-19,,6.07,,
1968-12-20,,6.14,,
1968-12-23,,6.23,,
1968-12-24,,6.27,,
1968-12-25,,,,
1968-12-26,,6.17,,
1968-12-27,,6.20,,
1968-12-30,,6.21,,
1968-12-31,,6.16,,
1969-01-01,,,,
1969-01-02,,6.04,,
1969-01-03,,6.01,,
1969-01-06,,6.04,,
1969-01-07,,6.14,,
1969-01-08,,6.09,,
1969-01-09,,6.04,,
1969-01-10,,6.03,,
1969-01-13,,6.04,,
1969-01-14,,6.04,,
1969-01-15,,6.02,,
1969-01-16,,5.98,,
1969-01-17,,5.97,,
1969-01-20,,5.95,,
1969-01-21,,5.97,,
1969-01-22,,6.03,,
1969-01-23,,6.02,,
1969-01-24,,6.01,,
1969-01-27,,6.03,,
1969-01-28,,6.05,,
1969-01-29,,6.09,,
1969-01-30,,6.14,,
1969-01-31,,6.19,,
1969-02-03,,6.22,,
1969-02-04,,6.20,,
1969-02-05,,6.19,,
1969-02-06,,6.20,,
1969-02-07,,6.14,,
1969-02-10,,6.14,,
1969-02-11,,6.10,,
1969-02-12,,,,
1969-02-13,,6.09,,
1969-02-14,,6.11,,
1969-02-17,,6.14,,
1969-02-18,,6.16,,
1969-02-19,,6.20,,
1969-02-20,,6.23,,
1969-02-21,,6.24,,
1969-02-24,,6.22,,
1969-02-25,,6.24,,
1969-02-26,,6.24,,
1969-02-27,,6.27,,
1969-02-28,,6.26,,
1969-03-03,,6.25,,
1969-03-04,,6.24,,
1969-03-05,,6.24,,
1969-03-06,,6.26,,
1969-03-07,,6.27,,
1969-03-10,,6.27,,
1969-03-11,,6.30,,
1969-03-12,,6.31,,
1969-03-13,,6.32,,
1969-03-14,,6.31,,
1969-03-17,,6.35,,
1969-03-18,,6.35,,
1969-03-19,,6.32,,
1969-03-20,,6.31,,
1969-03-21,,6.29,,
1969-03-24,,6.28,,
1969-03-25,,6.30,,
1969-03-26,,6.32,,
1969-03-27,,6.33,,
1969-03-28,,6.30,,
1969-03-31,,,,
1969-04-01,,6.25,,
1969-04-02,,6.25,,
1969-04-03,,6.26,,
1969-04-04,,,,
1969-04-07,,6.28,,
1969-04-08,,6.25,,
1969-04-09,,6.19,,
1969-04-10,,6.18,,
1969-04-11,,6.15,,
1969-04-14,,6.06,,
1969-04-15,,6.11,,
1969-04-16,,6.10,,
1969-04-17,,6.13,,
1969-04-18,,6.16,,
1969-04-21,,6.14,,
1969-04-22,,6.12,,
1969-04-23,,6.12,,
1969-04-24,,6.14,,
1969-04-25,,6.15,,
1969-04-28,,6.19,,
1969-04-29,,6.21,,
1969-04-30,,6.20,,
1969-05-01,,6.25,,
1969-05-02,,6.23,,
1969-05-05,,6.19,,
1969-05-06,,6.22,,
1969-05-07,,6.22,,
1969-05-08,,6.20,,
1969-05-09,,6.23,,
1969-05-12,,6.27,,
1969-05-13,,6.25,,
1969-05-14,,6.24,,
1969-05-15,,6.26,,
1969-05-16,,6.31,,
1969-05-19,,6.36,,
1969-05-20,,6.36,,
1969-05-21,,6.36,,
1969-05-22,,6.36,,
1969-05-23,,6.38,,
1969-05-26,,6.44,,
1969-05-27,,6.54,,
1969-05-28,,6.56,,
1969-05-29,,6.56,,
1969-05-30,,,,
1969-06-02,,6.56,,
1969-06-03,,6.55,,
1969-06-04,,6.56,,
1969-06-05,,6.54,,
1969-06-06,,6.52,,
1969-06-09,,6.59,,
1969-06-10,,6.56,,
1969-06-11,,6.56,,
1969-06-12,,6.54,,
1969-06-13,,6.51,,
1969-06-16,,6.49,,
1969-06-17,,6.52,,
1969-06-18,,6.53,,
1969-06-19,,6.57,,
1969-06-20,,6.59,,
1969-06-23,,6.60,,
1969-06-24,,6.63,,
1969-06-25,,6.63,,
1969-06-26,,6.62,,
1969-06-27,,6.66,,
1969-06-30,,6.73,,
1969-07-01,,6.75,,
1969-07-02,,6.77,,
1969-07-03,,6.75,,
1969-07-04,,,,
1969-07-07,,6.76,,
1969-07-08,,6.79,,
1969-07-09,,6.82,,
1969-07-10,,6.78,,
1969-07-11,,6.64,,
1969-07-14,,6.69,,
1969-07-15,,6.72,,
1969-07-16,,6.67,,
1969-07-17,,6.69,,
1969-07-18,,6.70,,
1969-07-21,,,,
1969-07-22,,6.66,,
1969-07-23,,6.68,,
1969-07-24,,6.70,,
1969-07-25,,6.71,,
1969-07-28,,6.73,,
1969-07-29,,6.72,,
1969-07-30,,6.72,,
1969-07-31,,6.66,,
1969-08-01,,6.66,,
1969-08-04,,6.63,,
1969-08-05,,6.60,,
1969-08-06,,6.62,,
1969-08-07,,6.63,,
1969-08-08,,6.64,,
1969-08-11,,6.69,,
1969-08-12,,6.70,,
1969-08-13,,6.70,,
1969-08-14,,6.68,,
1969-08-15,,6.68,,
1969-08-18,,6.66,,
1969-08-19,,6.65,,
1969-08-20,,6.66,,
1969-08-21,,6.68,,
1969-08-22,,6.71,,
1969-08-25,,6.72,,
1969-08-26,,6.76,,
1969-08-27,,6.79,,
1969-08-28,,6.83,,
1969-08-29,,6.83,,
1969-09-01,,,,
1969-09-02,,6.87,,
1969-09-03,,6.94,,
1969-09-04,,6.96,,
1969-09-05,,6.99,,
1969-09-08,,7.03,,
1969-09-09,,7.04,,
1969-09-10,,7.02,,
1969-09-11,,7.05,,
1969-09-12,,7.08,,
1969-09-15,,7.09,,
1969-09-16,,7.14,,
1969-09-17,,7.14,,
1969-09-18,,7.27,,
1969-09-19,,7.28,,
1969-09-22,,7.26,,
1969-09-23,,7.26,,
1969-09-24,,7.27,,
1969-09-25,,7.30,,
1969-09-26,,7.40,,
1969-09-29,,7.45,,
1969-09-30,,7.51,,
1969-10-01,,7.52,,
1969-10-02,,7.45,,
1969-10-03,,7.38,,
1969-10-06,,7.35,,
1969-10-07,,7.31,,
1969-10-08,,7.29,,
1969-10-09,,7.30,,
1969-10-10,,7.22,,
1969-10-13,,,,
1969-10-14,,7.10,,
1969-10-15,,7.12,,
1969-10-16,,7.04,,
1969-10-17,,6.99,,
1969-10-20,,6.83,,
1969-10-21,,6.77,,
1969-10-22,,6.80,,
1969-10-23,,6.90,,
1969-10-24,,6.90,,
1969-10-27,,6.93,,
1969-10-28,,7.00,,
1969-10-29,,7.00,,
1969-10-30,,6.96,,
1969-10-31,,6.94,,
1969-11-03,,6.90,,
1969-11-04,,,,
1969-11-05,,6.97,,
1969-11-06,,7.01,,
1969-11-07,,6.99,,
1969-11-10,,6.99,,
1969-11-11,,,,
1969-11-12,,7.06,,
1969-11-13,,7.12,,
1969-11-14,,7.08,,
1969-11-17,,7.13,,
1969-11-18,,7.22,,
1969-11-19,,7.25,,
1969-11-20,,7.31,,
1969-11-21,,7.28,,
1969-11-24,,7.27,,
1969-11-25,,7.28,,
1969-11-26,,7.30,,
1969-11-27,,,,
1969-11-28,,7.29,,
1969-12-01,,7.29,,
1969-12-02,,7.35,,
1969-12-03,,7.39,,
1969-12-04,,7.35,,
1969-12-05,,7.35,,
1969-12-08,,7.40,,
1969-12-09,,7.50,,
1969-12-10,,7.59,,
1969-12-11,,7.62,,
1969-12-12,,7.60,,
1969-12-15,,7.63,,
1969-12-16,,7.72,,
1969-12-17,,7.76,,
1969-12-18,,7.81,,
1969-12-19,,7.79,,
1969-12-22,,7.76,,
1969-12-23,,7.82,,
1969-12-24,,7.89,,
1969-12-25,,,,
1969-12-26,,7.87,,
1969-12-29,,8.05,,
1969-12-30,,7.97,,
1969-12-31,,7.88,,
1970-01-01,,,,
1970-01-02,,7.86,,
1970-01-05,,7.88,,
1970-01-06,,7.96,,
1970-01-07,,7.99,,
1970-01-08,,7.96,,
1970-01-09,,7.86,,
1970-01-12,,7.82,,
1970-01-13,,7.81,,
1970-01-14,,7.86,,
1970-01-15,,7.85,,
1970-01-16,,7.75,,
1970-01-19,,7.69,,
1970-01-20,,7.72,,
1970-01-21,,7.69,,
1970-01-22,,7.67,,
1970-01-23,,7.69,,
1970-01-26,,7.71,,
1970-01-27,,7.70,,
1970-01-28,,7.70,,
1970-01-29,,7.77,,
1970-01-30,,7.75,,
1970-02-02,,7.65,,
1970-02-03,,7.58,,
1970-02-04,,7.50,,
1970-02-05,,7.45,,
1970-02-06,,7.36,,
1970-02-09,,7.28,,
1970-02-10,,7.32,,
1970-02-11,,7.33,,
1970-02-12,,,,
1970-02-13,,7.15,,
1970-02-16,,7.17,,
1970-02-17,,7.15,,
1970-02-18,,7.12,,
1970-02-19,,7.09,,
1970-02-20,,7.12,,
1970-02-23,,,,
1970-02-24,,7.14,,
1970-02-25,,7.04,,
1970-02-26,,6.94,,
1970-02-27,,6.90,,
1970-03-02,,6.95,,
1970-03-03,,6.99,,
1970-03-04,,6.97,,
1970-03-05,,6.98,,
1970-03-06,,6.96,,
1970-03-09,,6.99,,
1970-03-10,,7.04,,
1970-03-11,,7.11,,
1970-03-12,,7.16,,
1970-03-13,,7.23,,
1970-03-16,,7.24,,
1970-03-17,,7.36,,
1970-03-18,,7.28,,
1970-03-19,,7.07,,
1970-03-20,,7.06,,
1970-03-23,,7.05,,
1970-03-24,,7.02,,
1970-03-25,,6.96,,
1970-03-26,,6.98,,
1970-03-27,,,,
1970-03-30,,7.05,,
1970-03-31,,7.08,,
1970-04-01,,7.04,,
1970-04-02,,7.08,,
1970-04-03,,7.14,,
1970-04-06,,7.17,,
1970-04-07,,7.18,,
1970-04-08,,7.17,,
1970-04-09,,7.18,,
1970-04-10,,7.17,,
1970-04-13,,7.20,,
1970-04-14,,7.22,,
1970-04-15,,7.27,,
1970-04-16,,7.34,,
1970-04-17,,7.40,,
1970-04-20,,7.44,,
1970-04-21,,7.50,,
1970-04-22,,7.61,,
1970-04-23,,7.64,,
1970-04-24,,7.72,,
1970-04-27,,7.74,,
1970-04-28,,7.79,,
1970-04-29,,7.78,,
1970-04-30,,7.82,,
1970-05-01,,7.85,,
1970-05-04,,7.94,,
1970-05-05,,7.92,,
1970-05-06,,7.86,,
1970-05-07,,7.82,,
1970-05-08,,7.78,,
1970-05-11,,7.82,,
1970-05-12,,7.84,,
1970-05-13,,7.85,,
1970-05-14,,7.86,,
1970-05-15,,7.83,,
1970-05-18,,7.80,,
1970-05-19,,7.80,,
1970-05-20,,7.85,,
1970-05-21,,7.90,,
1970-05-22,,7.99,,
1970-05-25,,8.15,,
1970-05-26,,8.22,,
1970-05-27,,8.02,,
1970-05-28,,7.98,,
1970-05-29,,7.95,,
1970-06-01,,7.84,,
1970-06-02,,7.78,,
1970-06-03,,7.76,,
1970-06-04,,7.80,,
1970-06-05,,7.88,,
1970-06-08,,7.89,,
1970-06-09,,7.88,,
1970-06-10,,7.87,,
1970-06-11,,7.92,,
1970-06-12,,7.98,,
1970-06-15,,7.98,,
1970-06-16,,7.87,,
1970-06-17,,7.90,,
1970-06-18,,7.90,,
1970-06-19,,7.90,,
1970-06-22,,7.86,,
1970-06-23,,7.79,,
1970-06-24,,7.74,,
1970-06-25,,7.76,,
1970-06-26,,7.78,,
1970-06-29,,7.76,,
1970-06-30,,7.68,,
1970-07-01,,7.64,,
1970-07-02,,7.55,,
1970-07-03,,,,
1970-07-06,,7.49,,
1970-07-07,,7.46,,
1970-07-08,,7.49,,
1970-07-09,,7.49,,
1970-07-10,,7.54,,
1970-07-13,,7.55,,
1970-07-14,,7.53,,
1970-07-15,,7.49,,
1970-07-16,,7.46,,
1970-07-17,,7.45,,
1970-07-20,,7.46,,
1970-07-21,,7.45,,
1970-07-22,,7.43,,
1970-07-23,,7.32,,
1970-07-24,,7.34,,
1970-07-27,,7.36,,
1970-07-28,,7.41,,
1970-07-29,,7.39,,
1970-07-30,,7.38,,
1970-07-31,,7.38,,
1970-08-03,,7.39,,
1970-08-04,,7.40,,
1970-08-05,,7.42,,
1970-08-06,,7.43,,
1970-08-07,,7.45,,
1970-08-10,,7.50,,
1970-08-11,,7.54,,
1970-08-12,,7.56,,
1970-08-13,,7.58,,
1970-08-14,,7.67,,
1970-08-17,,7.71,,
1970-08-18,,7.68,,
1970-08-19,,7.65,,
1970-08-20,,7.64,,
1970-08-21,,7.60,,
1970-08-24,,7.48,,
1970-08-25,,7.46,,
1970-08-26,,7.45,,
1970-08-27,,7.48,,
1970-08-28,,7.49,,
1970-08-31,,7.49,,
1970-09-01,,7.47,,
1970-09-02,,7.48,,
1970-09-03,,7.48,,
1970-09-04,,7.47,,
1970-09-07,,,,
1970-09-08,,7.50,,
1970-09-09,,7.54,,
1970-09-10,,7.52,,
1970-09-11,,7.50,,
1970-09-14,,7.48,,
1970-09-15,,7.46,,
1970-09-16,,7.40,,
1970-09-17,,7.32,,
1970-09-18,,7.31,,
1970-09-21,,7.29,,
1970-09-22,,7.28,,
1970-09-23,,7.24,,
1970-09-24,,7.26,,
1970-09-25,,7.28,,
1970-09-28,,7.31,,
1970-09-29,,7.30,,
1970-09-30,,7.29,,
1970-10-01,,7.29,,
1970-10-02,,7.26,,
1970-10-05,,7.26,,
1970-10-06,,7.24,,
1970-10-07,,7.23,,
1970-10-08,,7.25,,
1970-10-09,,7.25,,
1970-10-12,,,,
1970-10-13,,7.25,,
1970-10-14,,7.30,,
1970-10-15,,7.30,,
1970-10-16,,7.31,,
1970-10-19,,7.35,,
1970-10-20,,7.37,,
1970-10-21,,7.42,,
1970-10-22,,7.46,,
1970-10-23,,7.44,,
1970-10-26,,7.44,,
1970-10-27,,7.42,,
1970-10-28,,7.38,,
1970-10-29,,7.31,,
1970-10-30,,7.33,,
1970-11-02,,7.24,,
1970-11-03,,,,
1970-11-04,,7.23,,
1970-11-05,,7.20,,
1970-11-06,,7.15,,
1970-11-09,,7.06,,
1970-11-10,,7.06,,
1970-11-11,,,,
1970-11-12,,7.03,,
1970-11-13,,7.00,,
1970-11-16,,6.96,,
1970-11-17,,6.93,,
1970-11-18,,6.86,,
1970-11-19,,6.72,,
1970-11-20,,6.48,,
1970-11-23,,6.32,,
1970-11-24,,6.45,,
1970-11-25,,6.48,,
1970-11-26,,,,
1970-11-27,,6.48,,
1970-11-30,,6.49,,
1970-12-01,,6.48,,
1970-12-02,,6.41,,
1970-12-03,,6.31,,
1970-12-04,,6.21,,
1970-12-07,,6.27,,
1970-12-08,,6.29,,
1970-12-09,,6.34,,
1970-12-10,,6.34,,
1970-12-11,,6.31,,
1970-12-14,,6.26,,
1970-12-15,,6.29,,
1970-12-16,,6.29,,
1970-12-17,,6.30,,
1970-12-18,,6.33,,
1970-12-21,,6.45,,
1970-12-22,,6.52,,
1970-12-23,,6.57,,
1970-12-24,,6.53,,
1970-12-25,,,,
1970-12-28,,6.54,,
1970-12-29,,6.56,,
1970-12-30,,6.51,,
1970-12-31,,6.50,,
1971-01-01,,,,
1971-01-04,,6.46,,
1971-01-05,,6.47,,
1971-01-06,,6.47,,
1971-01-07,,6.45,,
1971-01-08,,6.44,,
1971-01-11,,6.39,,
1971-01-12,,6.35,,
1971-01-13,,6.29,,
1971-01-14,,6.22,,
1971-01-15,,6.22,,
1971-01-18,,6.16,,
1971-01-19,,6.17,,
1971-01-20,,6.15,,
1971-01-21,,6.09,,
1971-01-22,,6.06,,
1971-01-25,,6.05,,
1971-01-26,,6.07,,
1971-01-27,,6.09,,
1971-01-28,,6.08,,
1971-01-29,,6.09,,
1971-02-01,,6.09,,
1971-02-02,,6.11,,
1971-02-03,,6.11,,
1971-02-04,,6.10,,
1971-02-05,,6.10,,
1971-02-08,,6.09,,
1971-02-09,,6.07,,
1971-02-10,,6.08,,
1971-02-11,,6.08,,
1971-02-12,,,,
1971-02-15,,,,
1971-02-16,,6.11,,
1971-02-17,,6.11,,
1971-02-18,,6.11,,
1971-02-19,,6.12,,
1971-02-22,,6.15,,
1971-02-23,,6.18,,
1971-02-24,,6.16,,
1971-02-25,,6.11,,
1971-02-26,,6.14,,
1971-03-01,,6.12,,
1971-03-02,,6.09,,
1971-03-03,,6.05,,
1971-03-04,,6.05,,
1971-03-05,,6.03,,
1971-03-08,,5.99,,
1971-03-09,,5.90,,
1971-03-10,,5.80,,
1971-03-11,,5.69,,
1971-03-12,,5.72,,
1971-03-15,,5.70,,
1971-03-16,,5.68,,
1971-03-17,,5.61,,
1971-03-18,,5.55,,
1971-03-19,,5.51,,
1971-03-22,,5.42,,
1971-03-23,,5.38,,
1971-03-24,,5.41,,
1971-03-25,,5.43,,
1971-03-26,,5.48,,
1971-03-29,,5.54,,
1971-03-30,,5.50,,
1971-03-31,,5.53,,
1971-04-01,,5.58,,
1971-04-02,,5.60,,
1971-04-05,,5.63,,
1971-04-06,,5.60,,
1971-04-07,,5.58,,
1971-04-08,,5.62,,
1971-04-09,,,,
1971-04-12,,5.73,,
1971-04-13,,5.72,,
1971-04-14,,5.77,,
1971-04-15,,5.80,,
1971-04-16,,5.82,,
1971-04-19,,5.88,,
1971-04-20,,5.97,,
1971-04-21,,6.04,,
1971-04-22,,6.02,,
1971-04-23,,6.01,,
1971-04-26,,6.00,,
1971-04-27,,6.00,,
1971-04-28,,5.99,,
1971-04-29,,6.07,,
1971-04-30,,6.08,,
1971-05-03,,6.15,,
1971-05-04,,6.25,,
1971-05-05,,6.26,,
1971-05-06,,6.28,,
1971-05-07,,6.25,,
1971-05-10,,6.22,,
1971-05-11,,6.26,,
1971-05-12,,6.35,,
1971-05-13,,6.47,,
1971-05-14,,6.49,,
1971-05-17,,6.57,,
1971-05-18,,6.65,,
1971-05-19,,6.60,,
1971-05-20,,6.49,,
1971-05-21,,6.53,,
1971-05-24,,6.49,,
1971-05-25,,6.44,,
1971-05-26,,6.37,,
1971-05-27,,6.35,,
1971-05-28,,6.38,,
1971-05-31,,,,
1971-06-01,,6.36,,
1971-06-02,,6.24,,
1971-06-03,,6.19,,
1971-06-04,,6.26,,
1971-06-07,,6.34,,
1971-06-08,,6.38,,
1971-06-09,,6.44,,
1971-06-10,,6.48,,
1971-06-11,,6.50,,
1971-06-14,,6.63,,
1971-06-15,,6.73,,
1971-06-16,,6.68,,
1971-06-17,,6.68,,
1971-06-18,,6.58,,
1971-06-21,,6.53,,
1971-06-22,,6.62,,
1971-06-23,,6.61,,
1971-06-24,,6.61,,
1971-06-25,,6.62,,
1971-06-28,,6.64,,
1971-06-29,,6.67,,
1971-06-30,,6.70,,
1971-07-01,,6.69,,
1971-07-02,,6.69,,
1971-07-05,,,,
1971-07-06,,6.68,,
1971-07-07,,6.66,,
1971-07-08,,6.67,,
1971-07-09,,6.68,,
1971-07-12,,6.60,,
1971-07-13,,6.61,,
1971-07-14,,6.60,,
1971-07-15,,6.59,,
1971-07-16,,6.66,,
1971-07-19,,6.71,,
1971-07-20,,6.70,,
1971-07-21,,6.70,,
1971-07-22,,6.79,,
1971-07-23,,6.84,,
1971-07-26,,6.86,,
1971-07-27,,6.91,,
1971-07-28,,6.95,,
1971-07-29,,6.88,,
1971-07-30,,6.85,,
1971-08-02,,6.86,,
1971-08-03,,6.91,,
1971-08-04,,6.89,,
1971-08-05,,6.86,,
1971-08-06,,6.86,,
1971-08-09,,6.88,,
1971-08-10,,6.89,,
1971-08-11,,6.86,,
1971-08-12,,6.80,,
1971-08-13,,6.68,,
1971-08-16,,6.41,,
1971-08-17,,6.30,,
1971-08-18,,6.35,,
1971-08-19,,6.34,,
1971-08-20,,6.37,,
1971-08-23,,6.48,,
1971-08-24,,6.38,,
1971-08-25,,6.40,,
1971-08-26,,6.37,,
1971-08-27,,6.33,,
1971-08-30,,6.32,,
1971-08-31,,6.28,,
1971-09-01,,6.22,,
1971-09-02,,6.17,,
1971-09-03,,6.12,,
1971-09-06,,,,
1971-09-07,,6.07,,
1971-09-08,,6.08,,
1971-09-09,,6.13,,
1971-09-10,,6.12,,
1971-09-13,,6.20,,
1971-09-14,,6.18,,
1971-09-15,,6.17,,
1971-09-16,,6.14,,
1971-09-17,,6.13,,
1971-09-20,,6.15,,
1971-09-21,,6.17,,
1971-09-22,,6.19,,
1971-09-23,,6.20,,
1971-09-24,,6.16,,
1971-09-27,,6.13,,
1971-09-28,,6.12,,
1971-09-29,,6.08,,
1971-09-30,,6.00,,
1971-10-01,,6.00,,
1971-10-04,,5.98,,
1971-10-05,,6.01,,
1971-10-06,,5.98,,
1971-10-07,,5.97,,
1971-10-08,,5.94,,
1971-10-11,,,,
1971-10-12,,5.88,,
1971-10-13,,5.86,,
1971-10-14,,5.88,,
1971-10-15,,5.90,,
1971-10-18,,5.95,,
1971-10-19,,5.96,,
1971-10-20,,5.92,,
1971-10-21,,5.88,,
1971-10-22,,5.90,,
1971-10-25,,,,
1971-10-26,,5.89,,
1971-10-27,,5.92,,
1971-10-28,,5.90,,
1971-10-29,,5.87,,
1971-11-01,,5.80,,
1971-11-02,,,,
1971-11-03,,5.72,,
1971-11-04,,5.72,,
1971-11-05,,5.72,,
1971-11-08,,5.77,,
1971-11-09,,5.77,,
1971-11-10,,5.82,,
1971-11-11,,5.79,,
1971-11-12,,5.77,,
1971-11-15,,5.77,,
1971-11-16,,5.76,,
1971-11-17,,5.75,,
1971-11-18,,5.77,,
1971-11-19,,5.79,,
1971-11-22,,5.82,,
1971-11-23,,5.89,,
1971-11-24,,5.95,,
1971-11-25,,,,
1971-11-26,,5.94,,
1971-11-29,,5.95,,
1971-11-30,,5.93,,
1971-12-01,,5.92,,
1971-12-02,,5.90,,
1971-12-03,,5.88,,
1971-12-06,,5.88,,
1971-12-07,,5.92,,
1971-12-08,,5.92,,
1971-12-09,,5.94,,
1971-12-10,,5.93,,
1971-12-13,,5.90,,
1971-12-14,,5.94,,
1971-12-15,,5.96,,
1971-12-16,,5.95,,
1971-12-17,,5.93,,
1971-12-20,,5.97,,
1971-12-21,,6.00,,
1971-12-22,,6.01,,
1971-12-23,,5.97,,
1971-12-24,,,,
1971-12-27,,5.91,,
1971-12-28,,5.86,,
1971-12-29,,5.90,,
1971-12-30,,5.90,,
1971-12-31,,5.89,,
1972-01-03,,5.94,,
1972-01-04,,5.93,,
1972-01-05,,5.91,,
1972-01-06,,5.90,,
1972-01-07,,5.88,,
1972-01-10,,5.86,,
1972-01-11,,5.88,,
1972-01-12,,5.88,,
1972-01-13,,5.86,,
1972-01-14,,5.85,,
1972-01-17,,5.89,,
1972-01-18,,5.92,,
1972-01-19,,5.96,,
1972-01-20,,5.98,,
1972-01-21,,5.99,,
1972-01-24,,6.02,,
1972-01-25,,6.02,,
1972-01-26,,6.01,,
1972-01-27,,6.05,,
1972-01-28,,6.08,,
1972-01-31,,6.09,,
1972-02-01,,6.09,,
1972-02-02,,6.08,,
1972-02-03,,6.08,,
1972-02-04,,6.08,,
1972-02-07,,6.09,,
1972-02-08,,6.11,,
1972-02-09,,6.12,,
1972-02-10,,6.11,,
1972-02-11,,6.12,,
1972-02-14,,6.10,,
1972-02-15,,6.10,,
1972-02-16,,6.08,,
1972-02-17,,6.06,,
1972-02-18,,6.06,,
1972-02-21,,,,
1972-02-22,,6.06,,
1972-02-23,,6.07,,
1972-02-24,,6.07,,
1972-02-25,,6.06,,
1972-02-28,,6.04,,
1972-02-29,,6.04,,
1972-03-01,,6.04,,
1972-03-02,,6.03,,
1972-03-03,,6.02,,
1972-03-06,,6.01,,
1972-03-07,,6.02,,
1972-03-08,,6.02,,
1972-03-09,,6.02,,
1972-03-10,,6.03,,
1972-03-13,,6.07,,
1972-03-14,,6.06,,
1972-03-15,,6.11,,
1972-03-16,,6.08,,
1972-03-17,,6.08,,
1972-03-20,,6.09,,
1972-03-21,,6.08,,
1972-03-22,,6.08,,
1972-03-23,,6.10,,
1972-03-24,,6.12,,
1972-03-27,,6.10,,
1972-03-28,,6.11,,
1972-03-29,,6.12,,
1972-03-30,,6.12,,
1972-03-31,,,,
1972-04-03,,6.14,,
1972-04-04,,6.18,,
1972-04-05,,6.18,,
1972-04-06,,6.18,,
1972-04-07,,6.18,,
1972-04-10,,6.17,,
1972-04-11,,6.18,,
1972-04-12,,6.21,,
1972-04-13,,6.25,,
1972-04-14,,6.25,,
1972-04-17,,6.24,,
1972-04-18,,6.24,,
1972-04-19,,6.22,,
1972-04-20,,6.21,,
1972-04-21,,6.20,,
1972-04-24,,6.21,,
1972-04-25,,6.21,,
1972-04-26,,6.19,,
1972-04-27,,6.11,,
1972-04-28,,6.14,,
1972-05-01,,6.14,,
1972-05-02,,6.16,,
1972-05-03,,6.17,,
1972-05-04,,6.17,,
1972-05-05,,6.17,,
1972-05-08,,6.17,,
1972-05-09,,6.20,,
1972-05-10,,6.19,,
1972-05-11,,6.19,,
1972-05-12,,6.16,,
1972-05-15,,6.16,,
1972-05-16,,6.16,,
1972-05-17,,6.15,,
1972-05-18,,6.13,,
1972-05-19,,6.10,,
1972-05-22,,6.07,,
1972-05-23,,6.05,,
1972-05-24,,6.06,,
1972-05-25,,6.04,,
1972-05-26,,6.04,,
1972-05-29,,,,
1972-05-30,,6.05,,
1972-05-31,,6.05,,
1972-06-01,,6.07,,
1972-06-02,,6.09,,
1972-06-05,,6.10,,
1972-06-06,,6.13,,
1972-06-07,,6.12,,
1972-06-08,,6.12,,
1972-06-09,,6.11,,
1972-06-12,,6.10,,
1972-06-13,,6.10,,
1972-06-14,,6.10,,
1972-06-15,,6.10,,
1972-06-16,,6.10,,
1972-06-19,,6.08,,
1972-06-20,,6.08,,
1972-06-21,,6.09,,
1972-06-22,,6.11,,
1972-06-23,,6.10,,
1972-06-26,,6.12,,
1972-06-27,,6.12,,
1972-06-28,,6.12,,
1972-06-29,,6.14,,
1972-06-30,,6.15,,
1972-07-03,,6.14,,
1972-07-04,,,,
1972-07-05,,6.13,,
1972-07-06,,6.13,,
1972-07-07,,6.13,,
1972-07-10,,6.13,,
1972-07-11,,6.13,,
1972-07-12,,6.12,,
1972-07-13,,6.11,,
1972-07-14,,6.10,,
1972-07-17,,6.11,,
1972-07-18,,6.11,,
1972-07-19,,6.09,,
1972-07-20,,6.09,,
1972-07-21,,6.10,,
1972-07-24,,6.10,,
1972-07-25,,6.09,,
1972-07-26,,6.08,,
1972-07-27,,6.13,,
1972-07-28,,6.12,,
1972-07-31,,6.12,,
1972-08-01,,6.14,,
1972-08-02,,6.14,,
1972-08-03,,6.15,,
1972-08-04,,6.16,,
1972-08-07,,6.16,,
1972-08-08,,6.15,,
1972-08-09,,6.14,,
1972-08-10,,6.14,,
1972-08-11,,6.14,,
1972-08-14,,6.16,,
1972-08-15,,6.17,,
1972-08-16,,6.18,,
1972-08-17,,6.20,,
1972-08-18,,6.21,,
1972-08-21,,6.21,,
1972-08-22,,6.20,,
1972-08-23,,6.22,,
1972-08-24,,6.23,,
1972-08-25,,6.26,,
1972-08-28,,6.30,,
1972-08-29,,6.34,,
1972-08-30,,6.42,,
1972-08-31,,6.42,,
1972-09-01,,6.43,,
1972-09-04,,,,
1972-09-05,,6.46,,
1972-09-06,,6.49,,
1972-09-07,,6.52,,
1972-09-08,,6.56,,
1972-09-11,,6.54,,
1972-09-12,,6.54,,
1972-09-13,,6.54,,
1972-09-14,,6.57,,
1972-09-15,,6.56,,
1972-09-18,,6.55,,
1972-09-19,,6.55,,
1972-09-20,,6.56,,
1972-09-21,,6.59,,
1972-09-22,,6.62,,
1972-09-25,,6.62,,
1972-09-26,,6.60,,
1972-09-27,,6.59,,
1972-09-28,,6.56,,
1972-09-29,,6.54,,
1972-10-02,,6.54,,
1972-10-03,,6.54,,
1972-10-04,,6.53,,
1972-10-05,,6.53,,
1972-10-06,,6.52,,
1972-10-09,,,,
1972-10-10,,6.48,,
1972-10-11,,6.47,,
1972-10-12,,6.50,,
1972-10-13,,6.50,,
1972-10-16,,6.49,,
1972-10-17,,6.49,,
1972-10-18,,6.49,,
1972-10-19,,6.48,,
1972-10-20,,6.47,,
1972-10-23,,,,
1972-10-24,,6.45,,
1972-10-25,,6.44,,
1972-10-26,,6.42,,
1972-10-27,,6.42,,
1972-10-30,,6.42,,
1972-10-31,,6.41,,
1972-11-01,,6.39,,
1972-11-02,,6.34,,
1972-11-03,,6.30,,
1972-11-06,,6.27,,
1972-11-07,,,,
1972-11-08,,6.30,,
1972-11-09,,6.30,,
1972-11-10,,6.30,,
1972-11-13,,6.27,,
1972-11-14,,6.26,,
1972-11-15,,6.23,,
1972-11-16,,6.24,,
1972-11-17,,6.24,,
1972-11-20,,6.23,,
1972-11-21,,6.26,,
1972-11-22,,6.27,,
1972-11-23,,,,
1972-11-24,,6.27,,
1972-11-27,,6.30,,
1972-11-28,,6.29,,
1972-11-29,,6.27,,
1972-11-30,,6.28,,
1972-12-01,,6.29,,
1972-12-04,,6.30,,
1972-12-05,,6.31,,
1972-12-06,,6.31,,
1972-12-07,,6.31,,
1972-12-08,,6.32,,
1972-12-11,,6.34,,
1972-12-12,,6.35,,
1972-12-13,,6.35,,
1972-12-14,,6.35,,
1972-12-15,,6.35,,
1972-12-18,,6.38,,
1972-12-19,,6.40,,
1972-12-20,,6.40,,
1972-12-21,,6.40,,
1972-12-22,,6.40,,
1972-12-25,,,,
1972-12-26,,6.39,,
1972-12-27,,6.40,,
1972-12-28,,6.41,,
1972-12-29,,6.41,,
1973-01-01,,,,
1973-01-02,,6.43,,
1973-01-03,,6.42,,
1973-01-04,,6.40,,
1973-01-05,,6.42,,
1973-01-08,,6.43,,
1973-01-09,,6.42,,
1973-01-10,,6.43,,
1973-01-11,,6.43,,
1973-01-12,,6.44,,
1973-01-15,,6.44,,
1973-01-16,,6.44,,
1973-01-17,,6.45,,
1973-01-18,,6.46,,
1973-01-19,,6.49,,
1973-01-22,,6.50,,
1973-01-23,,6.48,,
1973-01-24,,6.49,,
1973-01-25,,6.51,,
1973-01-26,,6.53,,
1973-01-29,,6.55,,
1973-01-30,,6.52,,
1973-01-31,,6.54,,
1973-02-01,,6.60,,
1973-02-02,,6.64,,
1973-02-05,,6.64,,
1973-02-06,,6.64,,
1973-02-07,,6.64,,
1973-02-08,,6.66,,
1973-02-09,,6.63,,
1973-02-12,,,,
1973-02-13,,6.61,,
1973-02-14,,6.62,,
1973-02-15,,6.62,,
1973-02-16,,6.63,,
1973-02-19,,,,
1973-02-20,,6.66,,
1973-02-21,,6.66,,
1973-02-22,,6.65,,
1973-02-23,,6.61,,
1973-02-26,,6.65,,
1973-02-27,,6.64,,
1973-02-28,,6.64,,
1973-03-01,,6.65,,
1973-03-02,,6.67,,
1973-03-05,,6.68,,
1973-03-06,,6.68,,
1973-03-07,,6.66,,
1973-03-08,,6.67,,
1973-03-09,,6.68,,
1973-03-12,,6.68,,
1973-03-13,,6.70,,
1973-03-14,,6.71,,
1973-03-15,,6.73,,
1973-03-16,,6.77,,
1973-03-19,,6.75,,
1973-03-20,,6.76,,
1973-03-21,,6.76,,
1973-03-22,,6.76,,
1973-03-23,,6.76,,
1973-03-26,,6.73,,
1973-03-27,,6.72,,
1973-03-28,,6.67,,
1973-03-29,,6.68,,
1973-03-30,,6.73,,
1973-04-02,,6.74,,
1973-04-03,,6.73,,
1973-04-04,,6.70,,
1973-04-05,,6.68,,
1973-04-06,,6.64,,
1973-04-09,,6.62,,
1973-04-10,,6.64,,
1973-04-11,,6.65,,
1973-04-12,,6.66,,
1973-04-13,,6.63,,
1973-04-16,,6.62,,
1973-04-17,,6.64,,
1973-04-18,,6.64,,
1973-04-19,,6.66,,
1973-04-20,,,,
1973-04-23,,6.73,,
1973-04-24,,6.66,,
1973-04-25,,6.66,,
1973-04-26,,6.68,,
1973-04-27,,6.69,,
1973-04-30,,6.70,,
1973-05-01,,6.72,,
1973-05-02,,6.76,,
1973-05-03,,6.77,,
1973-05-04,,6.79,,
1973-05-07,,6.81,,
1973-05-08,,6.80,,
1973-05-09,,6.80,,
1973-05-10,,6.81,,
1973-05-11,,6.82,,
1973-05-14,,6.83,,
1973-05-15,,6.86,,
1973-05-16,,6.84,,
1973-05-17,,6.85,,
1973-05-18,,6.86,,
1973-05-21,,6.89,,
1973-05-22,,6.90,,
1973-05-23,,6.92,,
1973-05-24,,6.91,,
1973-05-25,,6.91,,
1973-05-28,,,,
1973-05-29,,6.93,,
1973-05-30,,6.93,,
1973-05-31,,6.93,,
1973-06-01,,6.96,,
1973-06-04,,6.98,,
1973-06-05,,6.95,,
1973-06-06,,6.89,,
1973-06-07,,6.89,,
1973-06-08,,6.87,,
1973-06-11,,6.87,,
1973-06-12,,6.86,,
1973-06-13,,6.85,,
1973-06-14,,6.85,,
1973-06-15,,6.86,,
1973-06-18,,6.87,,
1973-06-19,,6.87,,
1973-06-20,,6.89,,
1973-06-21,,6.89,,
1973-06-22,,6.91,,
1973-06-25,,6.93,,
1973-06-26,,6.93,,
1973-06-27,,6.92,,
1973-06-28,,6.92,,
1973-06-29,,6.94,,
1973-07-02,,7.01,,
1973-07-03,,7.01,,
1973-07-04,,,,
1973-07-05,,7.01,,
1973-07-06,,7.03,,
1973-07-09,,7.05,,
1973-07-10,,7.05,,
1973-07-11,,7.05,,
1973-07-12,,7.04,,
1973-07-13,,7.05,,
1973-07-16,,7.06,,
1973-07-17,,7.06,,
1973-07-18,,7.07,,
1973-07-19,,7.11,,
1973-07-20,,7.17,,
1973-07-23,,7.17,,
1973-07-24,,7.19,,
1973-07-25,,7.19,,
1973-07-26,,7.28,,
1973-07-27,,7.35,,
1973-07-30,,7.37,,
1973-07-31,,7.43,,
1973-08-01,,7.55,,
1973-08-02,,7.52,,
1973-08-03,,7.53,,
1973-08-06,,7.54,,
1973-08-07,,7.58,,
1973-08-08,,7.52,,
1973-08-09,,7.54,,
1973-08-10,,7.52,,
1973-08-13,,7.47,,
1973-08-14,,7.46,,
1973-08-15,,7.45,,
1973-08-16,,7.37,,
1973-08-17,,7.28,,
1973-08-20,,7.38,,
1973-08-21,,7.36,,
1973-08-22,,7.39,,
1973-08-23,,7.31,,
1973-08-24,,7.23,,
1973-08-27,,7.26,,
1973-08-28,,7.29,,
1973-08-29,,7.26,,
1973-08-30,,7.25,,
1973-08-31,,7.25,,
1973-09-03,,,,
1973-09-04,,7.21,,
1973-09-05,,7.11,,
1973-09-06,,7.10,,
1973-09-07,,7.11,,
1973-09-10,,7.16,,
1973-09-11,,7.19,,
1973-09-12,,7.20,,
1973-09-13,,7.21,,
1973-09-14,,7.21,,
1973-09-17,,7.16,,
1973-09-18,,7.08,,
1973-09-19,,7.10,,
1973-09-20,,7.09,,
1973-09-21,,7.02,,
1973-09-24,,7.00,,
1973-09-25,,6.96,,
1973-09-26,,6.97,,
1973-09-27,,6.94,,
1973-09-28,,6.90,,
1973-10-01,,6.91,,
1973-10-02,,6.89,,
1973-10-03,,6.90,,
1973-10-04,,6.88,,
1973-10-05,,6.86,,
1973-10-08,,,,
1973-10-09,,6.78,,
1973-10-10,,6.77,,
1973-10-11,,6.78,,
1973-10-12,,6.75,,
1973-10-15,,6.77,,
1973-10-16,,6.81,,
1973-10-17,,6.82,,
1973-10-18,,6.81,,
1973-10-19,,6.80,,
1973-10-22,,,,
1973-10-23,,6.80,,
1973-10-24,,6.75,,
1973-10-25,,6.73,,
1973-10-26,,6.72,,
1973-10-29,,6.72,,
1973-10-30,,6.72,,
1973-10-31,,6.71,,
1973-11-01,,6.71,,
1973-11-02,,6.72,,
1973-11-05,,6.74,,
1973-11-06,,,,
1973-11-07,,6.76,,
1973-11-08,,6.77,,
1973-11-09,,6.76,,
1973-11-12,,6.76,,
1973-11-13,,6.76,,
1973-11-14,,6.79,,
1973-11-15,,6.76,,
1973-11-16,,6.72,,
1973-11-19,,6.71,,
1973-11-20,,6.72,,
1973-11-21,,6.71,,
1973-11-22,,,,
1973-11-23,,6.70,,
1973-11-26,,6.69,,
1973-11-27,,6.70,,
1973-11-28,,6.70,,
1973-11-29,,6.70,,
1973-11-30,,6.69,,
1973-12-03,,6.69,,
1973-12-04,,6.69,,
1973-12-05,,6.72,,
1973-12-06,,6.75,,
1973-12-07,,6.74,,
1973-12-10,,6.71,,
1973-12-11,,6.69,,
1973-12-12,,6.69,,
1973-12-13,,6.68,,
1973-12-14,,6.68,,
1973-12-17,,6.67,,
1973-12-18,,6.68,,
1973-12-19,,6.71,,
1973-12-20,,6.73,,
1973-12-21,,6.78,,
1973-12-24,,,,
1973-12-25,,,,
1973-12-26,,6.83,,
1973-12-27,,6.88,,
1973-12-28,,6.91,,
1973-12-31,,6.90,,
1974-01-01,,,,
1974-01-02,,6.94,,
1974-01-03,,6.96,,
1974-01-04,,6.94,,
1974-01-07,,6.96,,
1974-01-08,,6.96,,
1974-01-09,,6.96,,
1974-01-10,,7.00,,
1974-01-11,,7.01,,
1974-01-14,,7.01,,
1974-01-15,,6.99,,
1974-01-16,,6.99,,
1974-01-17,,6.97,,
1974-01-18,,6.98,,
1974-01-21,,6.99,,
1974-01-22,,7.00,,
1974-01-23,,7.01,,
1974-01-24,,7.02,,
1974-01-25,,7.02,,
1974-01-28,,7.01,,
1974-01-29,,7.02,,
1974-01-30,,7.01,,
1974-01-31,,7.00,,
1974-02-01,,7.00,,
1974-02-04,,6.98,,
1974-02-05,,6.95,,
1974-02-06,,6.93,,
1974-02-07,,6.93,,
1974-02-08,,6.93,,
1974-02-11,,6.93,,
1974-02-12,,,,
1974-02-13,,6.93,,
1974-02-14,,6.93,,
1974-02-15,,6.93,,
1974-02-18,,,,
1974-02-19,,6.93,,
1974-02-20,,6.96,,
1974-02-21,,6.98,,
1974-02-22,,6.97,,
1974-02-25,,6.96,,
1974-02-26,,6.98,,
1974-02-27,,7.00,,
1974-02-28,,7.01,,
1974-03-01,,7.08,,
1974-03-04,,7.09,,
1974-03-05,,7.10,,
1974-03-06,,7.09,,
1974-03-07,,7.06,,
1974-03-08,,7.06,,
1974-03-11,,7.08,,
1974-03-12,,7.09,,
1974-03-13,,7.13,,
1974-03-14,,7.13,,
1974-03-15,,7.18,,
1974-03-18,,7.23,,
1974-03-19,,7.24,,
1974-03-20,,7.27,,
1974-03-21,,7.30,,
1974-03-22,,7.35,,
1974-03-25,,7.39,,
1974-03-26,,7.38,,
1974-03-27,,7.35,,
1974-03-28,,7.38,,
1974-03-29,,7.41,,
1974-04-01,,7.42,,
1974-04-02,,7.43,,
1974-04-03,,7.43,,
1974-04-04,,7.51,,
1974-04-05,,7.54,,
1974-04-08,,7.50,,
1974-04-09,,7.49,,
1974-04-10,,7.46,,
1974-04-11,,7.45,,
1974-04-12,,,,
1974-04-15,,7.42,,
1974-04-16,,7.43,,
1974-04-17,,7.45,,
1974-04-18,,7.50,,
1974-04-19,,7.51,,
1974-04-22,,7.52,,
1974-04-23,,7.54,,
1974-04-24,,7.58,,
1974-04-25,,7.63,,
1974-04-26,,7.64,,
1974-04-29,,7.65,,
1974-04-30,,7.66,,
1974-05-01,,7.62,,
1974-05-02,,7.58,,
1974-05-03,,7.65,,
1974-05-06,,7.65,,
1974-05-07,,7.65,,
1974-05-08,,7.65,,
1974-05-09,,7.70,,
1974-05-10,,7.63,,
1974-05-13,,7.54,,
1974-05-14,,7.57,,
1974-05-15,,7.55,,
1974-05-16,,7.54,,
1974-05-17,,7.57,,
1974-05-20,,7.58,,
1974-05-21,,7.57,,
1974-05-22,,7.56,,
1974-05-23,,7.52,,
1974-05-24,,7.49,,
1974-05-27,,,,
1974-05-28,,7.50,,
1974-05-29,,7.52,,
1974-05-30,,7.51,,
1974-05-31,,7.52,,
1974-06-03,,7.53,,
1974-06-04,,7.52,,
1974-06-05,,7.52,,
1974-06-06,,7.50,,
1974-06-07,,7.46,,
1974-06-10,,7.47,,
1974-06-11,,7.48,,
1974-06-12,,7.50,,
1974-06-13,,7.50,,
1974-06-14,,7.50,,
1974-06-17,,7.49,,
1974-06-18,,7.52,,
1974-06-19,,7.52,,
1974-06-20,,7.55,,
1974-06-21,,7.55,,
1974-06-24,,7.58,,
1974-06-25,,7.62,,
1974-06-26,,7.62,,
1974-06-27,,7.64,,
1974-06-28,,7.64,,
1974-07-01,,7.65,,
1974-07-02,,7.65,,
1974-07-03,,7.70,,
1974-07-04,,,,
1974-07-05,,7.71,,
1974-07-08,,7.77,,
1974-07-09,,7.81,,
1974-07-10,,7.82,,
1974-07-11,,7.84,,
1974-07-12,,7.85,,
1974-07-15,,7.86,,
1974-07-16,,7.88,,
1974-07-17,,7.91,,
1974-07-18,,7.90,,
1974-07-19,,7.87,,
1974-07-22,,7.77,,
1974-07-23,,7.79,,
1974-07-24,,7.76,,
1974-07-25,,7.75,,
1974-07-26,,7.79,,
1974-07-29,,7.85,,
1974-07-30,,7.89,,
1974-07-31,,7.89,,
1974-08-01,,7.92,,
1974-08-02,,7.96,,
1974-08-05,,7.99,,
1974-08-06,,7.97,,
1974-08-07,,7.97,,
1974-08-08,,7.97,,
1974-08-09,,8.03,,
1974-08-12,,8.05,,
1974-08-13,,8.06,,
1974-08-14,,8.05,,
1974-08-15,,8.02,,
1974-08-16,,8.00,,
1974-08-19,,7.98,,
1974-08-20,,7.99,,
1974-08-21,,8.05,,
1974-08-22,,8.09,,
1974-08-23,,8.15,,
1974-08-26,,8.16,,
1974-08-27,,8.15,,
1974-08-28,,8.15,,
1974-08-29,,8.15,,
1974-08-30,,8.11,,
1974-09-02,,,,
1974-09-03,,8.11,,
1974-09-04,,8.12,,
1974-09-05,,8.10,,
1974-09-06,,8.09,,
1974-09-09,,8.02,,
1974-09-10,,8.04,,
1974-09-11,,8.05,,
1974-09-12,,8.13,,
1974-09-13,,8.13,,
1974-09-16,,8.10,,
1974-09-17,,8.09,,
1974-09-18,,8.08,,
1974-09-19,,8.04,,
1974-09-20,,8.02,,
1974-09-23,,7.91,,
1974-09-24,,7.94,,
1974-09-25,,7.94,,
1974-09-26,,7.96,,
1974-09-27,,7.94,,
1974-09-30,,7.94,,
1974-10-01,,7.97,,
1974-10-02,,7.98,,
1974-10-03,,8.04,,
1974-10-04,,8.02,,
1974-10-07,,8.01,,
1974-10-08,,7.95,,
1974-10-09,,7.95,,
1974-10-10,,7.93,,
1974-10-11,,7.88,,
1974-10-14,,,,
1974-10-15,,7.87,,
1974-10-16,,7.87,,
1974-10-17,,7.88,,
1974-10-18,,7.86,,
1974-10-21,,7.81,,
1974-10-22,,7.81,,
1974-10-23,,7.85,,
1974-10-24,,7.87,,
1974-10-25,,7.86,,
1974-10-28,,7.88,,
1974-10-29,,7.84,,
1974-10-30,,7.81,,
1974-10-31,,7.79,,
1974-11-01,,7.80,,
1974-11-04,,7.80,,
1974-11-05,,,,
1974-11-06,,7.76,,
1974-11-07,,7.74,,
1974-11-08,,7.72,,
1974-11-11,,,,
1974-11-12,,7.78,,
1974-11-13,,7.75,,
1974-11-14,,7.72,,
1974-11-15,,7.61,,
1974-11-18,,7.63,,
1974-11-19,,7.63,,
1974-11-20,,7.59,,
1974-11-21,,7.60,,
1974-11-22,,7.60,,
1974-11-25,,7.62,,
1974-11-26,,7.63,,
1974-11-27,,7.64,,
1974-11-28,,,,
1974-11-29,,7.64,,
1974-12-02,,7.71,,
1974-12-03,,7.74,,
1974-12-04,,7.68,,
1974-12-05,,7.64,,
1974-12-06,,7.59,,
1974-12-09,,7.40,,
1974-12-10,,7.42,,
1974-12-11,,7.38,,
1974-12-12,,7.39,,
1974-12-13,,7.38,,
1974-12-16,,7.34,,
1974-12-17,,7.28,,
1974-12-18,,7.25,,
1974-12-19,,7.25,,
1974-12-20,,7.27,,
1974-12-23,,7.41,,
1974-12-24,,7.43,,
1974-12-25,,,,
1974-12-26,,7.37,,
1974-12-27,,7.39,,
1974-12-30,,7.39,,
1974-12-31,,7.40,,
1975-01-01,,,,
1975-01-02,,7.42,,
1975-01-03,,7.43,,
1975-01-06,,7.39,,
1975-01-07,,7.38,,
1975-01-08,,7.39,,
1975-01-09,,7.35,,
1975-01-10,,7.37,,
1975-01-13,,7.46,,
1975-01-14,,7.49,,
1975-01-15,,7.54,,
1975-01-16,,7.54,,
1975-01-17,,7.53,,
1975-01-20,,7.59,,
1975-01-21,,7.55,,
1975-01-22,,7.51,,
1975-01-23,,7.57,,
1975-01-24,,7.64,,
1975-01-27,,7.61,,
1975-01-28,,7.61,,
1975-01-29,,7.59,,
1975-01-30,,7.54,,
1975-01-31,,7.53,,
1975-02-03,,7.49,,
1975-02-04,,7.47,,
1975-02-05,,7.35,,
1975-02-06,,7.43,,
1975-02-07,,7.38,,
1975-02-10,,7.45,,
1975-02-11,,7.42,,
1975-02-12,,,,
1975-02-13,,7.44,,
1975-02-14,,7.35,,
1975-02-17,,,,
1975-02-18,,7.28,,
1975-02-19,,7.26,,
1975-02-20,,7.30,,
1975-02-21,,7.22,,
1975-02-24,,7.36,,
1975-02-25,,7.43,,
1975-02-26,,7.50,,
1975-02-27,,7.47,,
1975-02-28,,7.46,,
1975-03-03,,7.50,,
1975-03-04,,7.53,,
1975-03-05,,7.48,,
1975-03-06,,7.49,,
1975-03-07,,7.52,,
1975-03-10,,7.56,,
1975-03-11,,7.58,,
1975-03-12,,7.58,,
1975-03-13,,7.56,,
1975-03-14,,7.58,,
1975-03-17,,7.70,,
1975-03-18,,7.70,,
1975-03-19,,7.80,,
1975-03-20,,7.95,,
1975-03-21,,7.84,,
1975-03-24,,8.05,,
1975-03-25,,8.03,,
1975-03-26,,8.02,,
1975-03-27,,8.08,,
1975-03-28,,,,
1975-03-31,,8.01,,
1975-04-01,,8.08,,
1975-04-02,,8.22,,
1975-04-03,,8.13,,
1975-04-04,,8.15,,
1975-04-07,,8.26,,
1975-04-08,,8.21,,
1975-04-09,,8.17,,
1975-04-10,,8.19,,
1975-04-11,,8.22,,
1975-04-14,,8.16,,
1975-04-15,,8.16,,
1975-04-16,,8.15,,
1975-04-17,,8.21,,
1975-04-18,,8.27,,
1975-04-21,,8.32,,
1975-04-22,,8.32,,
1975-04-23,,8.27,,
1975-04-24,,8.25,,
1975-04-25,,8.25,,
1975-04-28,,8.35,,
1975-04-29,,8.34,,
1975-04-30,,8.31,,
1975-05-01,,8.31,,
1975-05-02,,8.11,,
1975-05-05,,8.08,,
1975-05-06,,8.11,,
1975-05-07,,8.07,,
1975-05-08,,8.09,,
1975-05-09,,8.08,,
1975-05-12,,8.07,,
1975-05-13,,8.06,,
1975-05-14,,8.02,,
1975-05-15,,8.02,,
1975-05-16,,8.01,,
1975-05-19,,8.00,,
1975-05-20,,7.98,,
1975-05-21,,7.98,,
1975-05-22,,8.02,,
1975-05-23,,8.02,,
1975-05-26,,,,
1975-05-27,,7.98,,
1975-05-28,,8.02,,
1975-05-29,,8.18,,
1975-05-30,,8.04,,
1975-06-02,,8.02,,
1975-06-03,,8.00,,
1975-06-04,,7.99,,
1975-06-05,,7.97,,
1975-06-06,,7.88,,
1975-06-09,,7.78,,
1975-06-10,,7.77,,
1975-06-11,,7.65,,
1975-06-12,,7.67,,
1975-06-13,,7.69,,
1975-06-16,,7.66,,
1975-06-17,,7.72,,
1975-06-18,,7.83,,
1975-06-19,,7.80,,
1975-06-20,,7.94,,
1975-06-23,,7.90,,
1975-06-24,,7.90,,
1975-06-25,,8.02,,
1975-06-26,,7.98,,
1975-06-27,,7.95,,
1975-06-30,,7.96,,
1975-07-01,,7.97,,
1975-07-02,,8.05,,
1975-07-03,,8.05,,
1975-07-04,,,,
1975-07-07,,8.06,,
1975-07-08,,8.01,,
1975-07-09,,8.02,,
1975-07-10,,8.02,,
1975-07-11,,7.99,,
1975-07-14,,7.99,,
1975-07-15,,7.98,,
1975-07-16,,8.03,,
1975-07-17,,8.04,,
1975-07-18,,8.06,,
1975-07-21,,8.07,,
1975-07-22,,8.10,,
1975-07-23,,8.09,,
1975-07-24,,8.09,,
1975-07-25,,8.12,,
1975-07-28,,8.12,,
1975-07-29,,8.13,,
1975-07-30,,8.16,,
1975-07-31,,8.20,,
1975-08-01,,8.26,,
1975-08-04,,8.37,,
1975-08-05,,8.37,,
1975-08-06,,8.40,,
1975-08-07,,8.48,,
1975-08-08,,8.40,,
1975-08-11,,8.38,,
1975-08-12,,8.40,,
1975-08-13,,8.39,,
1975-08-14,,8.45,,
1975-08-15,,8.48,,
1975-08-18,,8.46,,
1975-08-19,,8.42,,
1975-08-20,,8.42,,
1975-08-21,,8.48,,
1975-08-22,,8.46,,
1975-08-25,,8.46,,
1975-08-26,,8.40,,
1975-08-27,,8.37,,
1975-08-28,,8.28,,
1975-08-29,,8.22,,
1975-09-01,,,,
1975-09-02,,8.26,,
1975-09-03,,8.29,,
1975-09-04,,8.29,,
1975-09-05,,8.35,,
1975-09-08,,8.36,,
1975-09-09,,8.40,,
1975-09-10,,8.46,,
1975-09-11,,8.55,,
1975-09-12,,8.57,,
1975-09-15,,8.58,,
1975-09-16,,8.59,,
1975-09-17,,8.53,,
1975-09-18,,8.50,,
1975-09-19,,8.42,,
1975-09-22,,8.38,,
1975-09-23,,8.35,,
1975-09-24,,8.31,,
1975-09-25,,8.38,,
1975-09-26,,8.45,,
1975-09-29,,8.46,,
1975-09-30,,8.48,,
1975-10-01,,8.47,,
1975-10-02,,8.44,,
1975-10-03,,8.33,,
1975-10-06,,8.30,,
1975-10-07,,8.33,,
1975-10-08,,8.30,,
1975-10-09,,8.23,,
1975-10-10,,8.15,,
1975-10-13,,,,
1975-10-14,,8.19,,
1975-10-15,,8.19,,
1975-10-16,,8.07,,
1975-10-17,,8.07,,
1975-10-20,,8.07,,
1975-10-21,,8.05,,
1975-10-22,,8.05,,
1975-10-23,,7.99,,
1975-10-24,,8.00,,
1975-10-27,,8.00,,
1975-10-28,,7.99,,
1975-10-29,,7.98,,
1975-10-30,,7.92,,
1975-10-31,,7.91,,
1975-11-03,,7.97,,
1975-11-04,,,,
1975-11-05,,7.91,,
1975-11-06,,7.94,,
1975-11-07,,7.91,,
1975-11-10,,7.90,,
1975-11-11,,,,
1975-11-12,,7.95,,
1975-11-13,,7.97,,
1975-11-14,,8.06,,
1975-11-17,,8.08,,
1975-11-18,,8.13,,
1975-11-19,,8.14,,
1975-11-20,,8.12,,
1975-11-21,,8.21,,
1975-11-24,,8.16,,
1975-11-25,,8.16,,
1975-11-26,,8.15,,
1975-11-27,,,,
1975-11-28,,8.14,,
1975-12-01,,8.12,,
1975-12-02,,8.10,,
1975-12-03,,8.10,,
1975-12-04,,8.15,,
1975-12-05,,8.13,,
1975-12-08,,8.19,,
1975-12-09,,8.23,,
1975-12-10,,8.23,,
1975-12-11,,8.16,,
1975-12-12,,8.12,,
1975-12-15,,8.06,,
1975-12-16,,8.00,,
1975-12-17,,7.95,,
1975-12-18,,7.96,,
1975-12-19,,7.88,,
1975-12-22,,7.87,,
1975-12-23,,7.87,,
1975-12-24,,7.82,,
1975-12-25,,,,
1975-12-26,,7.75,,
1975-12-29,,7.75,,
1975-12-30,,7.73,,
1975-12-31,,7.76,,
1976-01-01,,,,
1976-01-02,,7.77,,
1976-01-05,,7.74,,
1976-01-06,,7.64,,
1976-01-07,,7.69,,
1976-01-08,,7.74,,
1976-01-09,,7.64,,
1976-01-12,,7.63,,
1976-01-13,,7.64,,
1976-01-14,,7.71,,
1976-01-15,,7.73,,
1976-01-16,,7.79,,
1976-01-19,,7.76,,
1976-01-20,,7.71,,
1976-01-21,,7.78,,
1976-01-22,,7.80,,
1976-01-23,,7.78,,
1976-01-26,,7.79,,
1976-01-27,,7.80,,
1976-01-28,,7.83,,
1976-01-29,,7.82,,
1976-01-30,,7.80,,
1976-02-02,,7.80,,
1976-02-03,,7.82,,
1976-02-04,,7.85,,
1976-02-05,,7.83,,
1976-02-06,,7.88,,
1976-02-09,,7.86,,
1976-02-10,,7.88,,
1976-02-11,,7.85,,
1976-02-12,,,,
1976-02-13,,7.82,,
1976-02-16,,,,
1976-02-17,,7.78,,
1976-02-18,,7.79,,
1976-02-19,,7.80,,
1976-02-20,,7.77,,
1976-02-23,,7.72,,
1976-02-24,,7.69,,
1976-02-25,,7.68,,
1976-02-26,,7.68,,
1976-02-27,,7.77,,
1976-03-01,,7.86,,
1976-03-02,,7.82,,
1976-03-03,,7.82,,
1976-03-04,,7.85,,
1976-03-05,,7.80,,
1976-03-08,,7.76,,
1976-03-09,,7.78,,
1976-03-10,,7.76,,
1976-03-11,,7.77,,
1976-03-12,,7.71,,
1976-03-15,,7.74,,
1976-03-16,,7.76,,
1976-03-17,,7.76,,
1976-03-18,,7.73,,
1976-03-19,,7.74,,
1976-03-22,,7.68,,
1976-03-23,,7.67,,
1976-03-24,,7.65,,
1976-03-25,,7.64,,
1976-03-26,,7.64,,
1976-03-29,,7.64,,
1976-03-30,,7.65,,
1976-03-31,,7.66,,
1976-04-01,,7.68,,
1976-04-02,,7.67,,
1976-04-05,,7.62,,
1976-04-06,,7.59,,
1976-04-07,,7.56,,
1976-04-08,,7.55,,
1976-04-09,,7.52,,
1976-04-12,,7.52,,
1976-04-13,,7.50,,
1976-04-14,,7.47,,
1976-04-15,,7.47,,
1976-04-16,,,,
1976-04-19,,7.51,,
1976-04-20,,7.50,,
1976-04-21,,7.47,,
1976-04-22,,7.52,,
1976-04-23,,7.59,,
1976-04-26,,7.61,,
1976-04-27,,7.62,,
1976-04-28,,7.60,,
1976-04-29,,7.61,,
1976-04-30,,7.67,,
1976-05-03,,7.69,,
1976-05-04,,7.66,,
1976-05-05,,7.68,,
1976-05-06,,7.78,,
1976-05-07,,7.87,,
1976-05-10,,7.92,,
1976-05-11,,7.92,,
1976-05-12,,7.94,,
1976-05-13,,7.92,,
1976-05-14,,7.93,,
1976-05-17,,7.94,,
1976-05-18,,7.94,,
1976-05-19,,7.94,,
1976-05-20,,7.95,,
1976-05-21,,8.00,,
1976-05-24,,7.98,,
1976-05-25,,7.94,,
1976-05-26,,7.95,,
1976-05-27,,7.99,,
1976-05-28,,7.96,,
1976-05-31,,,,
1976-06-01,7.26,7.94,,0.68
1976-06-02,7.23,7.94,,0.71
1976-06-03,7.22,7.92,,0.70
1976-06-04,7.12,7.89,,0.77
1976-06-07,7.09,7.88,,0.79
1976-06-08,7.11,7.90,,0.79
1976-06-09,7.08,7.90,,0.82
1976-06-10,7.00,7.86,,0.86
1976-06-11,7.03,7.86,,0.83
1976-06-14,7.01,7.84,,0.83
1976-06-15,7.02,7.85,,0.83
1976-06-16,7.06,7.87,,0.81
1976-06-17,7.06,7.85,,0.79
1976-06-18,6.99,7.81,,0.82
1976-06-21,6.95,7.80,,0.85
1976-06-22,7.01,7.81,,0.80
1976-06-23,7.01,7.81,,0.80
1976-06-24,6.99,7.81,,0.82
1976-06-25,7.02,7.83,,0.81
1976-06-28,7.02,7.86,,0.84
1976-06-29,7.02,7.86,,0.84
1976-06-30,7.02,7.86,,0.84
1976-07-01,7.02,7.88,,0.86
1976-07-02,6.99,7.84,,0.85
1976-07-05,,,,
1976-07-06,6.96,7.82,,0.86
1976-07-07,6.99,7.84,,0.85
1976-07-08,6.92,7.82,,0.90
1976-07-09,6.77,7.78,,1.01
1976-07-12,6.72,7.76,,1.04
1976-07-13,6.74,7.77,,1.03
1976-07-14,6.76,7.79,,1.03
1976-07-15,6.72,7.77,,1.05
1976-07-16,6.85,7.83,,0.98
1976-07-19,6.89,7.86,,0.97
1976-07-20,6.91,7.87,,0.96
1976-07-21,6.90,7.86,,0.96
1976-07-22,6.91,7.86,,0.95
1976-07-23,6.90,7.84,,0.94
1976-07-26,6.86,7.87,,1.01
1976-07-27,6.76,7.85,,1.09
1976-07-28,6.79,7.85,,1.06
1976-07-29,6.75,7.85,,1.10
1976-07-30,6.74,7.86,,1.12
1976-08-02,6.75,7.85,,1.10
1976-08-03,6.72,7.82,,1.10
1976-08-04,6.73,7.81,,1.08
1976-08-05,6.74,7.82,,1.08
1976-08-06,6.71,7.84,,1.13
1976-08-09,6.68,7.84,,1.16
1976-08-10,6.68,7.84,,1.16
1976-08-11,6.66,7.82,,1.16
1976-08-12,6.64,7.81,,1.17
1976-08-13,6.60,7.78,,1.18
1976-08-16,6.57,7.74,,1.17
1976-08-17,6.57,7.75,,1.18
1976-08-18,6.59,7.76,,1.17
1976-08-19,6.61,7.76,,1.15
1976-08-20,6.68,7.76,,1.08
1976-08-23,6.62,7.73,,1.11
1976-08-24,6.60,7.72,,1.12
1976-08-25,6.53,7.69,,1.16
1976-08-26,6.54,7.68,,1.14
1976-08-27,6.60,7.72,,1.12
1976-08-30,6.57,7.71,,1.14
1976-08-31,6.50,7.66,,1.16
1976-09-01,6.50,7.64,,1.14
1976-09-02,6.54,7.67,,1.13
1976-09-03,6.52,7.65,,1.13
1976-09-06,,,,
1976-09-07,6.46,7.64,,1.18
1976-09-08,6.44,7.64,,1.20
1976-09-09,6.49,7.66,,1.17
1976-09-10,6.46,7.64,,1.18
1976-09-13,6.47,7.64,,1.17
1976-09-14,6.49,7.64,,1.15
1976-09-15,6.45,7.62,,1.17
1976-09-16,6.41,7.60,,1.19
1976-09-17,6.26,7.49,,1.23
1976-09-20,6.34,7.52,,1.18
1976-09-21,6.30,7.51,,1.21
1976-09-22,6.36,7.53,,1.17
1976-09-23,6.35,7.54,,1.19
1976-09-24,6.44,7.58,,1.14
1976-09-27,6.41,7.60,,1.19
1976-09-28,6.36,7.56,,1.20
1976-09-29,6.36,7.56,,1.20
1976-09-30,6.33,7.55,,1.22
1976-10-01,6.24,7.49,,1.25
1976-10-04,6.19,7.46,,1.27
1976-10-05,6.19,7.47,,1.28
1976-10-06,6.11,7.44,,1.33
1976-10-07,6.09,7.43,,1.34
1976-10-08,5.87,7.38,,1.51
1976-10-11,,,,
1976-10-12,5.80,7.35,,1.55
1976-10-13,5.82,7.35,,1.53
1976-10-14,5.81,7.34,,1.53
1976-10-15,5.75,7.31,,1.56
1976-10-18,5.77,7.31,,1.54
1976-10-19,5.85,7.35,,1.50
1976-10-20,5.95,7.38,,1.43
1976-10-21,5.98,7.39,,1.41
1976-10-22,6.07,7.48,,1.41
1976-10-25,6.11,7.53,,1.42
1976-10-26,6.05,7.48,,1.43
1976-10-27,6.01,7.45,,1.44
1976-10-28,5.99,7.41,,1.42
1976-10-29,6.03,7.42,,1.39
1976-11-01,6.03,7.38,,1.35
1976-11-02,,,,
1976-11-03,6.07,7.44,,1.37
1976-11-04,5.95,7.38,,1.43
1976-11-05,6.01,7.41,,1.40
1976-11-08,6.04,7.46,,1.42
1976-11-09,6.07,7.46,,1.39
1976-11-10,6.03,7.45,,1.42
1976-11-11,,,,
1976-11-12,6.01,7.43,,1.42
1976-11-15,6.00,7.41,,1.41
1976-11-16,5.86,7.33,,1.47
1976-11-17,5.82,7.32,,1.50
1976-11-18,5.83,7.33,,1.50
1976-11-19,5.67,7.24,,1.57
1976-11-22,5.56,7.17,,1.61
1976-11-23,5.59,7.16,,1.57
1976-11-24,5.56,7.14,,1.58
1976-11-25,,,,
1976-11-26,5.41,6.99,,1.58
1976-11-29,5.46,7.02,,1.56
1976-11-30,5.42,7.01,,1.59
1976-12-01,5.40,6.97,,1.57
1976-12-02,5.34,6.92,,1.58
1976-12-03,5.31,6.86,,1.55
1976-12-06,5.37,6.87,,1.50
1976-12-07,5.41,6.88,,1.47
1976-12-08,5.43,6.91,,1.48
1976-12-09,5.44,6.92,,1.48
1976-12-10,5.31,6.82,,1.51
1976-12-13,5.43,6.90,,1.47
1976-12-14,5.39,6.89,,1.50
1976-12-15,5.38,6.88,,1.50
1976-12-16,5.40,6.88,,1.48
1976-12-17,5.40,6.88,,1.48
1976-12-20,5.34,6.84,,1.50
1976-12-21,5.37,6.85,,1.48
1976-12-22,5.34,6.86,,1.52
1976-12-23,5.36,6.84,,1.48
1976-12-24,,,,
1976-12-27,5.37,6.84,,1.47
1976-12-28,5.39,6.86,,1.47
1976-12-29,5.39,6.84,,1.45
1976-12-30,5.38,6.80,,1.42
1976-12-31,5.34,6.81,,1.47
1977-01-03,5.42,6.84,,1.42
1977-01-04,5.50,6.90,,1.40
1977-01-05,5.48,6.88,,1.40
1977-01-06,5.57,6.93,,1.36
1977-01-07,5.68,7.07,,1.39
1977-01-10,5.79,7.20,,1.41
1977-01-11,5.87,7.28,,1.41
1977-01-12,5.84,7.26,,1.42
1977-01-13,5.79,7.18,,1.39
1977-01-14,5.96,7.28,,1.32
1977-01-17,5.98,7.28,,1.30
1977-01-18,6.04,7.34,,1.30
1977-01-19,6.02,7.28,,1.26
1977-01-20,6.01,7.26,,1.25
1977-01-21,6.02,7.28,,1.26
1977-01-24,6.09,7.34,,1.25
1977-01-25,6.08,7.32,,1.24
1977-01-26,6.09,7.33,,1.24
1977-01-27,6.26,7.43,,1.17
1977-01-28,6.22,7.40,,1.18
1977-01-31,6.18,7.40,,1.22
1977-02-01,6.20,7.41,,1.21
1977-02-02,6.28,7.47,,1.19
1977-02-03,6.20,7.46,,1.26
1977-02-04,6.03,7.28,,1.25
1977-02-07,6.04,7.34,,1.30
1977-02-08,6.06,7.35,,1.29
1977-02-09,6.01,7.34,,1.33
1977-02-10,6.04,7.34,,1.30
1977-02-11,6.02,7.36,,1.34
1977-02-14,6.06,7.38,,1.32
1977-02-15,6.04,7.36,7.70,1.32
1977-02-16,6.02,7.34,7.67,1.32
1977-02-17,5.99,7.26,7.67,1.27
1977-02-18,6.06,7.41,7.76,1.35
1977-02-21,,,,
1977-02-22,6.09,7.42,7.77,1.33
1977-02-23,6.12,7.48,7.81,1.36
1977-02-24,6.20,7.50,7.82,1.30
1977-02-25,6.14,7.48,7.79,1.34
1977-02-28,6.08,7.45,7.80,1.37
1977-03-01,6.16,7.49,7.84,1.33
1977-03-02,6.12,7.45,7.81,1.33
1977-03-03,6.08,7.43,7.79,1.35
1977-03-04,6.10,7.48,7.82,1.38
1977-03-07,6.12,7.50,7.84,1.38
1977-03-08,6.14,7.52,7.84,1.38
1977-03-09,6.12,7.50,7.81,1.38
1977-03-10,6.11,7.49,7.81,1.38
1977-03-11,6.09,7.44,7.80,1.35
1977-03-14,6.06,7.45,7.80,1.39
1977-03-15,6.06,7.44,7.78,1.38
1977-03-16,6.08,7.44,7.79,1.36
1977-03-17,6.14,7.47,7.78,1.33
1977-03-18,6.08,7.44,7.76,1.36
1977-03-21,6.03,7.43,7.74,1.40
1977-03-22,6.04,7.43,7.77,1.39
1977-03-23,6.04,7.44,7.78,1.40
1977-03-24,6.07,7.46,7.78,1.39
1977-03-25,6.10,7.48,7.78,1.38
1977-03-28,6.11,7.47,7.80,1.36
1977-03-29,6.08,7.47,7.80,1.39
1977-03-30,6.05,7.44,7.80,1.39
1977-03-31,6.01,7.42,7.79,1.41
1977-04-01,6.02,7.43,7.78,1.41
1977-04-04,6.03,7.44,7.78,1.41
1977-04-05,6.01,7.47,7.78,1.46
1977-04-06,6.04,7.46,7.78,1.42
1977-04-07,6.02,7.43,7.78,1.41
1977-04-08,,,,
1977-04-11,5.96,7.39,7.76,1.43
1977-04-12,5.98,7.39,7.76,1.41
1977-04-13,5.96,7.36,7.76,1.40
1977-04-14,5.73,7.22,7.63,1.49
1977-04-15,5.78,7.25,7.65,1.47
1977-04-18,5.80,7.25,7.64,1.45
1977-04-19,5.87,7.30,7.67,1.43
1977-04-20,5.95,7.32,7.69,1.37
1977-04-21,5.94,7.33,7.69,1.39
1977-04-22,5.99,7.36,7.73,1.37
1977-04-25,6.01,7.40,7.76,1.39
1977-04-26,6.00,7.38,7.74,1.38
1977-04-27,6.01,7.38,7.75,1.37
1977-04-28,6.03,7.40,7.76,1.37
1977-04-29,6.14,7.45,7.80,1.31
1977-05-02,6.15,7.45,7.80,1.30
1977-05-03,6.15,7.44,7.79,1.29
1977-05-04,6.11,7.45,7.78,1.34
1977-05-05,6.16,7.47,7.80,1.31
1977-05-06,6.24,7.50,7.86,1.26
1977-05-09,6.25,7.50,7.86,1.25
1977-05-10,6.27,7.52,7.86,1.25
1977-05-11,6.34,7.52,7.86,1.18
1977-05-12,6.32,7.50,7.86,1.18
1977-05-13,6.28,7.48,7.80,1.20
1977-05-16,6.26,7.46,7.79,1.20
1977-05-17,6.25,7.45,7.77,1.20
1977-05-18,6.24,7.43,7.77,1.19
1977-05-19,6.37,7.49,7.81,1.12
1977-05-20,6.43,7.49,7.81,1.06
1977-05-23,6.38,7.46,7.80,1.08
1977-05-24,6.30,7.41,7.76,1.11
1977-05-25,6.23,7.39,7.74,1.16
1977-05-26,6.24,7.42,7.76,1.18
1977-05-27,6.20,7.38,7.74,1.18
1977-05-30,,,,
1977-05-31,6.18,7.38,7.74,1.20
1977-06-01,6.24,7.38,7.75,1.14
1977-06-02,6.20,7.39,7.74,1.19
1977-06-03,6.19,7.36,7.72,1.17
1977-06-06,6.18,7.37,7.72,1.19
1977-06-07,6.17,7.36,7.67,1.19
1977-06-08,6.15,7.36,7.67,1.21
1977-06-09,6.16,7.35,7.67,1.19
1977-06-10,6.15,7.30,7.66,1.15
1977-06-13,6.13,7.27,7.62,1.14
1977-06-14,6.08,7.22,7.59,1.14
1977-06-15,6.11,7.23,7.60,1.12
1977-06-16,6.12,7.24,7.62,1.12
1977-06-17,6.10,7.24,7.62,1.14
1977-06-20,6.11,7.27,7.63,1.16
1977-06-21,6.12,7.26,7.62,1.14
1977-06-22,6.12,7.25,7.61,1.13
1977-06-23,6.12,7.26,7.61,1.14
1977-06-24,6.10,7.20,7.59,1.10
1977-06-27,6.06,7.20,7.58,1.14
1977-06-28,6.06,7.16,7.56,1.10
1977-06-29,6.05,7.19,7.56,1.14
1977-06-30,6.08,7.20,7.58,1.12
1977-07-01,6.12,7.34,7.58,1.22
1977-07-04,,,,
1977-07-05,6.12,7.35,7.63,1.23
1977-07-06,6.14,7.37,7.63,1.23
1977-07-07,6.15,7.29,7.62,1.14
1977-07-08,6.19,7.31,7.65,1.12
1977-07-11,6.22,7.33,7.65,1.11
1977-07-12,6.22,7.32,7.65,1.10
1977-07-13,6.19,7.28,7.62,1.09
1977-07-14,,,,
1977-07-15,6.26,7.31,7.64,1.05
1977-07-18,6.30,7.34,7.64,1.04
1977-07-19,6.31,7.33,7.64,1.02
1977-07-20,6.35,7.32,7.64,0.97
1977-07-21,6.38,7.32,7.65,0.94
1977-07-22,6.35,7.31,7.65,0.96
1977-07-25,6.29,7.28,7.64,0.99
1977-07-26,6.28,7.28,7.64,1.00
1977-07-27,6.37,7.36,7.66,0.99
1977-07-28,6.48,7.41,7.70,0.93
1977-07-29,6.50,7.42,7.72,0.92
1977-08-01,6.49,7.43,7.70,0.94
1977-08-02,6.54,7.44,7.72,0.90
1977-08-03,6.53,7.42,7.70,0.89
1977-08-04,6.52,7.43,7.70,0.91
1977-08-05,6.53,7.42,7.72,0.89
1977-08-08,6.52,7.41,7.71,0.89
1977-08-09,6.58,7.45,7.73,0.87
1977-08-10,6.59,7.46,7.73,0.87
1977-08-11,6.64,7.47,7.74,0.83
1977-08-12,6.68,7.48,7.74,0.80
1977-08-15,6.71,7.48,7.74,0.77
1977-08-16,6.74,7.48,7.74,0.74
1977-08-17,6.72,7.44,7.72,0.72
1977-08-18,6.68,7.42,7.71,0.74
1977-08-19,6.67,7.40,7.68,0.73
1977-08-22,6.66,7.39,7.67,0.73
1977-08-23,6.64,7.36,7.65,0.72
1977-08-24,6.67,7.35,7.65,0.68
1977-08-25,6.62,7.32,7.62,0.70
1977-08-26,6.62,7.27,7.58,0.65
1977-08-29,6.56,7.25,7.58,0.69
1977-08-30,6.56,7.27,7.59,0.71
1977-08-31,6.59,7.28,7.60,0.69
1977-09-01,6.57,7.30,7.61,0.73
1977-09-02,6.53,7.24,7.58,0.71
1977-09-05,,,,
1977-09-06,6.52,7.24,7.57,0.72
1977-09-07,6.54,7.26,7.59,0.72
1977-09-08,6.54,7.28,7.60,0.74
1977-09-09,6.76,7.36,7.65,0.60
1977-09-12,6.78,7.38,7.66,0.60
1977-09-13,6.75,7.37,7.66,0.62
1977-09-14,6.74,7.34,7.63,0.60
1977-09-15,6.70,7.33,7.63,0.63
1977-09-16,6.68,7.32,7.63,0.64
1977-09-19,6.66,7.32,7.63,0.66
1977-09-20,6.70,7.36,7.65,0.66
1977-09-21,6.71,7.36,7.66,0.65
1977-09-22,6.85,7.39,7.67,0.54
1977-09-23,6.86,7.39,7.67,0.53
1977-09-26,6.89,7.42,7.70,0.53
1977-09-27,6.80,7.38,7.68,0.58
1977-09-28,6.81,7.38,7.68,0.57
1977-09-29,6.79,7.39,7.68,0.60
1977-09-30,6.82,7.41,7.68,0.59
1977-10-03,6.84,7.41,7.70,0.57
1977-10-04,6.84,7.40,7.69,0.56
1977-10-05,6.86,7.40,7.69,0.54
1977-10-06,6.89,7.44,7.72,0.55
1977-10-07,6.96,7.48,7.73,0.52
1977-10-10,,,,
1977-10-11,7.06,7.54,7.77,0.48
1977-10-12,7.14,7.54,7.79,0.40
1977-10-13,7.19,7.54,7.79,0.35
1977-10-14,7.17,7.54,7.79,0.37
1977-10-17,7.22,7.55,7.79,0.33
1977-10-18,7.23,7.55,7.80,0.32
1977-10-19,7.22,7.54,7.79,0.32
1977-10-20,7.20,7.54,7.78,0.34
1977-10-21,7.22,7.55,7.79,0.33
1977-10-24,7.20,7.56,7.80,0.36
1977-10-25,7.20,7.58,7.81,0.38
1977-10-26,7.17,7.57,7.81,0.40
1977-10-27,7.14,7.56,7.81,0.42
1977-10-28,7.14,7.56,7.81,0.42
1977-10-31,7.23,7.62,7.83,0.39
1977-11-01,7.23,7.63,7.86,0.40
1977-11-02,7.24,7.69,7.89,0.45
1977-11-03,7.22,7.68,7.92,0.46
1977-11-04,7.20,7.64,7.89,0.44
1977-11-07,7.17,7.62,7.88,0.45
1977-11-08,,,,
1977-11-09,7.16,7.60,7.86,0.44
1977-11-10,7.15,7.59,7.86,0.44
1977-11-11,,,,
1977-11-14,7.10,7.56,7.83,0.46
1977-11-15,7.11,7.56,7.84,0.45
1977-11-16,7.12,7.55,7.84,0.43
1977-11-17,7.10,7.54,7.83,0.44
1977-11-18,7.11,7.54,7.82,0.43
1977-11-21,7.12,7.56,7.83,0.44
1977-11-22,7.14,7.54,7.83,0.40
1977-11-23,7.11,7.52,7.81,0.41
1977-11-24,,,,
1977-11-25,7.10,7.52,7.82,0.42
1977-11-28,7.11,7.53,7.82,0.42
1977-11-29,7.11,7.55,7.83,0.44
1977-11-30,7.11,7.55,7.83,0.44
1977-12-01,7.13,7.58,7.85,0.45
1977-12-02,7.15,7.59,7.86,0.44
1977-12-05,7.15,7.60,7.87,0.45
1977-12-06,7.15,7.63,7.88,0.48
1977-12-07,7.16,7.63,7.89,0.47
1977-12-08,7.16,7.64,7.90,0.48
1977-12-09,7.15,7.63,7.88,0.48
1977-12-12,7.16,7.64,7.89,0.48
1977-12-13,7.16,7.65,7.90,0.49
1977-12-14,7.16,7.66,7.91,0.50
1977-12-15,7.14,7.67,7.92,0.53
1977-12-16,7.13,7.67,7.93,0.54
1977-12-19,7.13,7.69,7.95,0.56
1977-12-20,7.14,7.74,7.99,0.60
1977-12-21,7.16,7.72,7.98,0.56
1977-12-22,7.26,7.75,7.99,0.49
1977-12-23,7.24,7.75,8.00,0.51
1977-12-26,,,,
1977-12-27,7.25,7.77,8.02,0.52
1977-12-28,7.25,7.78,8.05,0.53
1977-12-29,7.26,7.82,8.06,0.56
1977-12-30,7.22,7.78,8.03,0.56
1978-01-02,,,,
1978-01-03,7.24,7.83,8.08,0.59
1978-01-04,7.24,7.82,8.08,0.58
1978-01-05,7.26,7.83,8.07,0.57
1978-01-06,7.28,7.85,8.10,0.57
1978-01-09,7.58,8.01,8.21,0.43
1978-01-10,7.58,8.02,8.20,0.44
1978-01-11,7.60,8.03,8.22,0.43
1978-01-12,7.60,8.02,8.22,0.42
1978-01-13,7.57,7.98,8.20,0.41
1978-01-16,7.55,7.98,8.21,0.43
1978-01-17,7.54,7.98,8.19,0.44
1978-01-18,7.54,7.98,8.19,0.44
1978-01-19,7.55,7.97,8.19,0.42
1978-01-20,7.55,7.97,8.19,0.42
1978-01-23,7.53,7.97,8.19,0.44
1978-01-24,7.53,7.99,8.20,0.46
1978-01-25,7.53,8.00,8.23,0.47
1978-01-26,7.51,7.98,8.21,0.47
1978-01-27,7.48,7.97,8.21,0.49
1978-01-30,7.47,7.96,8.20,0.49
1978-01-31,7.47,7.94,8.18,0.47
1978-02-01,7.47,7.96,8.20,0.49
1978-02-02,7.48,7.96,8.20,0.48
1978-02-03,7.48,7.97,8.22,0.49
1978-02-06,7.50,7.99,8.24,0.49
1978-02-07,7.52,7.99,8.24,0.47
1978-02-08,7.52,8.00,8.24,0.48
1978-02-09,7.52,8.01,8.24,0.49
1978-02-10,7.53,8.02,8.24,0.49
1978-02-13,,,,
1978-02-14,7.57,8.05,8.25,0.48
1978-02-15,7.59,8.08,8.27,0.49
1978-02-16,7.64,8.10,8.30,0.46
1978-02-17,7.63,8.09,8.29,0.46
1978-02-20,,,,
1978-02-21,7.65,8.10,8.30,0.45
1978-02-22,7.65,8.10,8.30,0.45
1978-02-23,7.65,8.08,8.28,0.43
1978-02-24,7.61,8.04,8.27,0.43
1978-02-27,7.59,8.02,8.25,0.43
1978-02-28,7.57,8.04,8.25,0.47
1978-03-01,7.59,8.05,8.26,0.46
1978-03-02,7.59,8.04,8.25,0.45
1978-03-03,7.59,8.04,8.24,0.45
1978-03-06,7.58,8.05,8.25,0.47
1978-03-07,7.56,8.03,8.23,0.47
1978-03-08,7.54,8.03,8.23,0.49
1978-03-09,7.56,8.02,8.22,0.46
1978-03-10,7.54,8.00,8.21,0.46
1978-03-13,7.54,7.99,8.20,0.45
1978-03-14,7.54,7.99,8.20,0.45
1978-03-15,7.54,8.00,8.20,0.46
1978-03-16,7.54,8.00,8.20,0.46
1978-03-17,7.55,8.00,8.20,0.45
1978-03-20,7.53,7.97,8.18,0.44
1978-03-21,7.53,7.97,8.18,0.44
1978-03-22,7.54,7.98,8.19,0.44
1978-03-23,7.56,8.01,8.22,0.45
1978-03-24,,,,
1978-03-27,7.61,8.12,8.30,0.51
1978-03-28,7.64,8.12,8.29,0.48
1978-03-29,7.64,8.11,8.28,0.47
1978-03-30,7.64,8.12,8.29,0.48
1978-03-31,7.70,8.15,8.33,0.45
1978-04-03,7.69,8.13,8.32,0.44
1978-04-04,7.69,8.12,8.31,0.43
1978-04-05,7.72,8.14,8.32,0.42
1978-04-06,7.73,8.16,8.33,0.43
1978-04-07,7.72,8.14,8.34,0.42
1978-04-10,7.72,8.15,8.35,0.43
1978-04-11,7.71,8.16,8.35,0.45
1978-04-12,7.69,8.16,8.35,0.47
1978-04-13,7.67,8.15,8.35,0.48
1978-04-14,7.61,8.12,8.33,0.51
1978-04-17,7.60,8.08,8.30,0.48
1978-04-18,7.62,8.08,8.29,0.46
1978-04-19,7.77,8.13,8.31,0.36
1978-04-20,7.79,8.14,8.32,0.35
1978-04-21,7.81,8.16,8.34,0.35
1978-04-24,7.82,8.18,8.36,0.36
1978-04-25,7.80,8.18,8.36,0.38
1978-04-26,7.85,8.22,8.38,0.37
1978-04-27,7.89,8.24,8.40,0.35
1978-04-28,7.97,8.24,8.39,0.27
1978-05-01,7.91,8.24,8.38,0.33
1978-05-02,7.91,8.25,8.38,0.34
1978-05-03,7.91,8.28,8.40,0.37
1978-05-04,7.90,8.27,8.39,0.37
1978-05-05,7.96,8.34,8.45,0.38
1978-05-08,7.98,8.35,8.45,0.37
1978-05-09,7.98,8.34,8.45,0.36
1978-05-10,7.98,8.34,8.45,0.36
1978-05-11,8.00,8.34,8.42,0.34
1978-05-12,8.00,8.36,8.44,0.36
1978-05-15,7.98,8.35,8.42,0.37
1978-05-16,7.97,8.34,8.42,0.37
1978-05-17,7.98,8.33,8.40,0.35
1978-05-18,8.04,8.37,8.42,0.33
1978-05-19,8.07,8.38,8.45,0.31
1978-05-22,8.07,8.38,8.44,0.31
1978-05-23,8.07,8.37,8.44,0.30
1978-05-24,8.10,8.39,8.45,0.29
1978-05-25,8.10,8.40,8.48,0.30
1978-05-26,8.10,8.42,8.50,0.32
1978-05-29,,,,
1978-05-30,,,,
1978-05-31,8.12,8.42,8.50,0.30
1978-06-01,8.12,8.41,8.50,0.29
1978-06-02,8.09,8.39,8.48,0.30
1978-06-05,8.07,8.38,8.45,0.31
1978-06-06,8.07,8.37,8.45,0.30
1978-06-07,8.07,8.37,8.44,0.30
1978-06-08,8.07,8.38,8.44,0.31
1978-06-09,8.09,8.41,8.45,0.32
1978-06-12,8.11,8.40,8.45,0.29
1978-06-13,8.11,8.41,8.45,0.30
1978-06-14,8.12,8.41,8.44,0.29
1978-06-15,8.12,8.41,8.44,0.29
1978-06-16,8.19,8.43,8.46,0.24
1978-06-19,8.25,8.45,8.48,0.20
1978-06-20,8.27,8.47,8.50,0.20
1978-06-21,8.41,8.50,8.54,0.09
1978-06-22,8.41,8.50,8.53,0.09
1978-06-23,8.44,8.55,8.55,0.11
1978-06-26,8.48,8.59,8.60,0.11
1978-06-27,8.44,8.58,8.58,0.14
1978-06-28,8.44,8.57,8.57,0.13
1978-06-29,8.42,8.57,8.59,0.15
1978-06-30,8.48,8.62,8.62,0.14
1978-07-03,8.44,8.59,8.60,0.15
1978-07-04,,,,
1978-07-05,8.44,8.62,8.62,0.18
1978-07-06,8.44,8.62,8.62,0.18
1978-07-07,8.48,8.66,8.67,0.18
1978-07-10,8.50,8.68,8.69,0.18
1978-07-11,8.48,8.68,8.69,0.20
1978-07-12,8.48,8.67,8.69,0.19
1978-07-13,8.50,8.68,8.70,0.18
1978-07-14,8.51,8.68,8.69,0.17
1978-07-17,8.48,8.65,8.66,0.17
1978-07-18,8.46,8.63,8.65,0.17
1978-07-19,8.46,8.62,8.65,0.16
1978-07-20,8.50,8.66,8.66,0.16
1978-07-21,8.59,8.67,8.67,0.08
1978-07-24,8.57,8.67,8.68,0.10
1978-07-25,8.55,8.67,8.68,0.12
1978-07-26,8.52,8.66,8.66,0.14
1978-07-27,8.47,8.58,8.60,0.11
1978-07-28,8.45,8.55,8.55,0.10
1978-07-31,8.47,8.56,8.56,0.09
1978-08-01,8.45,8.54,8.55,0.09
1978-08-02,8.40,8.44,8.44,0.04
1978-08-03,8.26,8.39,8.44,0.13
1978-08-04,8.26,8.38,8.45,0.12
1978-08-07,8.18,8.36,8.44,0.18
1978-08-08,8.19,8.35,8.42,0.16
1978-08-09,8.17,8.34,8.41,0.17
1978-08-10,8.24,8.45,8.48,0.21
1978-08-11,8.25,8.44,8.48,0.19
1978-08-14,8.29,8.45,8.51,0.16
1978-08-15,8.29,8.46,8.53,0.17
1978-08-16,8.50,8.55,8.60,0.05
1978-08-17,8.48,8.48,8.55,0.00
1978-08-18,8.50,8.46,8.53,-0.04
1978-08-21,8.47,8.41,8.48,-0.06
1978-08-22,8.47,8.41,8.48,-0.06
1978-08-23,8.42,8.32,8.42,-0.10
1978-08-24,8.41,8.35,8.44,-0.06
1978-08-25,8.41,8.34,8.43,-0.07
1978-08-28,8.41,8.35,8.43,-0.06
1978-08-29,8.44,8.37,8.45,-0.07
1978-08-30,8.48,8.42,8.47,-0.06
1978-08-31,8.46,8.39,8.46,-0.07
1978-09-01,8.50,8.38,8.45,-0.12
1978-09-04,,,,
1978-09-05,8.46,8.34,8.41,-0.12
1978-09-06,8.44,8.35,8.40,-0.09
1978-09-07,8.44,8.34,8.41,-0.10
1978-09-08,8.46,8.34,8.40,-0.12
1978-09-11,8.43,8.31,8.38,-0.12
1978-09-12,8.45,8.29,8.36,-0.16
1978-09-13,8.45,8.30,8.37,-0.15
1978-09-14,8.45,8.32,8.38,-0.13
1978-09-15,8.49,8.35,8.40,-0.14
1978-09-18,8.52,8.37,8.43,-0.15
1978-09-19,8.54,8.38,8.45,-0.16
1978-09-20,8.60,8.46,8.51,-0.14
1978-09-21,8.69,8.51,8.53,-0.18
1978-09-22,8.73,8.56,8.59,-0.17
1978-09-25,8.75,8.56,8.58,-0.19
1978-09-26,8.75,8.53,8.57,-0.22
1978-09-27,8.74,8.54,8.59,-0.20
1978-09-28,8.72,8.54,8.60,-0.18
1978-09-29,8.70,8.56,8.61,-0.14
1978-10-02,8.71,8.58,8.63,-0.13
1978-10-03,8.69,8.57,8.63,-0.12
1978-10-04,8.69,8.59,8.63,-0.10
1978-10-05,8.69,8.60,8.64,-0.09
1978-10-06,8.69,8.58,8.61,-0.11
1978-10-09,,,,
1978-10-10,8.70,8.58,8.61,-0.12
1978-10-11,8.70,8.56,8.61,-0.14
1978-10-12,8.69,8.51,8.58,-0.18
1978-10-13,8.69,8.52,8.59,-0.17
1978-10-16,8.73,8.59,8.65,-0.14
1978-10-17,8.77,8.60,8.65,-0.17
1978-10-18,8.83,8.62,8.65,-0.21
1978-10-19,8.84,8.64,8.67,-0.20
1978-10-20,8.85,8.66,8.69,-0.19
1978-10-23,8.84,8.66,8.69,-0.18
1978-10-24,8.85,8.64,8.67,-0.21
1978-10-25,8.96,8.65,8.68,-0.31
1978-10-26,9.05,8.72,8.71,-0.33
1978-10-27,9.12,8.78,8.75,-0.34
1978-10-30,9.35,8.88,8.84,-0.47
1978-10-31,9.49,8.96,8.87,-0.53
1978-11-01,9.44,8.66,8.66,-0.78
1978-11-02,9.42,8.73,8.71,-0.69
1978-11-03,9.49,8.86,8.76,-0.63
1978-11-06,9.45,8.85,8.80,-0.60
1978-11-07,,,,
1978-11-08,9.49,8.86,8.81,-0.63
1978-11-09,9.50,8.87,8.82,-0.63
1978-11-10,9.46,8.86,8.79,-0.60
1978-11-13,9.40,8.83,8.76,-0.57
1978-11-14,9.41,8.82,8.76,-0.59
1978-11-15,9.34,8.76,8.69,-0.58
1978-11-16,9.21,8.72,8.69,-0.49
1978-11-17,9.19,8.72,8.69,-0.47
1978-11-20,9.19,8.72,8.70,-0.47
1978-11-21,9.23,8.77,8.71,-0.46
1978-11-22,9.37,8.77,8.73,-0.60
1978-11-23,,,,
1978-11-24,9.60,8.86,8.79,-0.74
1978-11-27,9.60,8.86,8.78,-0.74
1978-11-28,9.60,8.86,8.79,-0.74
1978-11-29,9.55,8.86,8.79,-0.69
1978-11-30,9.55,8.86,8.80,-0.69
1978-12-01,9.50,8.80,8.73,-0.70
1978-12-04,9.51,8.82,8.79,-0.69
1978-12-05,9.50,8.85,8.79,-0.65
1978-12-06,9.50,8.85,8.78,-0.65
1978-12-07,9.50,8.89,8.81,-0.61
1978-12-08,9.51,8.90,8.81,-0.61
1978-12-11,9.52,8.90,8.81,-0.62
1978-12-12,9.52,8.92,8.82,-0.60
1978-12-13,9.54,8.98,8.89,-0.56
1978-12-14,9.54,8.96,8.88,-0.58
1978-12-15,9.58,9.00,8.90,-0.58
1978-12-18,9.86,9.13,8.99,-0.73
1978-12-19,9.91,9.14,8.97,-0.77
1978-12-20,9.96,9.16,8.99,-0.80
1978-12-21,9.98,9.16,8.98,-0.82
1978-12-22,9.96,9.11,8.95,-0.85
1978-12-25,,,,
1978-12-26,9.98,9.13,8.94,-0.85
1978-12-27,9.98,9.12,8.93,-0.86
1978-12-28,9.98,9.16,8.97,-0.82
1978-12-29,9.98,9.15,8.96,-0.83
1979-01-01,,,,
1979-01-02,10.00,9.18,8.99,-0.82
1979-01-03,9.98,9.16,8.96,-0.82
1979-01-04,9.88,9.11,8.94,-0.77
1979-01-05,9.87,9.10,8.95,-0.77
1979-01-08,9.92,9.14,8.98,-0.78
1979-01-09,9.92,9.16,8.99,-0.76
1979-01-10,9.94,9.16,8.99,-0.78
1979-01-11,9.92,9.15,8.98,-0.77
1979-01-12,9.92,9.14,8.97,-0.78
1979-01-15,9.91,9.15,8.97,-0.76
1979-01-16,9.92,9.16,8.98,-0.76
1979-01-17,9.91,9.18,8.99,-0.73
1979-01-18,9.92,9.18,8.99,-0.74
1979-01-19,9.91,9.15,8.97,-0.76
1979-01-22,9.86,9.12,8.94,-0.74
1979-01-23,9.85,9.10,8.93,-0.75
1979-01-24,9.85,9.08,8.91,-0.77
1979-01-25,9.78,8.98,8.84,-0.80
1979-01-26,9.67,8.93,8.82,-0.74
1979-01-29,9.67,8.96,8.85,-0.71
1979-01-30,9.68,8.95,8.85,-0.73
1979-01-31,9.64,8.95,8.85,-0.69
1979-02-01,9.61,8.94,8.85,-0.67
1979-02-02,9.48,8.89,8.84,-0.59
1979-02-05,9.53,8.95,8.88,-0.58
1979-02-06,9.58,9.00,8.92,-0.58
1979-02-07,9.67,9.09,9.00,-0.58
1979-02-08,9.70,9.09,9.00,-0.61
1979-02-09,9.70,9.11,9.02,-0.59
1979-02-12,,,,
1979-02-13,9.69,9.11,9.00,-0.58
1979-02-14,9.67,9.12,9.00,-0.55
1979-02-15,9.68,9.12,9.01,-0.56
1979-02-16,9.68,9.11,9.01,-0.57
1979-02-19,,,,
1979-02-20,9.69,9.12,9.02,-0.57
1979-02-21,9.71,9.15,9.04,-0.56
1979-02-22,9.90,9.20,9.08,-0.70
1979-02-23,9.92,9.21,9.10,-0.71
1979-02-26,9.91,9.20,9.08,-0.71
1979-02-27,9.89,9.19,9.08,-0.70
1979-02-28,9.89,9.17,9.08,-0.72
1979-03-01,9.87,9.17,9.09,-0.70
1979-03-02,9.87,9.16,9.09,-0.71
1979-03-05,9.83,9.11,9.02,-0.72
1979-03-06,9.83,9.14,9.06,-0.69
1979-03-07,9.81,9.10,9.02,-0.71
1979-03-08,9.76,9.10,9.01,-0.66
1979-03-09,9.79,9.11,9.04,-0.68
1979-03-12,9.81,9.11,9.02,-0.70
1979-03-13,9.80,9.11,9.02,-0.69
1979-03-14,9.82,9.12,9.04,-0.70
1979-03-15,9.82,9.14,9.05,-0.68
1979-03-16,9.84,9.12,9.03,-0.72
1979-03-19,9.81,9.12,9.03,-0.69
1979-03-20,9.79,9.13,9.04,-0.66
1979-03-21,9.79,9.13,9.03,-0.66
1979-03-22,9.77,9.12,9.03,-0.65
1979-03-23,9.77,9.12,9.02,-0.65
1979-03-26,9.76,9.12,9.03,-0.64
1979-03-27,9.73,9.11,9.01,-0.62
1979-03-28,9.71,9.07,8.99,-0.64
1979-03-29,9.67,9.06,8.99,-0.61
1979-03-30,9.72,9.11,9.02,-0.61
1979-04-02,9.74,9.11,9.02,-0.63
1979-04-03,9.73,9.10,9.01,-0.63
1979-04-04,9.71,9.09,9.00,-0.62
1979-04-05,9.68,9.07,8.99,-0.61
1979-04-06,9.75,9.10,9.01,-0.65
1979-04-09,9.81,9.14,9.04,-0.67
1979-04-10,9.81,9.17,9.07,-0.64
1979-04-11,9.85,9.20,9.08,-0.65
1979-04-12,9.85,9.20,9.09,-0.65
1979-04-13,,,,
1979-04-16,9.86,9.19,9.09,-0.67
1979-04-17,9.77,9.16,9.07,-0.61
1979-04-18,9.71,9.15,9.06,-0.56
1979-04-19,9.68,9.15,9.06,-0.53
1979-04-20,9.73,9.19,9.11,-0.54
1979-04-23,9.73,9.21,9.13,-0.52
1979-04-24,9.75,9.24,9.14,-0.51
1979-04-25,9.77,9.23,9.13,-0.54
1979-04-26,9.80,9.27,9.18,-0.53
1979-04-27,9.93,9.32,9.19,-0.61
1979-04-30,9.91,9.35,9.22,-0.56
1979-05-01,9.91,9.36,9.21,-0.55
1979-05-02,9.91,9.34,9.22,-0.57
1979-05-03,9.93,9.38,9.27,-0.55
1979-05-04,9.93,9.39,9.29,-0.54
1979-05-07,9.91,9.39,9.28,-0.52
1979-05-08,9.91,9.38,9.28,-0.53
1979-05-09,9.90,9.36,9.26,-0.54
1979-05-10,9.92,9.36,9.27,-0.56
1979-05-11,9.90,9.34,9.26,-0.56
1979-05-14,9.87,9.30,9.22,-0.57
1979-05-15,9.87,9.32,9.24,-0.55
1979-05-16,9.84,9.31,9.22,-0.53
1979-05-17,9.72,9.24,9.20,-0.48
1979-05-18,9.71,9.23,9.18,-0.48
1979-05-21,9.75,9.24,9.20,-0.51
1979-05-22,9.69,9.15,9.16,-0.54
1979-05-23,9.65,9.07,9.09,-0.58
1979-05-24,9.58,9.06,9.07,-0.52
1979-05-25,9.50,9.01,9.03,-0.49
1979-05-28,,,,
1979-05-29,9.50,9.01,9.03,-0.49
1979-05-30,,,,
1979-05-31,9.56,9.06,9.08,-0.50
1979-06-01,9.56,9.05,9.07,-0.51
1979-06-04,9.56,9.06,9.07,-0.50
1979-06-05,9.50,9.02,9.04,-0.48
1979-06-06,9.43,8.97,9.00,-0.46
1979-06-07,9.29,8.89,8.90,-0.40
1979-06-08,9.25,8.90,8.91,-0.35
1979-06-11,9.27,8.94,8.94,-0.33
1979-06-12,9.05,8.79,8.84,-0.26
1979-06-13,9.08,8.83,8.87,-0.25
1979-06-14,9.12,8.87,8.89,-0.25
1979-06-15,9.24,8.96,8.94,-0.28
1979-06-18,9.26,8.95,8.93,-0.31
1979-06-19,9.24,8.95,8.94,-0.29
1979-06-20,9.25,8.94,8.92,-0.31
1979-06-21,9.25,8.93,8.92,-0.32
1979-06-22,9.27,8.98,8.95,-0.29
1979-06-25,9.20,8.93,8.92,-0.27
1979-06-26,8.97,8.82,8.84,-0.15
1979-06-27,8.92,8.80,8.83,-0.12
1979-06-28,8.95,8.80,8.84,-0.15
1979-06-29,8.97,8.81,8.83,-0.16
1979-07-02,8.93,8.76,8.80,-0.17
1979-07-03,8.95,8.77,8.81,-0.18
1979-07-04,,,,
1979-07-05,8.98,8.80,8.82,-0.18
1979-07-06,9.00,8.82,8.83,-0.18
1979-07-09,9.04,8.86,8.86,-0.18
1979-07-10,9.04,8.92,8.89,-0.12
1979-07-11,9.04,8.97,8.93,-0.07
1979-07-12,9.01,8.95,8.91,-0.06
1979-07-13,9.01,8.94,8.91,-0.07
1979-07-16,9.08,8.99,8.95,-0.09
1979-07-17,9.10,9.01,8.97,-0.09
1979-07-18,9.10,9.03,8.99,-0.07
1979-07-19,9.14,9.04,8.99,-0.10
1979-07-20,9.24,8.98,8.95,-0.26
1979-07-23,9.28,9.03,8.99,-0.25
1979-07-24,9.33,9.06,9.01,-0.27
1979-07-25,9.36,8.99,8.97,-0.37
1979-07-26,9.25,8.97,8.98,-0.28
1979-07-27,9.38,9.02,9.01,-0.36
1979-07-30,9.32,9.03,9.01,-0.29
1979-07-31,9.31,9.01,8.99,-0.30
1979-08-01,9.23,8.99,8.97,-0.24
1979-08-02,9.20,8.91,8.92,-0.29
1979-08-03,9.27,8.92,8.94,-0.35
1979-08-06,9.27,8.91,8.92,-0.36
1979-08-07,9.22,8.91,8.90,-0.31
1979-08-08,9.25,8.93,8.91,-0.32
1979-08-09,9.27,8.97,8.95,-0.30
1979-08-10,9.33,9.00,8.97,-0.33
1979-08-13,9.34,9.00,8.97,-0.34
1979-08-14,9.32,8.98,8.95,-0.34
1979-08-15,9.41,9.00,8.96,-0.41
1979-08-16,9.39,9.00,8.95,-0.39
1979-08-17,9.44,9.01,8.95,-0.43
1979-08-20,9.45,9.02,8.96,-0.43
1979-08-21,9.51,9.04,8.99,-0.47
1979-08-22,9.55,9.04,8.99,-0.51
1979-08-23,9.63,9.05,9.00,-0.58
1979-08-24,9.72,9.14,9.05,-0.58
1979-08-27,9.68,9.12,9.03,-0.56
1979-08-28,9.73,9.15,9.03,-0.58
1979-08-29,9.73,9.14,9.02,-0.59
1979-08-30,9.77,9.21,9.07,-0.56
1979-08-31,9.84,9.24,9.09,-0.60
1979-09-03,,,,
1979-09-04,10.00,9.32,9.14,-0.68
1979-09-05,10.02,9.32,9.15,-0.70
1979-09-06,10.03,9.35,9.16,-0.68
1979-09-07,10.10,9.34,9.18,-0.76
1979-09-10,10.13,9.36,9.19,-0.77
1979-09-11,10.00,9.25,9.13,-0.75
1979-09-12,10.04,9.30,9.15,-0.74
1979-09-13,10.10,9.34,9.17,-0.76
1979-09-14,10.02,9.29,9.13,-0.73
1979-09-17,10.13,9.37,9.19,-0.76
1979-09-18,10.14,9.36,9.19,-0.78
1979-09-19,10.08,9.31,9.16,-0.77
1979-09-20,10.03,9.29,9.13,-0.74
1979-09-21,10.00,9.26,9.11,-0.74
1979-09-24,10.01,9.34,9.17,-0.67
1979-09-25,10.01,9.32,9.16,-0.69
1979-09-26,10.02,9.36,9.20,-0.66
1979-09-27,10.11,9.44,9.25,-0.67
1979-09-28,10.10,9.44,9.25,-0.66
1979-10-01,10.14,9.51,9.32,-0.63
1979-10-02,10.14,9.47,9.28,-0.67
1979-10-03,10.14,9.50,9.30,-0.64
1979-10-04,10.34,9.58,9.34,-0.76
1979-10-05,10.39,9.60,9.36,-0.79
1979-10-08,,,,
1979-10-09,11.12,9.93,9.61,-1.19
1979-10-10,11.40,10.09,9.69,-1.31
1979-10-11,11.26,10.17,9.77,-1.09
1979-10-12,11.17,10.15,9.76,-1.02
1979-10-15,11.39,10.31,9.84,-1.08
1979-10-16,11.39,10.27,9.82,-1.12
1979-10-17,11.40,10.20,9.75,-1.20
1979-10-18,11.75,10.41,9.91,-1.34
1979-10-19,12.15,10.68,10.07,-1.47
1979-10-22,12.43,10.96,10.29,-1.47
1979-10-23,12.63,11.02,10.33,-1.61
1979-10-24,12.52,10.83,10.20,-1.69
1979-10-25,12.59,10.98,10.31,-1.61
1979-10-26,12.05,10.67,10.12,-1.38
1979-10-29,12.19,10.78,10.22,-1.41
1979-10-30,12.12,10.75,10.17,-1.37
1979-10-31,12.06,10.72,10.19,-1.34
1979-11-01,12.08,10.79,10.30,-1.29
1979-11-02,12.19,10.84,10.44,-1.35
1979-11-05,12.15,10.85,10.42,-1.30
1979-11-06,,,,
1979-11-07,12.36,11.00,10.53,-1.36
1979-11-08,12.29,10.96,10.51,-1.33
1979-11-09,11.78,10.68,10.34,-1.10
1979-11-12,,,,
1979-11-13,11.64,10.63,10.32,-1.01
1979-11-14,11.82,10.75,10.40,-1.07
1979-11-15,11.68,10.62,10.30,-1.06
1979-11-16,11.97,10.77,10.41,-1.20
1979-11-19,12.08,10.80,10.42,-1.28
1979-11-20,12.12,10.78,10.39,-1.34
1979-11-21,12.17,10.73,10.36,-1.44
1979-11-22,,,,
1979-11-23,11.69,10.51,10.21,-1.18
1979-11-26,11.44,10.37,10.10,-1.07
1979-11-27,11.11,10.24,10.02,-0.87
1979-11-28,11.23,10.37,10.09,-0.86
1979-11-29,11.23,10.34,10.06,-0.89
1979-11-30,11.33,10.38,10.09,-0.95
1979-12-03,11.42,10.44,10.11,-0.98
1979-12-04,11.30,10.32,10.04,-0.98
1979-12-05,11.21,10.27,10.01,-0.94
1979-12-06,11.08,10.13,9.93,-0.95
1979-12-07,11.21,10.30,10.04,-0.91
1979-12-10,11.25,10.27,10.03,-0.98
1979-12-11,11.60,10.46,10.18,-1.14
1979-12-12,11.85,10.58,10.27,-1.27
1979-12-13,11.67,10.51,10.23,-1.16
1979-12-14,11.47,10.45,10.17,-1.02
1979-12-17,11.45,10.42,10.14,-1.03
1979-12-18,11.31,10.34,10.11,-0.97
1979-12-19,11.38,10.33,10.09,-1.05
1979-12-20,11.40,10.38,10.13,-1.02
1979-12-21,11.42,10.39,10.17,-1.03
1979-12-24,11.44,10.45,10.17,-0.99
1979-12-25,,,,
1979-12-26,11.43,10.48,10.20,-0.95
1979-12-27,11.39,10.46,10.19,-0.93
1979-12-28,11.30,10.41,10.16,-0.89
1979-12-31,11.23,10.33,10.11,-0.90
1980-01-01,,,,
1980-01-02,11.39,10.50,10.23,-0.89
1980-01-03,11.45,10.60,10.31,-0.85
1980-01-04,11.47,10.66,10.34,-0.81
1980-01-07,11.35,10.63,10.35,-0.72
1980-01-08,11.26,10.57,10.28,-0.69
1980-01-09,11.24,10.58,10.29,-0.66
1980-01-10,11.18,10.51,10.26,-0.67
1980-01-11,11.33,10.68,10.38,-0.65
1980-01-14,11.35,10.70,10.40,-0.65
1980-01-15,11.32,10.65,10.40,-0.67
1980-01-16,11.30,10.65,10.41,-0.65
1980-01-17,11.37,10.71,10.47,-0.66
1980-01-18,11.52,10.82,10.61,-0.70
1980-01-21,11.58,10.96,10.77,-0.62
1980-01-22,11.56,10.85,10.69,-0.71
1980-01-23,11.53,10.82,10.68,-0.71
1980-01-24,11.68,11.01,10.87,-0.67
1980-01-25,11.82,11.10,11.00,-0.72
1980-01-28,11.79,11.15,11.03,-0.64
1980-01-29,11.88,11.21,11.12,-0.67
1980-01-30,11.84,11.16,11.11,-0.68
1980-01-31,11.75,11.13,11.09,-0.62
1980-02-01,12.04,11.29,11.23,-0.75
1980-02-04,12.12,11.40,11.32,-0.72
1980-02-05,12.49,11.73,11.64,-0.76
1980-02-06,12.42,11.92,11.78,-0.50
1980-02-07,12.21,11.71,11.70,-0.50
1980-02-08,12.31,11.80,11.72,-0.51
1980-02-11,12.60,12.01,11.94,-0.59
1980-02-12,,,,
1980-02-13,12.52,11.86,11.82,-0.66
1980-02-14,12.60,11.97,11.90,-0.63
1980-02-15,13.13,12.20,12.11,-0.93
1980-02-18,,,,
1980-02-19,13.96,12.85,12.61,-1.11
1980-02-20,14.03,12.84,12.56,-1.19
1980-02-21,14.51,13.22,12.77,-1.29
1980-02-22,14.52,13.06,12.59,-1.46
1980-02-25,14.62,13.27,12.69,-1.35
1980-02-26,14.91,13.65,12.85,-1.26
1980-02-27,14.82,13.46,12.76,-1.36
1980-02-28,14.41,12.92,12.29,-1.49
1980-02-29,14.73,12.72,12.25,-2.01
1980-03-03,14.83,12.79,12.32,-2.04
1980-03-04,14.86,12.91,12.35,-1.95
1980-03-05,14.99,13.03,12.40,-1.96
1980-03-06,15.27,13.13,12.64,-2.14
1980-03-07,15.20,12.86,12.50,-2.34
1980-03-10,14.71,12.63,12.25,-2.08
1980-03-11,14.43,12.41,12.12,-2.02
1980-03-12,14.74,12.62,12.39,-2.12
1980-03-13,14.69,12.50,12.19,-2.19
1980-03-14,14.80,12.52,12.21,-2.28
1980-03-17,14.82,12.58,12.20,-2.24
1980-03-18,14.42,12.40,12.00,-2.02
1980-03-19,14.33,12.35,11.97,-1.98
1980-03-20,15.03,12.62,12.22,-2.41
1980-03-21,15.02,12.75,12.28,-2.27
1980-03-24,15.36,13.17,12.69,-2.19
1980-03-25,15.19,13.10,12.67,-2.09
1980-03-26,15.26,13.03,12.56,-2.23
1980-03-27,15.11,12.97,12.50,-2.14
1980-03-28,14.89,12.72,12.35,-2.17
1980-03-31,14.63,12.64,12.31,-1.99
1980-04-01,14.59,12.69,12.35,-1.90
1980-04-02,14.52,12.63,12.28,-1.89
1980-04-03,14.51,12.52,12.27,-1.99
1980-04-04,,,,
1980-04-07,13.85,12.13,11.87,-1.72
1980-04-08,13.89,12.21,11.85,-1.68
1980-04-09,13.54,12.06,11.79,-1.48
1980-04-10,13.57,12.06,11.74,-1.51
1980-04-11,13.22,11.79,11.53,-1.43
1980-04-14,12.96,11.62,11.50,-1.34
1980-04-15,12.72,11.57,11.47,-1.15
1980-04-16,11.97,10.90,10.91,-1.07
1980-04-17,11.97,11.13,10.99,-0.84
1980-04-18,11.76,11.05,10.98,-0.71
1980-04-21,11.56,10.90,10.96,-0.66
1980-04-22,11.43,10.82,10.94,-0.61
1980-04-23,11.38,10.89,11.02,-0.49
1980-04-24,11.42,10.96,11.13,-0.46
1980-04-25,11.39,10.95,11.18,-0.44
1980-04-28,10.74,10.63,10.86,-0.11
1980-04-29,10.74,10.67,10.89,-0.07
1980-04-30,10.81,10.76,10.89,-0.05
1980-05-01,10.70,10.57,10.72,-0.13
1980-05-02,10.04,10.24,10.47,0.20
1980-05-05,9.85,10.18,10.35,0.33
1980-05-06,9.40,9.80,10.23,0.40
1980-05-07,9.41,9.96,10.19,0.55
1980-05-08,9.48,10.18,10.34,0.70
1980-05-09,9.85,10.30,10.41,0.45
1980-05-12,9.52,10.30,10.44,0.78
1980-05-13,9.38,10.13,10.29,0.75
1980-05-14,9.27,10.14,10.26,0.87
1980-05-15,9.48,10.31,10.46,0.83
1980-05-16,9.76,10.37,10.53,0.61
1980-05-19,9.78,10.53,10.68,0.75
1980-05-20,9.26,10.22,10.47,0.96
1980-05-21,9.14,10.08,10.31,0.94
1980-05-22,9.13,10.10,10.34,0.97
1980-05-23,8.73,9.85,10.09,1.12
1980-05-26,,,,
1980-05-27,8.82,9.96,10.10,1.14
1980-05-28,9.04,10.10,10.22,1.06
1980-05-29,9.16,10.24,10.32,1.08
1980-05-30,9.25,10.25,10.37,1.00
1980-06-02,9.34,10.31,10.45,0.97
1980-06-03,9.20,10.16,10.29,0.96
1980-06-04,9.06,10.07,10.18,1.01
1980-06-05,8.97,10.02,10.08,1.05
1980-06-06,8.72,9.81,9.87,1.09
1980-06-09,8.61,9.73,9.75,1.12
1980-06-10,8.79,9.83,9.88,1.04
1980-06-11,8.65,9.70,9.79,1.05
1980-06-12,8.46,9.53,9.60,1.07
1980-06-13,8.39,9.51,9.49,1.12
1980-06-16,8.38,9.47,9.49,1.09
1980-06-17,8.36,9.49,9.52,1.13
1980-06-18,8.58,9.56,9.60,0.98
1980-06-19,8.68,9.56,9.57,0.88
1980-06-20,8.43,9.49,9.50,1.06
1980-06-23,8.59,9.63,9.66,1.04
1980-06-24,8.64,9.68,9.70,1.04
1980-06-25,8.73,9.79,9.79,1.06
1980-06-26,8.80,9.87,9.91,1.07
1980-06-27,8.94,10.04,9.97,1.10
1980-06-30,8.97,10.09,9.99,1.12
1980-07-01,9.01,10.13,10.12,1.12
1980-07-02,9.01,10.19,10.12,1.18
1980-07-03,8.77,10.01,10.00,1.24
1980-07-04,,,,
1980-07-07,8.94,10.20,10.22,1.26
1980-07-08,8.80,10.09,10.06,1.29
1980-07-09,8.83,10.14,10.14,1.31
1980-07-10,8.90,10.21,10.21,1.31
1980-07-11,8.97,10.28,10.30,1.31
1980-07-14,9.16,10.33,10.36,1.17
1980-07-15,8.98,10.17,10.19,1.19
1980-07-16,8.79,10.07,10.05,1.28
1980-07-17,8.89,10.21,10.15,1.32
1980-07-18,8.93,10.20,10.19,1.27
1980-07-21,8.93,10.13,10.11,1.20
1980-07-22,9.02,10.18,10.18,1.16
1980-07-23,8.95,10.12,10.15,1.17
1980-07-24,9.05,10.24,10.24,1.19
1980-07-25,9.15,10.35,10.33,1.20
1980-07-28,9.24,10.46,10.42,1.22
1980-07-29,9.28,10.45,10.40,1.17
1980-07-30,9.33,10.53,10.51,1.20
1980-07-31,9.72,10.76,10.80,1.04
1980-08-01,9.78,10.76,10.76,0.98
1980-08-04,9.66,10.69,10.68,1.03
1980-08-05,9.67,10.70,10.69,1.03
1980-08-06,9.69,10.80,10.73,1.11
1980-08-07,9.67,10.71,10.68,1.04
1980-08-08,9.81,10.87,10.90,1.06
1980-08-11,10.07,11.03,11.05,0.96
1980-08-12,10.03,10.98,11.01,0.95
1980-08-13,10.03,10.89,10.93,0.86
1980-08-14,10.07,10.90,10.90,0.83
1980-08-15,10.12,10.86,10.83,0.74
1980-08-18,10.77,11.13,11.02,0.36
1980-08-19,10.91,11.24,11.16,0.33
1980-08-20,11.11,11.22,11.13,0.11
1980-08-21,11.27,11.30,11.15,0.03
1980-08-22,11.09,11.13,11.01,0.04
1980-08-25,11.34,11.40,11.18,0.06
1980-08-26,11.34,11.42,11.18,0.08
1980-08-27,11.52,11.67,11.33,0.15
1980-08-28,11.77,11.89,11.43,0.12
1980-08-29,11.36,11.55,11.27,0.19
1980-09-01,,,,
1980-09-02,11.05,11.32,11.08,0.27
1980-09-03,10.73,11.08,10.94,0.35
1980-09-04,10.77,11.16,11.02,0.39
1980-09-05,10.89,11.21,11.06,0.32
1980-09-08,11.11,11.29,11.15,0.18
1980-09-09,11.13,11.19,11.05,0.06
1980-09-10,11.03,11.14,11.02,0.11
1980-09-11,11.27,11.32,11.15,0.05
1980-09-12,11.40,11.37,11.18,-0.03
1980-09-15,11.79,11.62,11.38,-0.17
1980-09-16,11.68,11.52,11.33,-0.16
1980-09-17,11.79,11.57,11.41,-0.22
1980-09-18,11.84,11.53,11.35,-0.31
1980-09-19,11.59,11.33,11.25,-0.26
1980-09-22,12.00,11.69,11.60,-0.31
1980-09-23,12.00,11.76,11.53,-0.24
1980-09-24,11.98,11.75,11.53,-0.23
1980-09-25,12.11,11.91,11.66,-0.20
1980-09-26,12.40,11.99,11.81,-0.41
1980-09-29,12.38,12.07,11.93,-0.31
1980-09-30,12.13,11.86,11.70,-0.27
1980-10-01,12.02,11.78,11.69,-0.24
1980-10-02,12.06,11.83,11.66,-0.23
1980-10-03,11.51,11.40,11.33,-0.11
1980-10-06,11.41,11.35,11.26,-0.06
1980-10-07,11.44,11.43,11.30,-0.01
1980-10-08,11.69,11.51,11.38,-0.18
1980-10-09,11.60,11.39,11.21,-0.21
1980-10-10,11.64,11.44,11.26,-0.20
1980-10-13,,,,
1980-10-14,11.67,11.37,11.16,-0.30
1980-10-15,11.58,11.29,11.11,-0.29
1980-10-16,11.69,11.47,11.27,-0.22
1980-10-17,11.91,11.62,11.44,-0.29
1980-10-20,12.00,11.64,11.44,-0.36
1980-10-21,12.11,11.70,11.53,-0.41
1980-10-22,12.31,11.88,11.74,-0.43
1980-10-23,12.31,11.82,11.68,-0.49
1980-10-24,12.25,11.74,11.61,-0.51
1980-10-27,12.73,12.13,11.96,-0.60
1980-10-28,12.91,12.32,12.14,-0.59
1980-10-29,12.98,12.48,12.21,-0.50
1980-10-30,13.04,12.48,12.28,-0.56
1980-10-31,13.08,12.46,12.23,-0.62
1980-11-03,13.23,12.46,12.22,-0.77
1980-11-04,,,,
1980-11-05,13.38,12.61,12.36,-0.77
1980-11-06,13.57,13.04,12.59,-0.53
1980-11-07,13.36,12.66,12.59,-0.70
1980-11-10,13.29,12.78,12.71,-0.51
1980-11-11,,,,
1980-11-12,12.86,12.47,12.26,-0.39
1980-11-13,12.89,12.49,12.23,-0.40
1980-11-14,13.25,12.79,12.45,-0.46
1980-11-17,13.71,12.95,12.60,-0.76
1980-11-18,13.47,12.62,12.29,-0.85
1980-11-19,13.37,12.51,12.19,-0.86
1980-11-20,13.53,12.59,12.22,-0.94
1980-11-21,13.83,12.80,12.37,-1.03
1980-11-24,13.88,12.76,12.31,-1.12
1980-11-25,13.99,12.74,12.30,-1.25
1980-11-26,14.00,12.65,12.27,-1.35
1980-11-27,,,,
1980-11-28,14.13,12.72,12.32,-1.41
1980-12-01,14.25,12.92,12.51,-1.33
1980-12-02,14.25,12.95,12.50,-1.30
1980-12-03,14.04,12.92,12.41,-1.12
1980-12-04,14.15,12.91,12.43,-1.24
1980-12-05,14.34,12.85,12.33,-1.49
1980-12-08,14.45,12.91,12.42,-1.54
1980-12-09,14.54,13.10,12.68,-1.44
1980-12-10,14.59,13.15,12.80,-1.44
1980-12-11,14.97,13.57,13.17,-1.40
1980-12-12,14.74,13.21,12.82,-1.53
1980-12-15,14.83,13.25,12.85,-1.58
1980-12-16,15.12,13.51,12.95,-1.61
1980-12-17,14.98,13.28,12.74,-1.70
1980-12-18,14.89,13.22,12.62,-1.67
1980-12-19,14.05,12.64,12.22,-1.41
1980-12-22,13.24,12.14,11.75,-1.10
1980-12-23,13.04,12.35,11.93,-0.69
1980-12-24,13.37,12.42,11.95,-0.95
1980-12-25,,,,
1980-12-26,12.95,12.25,11.84,-0.70
1980-12-29,12.87,12.20,11.84,-0.67
1980-12-30,12.97,12.39,11.96,-0.58
1980-12-31,13.06,12.43,11.98,-0.63
1981-01-01,,,,
1981-01-02,13.10,12.42,12.01,-0.68
1981-01-05,12.28,12.15,11.67,-0.13
1981-01-06,12.42,12.11,11.67,-0.31
1981-01-07,12.92,12.38,11.89,-0.54
1981-01-08,13.09,12.35,11.91,-0.74
1981-01-09,13.53,12.57,12.13,-0.96
1981-01-12,13.17,12.45,12.08,-0.72
1981-01-13,13.30,12.53,12.08,-0.77
1981-01-14,12.95,12.53,12.07,-0.42
1981-01-15,13.25,12.62,12.25,-0.63
1981-01-16,13.08,12.53,12.13,-0.55
1981-01-19,13.62,12.64,12.25,-0.98
1981-01-20,13.48,12.50,12.11,-0.98
1981-01-21,13.79,12.77,12.33,-1.02
1981-01-22,13.83,12.87,12.46,-0.96
1981-01-23,13.74,12.84,12.38,-0.90
1981-01-26,13.40,12.70,12.28,-0.70
1981-01-27,13.40,12.73,12.31,-0.67
1981-01-28,13.48,12.77,12.33,-0.71
1981-01-29,13.42,12.80,12.38,-0.62
1981-01-30,13.26,12.68,12.28,-0.58
1981-02-02,13.51,12.86,12.45,-0.65
1981-02-03,13.70,12.98,12.61,-0.72
1981-02-04,13.63,12.86,12.49,-0.77
1981-02-05,13.63,12.95,12.70,-0.68
1981-02-06,13.89,13.09,12.73,-0.80
1981-02-09,13.97,13.21,12.81,-0.76
1981-02-10,14.10,13.27,12.92,-0.83
1981-02-11,14.34,13.42,13.01,-0.92
1981-02-12,,,,
1981-02-13,14.45,13.65,13.20,-0.80
1981-02-16,,,,
1981-02-17,13.97,13.33,12.93,-0.64
1981-02-18,13.98,13.30,12.88,-0.68
1981-02-19,13.72,13.09,12.71,-0.63
1981-02-20,13.55,12.90,12.54,-0.65
1981-02-23,13.92,13.19,12.81,-0.73
1981-02-24,14.00,13.21,12.81,-0.79
1981-02-25,14.00,13.29,12.89,-0.71
1981-02-26,14.10,13.47,12.98,-0.63
1981-02-27,14.08,13.43,12.97,-0.65
1981-03-02,14.40,13.62,13.19,-0.78
1981-03-03,14.13,13.43,13.00,-0.70
1981-03-04,14.21,13.45,13.03,-0.76
1981-03-05,14.17,13.43,13.00,-0.74
1981-03-06,13.91,13.20,12.73,-0.71
1981-03-09,13.84,13.09,12.64,-0.75
1981-03-10,13.74,13.08,12.69,-0.66
1981-03-11,13.79,13.12,12.74,-0.67
1981-03-12,13.70,13.03,12.59,-0.67
1981-03-13,13.45,12.86,12.42,-0.59
1981-03-16,13.30,12.85,12.41,-0.45
1981-03-17,13.20,12.68,12.25,-0.52
1981-03-18,12.75,12.58,12.16,-0.17
1981-03-19,12.84,12.67,12.28,-0.17
1981-03-20,12.88,12.77,12.34,-0.11
1981-03-23,13.36,13.13,12.71,-0.23
1981-03-24,13.55,13.30,12.84,-0.25
1981-03-25,13.51,13.21,12.77,-0.30
1981-03-26,13.62,13.34,12.92,-0.28
1981-03-27,13.67,13.36,12.93,-0.31
1981-03-30,13.32,13.22,12.80,-0.10
1981-03-31,13.17,13.13,12.65,-0.04
1981-04-01,13.19,13.14,12.65,-0.05
1981-04-02,13.40,13.25,12.80,-0.15
1981-04-03,13.57,13.40,12.94,-0.17
1981-04-06,14.13,13.74,13.28,-0.39
1981-04-07,13.70,13.41,12.99,-0.29
1981-04-08,13.89,13.61,13.15,-0.28
1981-04-09,13.87,13.45,13.02,-0.42
1981-04-10,13.90,13.59,13.15,-0.31
1981-04-13,14.05,13.68,13.23,-0.37
1981-04-14,13.92,13.58,13.13,-0.34
1981-04-15,14.19,13.74,13.29,-0.45
1981-04-16,14.23,13.79,13.32,-0.44
1981-04-17,,,,
1981-04-20,14.33,13.69,13.17,-0.64
1981-04-21,14.34,13.73,13.20,-0.61
1981-04-22,14.41,13.78,13.25,-0.63
1981-04-23,14.51,13.80,13.28,-0.71
1981-04-24,14.66,13.88,13.35,-0.78
1981-04-27,14.73,13.92,13.38,-0.81
1981-04-28,14.65,13.93,13.39,-0.72
1981-04-29,14.67,14.05,13.50,-0.62
1981-04-30,14.84,14.11,13.65,-0.73
1981-05-01,14.72,14.05,13.59,-0.67
1981-05-04,15.37,14.47,13.98,-0.90
1981-05-05,15.94,14.69,14.11,-1.25
1981-05-06,15.83,14.56,13.97,-1.27
1981-05-07,15.69,14.33,13.84,-1.36
1981-05-08,15.69,14.23,13.76,-1.46
1981-05-11,15.74,14.34,13.89,-1.40
1981-05-12,15.93,14.46,13.95,-1.47
1981-05-13,15.94,14.49,13.95,-1.45
1981-05-14,15.80,14.24,13.66,-1.56
1981-05-15,15.55,14.07,13.58,-1.48
1981-05-18,15.19,13.80,13.31,-1.39
1981-05-19,15.47,13.95,13.47,-1.52
1981-05-20,15.63,14.00,13.45,-1.63
1981-05-21,15.75,14.05,13.53,-1.70
1981-05-22,15.48,13.82,13.36,-1.66
1981-05-25,,,,
1981-05-26,15.09,13.67,13.22,-1.42
1981-05-27,15.14,13.71,13.27,-1.43
1981-05-28,14.79,13.56,13.10,-1.23
1981-05-29,14.40,13.50,13.06,-0.90
1981-06-01,14.47,13.46,13.06,-1.01
1981-06-02,14.66,13.58,13.13,-1.08
1981-06-03,14.65,13.55,13.08,-1.10
1981-06-04,14.76,13.51,13.04,-1.25
1981-06-05,14.73,13.56,13.11,-1.17
1981-06-08,14.31,13.36,12.87,-0.95
1981-06-09,14.41,13.37,12.89,-1.04
1981-06-10,14.31,13.31,12.82,-1.00
1981-06-11,14.40,13.32,12.84,-1.08
1981-06-12,14.44,13.35,12.84,-1.09
1981-06-15,14.03,13.09,12.61,-0.94
1981-06-16,14.11,13.08,12.59,-1.03
1981-06-17,14.37,13.23,12.73,-1.14
1981-06-18,14.66,13.57,12.98,-1.09
1981-06-19,14.65,13.46,12.90,-1.19
1981-06-22,14.49,13.44,12.86,-1.05
1981-06-23,14.59,13.56,12.99,-1.03
1981-06-24,14.71,13.66,13.10,-1.05
1981-06-25,14.65,13.70,13.14,-0.95
1981-06-26,14.59,13.69,13.14,-0.90
1981-06-29,14.48,13.68,13.11,-0.80
1981-06-30,14.66,13.86,13.30,-0.80
1981-07-01,14.94,14.04,13.47,-0.90
1981-07-02,14.87,13.95,13.35,-0.92
1981-07-03,,,,
1981-07-06,14.68,13.81,13.19,-0.87
1981-07-07,14.92,14.04,13.42,-0.88
1981-07-08,15.02,14.11,13.43,-0.91
1981-07-09,15.14,14.12,13.47,-1.02
1981-07-10,14.88,13.94,13.25,-0.94
1981-07-13,14.83,13.99,13.33,-0.84
1981-07-14,15.07,14.15,13.49,-0.92
1981-07-15,15.03,14.07,13.35,-0.96
1981-07-16,15.11,14.11,13.44,-1.00
1981-07-17,15.07,14.09,13.40,-0.98
1981-07-20,15.96,14.59,13.87,-1.37
1981-07-21,16.00,14.61,13.84,-1.39
1981-07-22,15.95,14.63,13.87,-1.32
1981-07-23,15.85,14.57,13.80,-1.28
1981-07-24,15.64,14.41,13.65,-1.23
1981-07-27,15.57,14.43,13.70,-1.14
1981-07-28,15.78,14.53,13.80,-1.25
1981-07-29,15.76,14.61,13.92,-1.15
1981-07-30,15.88,14.71,13.95,-1.17
1981-07-31,15.84,14.67,13.96,-1.17
1981-08-03,16.16,14.95,14.27,-1.21
1981-08-04,16.16,14.95,14.17,-1.21
1981-08-05,16.07,14.91,14.15,-1.16
1981-08-06,16.03,14.86,14.04,-1.17
1981-08-07,16.05,14.83,14.07,-1.22
1981-08-10,15.83,14.65,13.88,-1.18
1981-08-11,15.67,14.40,13.63,-1.27
1981-08-12,16.02,14.61,13.82,-1.41
1981-08-13,16.13,14.65,13.88,-1.48
1981-08-14,16.19,14.74,13.95,-1.45
1981-08-17,16.22,14.71,13.90,-1.51
1981-08-18,16.30,14.79,13.95,-1.51
1981-08-19,16.32,14.77,13.95,-1.55
1981-08-20,16.25,14.89,14.08,-1.36
1981-08-21,16.31,14.97,14.14,-1.34
1981-08-24,16.86,15.32,14.57,-1.54
1981-08-25,16.67,15.35,14.61,-1.32
1981-08-26,16.69,15.31,14.60,-1.38
1981-08-27,16.75,15.36,14.59,-1.39
1981-08-28,16.57,15.25,14.49,-1.32
1981-08-31,16.73,15.41,14.78,-1.32
1981-09-01,16.78,15.41,14.70,-1.37
1981-09-02,16.78,15.40,14.70,-1.38
1981-09-03,16.90,15.48,14.82,-1.42
1981-09-04,16.89,15.51,14.84,-1.38
1981-09-07,,,,
1981-09-08,16.95,15.59,14.99,-1.36
1981-09-09,16.95,15.53,14.73,-1.42
1981-09-10,16.72,15.30,14.68,-1.42
1981-09-11,16.47,15.05,14.49,-1.42
1981-09-14,16.43,15.20,14.51,-1.23
1981-09-15,16.13,15.08,14.44,-1.05
1981-09-16,16.09,15.11,14.42,-0.98
1981-09-17,16.01,14.95,14.26,-1.06
1981-09-18,16.02,14.91,14.22,-1.11
1981-09-21,15.79,14.78,14.09,-1.01
1981-09-22,16.04,15.03,14.33,-1.01
1981-09-23,16.11,15.23,14.61,-0.88
1981-09-24,16.17,15.31,14.69,-0.86
1981-09-25,16.53,15.68,15.08,-0.85
1981-09-28,16.57,15.65,15.01,-0.92
1981-09-29,16.59,15.76,15.20,-0.83
1981-09-30,16.69,15.84,15.19,-0.85
1981-10-01,16.57,15.75,15.14,-0.82
1981-10-02,16.34,15.41,14.80,-0.93
1981-10-05,15.87,15.19,14.62,-0.68
1981-10-06,15.85,15.14,14.60,-0.71
1981-10-07,15.73,15.04,14.54,-0.69
1981-10-08,15.79,15.00,14.44,-0.79
1981-10-09,15.20,14.73,14.26,-0.47
1981-10-12,,,,
1981-10-13,15.25,14.83,14.36,-0.42
1981-10-14,15.35,14.87,14.48,-0.48
1981-10-15,15.31,14.88,14.39,-0.43
1981-10-16,15.46,14.94,14.55,-0.52
1981-10-19,15.48,14.95,14.52,-0.53
1981-10-20,15.48,15.09,14.66,-0.39
1981-10-21,15.55,15.34,14.94,-0.21
1981-10-22,15.56,15.38,14.91,-0.18
1981-10-23,15.41,15.30,14.81,-0.11
1981-10-26,15.56,15.60,15.21,0.04
1981-10-27,15.56,15.54,15.09,-0.02
1981-10-28,15.42,15.44,15.03,0.02
1981-10-29,15.07,15.06,14.66,-0.01
1981-10-30,14.59,14.63,14.36,0.04
1981-11-02,14.44,14.57,14.41,0.13
1981-11-03,,,,
1981-11-04,14.11,14.18,13.96,0.07
1981-11-05,14.20,14.19,14.06,-0.01
1981-11-06,13.86,13.94,13.85,0.08
1981-11-09,13.17,13.39,13.56,0.22
1981-11-10,13.22,13.40,13.55,0.18
1981-11-11,,,,
1981-11-12,12.77,13.19,13.21,0.42
1981-11-13,12.83,13.18,13.26,0.35
1981-11-16,12.69,13.07,13.11,0.38
1981-11-17,12.71,13.18,13.25,0.47
1981-11-18,12.19,13.00,13.05,0.81
1981-11-19,12.22,13.04,13.09,0.82
1981-11-20,12.21,13.14,13.08,0.93
1981-11-23,12.50,13.44,13.38,0.94
1981-11-24,12.15,13.13,13.03,0.98
1981-11-25,12.13,12.98,12.83,0.85
1981-11-26,,,,
1981-11-27,12.11,12.92,12.76,0.81
1981-11-30,12.36,13.13,12.91,0.77
1981-12-01,12.71,13.37,13.06,0.66
1981-12-02,12.89,13.49,13.21,0.60
1981-12-03,12.88,13.45,13.16,0.57
1981-12-04,12.23,13.15,12.89,0.92
1981-12-07,12.58,13.50,13.26,0.92
1981-12-08,12.65,13.50,13.24,0.85
1981-12-09,12.87,13.64,13.39,0.77
1981-12-10,13.16,13.80,13.58,0.64
1981-12-11,13.35,13.84,13.55,0.49
1981-12-14,13.39,13.62,13.34,0.23
1981-12-15,13.10,13.55,13.30,0.45
1981-12-16,13.04,13.53,13.32,0.49
1981-12-17,13.37,13.71,13.48,0.34
1981-12-18,13.19,13.51,13.30,0.32
1981-12-21,13.61,13.83,13.55,0.22
1981-12-22,13.77,14.02,13.65,0.25
1981-12-23,14.12,14.14,13.85,0.02
1981-12-24,13.95,14.01,13.76,0.06
1981-12-25,,,,
1981-12-28,14.02,14.01,13.72,-0.01
1981-12-29,13.98,14.12,13.88,0.14
1981-12-30,13.90,14.17,13.86,0.27
1981-12-31,13.63,13.98,13.65,0.35
1982-01-01,,,,
1982-01-04,13.87,14.19,13.87,0.32
1982-01-05,14.09,14.44,14.14,0.35
1982-01-06,14.19,14.59,14.28,0.40
1982-01-07,14.33,14.63,14.32,0.30
1982-01-08,14.11,14.48,14.13,0.37
1982-01-11,14.55,14.81,14.43,0.26
1982-01-12,14.49,14.62,14.27,0.13
1982-01-13,14.78,14.83,14.47,0.05
1982-01-14,14.71,14.70,14.31,-0.01
1982-01-15,14.81,14.82,14.41,0.01
1982-01-18,14.83,14.75,14.27,-0.08
1982-01-19,14.79,14.80,14.36,0.01
1982-01-20,15.02,14.81,14.32,-0.21
1982-01-21,14.96,14.62,14.21,-0.34
1982-01-22,15.06,14.69,14.24,-0.37
1982-01-25,14.93,14.62,14.20,-0.31
1982-01-26,14.70,14.54,14.19,-0.16
1982-01-27,14.57,14.51,14.17,-0.06
1982-01-28,14.33,14.29,13.98,-0.04
1982-01-29,14.24,14.14,13.91,-0.10
1982-02-01,15.04,14.58,14.33,-0.46
1982-02-02,14.85,14.47,14.26,-0.38
1982-02-03,14.93,14.69,14.41,-0.24
1982-02-04,14.96,14.76,14.54,-0.20
1982-02-05,14.89,14.65,14.43,-0.24
1982-02-08,15.09,14.88,14.74,-0.21
1982-02-09,15.15,14.95,14.80,-0.20
1982-02-10,15.08,14.81,14.64,-0.27
1982-02-11,15.07,14.71,14.54,-0.36
1982-02-12,,,,
1982-02-15,,,,
1982-02-16,15.04,14.53,14.33,-0.51
1982-02-17,15.18,14.50,14.30,-0.68
1982-02-18,14.99,14.28,14.06,-0.71
1982-02-19,14.94,14.24,14.02,-0.70
1982-02-22,14.35,13.87,13.65,-0.48
1982-02-23,14.33,13.93,13.73,-0.40
1982-02-24,14.24,13.87,13.62,-0.37
1982-02-25,14.25,13.91,13.72,-0.34
1982-02-26,14.44,14.03,13.83,-0.41
1982-03-01,14.25,13.85,13.63,-0.40
1982-03-02,14.14,13.74,13.44,-0.40
1982-03-03,14.09,13.69,13.39,-0.40
1982-03-04,13.90,13.61,13.35,-0.29
1982-03-05,13.79,13.59,13.35,-0.20
1982-03-08,13.71,13.67,13.49,-0.04
1982-03-09,13.93,13.69,13.43,-0.24
1982-03-10,13.97,13.73,13.50,-0.24
1982-03-11,14.25,13.95,13.65,-0.30
1982-03-12,14.35,13.97,13.65,-0.38
1982-03-15,14.43,13.96,13.56,-0.47
1982-03-16,14.35,13.91,13.57,-0.44
1982-03-17,14.15,13.88,13.52,-0.27
1982-03-18,14.24,13.87,13.51,-0.37
1982-03-19,14.35,13.89,13.56,-0.46
1982-03-22,14.09,13.74,13.37,-0.35
1982-03-23,14.07,13.72,13.36,-0.35
1982-03-24,14.14,13.91,13.51,-0.23
1982-03-25,14.24,13.90,13.49,-0.34
1982-03-26,14.35,14.01,13.65,-0.34
1982-03-29,14.53,14.16,13.79,-0.37
1982-03-30,14.63,14.19,13.81,-0.44
1982-03-31,14.52,14.18,13.68,-0.34
1982-04-01,14.42,14.10,13.60,-0.32
1982-04-02,14.44,14.10,13.61,-0.34
1982-04-05,14.37,14.16,13.72,-0.21
1982-04-06,14.42,14.18,13.73,-0.24
1982-04-07,14.54,14.18,13.71,-0.36
1982-04-08,14.28,13.98,13.48,-0.30
1982-04-09,,,,
1982-04-12,14.22,13.83,13.30,-0.39
1982-04-13,14.17,13.83,13.32,-0.34
1982-04-14,14.35,13.95,13.42,-0.40
1982-04-15,14.39,13.91,13.32,-0.48
1982-04-16,14.24,13.71,13.18,-0.53
1982-04-19,14.18,13.66,13.13,-0.52
1982-04-20,14.14,13.72,13.21,-0.42
1982-04-21,14.04,13.69,13.22,-0.35
1982-04-22,14.06,13.71,13.19,-0.35
1982-04-23,14.02,13.69,13.18,-0.33
1982-04-26,14.02,13.70,13.16,-0.32
1982-04-27,13.95,13.70,13.19,-0.25
1982-04-28,13.99,13.77,13.27,-0.22
1982-04-29,14.02,13.87,13.38,-0.15
1982-04-30,13.99,13.87,13.39,-0.12
1982-05-03,14.13,13.95,13.45,-0.18
1982-05-04,14.17,13.87,13.37,-0.30
1982-05-05,14.04,13.80,13.34,-0.24
1982-05-06,13.78,13.54,13.13,-0.24
1982-05-07,13.67,13.48,13.08,-0.19
1982-05-10,13.71,13.49,13.13,-0.22
1982-05-11,13.73,13.46,13.08,-0.27
1982-05-12,13.80,13.59,13.23,-0.21
1982-05-13,13.95,13.62,13.25,-0.33
1982-05-14,13.86,13.48,13.17,-0.38
1982-05-17,13.85,13.57,13.29,-0.28
1982-05-18,13.85,13.60,13.26,-0.25
1982-05-19,13.78,13.64,13.30,-0.14
1982-05-20,13.48,13.53,13.17,0.05
1982-05-21,13.57,13.52,13.17,-0.05
1982-05-24,13.62,13.58,13.19,-0.04
1982-05-25,13.68,13.62,13.20,-0.06
1982-05-26,13.62,13.68,13.29,0.06
1982-05-27,13.63,13.72,13.36,0.09
1982-05-28,13.62,13.71,13.39,0.09
1982-05-31,,,,
1982-06-01,13.92,13.93,13.66,0.01
1982-06-02,13.95,13.86,13.60,-0.09
1982-06-03,13.90,13.90,13.66,0.00
1982-06-04,14.03,13.98,13.76,-0.05
1982-06-07,13.97,13.94,13.66,-0.03
1982-06-08,14.04,13.98,13.71,-0.06
1982-06-09,14.11,13.99,13.71,-0.12
1982-06-10,14.12,14.02,13.72,-0.10
1982-06-11,14.08,13.93,13.61,-0.15
1982-06-14,14.37,14.21,13.89,-0.16
1982-06-15,14.41,14.21,13.87,-0.20
1982-06-16,14.45,14.26,13.91,-0.19
1982-06-17,14.79,14.48,14.10,-0.31
1982-06-18,14.96,14.62,14.19,-0.34
1982-06-21,14.92,14.63,14.15,-0.29
1982-06-22,14.90,14.66,14.21,-0.24
1982-06-23,14.97,14.74,14.26,-0.23
1982-06-24,14.95,14.71,14.20,-0.24
1982-06-25,14.98,14.76,14.24,-0.22
1982-06-28,14.93,14.73,14.19,-0.20
1982-06-29,14.83,14.61,14.11,-0.22
1982-06-30,14.66,14.44,13.91,-0.22
1982-07-01,14.60,14.40,13.90,-0.20
1982-07-02,14.71,14.50,14.03,-0.21
1982-07-05,,,,
1982-07-06,14.72,14.48,14.00,-0.24
1982-07-07,14.68,14.49,13.90,-0.19
1982-07-08,14.26,14.19,13.70,-0.07
1982-07-09,14.05,14.03,13.57,-0.02
1982-07-12,13.86,13.87,13.46,0.01
1982-07-13,14.13,14.02,13.61,-0.11
1982-07-14,14.23,14.10,13.68,-0.13
1982-07-15,14.07,13.96,13.57,-0.11
1982-07-16,13.71,13.70,13.35,-0.01
1982-07-19,13.52,13.68,13.34,0.16
1982-07-20,13.27,13.53,13.24,0.26
1982-07-21,13.13,13.60,13.30,0.47
1982-07-22,13.04,13.51,13.20,0.47
1982-07-23,13.04,13.56,13.25,0.52
1982-07-26,13.33,13.91,13.48,0.58
1982-07-27,13.35,13.86,13.46,0.51
1982-07-28,13.45,13.97,13.60,0.52
1982-07-29,13.42,13.83,13.51,0.41
1982-07-30,13.17,13.68,13.42,0.51
1982-08-02,12.82,13.41,13.17,0.59
1982-08-03,12.90,13.51,13.27,0.61
1982-08-04,12.93,13.68,13.27,0.75
1982-08-05,13.08,13.70,13.29,0.62
1982-08-06,13.24,13.85,13.41,0.61
1982-08-09,13.08,13.70,13.31,0.62
1982-08-10,13.15,13.69,13.27,0.54
1982-08-11,13.15,13.71,13.26,0.56
1982-08-12,12.93,13.55,13.15,0.62
1982-08-13,12.75,13.20,12.98,0.45
1982-08-16,12.36,13.09,12.80,0.73
1982-08-17,11.83,12.65,12.42,0.82
1982-08-18,11.76,12.57,12.29,0.81
1982-08-19,11.61,12.47,12.31,0.86
1982-08-20,11.20,12.24,12.14,1.04
1982-08-23,11.57,12.47,12.29,0.90
1982-08-24,11.50,12.35,12.16,0.85
1982-08-25,11.66,12.43,12.21,0.77
1982-08-26,11.67,12.55,12.31,0.88
1982-08-27,11.93,12.77,12.54,0.84
1982-08-30,12.01,12.81,12.54,0.80
1982-08-31,11.99,12.81,12.50,0.82
1982-09-01,12.00,12.76,12.41,0.76
1982-09-02,11.95,12.60,12.30,0.65
1982-09-03,11.69,12.47,12.16,0.78
1982-09-06,,,,
1982-09-07,11.80,12.53,12.19,0.73
1982-09-08,11.87,12.51,12.17,0.64
1982-09-09,11.87,12.53,12.21,0.66
1982-09-10,12.06,12.73,12.41,0.67
1982-09-13,11.93,12.63,12.26,0.70
1982-09-14,11.88,12.56,12.24,0.68
1982-09-15,12.16,12.60,12.25,0.44
1982-09-16,12.14,12.60,12.18,0.46
1982-09-17,11.96,12.51,12.12,0.55
1982-09-20,11.98,12.47,12.04,0.49
1982-09-21,11.68,12.18,11.82,0.50
1982-09-22,11.61,12.04,11.83,0.43
1982-09-23,11.50,11.94,11.75,0.44
1982-09-24,11.65,12.09,11.88,0.44
1982-09-27,11.69,11.99,11.82,0.30
1982-09-28,11.42,11.85,11.76,0.43
1982-09-29,11.38,11.80,11.79,0.42
1982-09-30,11.23,11.73,11.79,0.50
1982-10-01,11.13,11.51,11.65,0.38
1982-10-04,11.51,11.72,11.83,0.21
1982-10-05,11.42,11.69,11.81,0.27
1982-10-06,11.21,11.50,11.69,0.29
1982-10-07,10.46,10.91,11.29,0.45
1982-10-08,10.15,10.83,11.19,0.68
1982-10-11,,,,
1982-10-12,9.69,10.53,10.85,0.84
1982-10-13,9.68,10.39,10.75,0.71
1982-10-14,9.84,10.61,10.86,0.77
1982-10-15,10.00,10.75,11.03,0.75
1982-10-18,9.80,10.58,10.90,0.78
1982-10-19,9.82,10.56,10.87,0.74
1982-10-20,9.72,10.69,10.91,0.97
1982-10-21,9.79,10.69,10.92,0.90
1982-10-22,9.87,10.81,11.03,0.94
1982-10-25,10.09,11.11,11.25,1.02
1982-10-26,9.89,10.87,11.17,0.98
1982-10-27,9.94,10.90,11.23,0.96
1982-10-28,9.89,10.77,11.12,0.88
1982-10-29,9.85,10.71,11.01,0.86
1982-11-01,9.68,10.56,10.84,0.88
1982-11-02,,,,
1982-11-03,9.65,10.46,10.72,0.81
1982-11-04,9.64,10.42,10.66,0.78
1982-11-05,9.73,10.48,10.59,0.75
1982-11-08,9.81,10.55,10.61,0.74
1982-11-09,9.74,10.51,10.44,0.77
1982-11-10,9.77,10.48,10.37,0.71
1982-11-11,,,,
1982-11-12,9.87,10.58,10.43,0.71
1982-11-15,9.91,10.65,10.52,0.74
1982-11-16,9.90,10.67,10.60,0.77
1982-11-17,9.90,10.59,10.54,0.69
1982-11-18,9.81,10.46,10.33,0.65
1982-11-19,9.79,10.42,10.35,0.63
1982-11-22,9.73,10.43,10.43,0.70
1982-11-23,9.73,10.53,10.46,0.80
1982-11-24,9.80,10.59,10.52,0.79
1982-11-25,,,,
1982-11-26,9.76,10.51,10.47,0.75
1982-11-29,9.94,10.78,10.72,0.84
1982-11-30,9.96,10.79,10.70,0.83
1982-12-01,9.96,10.74,10.69,0.78
1982-12-02,9.89,10.68,10.63,0.79
1982-12-03,9.72,10.47,10.44,0.75
1982-12-06,9.73,10.46,10.41,0.73
1982-12-07,9.72,10.48,10.45,0.76
1982-12-08,9.85,10.62,10.54,0.77
1982-12-09,9.83,10.58,10.52,0.75
1982-12-10,9.87,10.66,10.63,0.79
1982-12-13,9.84,10.61,10.57,0.77
1982-12-14,9.54,10.46,10.48,0.92
1982-12-15,9.49,10.50,10.55,1.01
1982-12-16,9.59,10.59,10.66,1.00
1982-12-17,9.66,10.64,10.69,0.98
1982-12-20,9.67,10.70,10.77,1.03
1982-12-21,9.54,10.54,10.53,1.00
1982-12-22,9.55,10.53,10.55,0.98
1982-12-23,9.52,10.47,10.50,0.95
1982-12-24,,,,
1982-12-27,9.54,10.44,10.44,0.90
1982-12-28,9.52,10.44,10.43,0.92
1982-12-29,9.54,10.47,10.49,0.93
1982-12-30,9.52,10.44,10.46,0.92
1982-12-31,9.48,10.36,10.43,0.88
1983-01-03,9.29,10.32,10.39,1.03
1983-01-04,9.43,10.37,10.45,0.94
1983-01-05,9.39,10.35,10.47,0.96
1983-01-06,9.39,10.39,10.50,1.00
1983-01-07,9.26,10.36,10.50,1.10
1983-01-10,9.24,10.38,10.51,1.14
1983-01-11,9.19,10.34,10.48,1.15
1983-01-12,9.22,10.32,10.46,1.10
1983-01-13,9.11,10.27,10.45,1.16
1983-01-14,9.09,10.28,10.50,1.19
1983-01-17,9.17,10.28,10.50,1.11
1983-01-18,9.14,10.30,10.56,1.16
1983-01-19,9.20,10.41,10.67,1.21
1983-01-20,9.26,10.43,10.66,1.17
1983-01-21,9.46,10.61,10.78,1.15
1983-01-24,9.54,10.70,10.88,1.16
1983-01-25,9.44,10.62,10.82,1.18
1983-01-26,9.52,10.69,10.92,1.17
1983-01-27,9.49,10.67,10.85,1.18
1983-01-28,9.47,10.71,10.90,1.24
1983-01-31,9.58,10.80,10.99,1.22
1983-02-01,9.60,10.78,10.95,1.18
1983-02-02,9.71,10.88,10.94,1.17
1983-02-03,9.71,10.93,11.06,1.22
1983-02-04,9.82,10.99,11.12,1.17
1983-02-07,9.80,10.96,11.10,1.16
1983-02-08,9.83,10.99,11.12,1.16
1983-02-09,9.89,11.00,11.14,1.11
1983-02-10,9.74,10.83,10.96,1.09
1983-02-11,9.70,10.80,10.94,1.10
1983-02-14,9.78,10.80,10.95,1.02
1983-02-15,9.77,10.84,10.99,1.07
1983-02-16,9.69,10.81,10.95,1.12
1983-02-17,9.65,10.71,10.86,1.06
1983-02-18,9.56,10.60,10.78,1.04
1983-02-21,,,,
1983-02-22,9.41,10.46,10.63,1.05
1983-02-23,9.44,10.44,10.62,1.00
1983-02-24,9.40,10.42,10.61,1.02
1983-02-25,9.28,10.26,10.50,0.98
1983-02-28,9.31,10.27,10.51,0.96
1983-03-01,9.26,10.22,10.45,0.96
1983-03-02,9.30,10.26,10.48,0.96
1983-03-03,9.24,10.23,10.44,0.99
1983-03-04,9.25,10.27,10.46,1.02
1983-03-07,9.46,10.43,10.59,0.97
1983-03-08,9.62,10.52,10.65,0.90
1983-03-09,9.62,10.48,10.64,0.86
1983-03-10,9.67,10.55,10.67,0.88
1983-03-11,9.66,10.59,10.75,0.93
1983-03-14,9.58,10.48,10.66,0.90
1983-03-15,9.57,10.46,10.62,0.89
1983-03-16,9.65,10.53,10.68,0.88
1983-03-17,9.71,10.56,10.68,0.85
1983-03-18,9.78,10.58,10.71,0.80
1983-03-21,9.79,10.60,10.71,0.81
1983-03-22,9.84,10.62,10.71,0.78
1983-03-23,9.81,10.58,10.64,0.77
1983-03-24,9.82,10.58,10.61,0.76
1983-03-25,9.91,10.64,10.70,0.73
1983-03-28,9.92,10.66,10.71,0.74
1983-03-29,9.88,10.60,10.66,0.72
1983-03-30,9.88,10.59,10.65,0.71
1983-03-31,9.87,10.62,10.69,0.75
1983-04-01,,,,
1983-04-04,9.87,10.60,10.67,0.73
1983-04-05,9.72,10.49,10.55,0.77
1983-04-06,9.69,10.49,10.54,0.80
1983-04-07,9.67,10.51,10.56,0.84
1983-04-08,9.67,10.51,10.58,0.84
1983-04-11,9.53,10.41,10.46,0.88
1983-04-12,9.58,10.42,10.46,0.84
1983-04-13,9.57,10.39,10.44,0.82
1983-04-14,9.49,10.29,10.37,0.80
1983-04-15,9.53,10.33,10.40,0.80
1983-04-18,9.49,10.29,10.35,0.80
1983-04-19,9.58,10.39,10.46,0.81
1983-04-20,9.58,10.39,10.48,0.81
1983-04-21,9.61,10.43,10.53,0.82
1983-04-22,9.58,10.42,10.52,0.84
1983-04-25,9.52,10.40,10.48,0.88
1983-04-26,9.49,10.37,10.47,0.88
1983-04-27,9.42,10.29,10.43,0.87
1983-04-28,9.42,10.31,10.41,0.89
1983-04-29,9.35,10.27,10.38,0.92
1983-05-02,9.29,10.26,10.39,0.97
1983-05-03,9.27,10.26,10.38,0.99
1983-05-04,9.19,10.12,10.27,0.93
1983-05-05,9.25,10.16,10.30,0.91
1983-05-06,9.17,10.13,10.28,0.96
1983-05-09,9.33,10.25,10.37,0.92
1983-05-10,9.24,10.16,10.30,0.92
1983-05-11,9.22,10.18,10.33,0.96
1983-05-12,9.29,10.23,10.40,0.94
1983-05-13,9.27,10.22,10.37,0.95
1983-05-16,9.47,10.37,10.54,0.90
1983-05-17,9.48,10.41,10.58,0.93
1983-05-18,9.49,10.43,10.60,0.94
1983-05-19,9.61,10.49,10.67,0.88
1983-05-20,9.64,10.54,10.69,0.90
1983-05-23,9.74,10.57,10.71,0.83
1983-05-24,9.75,10.56,10.69,0.81
1983-05-25,9.76,10.58,10.71,0.82
1983-05-26,9.89,10.63,10.76,0.74
1983-05-27,9.90,10.62,10.78,0.72
1983-05-30,,,,
1983-05-31,10.02,10.81,10.97,0.79
1983-06-01,9.97,10.77,10.91,0.80
1983-06-02,9.96,10.78,10.91,0.82
1983-06-03,10.01,10.79,10.93,0.78
1983-06-06,10.09,10.79,10.90,0.70
1983-06-07,10.18,10.85,10.97,0.67
1983-06-08,10.20,10.92,11.02,0.72
1983-06-09,10.12,10.88,10.96,0.76
1983-06-10,10.20,10.89,10.95,0.69
1983-06-13,10.11,10.75,10.84,0.64
1983-06-14,10.09,10.77,10.88,0.68
1983-06-15,10.06,10.72,10.81,0.66
1983-06-16,10.05,10.64,10.72,0.59
1983-06-17,10.07,10.68,10.77,0.61
1983-06-20,10.26,10.80,10.85,0.54
1983-06-21,10.27,10.79,10.86,0.52
1983-06-22,10.31,10.83,10.90,0.52
1983-06-23,10.33,10.90,10.95,0.57
1983-06-24,10.43,11.02,11.06,0.59
1983-06-27,10.44,11.11,11.16,0.67
1983-06-28,10.35,11.04,11.10,0.69
1983-06-29,10.27,10.99,11.06,0.72
1983-06-30,10.23,10.96,11.01,0.73
1983-07-01,10.17,10.93,11.00,0.76
1983-07-04,,,,
1983-07-05,10.52,11.21,11.25,0.69
1983-07-06,10.49,11.16,11.21,0.67
1983-07-07,10.59,11.29,11.31,0.70
1983-07-08,10.69,11.33,11.37,0.64
1983-07-11,10.56,11.28,11.29,0.72
1983-07-12,10.74,11.42,11.45,0.68
1983-07-13,10.71,11.40,11.44,0.69
1983-07-14,10.72,11.38,11.38,0.66
1983-07-15,10.82,11.51,11.47,0.69
1983-07-18,10.76,11.41,11.37,0.65
1983-07-19,10.69,11.36,11.33,0.67
1983-07-20,10.64,11.28,11.28,0.64
1983-07-21,10.66,11.32,11.34,0.66
1983-07-22,10.77,11.43,11.48,0.66
1983-07-25,10.74,11.41,11.42,0.67
1983-07-26,10.77,11.49,11.50,0.72
1983-07-27,10.77,11.51,11.53,0.74
1983-07-28,10.86,11.66,11.68,0.80
1983-07-29,11.03,11.76,11.80,0.73
1983-08-01,11.09,11.80,11.82,0.71
1983-08-02,11.14,11.82,11.78,0.68
1983-08-03,11.13,11.92,11.87,0.79
1983-08-04,11.27,12.12,12.12,0.85
1983-08-05,11.27,12.10,12.07,0.83
1983-08-08,11.37,12.20,12.15,0.83
1983-08-09,11.33,12.13,12.09,0.80
1983-08-10,11.41,12.17,12.13,0.76
1983-08-11,11.32,12.04,12.00,0.72
1983-08-12,11.27,11.96,11.89,0.69
1983-08-15,11.08,11.76,11.71,0.68
1983-08-16,10.97,11.71,11.70,0.74
1983-08-17,10.86,11.65,11.61,0.79
1983-08-18,10.85,11.70,11.68,0.85
1983-08-19,10.90,11.72,11.73,0.82
1983-08-22,10.75,11.54,11.51,0.79
1983-08-23,10.79,11.57,11.56,0.78
1983-08-24,10.76,11.54,11.52,0.78
1983-08-25,10.83,11.62,11.57,0.79
1983-08-26,10.88,11.65,11.60,0.77
1983-08-29,11.09,11.86,11.81,0.77
1983-08-30,11.08,11.90,11.89,0.82
1983-08-31,11.18,11.98,11.96,0.80
1983-09-01,11.16,11.97,11.95,0.81
1983-09-02,11.18,12.01,11.97,0.83
1983-09-05,,,,
1983-09-06,11.03,11.85,11.82,0.82
1983-09-07,10.88,11.70,11.68,0.82
1983-09-08,10.95,11.77,11.73,0.82
1983-09-09,10.93,11.73,11.70,0.80
1983-09-12,10.71,11.56,11.56,0.85
1983-09-13,10.77,11.63,11.61,0.86
1983-09-14,10.88,11.76,11.73,0.88
1983-09-15,10.95,11.82,11.80,0.87
1983-09-16,10.83,11.68,11.65,0.85
1983-09-19,10.72,11.66,11.65,0.94
1983-09-20,10.70,11.57,11.57,0.87
1983-09-21,10.73,11.64,11.60,0.91
1983-09-22,10.74,11.60,11.56,0.86
1983-09-23,10.61,11.49,11.47,0.88
1983-09-26,10.49,11.41,11.42,0.92
1983-09-27,10.57,11.45,11.44,0.88
1983-09-28,10.59,11.49,11.47,0.90
1983-09-29,10.64,11.50,11.48,0.86
1983-09-30,10.53,11.44,11.44,0.91
1983-10-03,10.55,11.47,11.48,0.92
1983-10-04,10.56,11.46,11.47,0.90
1983-10-05,10.45,11.35,11.38,0.90
1983-10-06,10.42,11.31,11.36,0.89
1983-10-07,10.45,11.33,11.38,0.88
1983-10-10,,,,
1983-10-11,10.68,11.57,11.61,0.89
1983-10-12,10.65,11.59,11.62,0.94
1983-10-13,10.71,11.65,11.69,0.94
1983-10-14,10.65,11.58,11.61,0.93
1983-10-17,10.49,11.47,11.51,0.98
1983-10-18,10.48,11.49,11.56,1.01
1983-10-19,10.55,11.49,11.51,0.94
1983-10-20,10.54,11.47,11.51,0.93
1983-10-21,10.48,11.43,11.47,0.95
1983-10-24,10.68,11.66,11.69,0.98
1983-10-25,10.63,11.70,11.73,1.07
1983-10-26,10.63,11.72,11.73,1.09
1983-10-27,10.60,11.66,11.71,1.06
1983-10-28,10.61,11.68,11.74,1.07
1983-10-31,10.61,11.74,11.78,1.13
1983-11-01,10.64,11.69,11.77,1.05
1983-11-02,10.62,11.70,11.76,1.08
1983-11-03,10.63,11.75,11.83,1.12
1983-11-04,10.76,11.85,11.91,1.09
1983-11-07,10.79,11.85,11.90,1.06
1983-11-08,,,,
1983-11-09,10.74,11.84,11.87,1.10
1983-11-10,10.63,11.71,11.74,1.08
1983-11-11,,,,
1983-11-14,10.60,11.68,11.73,1.08
1983-11-15,10.66,11.70,11.72,1.04
1983-11-16,10.66,11.70,11.76,1.04
1983-11-17,10.68,11.72,11.78,1.04
1983-11-18,10.68,11.72,11.79,1.04
1983-11-21,10.65,11.65,11.70,1.00
1983-11-22,10.60,11.57,11.64,0.97
1983-11-23,10.64,11.59,11.65,0.95
1983-11-24,,,,
1983-11-25,10.63,11.55,11.63,0.92
1983-11-28,10.69,11.63,11.70,0.94
1983-11-29,10.65,11.58,11.62,0.93
1983-11-30,10.67,11.63,11.67,0.96
1983-12-01,10.66,11.63,11.67,0.97
1983-12-02,10.77,11.75,11.79,0.98
1983-12-05,10.80,11.78,11.81,0.98
1983-12-06,10.74,11.76,11.81,1.02
1983-12-07,10.75,11.79,11.83,1.04
1983-12-08,10.83,11.89,11.93,1.06
1983-12-09,10.85,11.90,11.95,1.05
1983-12-12,10.82,11.87,11.94,1.05
1983-12-13,10.93,11.95,12.00,1.02
1983-12-14,10.92,11.97,12.01,1.05
1983-12-15,10.93,11.96,11.99,1.03
1983-12-16,10.87,11.88,11.94,1.01
1983-12-19,10.87,11.87,11.94,1.00
1983-12-20,10.87,11.86,11.94,0.99
1983-12-21,10.88,11.83,11.91,0.95
1983-12-22,10.83,11.77,11.84,0.94
1983-12-23,10.86,11.79,11.86,0.93
1983-12-26,,,,
1983-12-27,10.85,11.75,11.80,0.90
1983-12-28,10.85,11.81,11.84,0.96
1983-12-29,10.84,11.79,11.84,0.95
1983-12-30,10.85,11.82,11.87,0.97
1984-01-02,,,,
1984-01-03,10.87,11.86,11.93,0.99
1984-01-04,10.77,11.78,11.83,1.01
1984-01-05,10.75,11.77,11.84,1.02
1984-01-06,10.68,11.73,11.82,1.05
1984-01-09,10.73,11.75,11.84,1.02
1984-01-10,10.66,11.71,11.79,1.05
1984-01-11,10.72,11.76,11.83,1.04
1984-01-12,10.71,11.76,11.81,1.05
1984-01-13,10.50,11.59,11.67,1.09
1984-01-16,10.52,11.54,11.62,1.02
1984-01-17,10.55,11.57,11.65,1.02
1984-01-18,10.58,11.61,11.70,1.03
1984-01-19,10.57,11.60,11.68,1.03
1984-01-20,10.60,11.64,11.71,1.04
1984-01-23,10.61,11.63,11.69,1.02
1984-01-24,10.63,11.63,11.69,1.00
1984-01-25,10.65,11.64,11.72,0.99
1984-01-26,10.62,11.63,11.70,1.01
1984-01-27,10.62,11.63,11.73,1.01
1984-01-30,10.57,11.66,11.74,1.09
1984-01-31,10.58,11.67,11.78,1.09
1984-02-01,10.56,11.64,11.74,1.08
1984-02-02,10.54,11.60,11.71,1.06
1984-02-03,10.53,11.60,11.72,1.07
1984-02-06,10.67,11.70,11.79,1.03
1984-02-07,10.66,11.71,11.79,1.05
1984-02-08,10.65,11.72,11.83,1.07
1984-02-09,10.66,11.73,11.84,1.07
1984-02-10,10.73,11.83,11.92,1.10
1984-02-13,,,,
1984-02-14,10.78,11.85,11.95,1.07
1984-02-15,10.73,11.81,11.92,1.08
1984-02-16,10.75,11.83,11.94,1.08
1984-02-17,10.87,11.92,12.02,1.05
1984-02-20,,,,
1984-02-21,10.85,11.91,12.02,1.06
1984-02-22,10.92,11.93,12.06,1.01
1984-02-23,11.03,12.05,12.17,1.02
1984-02-24,10.94,11.99,12.10,1.05
1984-02-27,11.02,12.05,12.16,1.03
1984-02-28,11.04,12.09,12.22,1.05
1984-02-29,10.99,12.04,12.14,1.05
1984-03-01,11.05,12.07,12.16,1.02
1984-03-02,10.92,11.99,12.05,1.07
1984-03-05,11.01,12.07,12.17,1.06
1984-03-06,11.01,12.09,12.19,1.08
1984-03-07,11.08,12.22,12.31,1.14
1984-03-08,11.15,12.24,12.33,1.09
1984-03-09,11.19,12.28,12.35,1.09
1984-03-12,11.18,12.24,12.33,1.06
1984-03-13,11.22,12.27,12.37,1.05
1984-03-14,11.26,12.31,12.40,1.05
1984-03-15,11.28,12.31,12.39,1.03
1984-03-16,11.27,12.34,12.43,1.07
1984-03-19,11.39,12.45,12.53,1.06
1984-03-20,11.45,12.44,12.51,0.99
1984-03-21,11.57,12.45,12.53,0.88
1984-03-22,11.59,12.49,12.53,0.90
1984-03-23,11.59,12.48,12.50,0.89
1984-03-26,11.56,12.46,12.48,0.90
1984-03-27,11.58,12.46,12.50,0.88
1984-03-28,11.48,12.42,12.44,0.94
1984-03-29,11.49,12.41,12.42,0.92
1984-03-30,11.60,12.53,12.52,0.93
1984-04-02,11.61,12.56,12.55,0.95
1984-04-03,11.73,12.65,12.63,0.92
1984-04-04,11.76,12.67,12.67,0.91
1984-04-05,11.70,12.65,12.67,0.95
1984-04-06,11.55,12.51,12.50,0.96
1984-04-09,11.55,12.47,12.48,0.92
1984-04-10,11.54,12.52,12.54,0.98
1984-04-11,11.53,12.50,12.51,0.97
1984-04-12,11.49,12.40,12.41,0.91
1984-04-13,11.66,12.57,12.58,0.91
1984-04-16,11.70,12.61,12.65,0.91
1984-04-17,11.59,12.57,12.62,0.98
1984-04-18,11.69,12.70,12.73,1.01
1984-04-19,11.77,12.77,12.81,1.00
1984-04-20,,,,
1984-04-23,11.78,12.80,12.82,1.02
1984-04-24,11.73,12.75,12.75,1.02
1984-04-25,11.79,12.69,12.71,0.90
1984-04-26,11.77,12.67,12.68,0.90
1984-04-27,11.89,12.79,12.82,0.90
1984-04-30,11.89,12.82,12.86,0.93
1984-05-01,11.88,12.82,12.87,0.94
1984-05-02,11.92,12.86,12.90,0.94
1984-05-03,11.96,12.89,12.92,0.93
1984-05-04,12.15,13.07,13.08,0.92
1984-05-07,12.24,13.13,13.17,0.89
1984-05-08,12.23,13.09,13.12,0.86
1984-05-09,12.32,13.21,13.26,0.89
1984-05-10,12.32,13.25,13.30,0.93
1984-05-11,12.55,13.46,13.51,0.91
1984-05-14,12.57,13.58,13.62,1.01
1984-05-15,12.51,13.48,13.50,0.97
1984-05-16,12.42,13.41,13.46,0.99
1984-05-17,12.51,13.54,13.57,1.03
1984-05-18,12.47,13.45,13.46,0.98
1984-05-21,12.48,13.43,13.46,0.95
1984-05-22,12.58,13.52,13.53,0.94
1984-05-23,12.67,13.54,13.56,0.87
1984-05-24,12.77,13.72,13.73,0.95
1984-05-25,12.77,13.75,13.72,0.98
1984-05-28,,,,
1984-05-29,12.98,13.89,13.85,0.91
1984-05-30,13.04,13.99,13.94,0.95
1984-05-31,13.00,13.91,13.84,0.91
1984-06-01,12.72,13.63,13.58,0.91
1984-06-04,12.63,13.42,13.37,0.79
1984-06-05,12.60,13.37,13.35,0.77
1984-06-06,12.75,13.54,13.47,0.79
1984-06-07,12.81,13.54,13.48,0.73
1984-06-08,12.74,13.46,13.42,0.72
1984-06-11,13.00,13.58,13.48,0.58
1984-06-12,12.92,13.54,13.39,0.62
1984-06-13,12.83,13.44,13.29,0.61
1984-06-14,12.75,13.39,13.28,0.64
1984-06-15,12.63,13.21,13.14,0.58
1984-06-18,12.75,13.27,13.16,0.52
1984-06-19,12.79,13.38,13.30,0.59
1984-06-20,13.08,13.65,13.49,0.57
1984-06-21,13.14,13.72,13.55,0.58
1984-06-22,13.15,13.74,13.55,0.59
1984-06-25,13.12,13.75,13.56,0.63
1984-06-26,13.17,13.79,13.60,0.62
1984-06-27,13.12,13.76,13.56,0.64
1984-06-28,13.17,13.80,13.57,0.63
1984-06-29,13.17,13.84,13.64,0.67
1984-07-02,13.17,13.87,13.64,0.70
1984-07-03,13.12,13.80,13.52,0.68
1984-07-04,,,,
1984-07-05,13.07,13.77,13.55,0.70
1984-07-06,13.13,13.75,13.55,0.62
1984-07-09,12.96,13.48,13.28,0.52
1984-07-10,13.00,13.53,13.28,0.53
1984-07-11,13.06,13.55,13.33,0.49
1984-07-12,12.96,13.42,13.20,0.46
1984-07-13,12.85,13.30,13.12,0.45
1984-07-16,12.89,13.32,13.12,0.43
1984-07-17,12.93,13.37,13.18,0.44
1984-07-18,12.89,13.32,13.14,0.43
1984-07-19,12.82,13.25,13.12,0.43
1984-07-20,12.85,13.36,13.26,0.51
1984-07-23,12.87,13.35,13.27,0.48
1984-07-24,12.85,13.31,13.25,0.46
1984-07-25,12.64,13.06,12.97,0.42
1984-07-26,12.55,12.89,12.88,0.34
1984-07-27,12.59,12.95,12.91,0.36
1984-07-30,12.66,13.05,12.99,0.39
1984-07-31,12.57,12.91,12.87,0.34
1984-08-01,12.48,12.81,12.78,0.33
1984-08-02,12.48,12.74,12.70,0.26
1984-08-03,12.30,12.61,12.59,0.31
1984-08-06,12.42,12.73,12.69,0.31
1984-08-07,12.41,12.69,12.64,0.28
1984-08-08,12.37,12.66,12.62,0.29
1984-08-09,12.33,12.61,12.47,0.28
1984-08-10,12.35,12.68,12.47,0.33
1984-08-13,12.45,12.74,12.54,0.29
1984-08-14,12.34,12.67,12.48,0.33
1984-08-15,12.39,12.74,12.57,0.35
1984-08-16,12.40,12.70,12.51,0.30
1984-08-17,12.40,12.70,12.46,0.30
1984-08-20,12.42,12.69,12.41,0.27
1984-08-21,12.41,12.62,12.35,0.21
1984-08-22,12.45,12.65,12.43,0.20
1984-08-23,12.44,12.69,12.45,0.25
1984-08-24,12.41,12.66,12.44,0.25
1984-08-27,12.54,12.81,12.60,0.27
1984-08-28,12.54,12.81,12.57,0.27
1984-08-29,12.56,12.83,12.57,0.27
1984-08-30,12.56,12.84,12.56,0.28
1984-08-31,12.54,12.79,12.51,0.25
1984-09-03,,,,
1984-09-04,12.59,12.88,12.57,0.29
1984-09-05,12.63,12.92,12.61,0.29
1984-09-06,12.54,12.81,12.48,0.27
1984-09-07,12.45,12.70,12.44,0.25
1984-09-10,12.27,12.62,12.37,0.35
1984-09-11,12.26,12.54,12.31,0.28
1984-09-12,12.30,12.55,12.33,0.25
1984-09-13,12.21,12.44,12.22,0.23
1984-09-14,12.15,12.42,12.22,0.27
1984-09-17,12.16,12.40,12.18,0.24
1984-09-18,12.10,12.35,12.15,0.25
1984-09-19,11.94,12.25,12.07,0.31
1984-09-20,11.94,12.28,12.08,0.34
1984-09-21,12.06,12.45,12.22,0.39
1984-09-24,12.10,12.52,12.31,0.42
1984-09-25,12.12,12.56,12.34,0.44
1984-09-26,12.05,12.46,12.27,0.41
1984-09-27,11.95,12.31,12.12,0.36
1984-09-28,12.07,12.47,12.28,0.40
1984-10-01,12.09,12.54,12.35,0.45
1984-10-02,12.07,12.54,12.35,0.47
1984-10-03,12.06,12.54,12.36,0.48
1984-10-04,12.02,12.52,12.31,0.50
1984-10-05,11.93,12.39,12.20,0.46
1984-10-08,,,,
1984-10-09,11.87,12.36,12.18,0.49
1984-10-10,11.89,12.36,12.19,0.47
1984-10-11,11.78,12.31,12.15,0.53
1984-10-12,11.72,12.28,12.12,0.56
1984-10-15,11.78,12.34,12.16,0.56
1984-10-16,11.77,12.32,12.15,0.55
1984-10-17,11.70,12.28,12.08,0.58
1984-10-18,11.53,12.09,11.88,0.56
1984-10-19,11.39,11.93,11.74,0.54
1984-10-22,11.35,11.90,11.69,0.55
1984-10-23,11.17,11.78,11.64,0.61
1984-10-24,11.10,11.74,11.62,0.64
1984-10-25,11.13,11.83,11.68,0.70
1984-10-26,11.33,11.99,11.78,0.66
1984-10-29,11.30,11.95,11.75,0.65
1984-10-30,11.13,11.75,11.61,0.62
1984-10-31,11.09,11.79,11.64,0.70
1984-11-01,10.93,11.66,11.53,0.73
1984-11-02,10.96,11.66,11.55,0.70
1984-11-05,10.79,11.60,11.50,0.81
1984-11-06,,,,
1984-11-07,10.80,11.72,11.63,0.92
1984-11-08,10.95,11.81,11.78,0.86
1984-11-09,10.81,11.71,11.66,0.90
1984-11-12,,,,
1984-11-13,10.89,11.78,11.74,0.89
1984-11-14,10.91,11.81,11.78,0.90
1984-11-15,10.78,11.73,11.70,0.95
1984-11-16,10.71,11.69,11.67,0.98
1984-11-19,10.67,11.61,11.60,0.94
1984-11-20,10.59,11.53,11.56,0.94
1984-11-21,10.39,11.39,11.46,1.00
1984-11-22,,,,
1984-11-23,10.29,11.24,11.32,0.95
1984-11-26,10.33,11.28,11.35,0.95
1984-11-27,10.31,11.28,11.33,0.97
1984-11-28,10.35,11.38,11.44,1.03
1984-11-29,10.37,11.42,11.47,1.05
1984-11-30,10.50,11.58,11.58,1.08
1984-12-03,10.50,11.56,11.56,1.06
1984-12-04,10.44,11.52,11.53,1.08
1984-12-05,10.40,11.52,11.53,1.12
1984-12-06,10.49,11.61,11.62,1.12
1984-12-07,10.51,11.70,11.70,1.19
1984-12-10,10.47,11.66,11.66,1.19
1984-12-11,10.40,11.57,11.59,1.17
1984-12-12,10.35,11.54,11.56,1.19
1984-12-13,10.40,11.70,11.67,1.30
1984-12-14,10.20,11.56,11.56,1.36
1984-12-17,10.07,11.49,11.50,1.42
1984-12-18,9.85,11.29,11.35,1.44
1984-12-19,9.89,11.34,11.38,1.45
1984-12-20,9.94,11.37,11.43,1.43
1984-12-21,9.94,11.34,11.38,1.40
1984-12-24,9.83,11.31,11.36,1.48
1984-12-25,,,,
1984-12-26,9.95,11.45,11.46,1.50
1984-12-27,9.96,11.45,11.48,1.49
1984-12-28,10.02,11.46,11.49,1.44
1984-12-31,10.02,11.55,11.54,1.53
1985-01-01,,,,
1985-01-02,10.03,11.70,11.69,1.67
1985-01-03,10.06,11.62,11.64,1.56
1985-01-04,10.08,11.67,11.70,1.59
1985-01-07,10.01,11.50,11.53,1.49
1985-01-08,9.99,11.45,11.49,1.46
1985-01-09,9.95,11.47,11.50,1.52
1985-01-10,10.00,11.48,11.53,1.48
1985-01-11,10.08,11.59,11.64,1.51
1985-01-14,10.07,11.60,11.68,1.53
1985-01-15,10.00,11.49,11.57,1.49
1985-01-16,9.99,11.51,11.59,1.52
1985-01-17,9.98,11.48,11.59,1.50
1985-01-18,9.91,11.39,11.51,1.48
1985-01-21,,,,
1985-01-22,9.83,11.27,11.38,1.44
1985-01-23,9.83,11.21,11.33,1.38
1985-01-24,9.74,11.06,11.18,1.32
1985-01-25,9.76,11.11,11.21,1.35
1985-01-28,9.79,11.11,11.20,1.32
1985-01-29,9.79,11.11,11.18,1.32
1985-01-30,9.76,11.08,11.16,1.32
1985-01-31,9.90,11.17,11.21,1.27
1985-02-01,10.04,11.29,11.32,1.25
1985-02-04,10.03,11.35,11.34,1.32
1985-02-05,9.99,11.30,11.30,1.31
1985-02-06,10.03,11.40,11.37,1.37
1985-02-07,10.06,11.41,11.29,1.35
1985-02-08,10.03,11.37,11.27,1.34
1985-02-11,10.06,11.42,11.35,1.36
1985-02-12,,,,
1985-02-13,10.03,11.39,11.31,1.36
1985-02-14,9.98,11.29,11.24,1.31
1985-02-15,10.02,11.38,11.37,1.36
1985-02-18,,,,
1985-02-19,10.01,11.37,11.35,1.36
1985-02-20,10.13,11.52,11.50,1.39
1985-02-21,10.29,11.64,11.58,1.35
1985-02-22,10.34,11.76,11.71,1.42
1985-02-25,10.36,11.75,11.71,1.39
1985-02-26,10.36,11.72,11.67,1.36
1985-02-27,10.56,11.89,11.88,1.33
1985-02-28,10.66,11.91,11.90,1.25
1985-03-01,10.73,11.86,11.82,1.13
1985-03-04,10.78,11.93,11.91,1.15
1985-03-05,10.71,11.86,11.83,1.15
1985-03-06,10.75,11.92,11.89,1.17
1985-03-07,10.83,11.94,11.93,1.11
1985-03-08,10.56,11.71,11.71,1.15
1985-03-11,10.56,11.72,11.71,1.16
1985-03-12,10.62,11.78,11.74,1.16
1985-03-13,10.79,11.90,11.83,1.11
1985-03-14,10.86,11.92,11.84,1.06
1985-03-15,10.82,11.93,11.86,1.11
1985-03-18,10.89,12.02,11.97,1.13
1985-03-19,10.85,11.99,11.93,1.14
1985-03-20,10.85,11.91,11.84,1.06
1985-03-21,10.69,11.82,11.77,1.13
1985-03-22,10.75,11.88,11.83,1.13
1985-03-25,10.71,11.86,11.79,1.15
1985-03-26,10.63,11.77,11.72,1.14
1985-03-27,10.63,11.84,11.78,1.21
1985-03-28,10.53,11.75,11.73,1.22
1985-03-29,10.43,11.65,11.64,1.22
1985-04-01,10.45,11.66,11.65,1.21
1985-04-02,10.48,11.70,11.68,1.22
1985-04-03,10.49,11.73,11.71,1.24
1985-04-04,10.53,11.75,11.74,1.22
1985-04-05,,,,
1985-04-08,10.49,11.77,11.75,1.28
1985-04-09,10.38,11.66,11.66,1.28
1985-04-10,10.31,11.58,11.54,1.27
1985-04-11,10.12,11.42,11.40,1.30
1985-04-12,10.13,11.43,11.42,1.30
1985-04-15,10.09,11.37,11.37,1.28
1985-04-16,9.86,11.25,11.30,1.39
1985-04-17,9.93,11.29,11.33,1.36
1985-04-18,9.73,11.13,11.21,1.40
1985-04-19,9.81,11.16,11.26,1.35
1985-04-22,9.72,11.13,11.23,1.41
1985-04-23,9.88,11.25,11.34,1.37
1985-04-24,9.81,11.25,11.36,1.44
1985-04-25,9.90,11.37,11.44,1.47
1985-04-26,9.88,11.35,11.42,1.47
1985-04-29,9.97,11.47,11.54,1.50
1985-04-30,9.91,11.41,11.48,1.50
1985-05-01,9.82,11.27,11.37,1.45
1985-05-02,9.86,11.29,11.36,1.43
1985-05-03,9.71,11.21,11.31,1.50
1985-05-06,9.70,11.19,11.30,1.49
1985-05-07,9.66,11.17,11.29,1.51
1985-05-08,9.73,11.26,11.39,1.53
1985-05-09,9.67,11.20,11.34,1.53
1985-05-10,9.62,11.04,11.20,1.42
1985-05-13,9.64,11.04,11.20,1.40
1985-05-14,9.47,10.87,11.07,1.40
1985-05-15,9.40,10.89,11.08,1.49
1985-05-16,9.31,10.81,11.02,1.50
1985-05-17,9.37,10.84,11.05,1.47
1985-05-20,9.10,10.56,10.82,1.46
1985-05-21,9.11,10.60,10.85,1.49
1985-05-22,9.11,10.62,10.90,1.51
1985-05-23,9.21,10.64,10.91,1.43
1985-05-24,9.13,10.57,10.85,1.44
1985-05-27,,,,
1985-05-28,9.05,10.43,10.72,1.38
1985-05-29,9.05,10.46,10.73,1.41
1985-05-30,9.03,10.39,10.67,1.36
1985-05-31,8.92,10.28,10.58,1.36
1985-06-03,8.72,10.05,10.40,1.33
1985-06-04,8.68,10.05,10.39,1.37
1985-06-05,8.42,9.83,10.25,1.41
1985-06-06,8.51,9.89,10.29,1.38
1985-06-07,8.82,10.19,10.52,1.37
1985-06-10,8.87,10.16,10.47,1.29
1985-06-11,8.78,10.08,10.41,1.30
1985-06-12,8.76,10.16,10.46,1.40
1985-06-13,8.76,10.21,10.51,1.45
1985-06-14,8.45,9.98,10.31,1.53
1985-06-17,8.48,9.97,10.28,1.49
1985-06-18,8.37,9.90,10.23,1.53
1985-06-19,8.50,10.04,10.37,1.54
1985-06-20,8.59,10.14,10.44,1.55
1985-06-21,8.80,10.34,10.57,1.54
1985-06-24,8.87,10.45,10.64,1.58
1985-06-25,8.96,10.50,10.67,1.54
1985-06-26,8.94,10.54,10.68,1.60
1985-06-27,8.81,10.39,10.54,1.58
1985-06-28,8.67,10.25,10.47,1.58
1985-07-01,8.66,10.19,10.44,1.53
1985-07-02,8.66,10.20,10.43,1.54
1985-07-03,8.66,10.23,10.45,1.57
1985-07-04,,,,
1985-07-05,8.36,9.93,10.23,1.57
1985-07-08,8.52,10.05,10.31,1.53
1985-07-09,8.52,10.05,10.31,1.53
1985-07-10,8.55,10.07,10.33,1.52
1985-07-11,8.73,10.22,10.43,1.49
1985-07-12,8.78,10.23,10.42,1.45
1985-07-15,8.76,10.22,10.42,1.46
1985-07-16,8.67,10.15,10.37,1.48
1985-07-17,8.63,10.12,10.32,1.49
1985-07-18,8.76,10.30,10.48,1.54
1985-07-19,8.82,10.34,10.52,1.52
1985-07-22,8.95,10.46,10.60,1.51
1985-07-23,8.97,10.47,10.60,1.50
1985-07-24,8.99,10.51,10.63,1.52
1985-07-25,8.96,10.52,10.64,1.56
1985-07-26,8.98,10.59,10.72,1.61
1985-07-29,9.03,10.67,10.79,1.64
1985-07-30,9.04,10.66,10.78,1.62
1985-07-31,9.01,10.57,10.70,1.56
1985-08-01,9.04,10.51,10.62,1.47
1985-08-02,9.15,10.66,10.77,1.51
1985-08-05,9.13,10.64,10.73,1.51
1985-08-06,9.13,10.65,10.75,1.52
1985-08-07,9.08,10.55,10.71,1.47
1985-08-08,8.99,10.43,10.63,1.44
1985-08-09,8.95,10.37,10.61,1.42
1985-08-12,8.95,10.38,10.66,1.43
1985-08-13,8.96,10.46,10.71,1.50
1985-08-14,8.96,10.38,10.61,1.42
1985-08-15,8.96,10.36,10.64,1.40
1985-08-16,8.90,10.26,10.54,1.36
1985-08-19,8.89,10.23,10.50,1.34
1985-08-20,8.86,10.20,10.48,1.34
1985-08-21,8.82,10.12,10.42,1.30
1985-08-22,8.81,10.10,10.41,1.29
1985-08-23,8.87,10.14,10.42,1.27
1985-08-26,8.88,10.18,10.46,1.30
1985-08-27,8.81,10.12,10.38,1.31
1985-08-28,8.85,10.16,10.41,1.31
1985-08-29,8.81,10.12,10.37,1.31
1985-08-30,8.96,10.28,10.48,1.32
1985-09-02,,,,
1985-09-03,8.95,10.24,10.46,1.29
1985-09-04,8.85,10.16,10.40,1.31
1985-09-05,8.92,10.27,10.49,1.35
1985-09-06,9.15,10.50,10.73,1.35
1985-09-09,9.13,10.49,10.73,1.36
1985-09-10,9.10,10.48,10.71,1.38
1985-09-11,9.13,10.51,10.73,1.38
1985-09-12,9.15,10.52,10.73,1.37
1985-09-13,9.03,10.40,10.62,1.37
1985-09-16,8.99,10.37,10.58,1.38
1985-09-17,9.05,10.41,10.64,1.36
1985-09-18,9.07,10.43,10.67,1.36
1985-09-19,9.13,10.43,10.65,1.30
1985-09-20,9.01,10.36,10.58,1.35
1985-09-23,8.89,10.39,10.64,1.50
1985-09-24,8.82,10.33,10.62,1.51
1985-09-25,8.71,10.27,10.56,1.56
1985-09-26,8.72,10.22,10.50,1.50
1985-09-27,,,,
1985-09-30,8.88,10.31,10.57,1.43
1985-10-01,8.83,10.29,10.55,1.46
1985-10-02,8.84,10.30,10.59,1.46
1985-10-03,8.84,10.32,10.59,1.48
1985-10-04,8.84,10.36,10.61,1.52
1985-10-07,8.97,10.42,10.66,1.45
1985-10-08,8.96,10.36,10.63,1.40
1985-10-09,8.97,10.37,10.64,1.40
1985-10-10,8.96,10.35,10.61,1.39
1985-10-11,8.96,10.34,10.61,1.38
1985-10-14,,,,
1985-10-15,8.94,10.30,10.56,1.36
1985-10-16,8.89,10.25,10.52,1.36
1985-10-17,8.85,10.21,10.47,1.36
1985-10-18,8.81,10.17,10.44,1.36
1985-10-21,8.83,10.18,10.44,1.35
1985-10-22,8.80,10.12,10.39,1.32
1985-10-23,8.84,10.14,10.39,1.30
1985-10-24,8.90,10.15,10.41,1.25
1985-10-25,8.88,10.21,10.47,1.33
1985-10-28,8.91,10.28,10.53,1.37
1985-10-29,8.82,10.11,10.37,1.29
1985-10-30,8.68,9.97,10.26,1.29
1985-10-31,8.70,10.01,10.28,1.31
1985-11-01,8.70,9.98,10.24,1.28
1985-11-04,8.71,9.98,10.23,1.27
1985-11-05,8.69,9.93,10.18,1.24
1985-11-06,8.67,9.93,10.19,1.26
1985-11-07,8.67,9.91,10.18,1.24
1985-11-08,8.57,9.84,10.13,1.27
1985-11-11,,,,
1985-11-12,8.53,9.74,10.03,1.21
1985-11-13,8.58,9.78,10.07,1.20
1985-11-14,8.63,9.84,10.12,1.21
1985-11-15,8.66,9.92,10.18,1.26
1985-11-18,8.51,9.72,10.03,1.21
1985-11-19,8.52,9.73,10.00,1.21
1985-11-20,8.54,9.72,10.00,1.18
1985-11-21,8.51,9.58,9.93,1.07
1985-11-22,8.52,9.66,9.95,1.14
1985-11-25,8.52,9.68,9.98,1.16
1985-11-26,8.53,9.68,9.96,1.15
1985-11-27,8.52,9.64,9.91,1.12
1985-11-28,,,,
1985-11-29,8.46,9.59,9.86,1.13
1985-12-02,8.54,9.69,9.94,1.15
1985-12-03,8.52,9.68,9.92,1.16
1985-12-04,8.49,9.63,9.88,1.14
1985-12-05,8.47,9.62,9.88,1.15
1985-12-06,8.47,9.65,9.90,1.18
1985-12-09,8.35,9.49,9.77,1.14
1985-12-10,8.23,9.36,9.65,1.13
1985-12-11,8.00,9.20,9.53,1.20
1985-12-12,8.07,9.27,9.58,1.20
1985-12-13,7.97,9.21,9.53,1.24
1985-12-16,8.00,9.16,9.45,1.16
1985-12-17,7.94,9.04,9.35,1.10
1985-12-18,8.04,9.11,9.40,1.07
1985-12-19,8.00,9.10,9.37,1.10
1985-12-20,8.01,9.04,9.33,1.03
1985-12-23,8.01,9.08,9.34,1.07
1985-12-24,8.02,9.07,9.33,1.05
1985-12-25,,,,
1985-12-26,7.99,9.04,9.31,1.05
1985-12-27,7.99,8.99,9.27,1.00
1985-12-30,7.99,9.01,9.28,1.02
1985-12-31,7.98,9.00,9.27,1.02
1986-01-01,,,,
1986-01-02,8.02,9.04,9.28,1.02
1986-01-03,8.03,9.05,9.30,1.02
1986-01-06,8.04,9.07,9.31,1.03
1986-01-07,7.97,8.94,9.18,0.97
1986-01-08,8.09,9.13,9.36,1.04
1986-01-09,8.27,9.27,9.45,1.00
1986-01-10,8.36,9.39,9.54,1.03
1986-01-13,8.38,9.49,9.65,1.11
1986-01-14,8.33,9.43,9.56,1.10
1986-01-15,8.24,9.31,9.42,1.07
1986-01-16,8.21,9.30,9.43,1.09
1986-01-17,8.19,9.24,9.40,1.05
1986-01-20,,,,
1986-01-21,8.20,9.22,9.40,1.02
1986-01-22,8.19,9.28,9.45,1.09
1986-01-23,8.17,9.23,9.42,1.06
1986-01-24,8.13,9.23,9.45,1.10
1986-01-27,8.07,9.13,9.37,1.06
1986-01-28,8.02,9.05,9.30,1.03
1986-01-29,8.05,9.09,9.35,1.04
1986-01-30,8.04,9.10,9.36,1.06
1986-01-31,7.99,9.08,9.34,1.09
1986-02-03,7.97,9.02,9.28,1.05
1986-02-04,7.94,8.96,9.23,1.02
1986-02-05,7.99,8.97,9.28,0.98
1986-02-06,8.02,9.03,9.25,1.01
1986-02-07,8.15,9.11,9.32,0.96
1986-02-10,8.08,9.00,9.23,0.92
1986-02-11,8.04,8.93,9.16,0.89
1986-02-12,8.08,8.91,9.13,0.83
1986-02-13,8.06,8.85,9.08,0.79
1986-02-14,7.99,8.68,8.93,0.69
1986-02-17,,,,
1986-02-18,7.96,8.64,8.89,0.68
1986-02-19,8.06,8.70,8.92,0.64
1986-02-20,8.05,8.67,8.88,0.62
1986-02-21,7.93,8.48,8.73,0.55
1986-02-24,7.86,8.39,8.61,0.53
1986-02-25,7.89,8.40,8.60,0.51
1986-02-26,7.88,8.36,8.54,0.48
1986-02-27,7.72,8.15,8.32,0.43
1986-02-28,7.71,8.13,8.27,0.42
1986-03-03,7.55,7.99,8.16,0.44
1986-03-04,7.38,7.93,8.10,0.55
1986-03-05,7.54,8.12,8.26,0.58
1986-03-06,7.38,8.04,8.19,0.66
1986-03-07,7.29,7.96,8.15,0.67
1986-03-10,7.16,7.76,8.00,0.60
1986-03-11,7.15,7.70,7.94,0.55
1986-03-12,7.17,7.68,7.91,0.51
1986-03-13,7.21,7.75,7.95,0.54
1986-03-14,7.18,7.72,7.95,0.54
1986-03-17,7.22,7.77,7.97,0.55
1986-03-18,7.23,7.83,8.00,0.60
1986-03-19,7.17,7.82,8.00,0.65
1986-03-20,7.17,7.78,7.95,0.61
1986-03-21,7.19,7.80,7.98,0.61
1986-03-24,7.11,7.70,7.89,0.59
1986-03-25,7.12,7.70,7.90,0.58
1986-03-26,7.11,7.64,7.82,0.53
1986-03-27,7.04,7.49,7.63,0.45
1986-03-28,,,,
1986-03-31,6.92,7.39,7.44,0.47
1986-04-01,6.89,7.37,7.47,0.48
1986-04-02,6.90,7.33,7.43,0.43
1986-04-03,6.94,7.41,7.46,0.47
1986-04-04,6.85,7.45,7.53,0.60
1986-04-07,6.82,7.43,7.54,0.61
1986-04-08,6.70,7.31,7.39,0.61
1986-04-09,6.58,7.27,7.33,0.69
1986-04-10,6.58,7.23,7.31,0.65
1986-04-11,6.65,7.29,7.37,0.64
1986-04-14,6.53,7.19,7.29,0.66
1986-04-15,6.53,7.22,7.34,0.69
1986-04-16,6.39,6.98,7.14,0.59
1986-04-17,6.44,7.03,7.16,0.59
1986-04-18,6.44,7.09,7.19,0.65
1986-04-21,6.46,7.04,7.16,0.58
1986-04-22,6.58,7.25,7.28,0.67
1986-04-23,6.67,7.36,7.45,0.69
1986-04-24,6.89,7.51,7.59,0.62
1986-04-25,6.91,7.58,7.61,0.67
1986-04-28,6.86,7.48,7.54,0.62
1986-04-29,6.85,7.38,7.45,0.53
1986-04-30,6.83,7.38,7.47,0.55
1986-05-01,6.85,7.45,7.54,0.60
1986-05-02,6.88,7.51,7.62,0.63
1986-05-05,6.82,7.45,7.49,0.63
1986-05-06,6.82,7.46,7.50,0.64
1986-05-07,6.83,7.43,7.53,0.60
1986-05-08,6.78,7.40,7.36,0.62
1986-05-09,6.85,7.48,7.37,0.63
1986-05-12,6.98,7.67,7.41,0.69
1986-05-13,7.00,7.63,7.42,0.63
1986-05-14,7.00,7.66,7.43,0.66
1986-05-15,7.16,7.79,7.50,0.63
1986-05-16,7.32,7.99,7.64,0.67
1986-05-19,7.28,7.98,7.68,0.70
1986-05-20,7.23,7.88,7.58,0.65
1986-05-21,7.20,7.90,7.58,0.70
1986-05-22,7.20,7.88,7.50,0.68
1986-05-23,7.19,7.84,7.45,0.65
1986-05-26,,,,
1986-05-27,7.14,7.73,7.41,0.59
1986-05-28,7.17,7.73,7.45,0.56
1986-05-29,7.35,7.99,7.66,0.64
1986-05-30,7.36,8.05,7.74,0.69
1986-06-02,7.50,8.32,7.91,0.82
1986-06-03,7.49,8.19,7.81,0.70
1986-06-04,7.63,8.39,7.93,0.76
1986-06-05,7.54,8.31,7.90,0.77
1986-06-06,7.27,7.95,7.65,0.68
1986-06-09,7.39,8.13,7.79,0.74
1986-06-10,7.38,8.07,7.78,0.69
1986-06-11,7.39,8.01,7.70,0.62
1986-06-12,7.31,7.98,7.70,0.67
1986-06-13,7.15,7.73,7.52,0.58
1986-06-16,7.10,7.63,7.43,0.53
1986-06-17,7.08,7.63,7.43,0.55
1986-06-18,7.01,7.57,7.44,0.56
1986-06-19,7.10,7.69,7.52,0.59
1986-06-20,7.06,7.60,7.47,0.54
1986-06-23,7.03,7.55,7.43,0.52
1986-06-24,6.98,7.47,7.39,0.49
1986-06-25,6.91,7.42,7.36,0.51
1986-06-26,6.91,7.42,7.35,0.51
1986-06-27,6.84,7.38,7.29,0.54
1986-06-30,6.81,7.35,7.24,0.54
1986-07-01,6.80,7.37,7.21,0.57
1986-07-02,6.81,7.37,7.22,0.56
1986-07-03,6.71,7.31,7.18,0.60
1986-07-04,,,,
1986-07-07,6.70,7.31,7.16,0.61
1986-07-08,6.84,7.44,7.23,0.60
1986-07-09,6.73,7.31,7.15,0.58
1986-07-10,6.73,7.31,7.16,0.58
1986-07-11,6.60,7.30,7.19,0.70
1986-07-14,6.58,7.25,7.14,0.67
1986-07-15,6.56,7.16,7.12,0.60
1986-07-16,6.59,7.20,7.17,0.61
1986-07-17,6.61,7.18,7.20,0.57
1986-07-18,6.56,7.16,7.19,0.60
1986-07-21,6.56,7.14,7.17,0.58
1986-07-22,6.60,7.20,7.27,0.60
1986-07-23,6.63,7.29,7.36,0.66
1986-07-24,6.67,7.35,7.41,0.68
1986-07-25,6.67,7.33,7.40,0.66
1986-07-28,6.76,7.53,7.59,0.77
1986-07-29,6.71,7.41,7.50,0.70
1986-07-30,6.67,7.41,7.51,0.74
1986-07-31,6.57,7.34,7.46,0.77
1986-08-01,6.56,7.34,7.46,0.78
1986-08-04,6.56,7.33,7.46,0.77
1986-08-05,6.58,7.39,7.54,0.81
1986-08-06,6.61,7.47,7.57,0.86
1986-08-07,6.61,7.45,7.56,0.84
1986-08-08,6.54,7.30,7.41,0.76
1986-08-11,6.51,7.25,7.35,0.74
1986-08-12,6.46,7.23,7.34,0.77
1986-08-13,6.37,7.15,7.28,0.78
1986-08-14,6.39,7.16,7.29,0.77
1986-08-15,6.36,7.14,7.29,0.78
1986-08-18,6.37,7.14,7.28,0.77
1986-08-19,6.29,7.02,7.19,0.73
1986-08-20,6.17,7.00,7.17,0.83
1986-08-21,6.08,6.96,7.19,0.88
1986-08-22,6.14,7.07,7.27,0.93
1986-08-25,6.10,7.06,7.25,0.96
1986-08-26,6.02,6.97,7.20,0.95
1986-08-27,6.12,7.06,7.28,0.94
1986-08-28,6.07,7.04,7.26,0.97
1986-08-29,5.94,6.95,7.21,1.01
1986-09-01,,,,
1986-09-02,5.99,7.03,7.23,1.04
1986-09-03,6.14,7.20,7.43,1.06
1986-09-04,6.11,7.15,7.40,1.04
1986-09-05,6.25,7.32,7.54,1.07
1986-09-08,6.30,7.38,7.59,1.08
1986-09-09,6.30,7.35,7.53,1.05
1986-09-10,6.27,7.35,7.54,1.08
1986-09-11,6.43,7.57,7.74,1.14
1986-09-12,6.43,7.63,7.74,1.20
1986-09-15,6.39,7.53,7.66,1.14
1986-09-16,6.38,7.53,7.67,1.15
1986-09-17,6.37,7.46,7.64,1.09
1986-09-18,6.47,7.62,7.74,1.15
1986-09-19,6.52,7.67,7.83,1.15
1986-09-22,6.49,7.62,7.79,1.13
1986-09-23,6.46,7.58,7.76,1.12
1986-09-24,6.37,7.48,7.64,1.11
1986-09-25,6.37,7.47,7.64,1.10
1986-09-26,6.39,7.47,7.63,1.08
1986-09-29,6.46,7.54,7.69,1.08
1986-09-30,6.38,7.45,7.60,1.07
1986-10-01,6.36,7.41,7.57,1.05
1986-10-02,6.38,7.45,7.61,1.07
1986-10-03,6.16,7.31,7.53,1.15
1986-10-06,6.14,7.28,7.53,1.14
1986-10-07,6.13,7.28,7.54,1.15
1986-10-08,6.11,7.31,7.60,1.20
1986-10-09,6.15,7.33,7.63,1.18
1986-10-10,6.16,7.36,7.66,1.20
1986-10-13,,,,
1986-10-14,6.26,7.49,7.79,1.23
1986-10-15,6.27,7.51,7.78,1.24
1986-10-16,6.29,7.53,7.81,1.24
1986-10-17,6.38,7.57,7.84,1.19
1986-10-20,6.47,7.66,7.92,1.19
1986-10-21,6.40,7.57,7.84,1.17
1986-10-22,6.34,7.49,7.78,1.15
1986-10-23,6.31,7.43,7.72,1.12
1986-10-24,6.35,7.47,7.76,1.12
1986-10-27,6.32,7.42,7.71,1.10
1986-10-28,6.34,7.45,7.75,1.11
1986-10-29,6.32,7.41,7.71,1.09
1986-10-30,6.24,7.31,7.61,1.07
1986-10-31,6.26,7.34,7.61,1.08
1986-11-03,6.21,7.29,7.57,1.08
1986-11-04,6.23,7.31,7.59,1.08
1986-11-05,6.26,7.24,7.58,0.98
1986-11-06,6.29,7.32,7.55,1.03
1986-11-07,6.35,7.40,7.63,1.05
1986-11-10,6.42,7.38,7.64,0.96
1986-11-11,,,,
1986-11-12,6.38,7.35,7.59,0.97
1986-11-13,6.35,7.33,7.59,0.98
1986-11-14,6.33,7.29,7.53,0.96
1986-11-17,6.32,7.22,7.48,0.90
1986-11-18,6.32,7.27,7.52,0.95
1986-11-19,6.21,7.19,7.44,0.98
1986-11-20,6.26,7.19,7.45,0.93
1986-11-21,6.21,7.17,7.44,0.96
1986-11-24,6.19,7.11,7.40,0.92
1986-11-25,6.23,7.15,7.44,0.92
1986-11-26,6.21,7.15,7.42,0.94
1986-11-27,,,,
1986-11-28,6.21,7.15,7.41,0.94
1986-12-01,6.25,7.18,7.42,0.93
1986-12-02,6.22,7.08,7.34,0.86
1986-12-03,6.17,7.06,7.31,0.89
1986-12-04,6.15,7.01,7.29,0.86
1986-12-05,6.24,7.12,7.38,0.88
1986-12-08,6.24,7.10,7.34,0.86
1986-12-09,6.21,7.07,7.33,0.86
1986-12-10,6.19,7.05,7.32,0.86
1986-12-11,6.24,7.12,7.38,0.88
1986-12-12,6.24,7.13,7.39,0.89
1986-12-15,6.29,7.15,7.41,0.86
1986-12-16,6.29,7.12,7.39,0.83
1986-12-17,6.31,7.12,7.39,0.81
1986-12-18,6.31,7.11,7.38,0.80
1986-12-19,6.29,7.10,7.36,0.81
1986-12-22,6.30,7.10,7.36,0.80
1986-12-23,6.30,7.08,7.34,0.78
1986-12-24,6.30,7.07,7.34,0.77
1986-12-25,,,,
1986-12-26,6.30,7.08,7.34,0.78
1986-12-29,6.37,7.17,7.41,0.80
1986-12-30,6.42,7.23,7.46,0.81
1986-12-31,6.35,7.23,7.49,0.88
1987-01-01,,,,
1987-01-02,6.30,7.18,7.44,0.88
1987-01-05,6.24,7.08,7.35,0.84
1987-01-06,6.25,7.08,7.36,0.83
1987-01-07,6.22,7.05,7.33,0.83
1987-01-08,6.20,7.04,7.31,0.84
1987-01-09,6.19,7.01,7.29,0.82
1987-01-12,6.20,7.05,7.33,0.85
1987-01-13,6.22,7.10,7.37,0.88
1987-01-14,6.24,7.11,7.41,0.87
1987-01-15,6.22,7.08,7.39,0.86
1987-01-16,6.22,7.03,7.34,0.81
1987-01-19,,,,
1987-01-20,6.17,7.01,7.32,0.84
1987-01-21,6.17,7.01,7.33,0.84
1987-01-22,6.17,7.03,7.36,0.86
1987-01-23,6.20,7.06,7.42,0.86
1987-01-26,6.26,7.17,7.49,0.91
1987-01-27,6.24,7.16,7.49,0.92
1987-01-28,6.24,7.13,7.46,0.89
1987-01-29,6.24,7.13,7.45,0.89
1987-01-30,6.33,7.18,7.48,0.85
1987-02-02,6.36,7.23,7.52,0.87
1987-02-03,6.38,7.25,7.53,0.87
1987-02-04,6.38,7.23,7.51,0.85
1987-02-05,6.33,7.20,7.47,0.87
1987-02-06,6.38,7.19,7.47,0.81
1987-02-09,6.45,7.25,7.53,0.80
1987-02-10,6.49,7.33,7.61,0.84
1987-02-11,6.58,7.37,7.64,0.79
1987-02-12,6.47,7.31,7.59,0.84
1987-02-13,6.43,7.28,7.57,0.85
1987-02-16,,,,
1987-02-17,6.48,7.33,7.63,0.85
1987-02-18,6.43,7.30,7.60,0.87
1987-02-19,6.33,7.23,7.55,0.90
1987-02-20,6.33,7.24,7.55,0.91
1987-02-23,6.35,7.23,7.53,0.88
1987-02-24,6.32,7.18,7.48,0.86
1987-02-25,6.37,7.21,7.50,0.84
1987-02-26,6.35,7.21,7.50,0.86
1987-02-27,6.35,7.19,7.48,0.84
1987-03-02,6.34,7.17,7.46,0.83
1987-03-03,6.37,7.21,7.49,0.84
1987-03-04,6.32,7.14,7.44,0.82
1987-03-05,6.35,7.16,7.45,0.81
1987-03-06,6.42,7.23,7.52,0.81
1987-03-09,6.43,7.23,7.53,0.80
1987-03-10,6.44,7.23,7.53,0.79
1987-03-11,6.44,7.23,7.53,0.79
1987-03-12,6.43,7.22,7.52,0.79
1987-03-13,6.39,7.19,7.49,0.80
1987-03-16,6.41,7.22,7.52,0.81
1987-03-17,6.42,7.20,7.51,0.78
1987-03-18,6.40,7.21,7.52,0.81
1987-03-19,6.38,7.21,7.51,0.83
1987-03-20,6.40,7.22,7.53,0.82
1987-03-23,6.42,7.25,7.56,0.83
1987-03-24,6.44,7.27,7.59,0.83
1987-03-25,6.46,7.26,7.58,0.80
1987-03-26,6.42,7.24,7.56,0.82
1987-03-27,6.49,7.33,7.64,0.84
1987-03-30,6.63,7.54,7.84,0.91
1987-03-31,6.54,7.51,7.81,0.97
1987-04-01,6.65,7.59,7.89,0.94
1987-04-02,6.63,7.59,7.90,0.96
1987-04-03,6.62,7.59,7.89,0.97
1987-04-06,6.57,7.54,7.84,0.97
1987-04-07,6.59,7.62,7.92,1.03
1987-04-08,6.59,7.61,7.90,1.02
1987-04-09,6.74,7.78,8.06,1.04
1987-04-10,6.97,7.98,8.19,1.01
1987-04-13,7.08,8.07,8.26,0.99
1987-04-14,7.19,8.28,8.40,1.09
1987-04-15,7.02,8.10,8.32,1.08
1987-04-16,6.90,8.03,8.22,1.13
1987-04-17,,,,
1987-04-20,7.06,8.20,8.39,1.14
1987-04-21,7.09,8.19,8.38,1.10
1987-04-22,7.23,8.24,8.44,1.01
1987-04-23,7.36,8.39,8.51,1.03
1987-04-24,7.48,8.47,8.69,0.99
1987-04-27,7.50,8.37,8.59,0.87
1987-04-28,7.43,8.28,8.50,0.85
1987-04-29,7.43,8.35,8.56,0.92
1987-04-30,7.38,8.21,8.45,0.83
1987-05-01,7.47,8.39,8.59,0.92
1987-05-04,7.61,8.52,8.72,0.91
1987-05-05,7.60,8.45,8.64,0.85
1987-05-06,7.62,8.54,8.75,0.92
1987-05-07,7.60,8.50,8.63,0.90
1987-05-08,7.57,8.43,8.61,0.86
1987-05-11,7.66,8.57,8.76,0.91
1987-05-12,7.68,8.55,8.72,0.87
1987-05-13,7.68,8.55,8.71,0.87
1987-05-14,7.66,8.57,8.73,0.91
1987-05-15,7.95,8.80,8.92,0.85
1987-05-18,7.93,8.73,8.88,0.80
1987-05-19,7.99,8.89,9.06,0.90
1987-05-20,8.05,8.92,9.07,0.87
1987-05-21,8.06,8.87,9.03,0.81
1987-05-22,7.97,8.78,8.95,0.81
1987-05-25,,,,
1987-05-26,7.79,8.55,8.69,0.76
1987-05-27,7.84,8.60,8.75,0.76
1987-05-28,7.81,8.56,8.74,0.75
1987-05-29,7.69,8.49,8.65,0.80
1987-06-01,7.67,8.45,8.63,0.78
1987-06-02,7.85,8.72,8.90,0.87
1987-06-03,7.78,8.64,8.79,0.86
1987-06-04,7.76,8.58,8.76,0.82
1987-06-05,7.66,8.50,8.66,0.84
1987-06-08,7.68,8.53,8.68,0.85
1987-06-09,7.71,8.56,8.73,0.85
1987-06-10,7.68,8.56,8.72,0.88
1987-06-11,7.66,8.52,8.69,0.86
1987-06-12,7.51,8.32,8.50,0.81
1987-06-15,7.47,8.28,8.46,0.81
1987-06-16,7.47,8.28,8.47,0.81
1987-06-17,7.42,8.23,8.42,0.81
1987-06-18,7.44,8.27,8.45,0.83
1987-06-19,7.45,8.30,8.48,0.85
1987-06-22,7.42,8.23,8.41,0.81
1987-06-23,7.45,8.23,8.41,0.78
1987-06-24,7.54,8.31,8.47,0.77
1987-06-25,7.47,8.25,8.40,0.78
1987-06-26,7.56,8.37,8.50,0.81
1987-06-29,7.48,8.34,8.49,0.86
1987-06-30,7.48,8.38,8.51,0.90
1987-07-01,7.44,8.36,8.49,0.92
1987-07-02,7.38,8.30,8.43,0.92
1987-07-03,,,,
1987-07-06,7.38,8.29,8.42,0.91
1987-07-07,7.36,8.28,8.40,0.92
1987-07-08,7.35,8.32,8.45,0.97
1987-07-09,7.38,8.37,8.52,0.99
1987-07-10,7.32,8.32,8.46,1.00
1987-07-13,7.36,8.38,8.54,1.02
1987-07-14,7.32,8.33,8.51,1.01
1987-07-15,7.37,8.43,8.61,1.06
1987-07-16,7.34,8.41,8.59,1.07
1987-07-17,7.34,8.36,8.55,1.02
1987-07-20,7.38,8.41,8.61,1.03
1987-07-21,7.45,8.49,8.72,1.04
1987-07-22,7.47,8.54,8.78,1.07
1987-07-23,7.46,8.56,8.80,1.10
1987-07-24,7.53,8.58,8.83,1.05
1987-07-27,7.59,8.60,8.84,1.01
1987-07-28,7.61,8.62,8.86,1.01
1987-07-29,7.64,8.61,8.85,0.97
1987-07-30,7.63,8.61,8.84,0.98
1987-07-31,7.63,8.66,8.89,1.03
1987-08-03,7.72,8.81,9.02,1.09
1987-08-04,7.72,8.81,9.04,1.09
1987-08-05,7.65,8.71,8.95,1.06
1987-08-06,7.65,8.73,8.96,1.08
1987-08-07,7.69,8.70,8.93,1.01
1987-08-10,7.71,8.74,8.96,1.03
1987-08-11,7.69,8.73,8.95,1.04
1987-08-12,7.67,8.72,8.95,1.05
1987-08-13,7.64,8.63,8.85,0.99
1987-08-14,7.62,8.58,8.77,0.96
1987-08-17,7.62,8.56,8.77,0.94
1987-08-18,7.71,8.73,8.95,1.02
1987-08-19,7.76,8.77,8.98,1.01
1987-08-20,7.77,8.74,8.94,0.97
1987-08-21,7.79,8.77,8.97,0.98
1987-08-24,7.81,8.78,8.99,0.97
1987-08-25,7.79,8.73,8.94,0.94
1987-08-26,7.87,8.79,8.99,0.92
1987-08-27,7.95,8.92,9.11,0.97
1987-08-28,8.01,9.02,9.18,1.01
1987-08-31,7.97,9.00,9.17,1.03
1987-09-01,7.98,9.05,9.24,1.07
1987-09-02,8.15,9.28,9.45,1.13
1987-09-03,8.19,9.29,9.47,1.10
1987-09-04,8.26,9.30,9.47,1.04
1987-09-07,,,,
1987-09-08,8.46,9.50,9.65,1.04
1987-09-09,8.43,9.48,9.66,1.05
1987-09-10,8.36,9.42,9.60,1.06
1987-09-11,8.31,9.33,9.50,1.02
1987-09-14,8.26,9.34,9.52,1.08
1987-09-15,8.30,9.44,9.64,1.14
1987-09-16,8.35,9.52,9.70,1.17
1987-09-17,8.34,9.48,9.65,1.14
1987-09-18,8.30,9.38,9.56,1.08
1987-09-21,8.33,9.45,9.63,1.12
1987-09-22,8.31,9.37,9.53,1.06
1987-09-23,8.31,9.40,9.55,1.09
1987-09-24,8.42,9.51,9.67,1.09
1987-09-25,8.48,9.53,9.68,1.05
1987-09-28,8.48,9.52,9.67,1.04
1987-09-29,8.60,9.64,9.80,1.04
1987-09-30,8.60,9.63,9.79,1.03
1987-10-01,8.62,9.66,9.80,1.04
1987-10-02,8.61,9.60,9.70,0.99
1987-10-05,8.66,9.69,9.79,1.03
1987-10-06,8.73,9.72,9.81,0.99
1987-10-07,8.73,9.71,9.79,0.98
1987-10-08,9.03,9.86,9.86,0.83
1987-10-09,9.01,9.94,9.96,0.93
1987-10-12,,,,
1987-10-13,8.94,9.90,9.92,0.96
1987-10-14,9.14,10.13,10.12,0.99
1987-10-15,9.23,10.18,10.24,0.95
1987-10-16,9.22,10.23,10.24,1.01
1987-10-19,8.93,10.15,10.25,1.22
1987-10-20,8.09,9.40,9.49,1.31
1987-10-21,7.90,9.30,9.44,1.40
1987-10-22,7.76,8.97,9.15,1.21
1987-10-23,7.76,8.98,9.11,1.22
1987-10-26,7.57,8.80,8.94,1.23
1987-10-27,7.66,8.92,9.04,1.26
1987-10-28,7.65,9.01,9.14,1.36
1987-10-29,7.53,8.89,9.08,1.36
1987-10-30,7.58,8.88,9.03,1.30
1987-11-02,7.72,8.98,9.13,1.26
1987-11-03,7.67,8.91,9.03,1.24
1987-11-04,7.60,8.85,8.92,1.25
1987-11-05,7.50,8.72,8.80,1.22
1987-11-06,7.62,8.76,8.85,1.14
1987-11-09,7.64,8.78,8.86,1.14
1987-11-10,7.61,8.79,8.88,1.18
1987-11-11,,,,
1987-11-12,7.67,8.80,8.88,1.13
1987-11-13,7.75,8.84,8.93,1.09
1987-11-16,7.78,8.82,8.90,1.04
1987-11-17,7.73,8.86,8.94,1.13
1987-11-18,7.74,8.85,8.94,1.11
1987-11-19,7.69,8.83,8.92,1.14
1987-11-20,7.66,8.79,8.88,1.13
1987-11-23,7.67,8.80,8.89,1.13
1987-11-24,7.73,8.89,9.00,1.16
1987-11-25,7.78,8.98,9.06,1.20
1987-11-26,,,,
1987-11-27,7.87,9.11,9.18,1.24
1987-11-30,7.73,8.99,9.10,1.26
1987-12-01,7.77,9.01,9.15,1.24
1987-12-02,7.79,9.01,9.15,1.22
1987-12-03,7.72,8.94,9.09,1.22
1987-12-04,7.72,8.94,9.12,1.22
1987-12-07,7.86,9.07,9.22,1.21
1987-12-08,7.88,9.09,9.26,1.21
1987-12-09,7.88,9.05,9.22,1.17
1987-12-10,8.00,9.23,9.40,1.23
1987-12-11,8.02,9.28,9.45,1.26
1987-12-14,8.01,9.23,9.41,1.22
1987-12-15,7.92,9.09,9.24,1.17
1987-12-16,7.89,9.00,9.14,1.11
1987-12-17,7.89,9.03,9.15,1.14
1987-12-18,7.82,8.89,8.96,1.07
1987-12-21,7.84,8.88,9.01,1.04
1987-12-22,7.91,8.95,9.05,1.04
1987-12-23,7.83,8.83,8.91,1.00
1987-12-24,7.83,8.82,8.90,0.99
1987-12-25,,,,
1987-12-28,7.91,8.93,9.01,1.02
1987-12-29,7.86,8.85,8.95,0.99
1987-12-30,7.75,8.78,8.90,1.03
1987-12-31,7.77,8.83,8.95,1.06
1988-01-01,,,,
1988-01-04,7.77,8.83,8.95,1.06
1988-01-05,7.76,8.76,8.88,1.00
1988-01-06,7.79,8.82,8.97,1.03
1988-01-07,7.79,8.83,8.97,1.04
1988-01-08,7.92,8.97,9.12,1.05
1988-01-11,7.80,8.94,9.10,1.14
1988-01-12,7.80,8.93,9.10,1.13
1988-01-13,7.76,8.87,9.05,1.11
1988-01-14,7.76,8.86,9.05,1.10
1988-01-15,7.61,8.60,8.76,0.99
1988-01-18,,,,
1988-01-19,7.66,8.65,8.81,0.99
1988-01-20,7.59,8.61,8.78,1.02
1988-01-21,7.52,8.53,8.70,1.01
1988-01-22,7.51,8.49,8.67,0.98
1988-01-25,7.49,8.45,8.62,0.96
1988-01-26,7.56,8.54,8.71,0.98
1988-01-27,7.37,8.38,8.55,1.01
1988-01-28,7.29,8.33,8.49,1.04
1988-01-29,7.22,8.26,8.42,1.04
1988-02-01,7.22,8.26,8.42,1.04
1988-02-02,7.21,8.18,8.32,0.97
1988-02-03,7.24,8.21,8.39,0.97
1988-02-04,7.24,8.24,8.46,1.00
1988-02-05,7.10,8.12,8.36,1.02
1988-02-08,7.16,8.19,8.41,1.03
1988-02-09,7.12,8.16,8.40,1.04
1988-02-10,7.07,8.11,8.35,1.04
1988-02-11,7.12,8.16,8.40,1.04
1988-02-12,7.22,8.28,8.50,1.06
1988-02-15,,,,
1988-02-16,7.26,8.31,8.53,1.05
1988-02-17,7.24,8.32,8.54,1.08
1988-02-18,7.23,8.28,8.51,1.05
1988-02-19,7.21,8.26,8.50,1.05
1988-02-22,7.20,8.24,8.48,1.04
1988-02-23,7.16,8.17,8.40,1.01
1988-02-24,7.15,8.18,8.41,1.03
1988-02-25,7.17,8.23,8.45,1.06
1988-02-26,7.16,8.18,8.42,1.02
1988-02-29,7.13,8.16,8.39,1.03
1988-03-01,7.11,8.15,8.40,1.04
1988-03-02,7.07,8.13,8.37,1.06
1988-03-03,7.08,8.12,8.36,1.04
1988-03-04,7.20,8.28,8.52,1.08
1988-03-07,7.22,8.30,8.54,1.08
1988-03-08,7.25,8.33,8.58,1.08
1988-03-09,7.22,8.32,8.58,1.10
1988-03-10,7.25,8.35,8.60,1.10
1988-03-11,7.20,8.29,8.55,1.09
1988-03-14,7.20,8.29,8.55,1.09
1988-03-15,7.19,8.30,8.56,1.11
1988-03-16,7.24,8.36,8.63,1.12
1988-03-17,7.17,8.30,8.57,1.13
1988-03-18,7.23,8.41,8.69,1.18
1988-03-21,7.32,8.47,8.74,1.15
1988-03-22,7.33,8.46,8.73,1.13
1988-03-23,7.39,8.47,8.76,1.08
1988-03-24,7.46,8.51,8.77,1.05
1988-03-25,7.41,8.47,8.72,1.06
1988-03-28,7.42,8.58,8.83,1.16
1988-03-29,7.42,8.56,8.81,1.14
1988-03-30,7.43,8.57,8.83,1.14
1988-03-31,7.41,8.57,8.82,1.16
1988-04-01,,,,
1988-04-04,7.58,8.68,8.92,1.10
1988-04-05,7.60,8.67,8.90,1.07
1988-04-06,7.57,8.61,8.83,1.04
1988-04-07,7.54,8.60,8.82,1.06
1988-04-08,7.47,8.52,8.74,1.05
1988-04-11,7.50,8.59,8.82,1.09
1988-04-12,7.49,8.57,8.79,1.08
1988-04-13,7.45,8.56,8.77,1.11
1988-04-14,7.56,8.67,8.91,1.11
1988-04-15,7.60,8.74,8.97,1.14
1988-04-18,7.60,8.81,9.03,1.21
1988-04-19,7.57,8.81,9.06,1.24
1988-04-20,7.65,8.83,9.06,1.18
1988-04-21,7.64,8.82,9.06,1.18
1988-04-22,7.64,8.78,9.03,1.14
1988-04-25,7.64,8.78,9.03,1.14
1988-04-26,7.64,8.80,9.04,1.16
1988-04-27,7.63,8.80,9.05,1.17
1988-04-28,7.69,8.86,9.11,1.17
1988-04-29,7.73,8.87,9.11,1.14
1988-05-02,7.78,8.94,9.17,1.16
1988-05-03,7.77,8.89,9.12,1.12
1988-05-04,7.77,8.90,9.13,1.13
1988-05-05,7.79,8.92,9.12,1.13
1988-05-06,7.87,9.01,9.18,1.14
1988-05-09,7.95,9.03,9.18,1.08
1988-05-10,8.00,9.07,9.20,1.07
1988-05-11,7.95,9.05,9.22,1.10
1988-05-12,7.95,9.04,9.17,1.09
1988-05-13,7.90,9.00,9.11,1.10
1988-05-16,7.93,9.01,9.13,1.08
1988-05-17,7.99,9.12,9.22,1.13
1988-05-18,8.04,9.19,9.31,1.15
1988-05-19,8.04,9.18,9.30,1.14
1988-05-20,8.08,9.22,9.35,1.14
1988-05-23,8.12,9.23,9.36,1.11
1988-05-24,8.14,9.22,9.34,1.08
1988-05-25,8.17,9.20,9.31,1.03
1988-05-26,8.23,9.21,9.32,0.98
1988-05-27,8.23,9.24,9.33,1.01
1988-05-30,,,,
1988-05-31,8.21,9.20,9.30,0.99
1988-06-01,8.09,9.03,9.12,0.94
1988-06-02,8.13,9.07,9.16,0.94
1988-06-03,8.06,8.97,9.07,0.91
1988-06-06,8.04,8.97,9.06,0.93
1988-06-07,8.04,9.02,9.12,0.98
1988-06-08,7.96,8.92,9.02,0.96
1988-06-09,7.97,8.96,9.06,0.99
1988-06-10,7.99,8.92,9.04,0.93
1988-06-13,7.98,8.91,9.02,0.93
1988-06-14,7.80,8.69,8.81,0.89
1988-06-15,7.84,8.71,8.83,0.87
1988-06-16,7.96,8.89,8.98,0.93
1988-06-17,8.10,9.02,9.12,0.92
1988-06-20,8.14,9.02,9.09,0.88
1988-06-21,8.15,9.03,9.10,0.88
1988-06-22,8.04,8.90,8.94,0.86
1988-06-23,8.05,8.88,8.90,0.83
1988-06-24,8.03,8.85,8.87,0.82
1988-06-27,8.10,8.94,8.96,0.84
1988-06-28,8.05,8.87,8.89,0.82
1988-06-29,8.03,8.88,8.92,0.85
1988-06-30,8.02,8.82,8.87,0.80
1988-07-01,7.98,8.77,8.84,0.79
1988-07-04,,,,
1988-07-05,8.04,8.82,8.88,0.78
1988-07-06,8.07,8.91,8.98,0.84
1988-07-07,8.13,8.95,9.00,0.82
1988-07-08,8.25,9.04,9.10,0.79
1988-07-11,8.25,9.02,9.06,0.77
1988-07-12,8.27,9.08,9.11,0.81
1988-07-13,8.27,9.12,9.20,0.85
1988-07-14,8.33,9.12,9.19,0.79
1988-07-15,8.31,9.08,9.16,0.77
1988-07-18,8.35,9.15,9.24,0.80
1988-07-19,8.32,9.10,9.21,0.78
1988-07-20,8.31,9.11,9.24,0.80
1988-07-21,8.39,9.16,9.27,0.77
1988-07-22,8.35,9.11,9.21,0.76
1988-07-25,8.34,9.07,9.16,0.73
1988-07-26,8.35,9.09,9.19,0.74
1988-07-27,8.44,9.14,9.26,0.70
1988-07-28,8.44,9.16,9.27,0.72
1988-07-29,8.39,9.12,9.23,0.73
1988-08-01,8.36,9.07,9.17,0.71
1988-08-02,8.32,9.00,9.08,0.68
1988-08-03,8.34,9.04,9.10,0.70
1988-08-04,8.31,8.99,9.04,0.68
1988-08-05,8.47,9.12,9.14,0.65
1988-08-08,8.48,9.12,9.13,0.64
1988-08-09,8.59,9.20,9.21,0.61
1988-08-10,8.64,9.30,9.36,0.66
1988-08-11,8.68,9.35,9.40,0.67
1988-08-12,8.68,9.36,9.42,0.68
1988-08-15,8.70,9.37,9.44,0.67
1988-08-16,8.72,9.35,9.40,0.63
1988-08-17,8.74,9.38,9.43,0.64
1988-08-18,8.74,9.35,9.41,0.61
1988-08-19,8.74,9.35,9.41,0.61
1988-08-22,8.76,9.37,9.44,0.61
1988-08-23,8.71,9.32,9.39,0.61
1988-08-24,8.73,9.34,9.40,0.61
1988-08-25,8.78,9.41,9.46,0.63
1988-08-26,8.78,9.38,9.43,0.60
1988-08-29,8.75,9.30,9.36,0.55
1988-08-30,8.73,9.27,9.33,0.54
1988-08-31,8.71,9.25,9.31,0.54
1988-09-01,8.68,9.25,9.31,0.57
1988-09-02,8.45,9.00,9.05,0.55
1988-09-05,,,,
1988-09-06,8.47,8.99,9.05,0.52
1988-09-07,8.45,8.99,9.04,0.54
1988-09-08,8.45,8.99,9.05,0.54
1988-09-09,8.42,8.93,8.99,0.51
1988-09-12,8.44,8.97,9.04,0.53
1988-09-13,8.40,8.94,9.01,0.54
1988-09-14,8.36,8.88,8.96,0.52
1988-09-15,8.39,8.91,9.00,0.52
1988-09-16,8.40,8.93,9.01,0.53
1988-09-19,8.44,8.97,9.07,0.53
1988-09-20,8.45,8.97,9.06,0.52
1988-09-21,8.40,8.93,9.02,0.53
1988-09-22,8.44,8.95,9.05,0.51
1988-09-23,8.47,8.97,9.05,0.50
1988-09-26,8.52,9.00,9.09,0.48
1988-09-27,8.55,9.04,9.11,0.49
1988-09-28,8.59,9.06,9.15,0.47
1988-09-29,8.53,8.98,9.08,0.45
1988-09-30,8.43,8.87,8.98,0.44
1988-10-03,8.41,8.84,8.96,0.43
1988-10-04,8.43,8.87,8.97,0.44
1988-10-05,8.43,8.87,8.98,0.44
1988-10-06,8.43,8.87,8.97,0.44
1988-10-07,8.26,8.70,8.81,0.44
1988-10-10,,,,
1988-10-11,8.29,8.75,8.86,0.46
1988-10-12,8.35,8.84,8.94,0.49
1988-10-13,8.36,8.84,8.94,0.48
1988-10-14,8.33,8.81,8.90,0.48
1988-10-17,8.33,8.79,8.88,0.46
1988-10-18,8.33,8.78,8.87,0.45
1988-10-19,8.38,8.82,8.91,0.44
1988-10-20,8.38,8.79,8.85,0.41
1988-10-21,8.40,8.83,8.89,0.43
1988-10-24,8.42,8.83,8.93,0.41
1988-10-25,8.42,8.83,8.93,0.41
1988-10-26,8.34,8.79,8.92,0.45
1988-10-27,8.27,8.72,8.84,0.45
1988-10-28,8.27,8.69,8.80,0.42
1988-10-31,8.25,8.65,8.74,0.40
1988-11-01,8.25,8.68,8.76,0.43
1988-11-02,8.29,8.73,8.81,0.44
1988-11-03,8.27,8.69,8.76,0.42
1988-11-04,8.39,8.85,8.91,0.46
1988-11-07,8.50,8.91,8.96,0.41
1988-11-08,8.53,8.91,8.97,0.38
1988-11-09,8.57,8.91,9.01,0.34
1988-11-10,8.60,8.90,8.99,0.30
1988-11-11,,,,
1988-11-14,8.62,8.91,9.01,0.29
1988-11-15,8.69,8.92,9.01,0.23
1988-11-16,8.75,9.00,9.10,0.25
1988-11-17,8.75,9.06,9.14,0.31
1988-11-18,8.77,9.05,9.12,0.28
1988-11-21,8.81,9.04,9.11,0.23
1988-11-22,8.88,9.09,9.12,0.21
1988-11-23,8.87,9.08,9.11,0.21
1988-11-24,,,,
1988-11-25,8.98,9.17,9.18,0.19
1988-11-28,9.00,9.16,9.15,0.16
1988-11-29,8.96,9.13,9.13,0.17
1988-11-30,8.84,9.06,9.07,0.22
1988-12-01,8.86,9.01,9.02,0.15
1988-12-02,9.12,9.18,9.18,0.06
1988-12-05,9.09,9.13,9.13,0.04
1988-12-06,8.88,8.95,8.95,0.07
1988-12-07,8.93,9.00,8.98,0.07
1988-12-08,9.00,9.02,8.97,0.02
1988-12-09,9.03,9.07,8.97,0.04
1988-12-12,9.05,9.08,8.94,0.03
1988-12-13,9.16,9.15,8.98,-0.01
1988-12-14,9.20,9.19,9.06,-0.01
1988-12-15,9.20,9.19,9.07,-0.01
1988-12-16,9.18,9.17,9.05,-0.01
1988-12-19,9.18,9.15,9.05,-0.03
1988-12-20,9.11,9.08,8.96,-0.03
1988-12-21,9.09,9.07,8.96,-0.02
1988-12-22,9.04,9.07,8.94,0.03
1988-12-23,9.04,9.05,8.92,0.01
1988-12-26,,,,
1988-12-27,9.15,9.13,8.96,-0.02
1988-12-28,9.23,9.21,9.01,-0.02
1988-12-29,9.18,9.18,9.01,0.00
1988-12-30,9.14,9.14,9.00,0.00
1989-01-02,,,,
1989-01-03,9.21,9.23,9.09,0.02
1989-01-04,9.25,9.22,9.08,-0.03
1989-01-05,9.32,9.27,9.10,-0.05
1989-01-06,9.32,9.25,9.06,-0.07
1989-01-09,9.29,9.23,9.05,-0.06
1989-01-10,9.25,9.24,9.05,-0.01
1989-01-11,9.29,9.24,9.05,-0.05
1989-01-12,9.20,9.14,8.98,-0.06
1989-01-13,9.14,9.06,8.89,-0.08
1989-01-16,,,,
1989-01-17,9.16,9.06,8.89,-0.10
1989-01-18,9.13,8.99,8.84,-0.14
1989-01-19,9.09,9.00,8.86,-0.09
1989-01-20,9.13,9.03,8.89,-0.10
1989-01-23,9.13,9.00,8.87,-0.13
1989-01-24,9.07,8.93,8.78,-0.14
1989-01-25,9.10,8.99,8.82,-0.11
1989-01-26,9.14,8.99,8.81,-0.15
1989-01-27,9.07,8.95,8.76,-0.12
1989-01-30,9.10,9.00,8.83,-0.10
1989-01-31,9.12,9.01,8.84,-0.11
1989-02-01,9.12,8.99,8.83,-0.13
1989-02-02,9.12,8.98,8.82,-0.14
1989-02-03,9.23,9.01,8.84,-0.22
1989-02-06,9.25,9.01,8.85,-0.24
1989-02-07,9.19,8.96,8.80,-0.23
1989-02-08,9.21,8.95,8.82,-0.26
1989-02-09,9.28,9.13,8.99,-0.15
1989-02-10,9.37,9.19,9.05,-0.18
1989-02-13,9.39,9.20,9.06,-0.19
1989-02-14,9.43,9.23,9.10,-0.20
1989-02-15,9.41,9.22,9.09,-0.19
1989-02-16,9.37,9.21,9.06,-0.16
1989-02-17,9.37,9.20,9.05,-0.17
1989-02-20,,,,
1989-02-21,9.41,9.22,9.05,-0.19
1989-02-22,9.48,9.29,9.12,-0.19
1989-02-23,9.60,9.36,9.17,-0.24
1989-02-24,9.66,9.38,9.18,-0.28
1989-02-27,9.62,9.36,9.17,-0.26
1989-02-28,9.55,9.32,9.14,-0.23
1989-03-01,9.55,9.36,9.18,-0.19
1989-03-02,9.52,9.31,9.13,-0.21
1989-03-03,9.50,9.31,9.13,-0.19
1989-03-06,9.46,9.26,9.09,-0.20
1989-03-07,9.48,9.26,9.09,-0.22
1989-03-08,9.48,9.23,9.05,-0.25
1989-03-09,9.48,9.24,9.07,-0.24
1989-03-10,9.66,9.34,9.15,-0.32
1989-03-13,9.64,9.35,9.15,-0.29
1989-03-14,9.64,9.32,9.13,-0.32
1989-03-15,9.62,9.31,9.13,-0.31
1989-03-16,9.61,9.30,9.12,-0.31
1989-03-17,9.84,9.49,9.30,-0.35
1989-03-20,9.90,9.53,9.31,-0.37
1989-03-21,9.92,9.53,9.30,-0.39
1989-03-22,9.81,9.45,9.25,-0.36
1989-03-23,9.81,9.43,9.23,-0.38
1989-03-24,,,,
1989-03-27,9.85,9.44,9.23,-0.41
1989-03-28,9.86,9.41,9.20,-0.45
1989-03-29,9.80,9.36,9.15,-0.44
1989-03-30,9.79,9.34,9.14,-0.45
1989-03-31,9.73,9.30,9.11,-0.43
1989-04-03,9.56,9.21,9.07,-0.35
1989-04-04,9.47,9.17,9.03,-0.30
1989-04-05,9.45,9.17,9.02,-0.28
1989-04-06,9.54,9.20,9.04,-0.34
1989-04-07,9.57,9.27,9.11,-0.30
1989-04-10,9.57,9.27,9.10,-0.30
1989-04-11,9.57,9.27,9.10,-0.30
1989-04-12,9.59,9.29,9.11,-0.30
1989-04-13,9.66,9.34,9.15,-0.32
1989-04-14,9.43,9.18,9.04,-0.25
1989-04-17,9.48,9.20,9.06,-0.28
1989-04-18,9.28,9.06,8.94,-0.22
1989-04-19,9.30,9.08,8.96,-0.22
1989-04-20,9.46,9.20,9.03,-0.26
1989-04-21,9.44,9.15,8.99,-0.29
1989-04-24,9.46,9.15,8.99,-0.31
1989-04-25,9.41,9.12,8.97,-0.29
1989-04-26,9.34,9.11,8.96,-0.23
1989-04-27,9.23,9.05,8.92,-0.18
1989-04-28,9.22,9.02,8.91,-0.20
1989-05-01,9.36,9.14,9.00,-0.22
1989-05-02,9.27,9.08,8.95,-0.19
1989-05-03,9.21,9.06,8.95,-0.15
1989-05-04,9.21,9.06,8.99,-0.15
1989-05-05,9.04,8.99,8.95,-0.05
1989-05-08,9.09,9.04,8.99,-0.05
1989-05-09,9.23,9.15,9.08,-0.08
1989-05-10,9.27,9.16,9.12,-0.11
1989-05-11,9.14,9.10,9.07,-0.04
1989-05-12,8.82,8.81,8.84,-0.01
1989-05-15,8.91,8.82,8.85,-0.09
1989-05-16,8.95,8.82,8.84,-0.13
1989-05-17,8.96,8.80,8.81,-0.16
1989-05-18,9.00,8.78,8.78,-0.22
1989-05-19,8.94,8.71,8.72,-0.23
1989-05-22,8.84,8.58,8.60,-0.26
1989-05-23,8.83,8.60,8.62,-0.23
1989-05-24,8.82,8.63,8.63,-0.19
1989-05-25,8.92,8.67,8.66,-0.25
1989-05-26,8.89,8.66,8.63,-0.23
1989-05-29,,,,
1989-05-30,8.87,8.64,8.63,-0.23
1989-05-31,8.82,8.60,8.60,-0.22
1989-06-01,8.82,8.61,8.61,-0.21
1989-06-02,8.52,8.43,8.48,-0.09
1989-06-05,8.44,8.36,8.44,-0.08
1989-06-06,8.45,8.36,8.41,-0.09
1989-06-07,8.38,8.27,8.34,-0.11
1989-06-08,8.33,8.27,8.31,-0.06
1989-06-09,8.28,8.15,8.15,-0.13
1989-06-12,8.29,8.16,8.13,-0.13
1989-06-13,8.41,8.25,8.21,-0.16
1989-06-14,8.36,8.20,8.17,-0.16
1989-06-15,8.48,8.33,8.30,-0.15
1989-06-16,8.53,8.35,8.31,-0.18
1989-06-19,8.55,8.37,8.34,-0.18
1989-06-20,8.50,8.31,8.28,-0.19
1989-06-21,8.53,8.37,8.33,-0.16
1989-06-22,8.55,8.38,8.34,-0.17
1989-06-23,8.39,8.25,8.20,-0.14
1989-06-26,8.35,8.18,8.16,-0.17
1989-06-27,8.27,8.11,8.08,-0.16
1989-06-28,8.27,8.17,8.13,-0.10
1989-06-29,8.16,8.12,8.09,-0.04
1989-06-30,8.08,8.10,8.05,0.02
1989-07-03,8.02,8.09,8.07,0.07
1989-07-04,,,,
1989-07-05,7.99,8.11,8.14,0.12
1989-07-06,7.94,8.08,8.10,0.14
1989-07-07,7.83,8.02,8.04,0.19
1989-07-10,7.81,7.99,8.02,0.18
1989-07-11,7.81,8.00,8.04,0.19
1989-07-12,7.74,8.00,8.04,0.26
1989-07-13,7.74,8.00,8.05,0.26
1989-07-14,7.83,8.04,8.09,0.21
1989-07-17,7.85,8.05,8.11,0.20
1989-07-18,7.95,8.13,8.17,0.18
1989-07-19,7.90,8.09,8.14,0.19
1989-07-20,7.81,8.01,8.10,0.20
1989-07-21,7.91,8.07,8.16,0.16
1989-07-24,7.93,8.05,8.14,0.12
1989-07-25,7.84,8.01,8.12,0.17
1989-07-26,7.75,8.02,8.11,0.27
1989-07-27,7.65,7.92,8.03,0.27
1989-07-28,7.56,7.87,7.99,0.31
1989-07-31,7.53,7.82,7.92,0.29
1989-08-01,7.46,7.74,7.83,0.28
1989-08-02,7.53,7.76,7.84,0.23
1989-08-03,7.60,7.80,7.90,0.20
1989-08-04,7.92,8.00,8.08,0.08
1989-08-07,8.01,8.03,8.08,0.02
1989-08-08,7.96,8.00,8.08,0.04
1989-08-09,7.99,8.05,8.12,0.06
1989-08-10,7.99,8.02,8.08,0.03
1989-08-11,8.12,8.09,8.13,-0.03
1989-08-14,8.31,8.24,8.23,-0.07
1989-08-15,8.29,8.21,8.19,-0.08
1989-08-16,8.17,8.12,8.13,-0.05
1989-08-17,8.26,8.18,8.16,-0.08
1989-08-18,8.26,8.15,8.15,-0.11
1989-08-21,8.32,8.20,8.18,-0.12
1989-08-22,8.43,8.29,8.25,-0.14
1989-08-23,8.37,8.25,8.19,-0.12
1989-08-24,8.32,8.20,8.16,-0.12
1989-08-25,8.34,8.21,8.18,-0.13
1989-08-28,8.41,8.27,8.23,-0.14
1989-08-29,8.44,8.27,8.21,-0.17
1989-08-30,8.41,8.25,8.20,-0.16
1989-08-31,8.42,8.26,8.21,-0.16
1989-09-01,8.37,8.19,8.14,-0.18
1989-09-04,,,,
1989-09-05,8.37,8.19,8.14,-0.18
1989-09-06,8.35,8.17,8.11,-0.18
1989-09-07,8.35,8.17,8.11,-0.18
1989-09-08,8.27,8.14,8.07,-0.13
1989-09-11,8.20,8.13,8.07,-0.07
1989-09-12,8.18,8.13,8.09,-0.05
1989-09-13,8.20,8.18,8.15,-0.02
1989-09-14,8.09,8.13,8.12,0.04
1989-09-15,8.06,8.09,8.08,0.03
1989-09-18,8.13,8.10,8.09,-0.03
1989-09-19,8.14,8.09,8.09,-0.05
1989-09-20,8.27,8.15,8.15,-0.12
1989-09-21,8.32,8.20,8.19,-0.12
1989-09-22,8.34,8.22,8.20,-0.12
1989-09-25,8.43,8.32,8.30,-0.11
1989-09-26,8.36,8.30,8.25,-0.06
1989-09-27,8.39,8.30,8.25,-0.09
1989-09-28,8.41,8.30,8.25,-0.11
1989-09-29,8.46,8.31,8.24,-0.15
1989-10-02,8.48,8.28,8.22,-0.20
1989-10-03,8.39,8.23,8.19,-0.16
1989-10-04,8.37,8.22,8.16,-0.15
1989-10-05,8.31,8.15,8.09,-0.16
1989-10-06,8.10,8.03,8.01,-0.07
1989-10-09,,,,
1989-10-10,8.06,8.03,8.01,-0.03
1989-10-11,8.08,8.07,8.05,-0.01
1989-10-12,8.01,8.04,8.02,0.03
1989-10-13,7.69,7.87,7.88,0.18
1989-10-16,7.85,7.98,7.98,0.13
1989-10-17,7.83,8.00,8.01,0.17
1989-10-18,7.83,8.01,8.03,0.18
1989-10-19,7.87,7.96,7.97,0.09
1989-10-20,7.92,7.98,7.98,0.06
1989-10-23,7.88,7.92,7.94,0.04
1989-10-24,7.78,7.87,7.87,0.09
1989-10-25,7.76,7.86,7.88,0.10
1989-10-26,7.78,7.88,7.89,0.10
1989-10-27,7.87,7.94,7.95,0.07
1989-10-30,7.85,7.92,7.93,0.07
1989-10-31,7.85,7.92,7.92,0.07
1989-11-01,7.87,7.91,7.89,0.04
1989-11-02,7.81,7.87,7.88,0.06
1989-11-03,8.01,7.96,7.92,-0.05
1989-11-06,8.04,8.00,7.97,-0.04
1989-11-07,7.87,7.90,7.88,0.03
1989-11-08,7.78,7.87,7.88,0.09
1989-11-09,7.80,7.90,7.91,0.10
1989-11-10,7.83,7.92,7.90,0.09
1989-11-13,7.82,7.89,7.89,0.07
1989-11-14,7.75,7.87,7.90,0.12
1989-11-15,7.69,7.82,7.87,0.13
1989-11-16,7.71,7.82,7.87,0.11
1989-11-17,7.77,7.88,7.94,0.11
1989-11-20,7.77,7.86,7.92,0.09
1989-11-21,7.77,7.85,7.91,0.08
1989-11-22,7.66,7.81,7.88,0.15
1989-11-23,,,,
1989-11-24,7.64,7.80,7.88,0.16
1989-11-27,7.79,7.85,7.92,0.06
1989-11-28,7.78,7.86,7.91,0.08
1989-11-29,7.80,7.88,7.93,0.08
1989-11-30,7.75,7.84,7.90,0.09
1989-12-01,7.70,7.81,7.88,0.11
1989-12-04,7.72,7.82,7.88,0.10
1989-12-05,7.72,7.82,7.88,0.10
1989-12-06,7.80,7.85,7.91,0.05
1989-12-07,7.85,7.88,7.93,0.03
1989-12-08,7.78,7.82,7.88,0.04
1989-12-11,7.78,7.83,7.89,0.05
1989-12-12,7.80,7.84,7.90,0.04
1989-12-13,7.82,7.82,7.88,0.00
1989-12-14,7.75,7.79,7.85,0.04
1989-12-15,7.75,7.80,7.86,0.05
1989-12-18,7.75,7.77,7.83,0.02
1989-12-19,7.72,7.78,7.85,0.06
1989-12-20,7.64,7.77,7.84,0.13
1989-12-21,7.68,7.77,7.86,0.09
1989-12-22,7.74,7.82,7.88,0.08
1989-12-25,,,,
1989-12-26,7.90,7.95,8.00,0.05
1989-12-27,7.90,7.94,7.98,0.04
1989-12-28,7.87,7.91,7.97,0.04
1989-12-29,7.87,7.93,7.98,0.06
1990-01-01,,,,
1990-01-02,7.87,7.94,8.00,0.07
1990-01-03,7.94,7.99,8.04,0.05
1990-01-04,7.92,7.98,8.04,0.06
1990-01-05,7.90,7.99,8.06,0.09
1990-01-08,7.90,8.02,8.09,0.12
1990-01-09,7.91,8.02,8.10,0.11
1990-01-10,7.91,8.03,8.11,0.12
1990-01-11,7.91,8.04,8.11,0.13
1990-01-12,7.93,8.10,8.17,0.17
1990-01-15,,,,
1990-01-16,8.10,8.20,8.25,0.10
1990-01-17,8.09,8.19,8.25,0.10
1990-01-18,8.25,8.32,8.35,0.07
1990-01-19,8.20,8.26,8.29,0.06
1990-01-22,8.18,8.27,8.31,0.09
1990-01-23,8.18,8.26,8.29,0.08
1990-01-24,8.20,8.38,8.41,0.18
1990-01-25,8.24,8.42,8.46,0.18
1990-01-26,8.28,8.49,8.55,0.21
1990-01-29,8.30,8.50,8.54,0.20
1990-01-30,8.30,8.51,8.55,0.21
1990-01-31,8.28,8.43,8.46,0.15
1990-02-01,8.28,8.42,8.44,0.14
1990-02-02,8.37,8.50,8.51,0.13
1990-02-05,8.37,8.53,8.53,0.16
1990-02-06,8.42,8.57,8.58,0.15
1990-02-07,8.42,8.52,8.57,0.10
1990-02-08,8.37,8.49,8.50,0.12
1990-02-09,8.25,8.31,8.36,0.06
1990-02-12,8.32,8.40,8.43,0.08
1990-02-13,8.21,8.35,8.39,0.14
1990-02-14,8.27,8.36,8.41,0.09
1990-02-15,8.35,8.43,8.47,0.08
1990-02-16,8.36,8.42,8.46,0.06
1990-02-19,,,,
1990-02-20,8.52,8.62,8.66,0.10
1990-02-21,8.50,8.62,8.66,0.12
1990-02-22,8.45,8.54,8.56,0.09
1990-02-23,8.43,8.53,8.56,0.10
1990-02-26,8.38,8.46,8.49,0.08
1990-02-27,8.34,8.41,8.45,0.07
1990-02-28,8.43,8.51,8.54,0.08
1990-03-01,8.53,8.59,8.61,0.06
1990-03-02,8.48,8.54,8.55,0.06
1990-03-05,8.55,8.65,8.66,0.10
1990-03-06,8.54,8.59,8.59,0.05
1990-03-07,8.54,8.58,8.58,0.04
1990-03-08,8.59,8.57,8.56,-0.02
1990-03-09,8.73,8.65,8.63,-0.08
1990-03-12,8.71,8.63,8.62,-0.08
1990-03-13,8.77,8.73,8.72,-0.04
1990-03-14,8.69,8.65,8.61,-0.04
1990-03-15,8.71,8.66,8.63,-0.05
1990-03-16,8.64,8.59,8.55,-0.05
1990-03-19,8.68,8.59,8.54,-0.09
1990-03-20,8.68,8.54,8.47,-0.14
1990-03-21,8.69,8.55,8.47,-0.14
1990-03-22,8.62,8.53,8.49,-0.09
1990-03-23,8.61,8.52,8.48,-0.09
1990-03-26,8.61,8.51,8.47,-0.10
1990-03-27,8.59,8.52,8.48,-0.07
1990-03-28,8.57,8.51,8.47,-0.06
1990-03-29,8.62,8.60,8.58,-0.02
1990-03-30,8.64,8.65,8.63,0.01
1990-04-02,8.62,8.65,8.63,0.03
1990-04-03,8.61,8.63,8.61,0.02
1990-04-04,8.54,8.55,8.52,0.01
1990-04-05,8.54,8.57,8.52,0.03
1990-04-06,8.52,8.56,8.52,0.04
1990-04-09,8.54,8.59,8.55,0.05
1990-04-10,8.54,8.60,8.57,0.06
1990-04-11,8.56,8.63,8.58,0.07
1990-04-12,8.57,8.64,8.60,0.07
1990-04-13,,,,
1990-04-16,8.61,8.68,8.64,0.07
1990-04-17,8.70,8.77,8.74,0.07
1990-04-18,8.79,8.86,8.85,0.07
1990-04-19,8.81,8.87,8.86,0.06
1990-04-20,8.82,8.95,8.93,0.13
1990-04-23,8.87,8.98,8.96,0.11
1990-04-24,8.92,9.00,8.98,0.08
1990-04-25,8.95,9.01,8.98,0.06
1990-04-26,9.03,9.07,9.04,0.04
1990-04-27,8.98,9.06,9.04,0.08
1990-04-30,8.96,9.04,9.00,0.08
1990-05-01,9.02,9.08,9.04,0.06
1990-05-02,9.05,9.09,9.05,0.04
1990-05-03,8.98,9.04,8.99,0.06
1990-05-04,8.70,8.84,8.83,0.14
1990-05-07,8.74,8.87,8.85,0.13
1990-05-08,8.68,8.84,8.81,0.16
1990-05-09,8.75,8.88,8.90,0.13
1990-05-10,8.69,8.82,8.81,0.13
1990-05-11,8.55,8.64,8.64,0.09
1990-05-14,8.51,8.61,8.58,0.10
1990-05-15,8.54,8.65,8.62,0.11
1990-05-16,8.54,8.68,8.64,0.14
1990-05-17,8.56,8.69,8.65,0.13
1990-05-18,8.63,8.75,8.70,0.12
1990-05-21,8.61,8.74,8.69,0.13
1990-05-22,8.54,8.65,8.61,0.11
1990-05-23,8.51,8.61,8.59,0.10
1990-05-24,8.50,8.63,8.60,0.13
1990-05-25,8.53,8.69,8.67,0.16
1990-05-28,,,,
1990-05-29,8.52,8.66,8.64,0.14
1990-05-30,8.48,8.62,8.60,0.14
1990-05-31,8.50,8.60,8.58,0.10
1990-06-01,8.33,8.44,8.43,0.11
1990-06-04,8.31,8.44,8.43,0.13
1990-06-05,8.34,8.47,8.46,0.13
1990-06-06,8.34,8.46,8.44,0.12
1990-06-07,8.34,8.46,8.43,0.12
1990-06-08,8.33,8.46,8.44,0.13
1990-06-11,8.36,8.48,8.45,0.12
1990-06-12,8.36,8.48,8.45,0.12
1990-06-13,8.27,8.40,8.39,0.13
1990-06-14,8.24,8.38,8.36,0.14
1990-06-15,8.33,8.46,8.43,0.13
1990-06-18,8.39,8.50,8.47,0.11
1990-06-19,8.41,8.51,8.48,0.10
1990-06-20,8.43,8.55,8.52,0.12
1990-06-21,8.41,8.52,8.50,0.11
1990-06-22,8.40,8.51,8.49,0.11
1990-06-25,8.45,8.58,8.56,0.13
1990-06-26,8.41,8.56,8.53,0.15
1990-06-27,8.37,8.52,8.49,0.15
1990-06-28,8.31,8.47,8.45,0.16
1990-06-29,8.24,8.43,8.41,0.19
1990-07-02,8.25,8.43,8.41,0.18
1990-07-03,8.20,8.40,8.40,0.20
1990-07-04,,,,
1990-07-05,8.22,8.42,8.42,0.20
1990-07-06,8.32,8.51,8.51,0.19
1990-07-09,8.39,8.57,8.55,0.18
1990-07-10,8.40,8.57,8.56,0.17
1990-07-11,8.40,8.57,8.56,0.17
1990-07-12,8.20,8.50,8.50,0.30
1990-07-13,8.13,8.45,8.46,0.32
1990-07-16,8.15,8.44,8.46,0.29
1990-07-17,8.13,8.44,8.46,0.31
1990-07-18,8.13,8.50,8.55,0.37
1990-07-19,8.13,8.51,8.56,0.38
1990-07-20,8.08,8.48,8.54,0.40
1990-07-23,8.05,8.48,8.54,0.43
1990-07-24,8.12,8.53,8.59,0.41
1990-07-25,8.08,8.49,8.55,0.41
1990-07-26,8.08,8.49,8.54,0.41
1990-07-27,8.00,8.42,8.48,0.42
1990-07-30,7.93,8.34,8.40,0.41
1990-07-31,7.91,8.36,8.42,0.45
1990-08-01,7.85,8.29,8.36,0.44
1990-08-02,7.90,8.41,8.46,0.51
1990-08-03,7.79,8.43,8.55,0.64
1990-08-06,7.90,8.71,8.82,0.81
1990-08-07,8.04,8.78,8.86,0.74
1990-08-08,8.02,8.77,8.87,0.75
1990-08-09,7.99,8.66,8.75,0.67
1990-08-10,7.95,8.68,8.79,0.73
1990-08-13,7.94,8.71,8.83,0.77
1990-08-14,7.94,8.66,8.78,0.72
1990-08-15,7.94,8.64,8.76,0.70
1990-08-16,8.09,8.76,8.91,0.67
1990-08-17,8.11,8.80,8.94,0.69
1990-08-20,8.13,8.81,8.92,0.68
1990-08-21,8.19,8.84,8.94,0.65
1990-08-22,8.26,8.91,9.03,0.65
1990-08-23,8.26,9.00,9.11,0.74
1990-08-24,8.32,9.05,9.17,0.73
1990-08-27,8.21,8.90,9.02,0.69
1990-08-28,8.23,8.94,9.07,0.71
1990-08-29,8.16,8.84,8.95,0.68
1990-08-30,8.12,8.86,8.98,0.74
1990-08-31,8.07,8.86,8.99,0.79
1990-09-03,,,,
1990-09-04,8.09,8.90,9.03,0.81
1990-09-05,8.04,8.86,8.98,0.82
1990-09-06,8.06,8.84,8.96,0.78
1990-09-07,8.04,8.81,8.92,0.77
1990-09-10,8.09,8.85,8.98,0.76
1990-09-11,8.10,8.83,8.96,0.73
1990-09-12,8.05,8.82,8.96,0.77
1990-09-13,8.01,8.82,8.96,0.81
1990-09-14,8.03,8.87,9.01,0.84
1990-09-17,8.05,8.90,9.06,0.85
1990-09-18,8.03,8.90,9.05,0.87
1990-09-19,8.08,8.88,9.02,0.80
1990-09-20,8.10,8.91,9.05,0.81
1990-09-21,8.12,8.99,9.13,0.87
1990-09-24,8.21,9.04,9.18,0.83
1990-09-25,8.18,9.02,9.15,0.84
1990-09-26,8.16,9.00,9.14,0.84
1990-09-27,8.05,8.91,9.05,0.86
1990-09-28,8.02,8.82,8.96,0.80
1990-10-01,7.94,8.71,8.84,0.77
1990-10-02,7.92,8.69,8.84,0.77
1990-10-03,7.88,8.71,8.85,0.83
1990-10-04,7.87,8.67,8.81,0.80
1990-10-05,7.81,8.65,8.79,0.84
1990-10-08,,,,
1990-10-09,7.94,8.83,8.98,0.89
1990-10-10,7.99,8.89,9.03,0.90
1990-10-11,7.99,8.92,9.08,0.93
1990-10-12,7.94,8.84,8.98,0.90
1990-10-15,7.92,8.80,8.95,0.88
1990-10-16,7.92,8.79,8.94,0.87
1990-10-17,7.92,8.76,8.89,0.84
1990-10-18,7.91,8.71,8.85,0.80
1990-10-19,7.85,8.62,8.75,0.77
1990-10-22,7.85,8.63,8.76,0.78
1990-10-23,7.84,8.65,8.79,0.81
1990-10-24,7.84,8.66,8.79,0.82
1990-10-25,7.80,8.62,8.74,0.82
1990-10-26,7.80,8.63,8.76,0.83
1990-10-29,7.82,8.70,8.84,0.88
1990-10-30,7.79,8.70,8.83,0.91
1990-10-31,7.77,8.65,8.78,0.88
1990-11-01,7.68,8.57,8.70,0.89
1990-11-02,7.68,8.57,8.70,0.89
1990-11-05,7.63,8.50,8.63,0.87
1990-11-06,7.65,8.52,8.64,0.87
1990-11-07,7.67,8.57,8.71,0.90
1990-11-08,7.67,8.58,8.73,0.91
1990-11-09,7.61,8.49,8.63,0.88
1990-11-12,,,,
1990-11-13,7.60,8.37,8.52,0.77
1990-11-14,7.58,8.36,8.51,0.78
1990-11-15,7.60,8.37,8.53,0.77
1990-11-16,7.58,8.30,8.46,0.72
1990-11-19,7.62,8.35,8.51,0.73
1990-11-20,7.62,8.31,8.47,0.69
1990-11-21,7.55,8.27,8.44,0.74
1990-11-22,,,,
1990-11-23,7.53,8.28,8.44,0.75
1990-11-26,7.55,8.27,8.42,0.72
1990-11-27,7.50,8.28,8.44,0.78
1990-11-28,7.56,8.30,8.46,0.74
1990-11-29,7.58,8.32,8.47,0.74
1990-11-30,7.53,8.26,8.40,0.73
1990-12-03,7.51,8.22,8.36,0.71
1990-12-04,7.46,8.20,8.37,0.74
1990-12-05,7.46,8.16,8.32,0.70
1990-12-06,7.48,8.18,8.35,0.70
1990-12-07,7.33,8.03,8.19,0.70
1990-12-10,7.28,7.98,8.14,0.70
1990-12-11,7.26,7.94,8.10,0.68
1990-12-12,7.22,7.91,8.07,0.69
1990-12-13,7.31,7.98,8.14,0.67
1990-12-14,7.35,8.05,8.20,0.70
1990-12-17,7.31,8.02,8.18,0.71
1990-12-18,7.28,7.99,8.15,0.71
1990-12-19,7.21,8.00,8.19,0.79
1990-12-20,7.25,8.05,8.22,0.80
1990-12-21,7.30,8.11,8.28,0.81
1990-12-24,7.35,8.20,8.36,0.85
1990-12-25,,,,
1990-12-26,7.27,8.15,8.30,0.88
1990-12-27,7.25,8.11,8.25,0.86
1990-12-28,7.25,8.14,8.31,0.89
1990-12-31,7.15,8.08,8.26,0.93
1991-01-01,,,,
1991-01-02,7.08,7.97,8.14,0.89
1991-01-03,7.08,7.93,8.11,0.85
1991-01-04,7.17,8.02,8.20,0.85
1991-01-07,7.20,8.13,8.32,0.93
1991-01-08,7.15,8.16,8.37,1.01
1991-01-09,7.10,8.25,8.46,1.15
1991-01-10,7.14,8.16,8.37,1.02
1991-01-11,7.14,8.20,8.39,1.06
1991-01-14,7.18,8.23,8.41,1.05
1991-01-15,7.16,8.22,8.41,1.06
1991-01-16,7.21,8.24,8.40,1.03
1991-01-17,7.19,8.05,8.18,0.86
1991-01-18,7.14,8.03,8.17,0.89
1991-01-21,,,,
1991-01-22,7.13,8.07,8.23,0.94
1991-01-23,7.08,8.04,8.21,0.96
1991-01-24,7.04,8.00,8.18,0.96
1991-01-25,7.10,8.06,8.24,0.96
1991-01-28,7.12,8.06,8.23,0.94
1991-01-29,7.10,8.03,8.20,0.95
1991-01-30,7.07,8.05,8.23,0.98
1991-01-31,7.05,8.03,8.21,0.98
1991-02-01,6.83,7.91,8.09,1.08
1991-02-04,6.82,7.88,8.05,1.06
1991-02-05,6.80,7.85,8.02,1.05
1991-02-06,6.82,7.79,8.02,0.97
1991-02-07,6.80,7.82,8.01,1.02
1991-02-08,6.80,7.77,7.95,0.97
1991-02-11,6.78,7.78,7.97,1.00
1991-02-12,6.78,7.78,7.96,1.00
1991-02-13,6.78,7.78,7.97,1.00
1991-02-14,6.77,7.80,7.99,1.03
1991-02-15,6.82,7.78,7.97,0.96
1991-02-18,,,,
1991-02-19,6.87,7.80,7.99,0.93
1991-02-20,6.87,7.84,8.02,0.97
1991-02-21,6.90,7.88,8.04,0.98
1991-02-22,6.98,7.91,8.07,0.93
1991-02-25,6.99,7.91,8.05,0.92
1991-02-26,7.00,7.96,8.14,0.96
1991-02-27,7.02,7.98,8.15,0.96
1991-02-28,7.04,8.02,8.19,0.98
1991-03-01,7.18,8.12,8.28,0.94
1991-03-04,7.16,8.12,8.29,0.96
1991-03-05,7.13,8.08,8.25,0.95
1991-03-06,7.15,8.11,8.29,0.96
1991-03-07,7.12,8.07,8.23,0.95
1991-03-08,7.08,8.13,8.30,1.05
1991-03-11,7.05,8.06,8.23,1.01
1991-03-12,7.07,8.09,8.26,1.02
1991-03-13,7.00,8.02,8.20,1.02
1991-03-14,6.95,8.02,8.20,1.07
1991-03-15,7.01,8.10,8.30,1.09
1991-03-18,7.09,8.15,8.34,1.06
1991-03-19,7.22,8.25,8.42,1.03
1991-03-20,7.20,8.20,8.37,1.00
1991-03-21,7.13,8.16,8.34,1.03
1991-03-22,7.13,8.13,8.33,1.00
1991-03-25,7.14,8.13,8.32,0.99
1991-03-26,7.16,8.13,8.31,0.97
1991-03-27,7.07,8.08,8.26,1.01
1991-03-28,7.02,8.05,8.24,1.03
1991-03-29,,,,
1991-04-01,7.01,8.07,8.25,1.06
1991-04-02,6.97,8.03,8.22,1.06
1991-04-03,6.99,8.05,8.24,1.06
1991-04-04,6.94,8.00,8.19,1.06
1991-04-05,6.92,7.99,8.18,1.07
1991-04-08,6.91,7.98,8.16,1.07
1991-04-09,6.94,8.03,8.20,1.09
1991-04-10,7.02,8.10,8.27,1.08
1991-04-11,6.95,8.09,8.27,1.14
1991-04-12,6.88,7.98,8.16,1.10
1991-04-15,6.90,7.95,8.12,1.05
1991-04-16,6.92,7.97,8.13,1.05
1991-04-17,6.90,7.95,8.11,1.05
1991-04-18,6.99,8.02,8.18,1.03
1991-04-19,7.03,8.10,8.24,1.07
1991-04-22,7.07,8.15,8.30,1.08
1991-04-23,7.05,8.12,8.28,1.07
1991-04-24,6.95,8.06,8.22,1.11
1991-04-25,6.93,8.07,8.24,1.14
1991-04-26,6.89,8.06,8.22,1.17
1991-04-29,6.90,8.07,8.23,1.17
1991-04-30,6.80,8.02,8.20,1.22
1991-05-01,6.80,8.01,8.18,1.21
1991-05-02,6.76,7.97,8.14,1.21
1991-05-03,6.80,8.04,8.22,1.24
1991-05-06,6.82,8.05,8.23,1.23
1991-05-07,6.82,8.06,8.24,1.24
1991-05-08,6.84,8.04,8.24,1.20
1991-05-09,6.84,8.02,8.21,1.18
1991-05-10,6.87,8.12,8.33,1.25
1991-05-13,6.84,8.07,8.27,1.23
1991-05-14,6.86,8.14,8.36,1.28
1991-05-15,6.84,8.13,8.34,1.29
1991-05-16,6.84,8.12,8.33,1.28
1991-05-17,6.86,8.08,8.28,1.22
1991-05-20,6.86,8.10,8.30,1.24
1991-05-21,6.84,8.06,8.26,1.22
1991-05-22,6.77,8.06,8.28,1.29
1991-05-23,6.74,8.10,8.31,1.36
1991-05-24,6.69,8.10,8.31,1.41
1991-05-27,,,,
1991-05-28,6.66,8.07,8.28,1.41
1991-05-29,6.61,8.07,8.29,1.46
1991-05-30,6.60,8.02,8.22,1.42
1991-05-31,6.68,8.06,8.26,1.38
1991-06-03,6.79,8.14,8.34,1.35
1991-06-04,6.79,8.14,8.34,1.35
1991-06-05,6.83,8.19,8.39,1.36
1991-06-06,6.86,8.23,8.42,1.37
1991-06-07,6.98,8.29,8.48,1.31
1991-06-10,7.01,8.29,8.48,1.28
1991-06-11,6.99,8.29,8.48,1.30
1991-06-12,7.08,8.36,8.55,1.28
1991-06-13,7.08,8.34,8.53,1.26
1991-06-14,7.02,8.29,8.47,1.27
1991-06-17,7.02,8.30,8.49,1.28
1991-06-18,7.00,8.32,8.52,1.32
1991-06-19,6.95,8.33,8.52,1.38
1991-06-20,6.87,8.30,8.48,1.43
1991-06-21,6.94,8.32,8.51,1.38
1991-06-24,6.96,8.33,8.51,1.37
1991-06-25,7.04,8.33,8.51,1.29
1991-06-26,7.01,8.33,8.51,1.32
1991-06-27,7.00,8.32,8.49,1.32
1991-06-28,6.90,8.24,8.42,1.34
1991-07-01,6.97,8.26,8.44,1.29
1991-07-02,7.00,8.27,8.44,1.27
1991-07-03,6.97,8.26,8.42,1.29
1991-07-04,,,,
1991-07-05,7.04,8.34,8.49,1.30
1991-07-08,7.00,8.34,8.51,1.34
1991-07-09,7.00,8.36,8.53,1.36
1991-07-10,6.97,8.35,8.53,1.38
1991-07-11,6.92,8.30,8.47,1.38
1991-07-12,6.88,8.26,8.44,1.38
1991-07-15,6.88,8.26,8.44,1.38
1991-07-16,6.90,8.27,8.46,1.37
1991-07-17,6.94,8.30,8.49,1.36
1991-07-18,6.91,8.31,8.50,1.40
1991-07-19,6.89,8.28,8.48,1.39
1991-07-22,6.91,8.28,8.48,1.37
1991-07-23,6.94,8.31,8.50,1.37
1991-07-24,6.88,8.24,8.42,1.36
1991-07-25,6.87,8.20,8.38,1.33
1991-07-26,6.85,8.20,8.39,1.35
1991-07-29,6.82,8.20,8.39,1.38
1991-07-30,6.84,8.21,8.39,1.37
1991-07-31,6.81,8.20,8.36,1.39
1991-08-01,6.84,8.20,8.38,1.36
1991-08-02,6.69,8.06,8.25,1.37
1991-08-05,6.69,8.04,8.24,1.35
1991-08-06,6.57,7.97,8.18,1.40
1991-08-07,6.54,7.93,8.17,1.39
1991-08-08,6.52,7.98,8.22,1.46
1991-08-09,6.49,7.98,8.23,1.49
1991-08-12,6.49,7.95,8.21,1.46
1991-08-13,6.48,7.91,8.17,1.43
1991-08-14,6.37,7.82,8.08,1.45
1991-08-15,6.33,7.84,8.09,1.51
1991-08-16,6.31,7.84,8.09,1.53
1991-08-19,6.24,7.83,8.11,1.59
1991-08-20,6.17,7.81,8.09,1.64
1991-08-21,6.27,7.80,8.07,1.53
1991-08-22,6.27,7.78,8.05,1.51
1991-08-23,6.46,7.88,8.13,1.42
1991-08-26,6.48,7.91,8.15,1.43
1991-08-27,6.41,7.89,8.14,1.48
1991-08-28,6.30,7.82,8.06,1.52
1991-08-29,6.25,7.74,7.99,1.49
1991-08-30,6.36,7.82,8.06,1.46
1991-09-02,,,,
1991-09-03,6.33,7.81,8.05,1.48
1991-09-04,6.31,7.81,8.06,1.50
1991-09-05,6.31,7.83,8.09,1.52
1991-09-06,6.26,7.76,8.02,1.50
1991-09-09,6.23,7.73,8.00,1.50
1991-09-10,6.21,7.73,8.01,1.52
1991-09-11,6.23,7.74,8.02,1.51
1991-09-12,6.20,7.67,7.96,1.47
1991-09-13,6.18,7.66,7.95,1.48
1991-09-16,6.17,7.63,7.93,1.46
1991-09-17,6.18,7.62,7.92,1.44
1991-09-18,6.18,7.62,7.92,1.44
1991-09-19,6.20,7.61,7.92,1.41
1991-09-20,6.18,7.57,7.89,1.39
1991-09-23,6.17,7.55,7.88,1.38
1991-09-24,6.11,7.56,7.89,1.45
1991-09-25,6.12,7.58,7.91,1.46
1991-09-26,6.05,7.56,7.89,1.51
1991-09-27,6.02,7.49,7.83,1.47
1991-09-30,5.99,7.47,7.82,1.48
1991-10-01,5.99,7.45,7.81,1.46
1991-10-02,5.99,7.47,7.83,1.48
1991-10-03,5.98,7.47,7.84,1.49
1991-10-04,5.91,7.39,7.79,1.48
1991-10-07,5.93,7.40,7.79,1.47
1991-10-08,5.89,7.43,7.82,1.54
1991-10-09,5.93,7.51,7.91,1.58
1991-10-10,5.98,7.58,7.98,1.60
1991-10-11,5.91,7.49,7.90,1.58
1991-10-14,,,,
1991-10-15,5.85,7.46,7.87,1.61
1991-10-16,5.86,7.45,7.88,1.59
1991-10-17,5.93,7.55,8.00,1.62
1991-10-18,5.95,7.53,7.97,1.58
1991-10-21,5.99,7.62,8.06,1.63
1991-10-22,6.02,7.67,8.10,1.65
1991-10-23,6.01,7.69,8.09,1.68
1991-10-24,5.93,7.65,8.03,1.72
1991-10-25,5.93,7.68,8.05,1.75
1991-10-28,5.88,7.65,8.03,1.77
1991-10-29,5.78,7.51,7.91,1.73
1991-10-30,5.73,7.48,7.90,1.75
1991-10-31,5.70,7.47,7.91,1.77
1991-11-01,5.65,7.48,7.93,1.83
1991-11-04,5.63,7.50,7.95,1.87
1991-11-05,5.70,7.56,8.02,1.86
1991-11-06,5.63,7.51,8.01,1.88
1991-11-07,5.62,7.43,7.92,1.81
1991-11-08,5.63,7.41,7.88,1.78
1991-11-11,,,,
1991-11-12,5.65,7.37,7.80,1.72
1991-11-13,5.65,7.41,7.88,1.76
1991-11-14,5.60,7.35,7.82,1.75
1991-11-15,5.54,7.33,7.84,1.79
1991-11-18,5.55,7.33,7.84,1.78
1991-11-19,5.50,7.37,7.90,1.87
1991-11-20,5.52,7.38,7.92,1.86
1991-11-21,5.50,7.39,7.96,1.89
1991-11-22,5.49,7.44,7.99,1.95
1991-11-25,5.50,7.45,7.99,1.95
1991-11-26,5.45,7.42,7.95,1.97
1991-11-27,5.43,7.42,7.97,1.99
1991-11-28,,,,
1991-11-29,5.38,7.38,7.94,2.00
1991-12-02,5.33,7.32,7.92,1.99
1991-12-03,5.29,7.28,7.90,1.99
1991-12-04,5.22,7.17,7.84,1.95
1991-12-05,5.22,7.21,7.86,1.99
1991-12-06,5.19,7.26,7.78,2.07
1991-12-09,5.09,7.22,7.78,2.13
1991-12-10,5.07,7.21,7.79,2.14
1991-12-11,5.04,7.22,7.81,2.18
1991-12-12,5.06,7.19,7.77,2.13
1991-12-13,5.09,7.22,7.79,2.13
1991-12-16,5.06,7.21,7.77,2.15
1991-12-17,5.02,7.18,7.75,2.16
1991-12-18,5.11,7.19,7.76,2.08
1991-12-19,5.05,7.11,7.68,2.06
1991-12-20,4.80,6.97,7.59,2.17
1991-12-23,4.79,6.88,7.53,2.09
1991-12-24,4.84,6.88,7.53,2.04
1991-12-25,,,,
1991-12-26,4.85,6.85,7.51,2.00
1991-12-27,4.85,6.82,7.52,1.97
1991-12-30,4.80,6.76,7.45,1.96
1991-12-31,4.77,6.71,7.41,1.94
1992-01-01,,,,
1992-01-02,4.77,6.78,7.46,2.01
1992-01-03,4.80,6.85,7.48,2.05
1992-01-06,4.76,6.82,7.44,2.06
1992-01-07,4.67,6.76,7.39,2.09
1992-01-08,4.66,6.77,7.41,2.11
1992-01-09,4.77,6.79,7.42,2.02
1992-01-10,4.85,6.85,7.47,2.00
1992-01-13,4.93,6.92,7.49,1.99
1992-01-14,5.00,7.03,7.54,2.03
1992-01-15,5.07,7.05,7.57,1.98
1992-01-16,5.07,7.13,7.65,2.06
1992-01-17,5.02,7.09,7.61,2.07
1992-01-20,,,,
1992-01-21,4.97,7.03,7.57,2.06
1992-01-22,4.95,7.09,7.62,2.14
1992-01-23,5.02,7.20,7.71,2.18
1992-01-24,5.13,7.25,7.71,2.12
1992-01-27,5.15,7.24,7.71,2.09
1992-01-28,5.10,7.16,7.66,2.06
1992-01-29,5.15,7.25,7.75,2.10
1992-01-30,5.17,7.31,7.79,2.14
1992-01-31,5.11,7.31,7.77,2.20
1992-02-03,5.15,7.36,7.82,2.21
1992-02-04,5.12,7.29,7.76,2.17
1992-02-05,5.07,7.21,7.74,2.14
1992-02-06,5.05,7.20,7.75,2.15
1992-02-07,4.97,7.20,7.77,2.23
1992-02-10,4.94,7.21,7.79,2.27
1992-02-11,5.01,7.23,7.79,2.22
1992-02-12,5.08,7.30,7.81,2.22
1992-02-13,5.22,7.40,7.92,2.18
1992-02-14,5.27,7.41,7.91,2.14
1992-02-17,,,,
1992-02-18,5.24,7.47,7.97,2.23
1992-02-19,5.28,7.42,7.93,2.14
1992-02-20,5.30,7.41,7.91,2.11
1992-02-21,5.46,7.45,7.95,1.99
1992-02-24,5.46,7.47,7.97,2.01
1992-02-25,5.43,7.44,7.94,2.01
1992-02-26,5.37,7.33,7.85,1.96
1992-02-27,5.34,7.35,7.86,2.01
1992-02-28,5.27,7.27,7.80,2.00
1992-03-02,5.45,7.38,7.90,1.93
1992-03-03,5.48,7.43,7.93,1.95
1992-03-04,5.50,7.43,7.90,1.93
1992-03-05,5.62,7.51,7.95,1.89
1992-03-06,5.60,7.48,7.93,1.88
1992-03-09,5.54,7.42,7.88,1.88
1992-03-10,5.56,7.43,7.89,1.87
1992-03-11,5.58,7.51,7.96,1.93
1992-03-12,5.74,7.62,8.04,1.88
1992-03-13,5.86,7.71,8.06,1.85
1992-03-16,5.87,7.69,8.07,1.82
1992-03-17,5.83,7.62,8.02,1.79
1992-03-18,5.84,7.62,8.01,1.78
1992-03-19,5.79,7.57,7.98,1.78
1992-03-20,5.86,7.64,8.05,1.78
1992-03-23,5.87,7.62,8.04,1.75
1992-03-24,5.78,7.53,7.94,1.75
1992-03-25,5.72,7.53,7.94,1.81
1992-03-26,5.69,7.57,7.99,1.88
1992-03-27,5.68,7.54,7.94,1.86
1992-03-30,5.61,7.54,7.95,1.93
1992-03-31,5.60,7.54,7.96,1.94
1992-04-01,5.53,7.46,7.90,1.93
1992-04-02,5.55,7.47,7.92,1.92
1992-04-03,5.37,7.42,7.88,2.05
1992-04-06,5.36,7.41,7.88,2.05
1992-04-07,5.34,7.41,7.90,2.07
1992-04-08,5.33,7.44,7.94,2.11
1992-04-09,5.09,7.35,7.85,2.26
1992-04-10,5.16,7.37,7.89,2.21
1992-04-13,5.11,7.33,7.86,2.22
1992-04-14,5.15,7.35,7.88,2.20
1992-04-15,5.22,7.37,7.87,2.15
1992-04-16,5.34,7.45,7.93,2.11
1992-04-17,,,,
1992-04-20,5.45,7.59,8.02,2.14
1992-04-21,5.41,7.58,8.03,2.17
1992-04-22,5.41,7.57,8.04,2.16
1992-04-23,5.41,7.59,8.06,2.18
1992-04-24,5.33,7.55,8.06,2.22
1992-04-27,5.42,7.60,8.10,2.18
1992-04-28,5.40,7.57,8.06,2.17
1992-04-29,5.39,7.60,8.08,2.21
1992-04-30,5.46,7.61,8.06,2.15
1992-05-01,5.33,7.56,8.01,2.23
1992-05-04,5.32,7.58,8.03,2.26
1992-05-05,5.30,7.56,8.01,2.26
1992-05-06,5.25,7.46,7.97,2.21
1992-05-07,5.34,7.49,8.00,2.15
1992-05-08,5.29,7.41,7.90,2.12
1992-05-11,5.24,7.40,7.90,2.16
1992-05-12,5.19,7.36,7.86,2.17
1992-05-13,5.14,7.34,7.85,2.20
1992-05-14,5.13,7.34,7.87,2.21
1992-05-15,5.11,7.28,7.81,2.17
1992-05-18,5.12,7.28,7.82,2.16
1992-05-19,5.00,7.20,7.77,2.20
1992-05-20,5.13,7.25,7.79,2.12
1992-05-21,5.34,7.39,7.86,2.05
1992-05-22,5.24,7.35,7.83,2.11
1992-05-25,,,,
1992-05-26,5.35,7.46,7.92,2.11
1992-05-27,5.28,7.44,7.91,2.16
1992-05-28,5.22,7.36,7.87,2.14
1992-05-29,5.19,7.33,7.84,2.14
1992-06-01,5.29,7.39,7.90,2.10
1992-06-02,5.23,7.35,7.87,2.12
1992-06-03,5.20,7.34,7.88,2.14
1992-06-04,5.22,7.34,7.88,2.12
1992-06-05,5.13,7.31,7.84,2.18
1992-06-08,5.11,7.31,7.84,2.20
1992-06-09,5.11,7.33,7.88,2.22
1992-06-10,5.13,7.35,7.90,2.22
1992-06-11,5.09,7.33,7.88,2.24
1992-06-12,5.06,7.29,7.85,2.23
1992-06-15,5.05,7.28,7.85,2.23
1992-06-16,5.02,7.24,7.84,2.22
1992-06-17,5.00,7.23,7.82,2.23
1992-06-18,4.94,7.19,7.80,2.25
1992-06-19,5.00,7.24,7.83,2.24
1992-06-22,4.99,7.24,7.84,2.25
1992-06-23,5.10,7.25,7.85,2.15
1992-06-24,4.96,7.20,7.83,2.24
1992-06-25,4.89,7.14,7.78,2.25
1992-06-26,4.88,7.15,7.79,2.27
1992-06-29,4.83,7.12,7.78,2.29
1992-06-30,4.83,7.14,7.79,2.31
1992-07-01,4.82,7.10,7.76,2.28
1992-07-02,4.55,6.93,7.63,2.38
1992-07-03,,,,
1992-07-06,4.46,6.90,7.62,2.44
1992-07-07,4.40,6.87,7.61,2.47
1992-07-08,4.40,6.91,7.61,2.51
1992-07-09,4.40,6.91,7.61,2.51
1992-07-10,4.38,6.93,7.64,2.55
1992-07-13,4.40,6.97,7.67,2.57
1992-07-14,4.32,6.97,7.69,2.65
1992-07-15,4.25,6.90,7.64,2.65
1992-07-16,4.25,6.87,7.62,2.62
1992-07-17,4.27,6.90,7.68,2.63
1992-07-20,4.30,6.90,7.66,2.60
1992-07-21,4.34,6.89,7.67,2.55
1992-07-22,4.29,6.85,7.62,2.56
1992-07-23,4.20,6.72,7.54,2.52
1992-07-24,4.25,6.73,7.57,2.48
1992-07-27,4.27,6.69,7.53,2.42
1992-07-28,4.27,6.63,7.44,2.36
1992-07-29,4.25,6.60,7.43,2.35
1992-07-30,4.33,6.69,7.46,2.36
1992-07-31,4.42,6.72,7.46,2.30
1992-08-03,4.40,6.72,7.46,2.32
1992-08-04,4.31,6.66,7.43,2.35
1992-08-05,4.29,6.64,7.43,2.35
1992-08-06,4.29,6.65,7.45,2.36
1992-08-07,4.18,6.57,7.40,2.39
1992-08-10,4.12,6.52,7.37,2.40
1992-08-11,4.15,6.50,7.33,2.35
1992-08-12,4.19,6.48,7.33,2.29
1992-08-13,4.19,6.55,7.36,2.36
1992-08-14,4.14,6.53,7.33,2.39
1992-08-17,4.13,6.56,7.37,2.43
1992-08-18,4.04,6.48,7.33,2.44
1992-08-19,4.06,6.47,7.33,2.41
1992-08-20,4.04,6.46,7.32,2.42
1992-08-21,4.13,6.53,7.36,2.40
1992-08-24,4.27,6.68,7.44,2.41
1992-08-25,4.32,6.73,7.47,2.41
1992-08-26,4.26,6.68,7.43,2.42
1992-08-27,4.23,6.64,7.42,2.41
1992-08-28,4.16,6.63,7.42,2.47
1992-08-31,4.15,6.62,7.42,2.47
1992-09-01,4.12,6.56,7.38,2.44
1992-09-02,4.10,6.54,7.37,2.44
1992-09-03,4.09,6.54,7.37,2.45
1992-09-04,3.89,6.40,7.29,2.51
1992-09-07,,,,
1992-09-08,3.83,6.29,7.23,2.46
1992-09-09,3.85,6.31,7.25,2.46
1992-09-10,3.83,6.31,7.24,2.48
1992-09-11,3.87,6.37,7.30,2.50
1992-09-14,3.80,6.32,7.26,2.52
1992-09-15,3.89,6.40,7.33,2.51
1992-09-16,3.87,6.41,7.35,2.54
1992-09-17,3.86,6.40,7.34,2.54
1992-09-18,3.86,6.41,7.32,2.55
1992-09-21,3.91,6.42,7.35,2.51
1992-09-22,3.98,6.50,7.45,2.52
1992-09-23,3.97,6.54,7.48,2.57
1992-09-24,3.91,6.48,7.42,2.57
1992-09-25,3.78,6.41,7.35,2.63
1992-09-28,3.77,6.37,7.34,2.60
1992-09-29,3.80,6.37,7.36,2.57
1992-09-30,3.80,6.37,7.38,2.57
1992-10-01,3.67,6.23,7.30,2.56
1992-10-02,3.71,6.26,7.33,2.55
1992-10-05,3.68,6.24,7.34,2.56
1992-10-06,3.74,6.30,7.41,2.56
1992-10-07,3.88,6.46,7.48,2.58
1992-10-08,3.83,6.41,7.45,2.58
1992-10-09,4.00,6.52,7.52,2.52
1992-10-12,,,,
1992-10-13,3.99,6.51,7.53,2.52
1992-10-14,4.02,6.51,7.50,2.49
1992-10-15,4.02,6.53,7.51,2.51
1992-10-16,4.04,6.60,7.54,2.56
1992-10-19,4.15,6.69,7.57,2.54
1992-10-20,4.34,6.86,7.65,2.52
1992-10-21,4.29,6.80,7.63,2.51
1992-10-22,4.24,6.74,7.61,2.50
1992-10-23,4.37,6.83,7.65,2.46
1992-10-26,4.39,6.83,7.66,2.44
1992-10-27,4.32,6.78,7.62,2.46
1992-10-28,4.33,6.76,7.64,2.43
1992-10-29,4.33,6.71,7.60,2.38
1992-10-30,4.40,6.80,7.63,2.40
1992-11-02,4.47,6.88,7.66,2.41
1992-11-03,4.44,6.87,7.65,2.43
1992-11-04,4.44,6.89,7.69,2.45
1992-11-05,4.39,6.87,7.69,2.48
1992-11-06,4.48,6.97,7.76,2.49
1992-11-09,4.57,7.00,7.75,2.43
1992-11-10,4.50,6.91,7.68,2.41
1992-11-11,,,,
1992-11-12,4.44,6.79,7.57,2.35
1992-11-13,4.54,6.82,7.57,2.28
1992-11-16,4.68,6.90,7.56,2.22
1992-11-17,4.67,6.86,7.55,2.19
1992-11-18,4.58,6.78,7.51,2.20
1992-11-19,4.59,6.81,7.54,2.22
1992-11-20,4.66,6.84,7.54,2.18
1992-11-23,4.69,6.86,7.56,2.17
1992-11-24,4.61,6.82,7.53,2.21
1992-11-25,4.70,6.84,7.54,2.14
1992-11-26,,,,
1992-11-27,4.77,6.93,7.59,2.16
1992-11-30,4.79,6.95,7.59,2.16
1992-12-01,4.81,6.94,7.57,2.13
1992-12-02,4.81,6.93,7.57,2.12
1992-12-03,4.78,6.91,7.57,2.13
1992-12-04,4.70,6.84,7.50,2.14
1992-12-07,4.62,6.78,7.45,2.16
1992-12-08,4.59,6.73,7.44,2.14
1992-12-09,4.61,6.76,7.44,2.15
1992-12-10,4.67,6.77,7.42,2.10
1992-12-11,4.78,6.80,7.44,2.02
1992-12-14,4.80,6.83,7.45,2.03
1992-12-15,4.77,6.83,7.45,2.06
1992-12-16,4.67,6.77,7.44,2.10
1992-12-17,4.69,6.77,7.43,2.08
1992-12-18,4.66,6.76,7.43,2.10
1992-12-21,4.64,6.71,7.38,2.07
1992-12-22,4.64,6.65,7.34,2.01
1992-12-23,4.63,6.68,7.36,2.05
1992-12-24,4.60,6.69,7.36,2.09
1992-12-25,,,,
1992-12-28,4.64,6.72,7.40,2.08
1992-12-29,4.61,6.69,7.37,2.08
1992-12-30,4.54,6.68,7.39,2.14
1992-12-31,4.56,6.70,7.40,2.14
1993-01-01,,,,
1993-01-04,4.48,6.60,7.33,2.12
1993-01-05,4.48,6.61,7.33,2.13
1993-01-06,4.52,6.63,7.34,2.11
1993-01-07,4.64,6.76,7.45,2.12
1993-01-08,4.50,6.75,7.47,2.25
1993-01-11,4.48,6.71,7.47,2.23
1993-01-12,4.48,6.72,7.48,2.24
1993-01-13,4.46,6.71,7.45,2.25
1993-01-14,4.40,6.65,7.41,2.25
1993-01-15,4.31,6.60,7.35,2.29
1993-01-18,,,,
1993-01-19,4.39,6.59,7.31,2.20
1993-01-20,4.41,6.61,7.32,2.20
1993-01-21,4.36,6.60,7.31,2.24
1993-01-22,4.30,6.57,7.30,2.27
1993-01-25,4.26,6.48,7.22,2.22
1993-01-26,4.30,6.50,7.26,2.20
1993-01-27,4.24,6.48,7.25,2.24
1993-01-28,4.20,6.44,7.23,2.24
1993-01-29,4.20,6.39,7.21,2.19
1993-02-01,4.19,6.38,7.21,2.19
1993-02-02,4.25,6.46,7.25,2.21
1993-02-03,4.27,6.45,7.23,2.18
1993-02-04,4.19,6.39,7.19,2.20
1993-02-05,4.07,6.32,7.17,2.25
1993-02-08,4.16,6.37,7.18,2.21
1993-02-09,4.20,6.41,7.20,2.21
1993-02-10,4.27,6.40,7.26,2.13
1993-02-11,4.20,6.37,7.15,2.17
1993-02-12,4.20,6.35,7.13,2.15
1993-02-15,,,,
1993-02-16,4.14,6.34,7.14,2.20
1993-02-17,4.06,6.28,7.11,2.22
1993-02-18,3.95,6.17,7.02,2.22
1993-02-19,3.99,6.15,7.01,2.16
1993-02-22,3.99,6.09,6.95,2.10
1993-02-23,3.90,5.92,6.83,2.02
1993-02-24,3.97,6.01,6.88,2.04
1993-02-25,3.95,6.03,6.89,2.08
1993-02-26,3.92,6.03,6.90,2.11
1993-03-01,3.88,5.94,6.83,2.06
1993-03-02,3.88,5.95,6.84,2.07
1993-03-03,3.81,5.88,6.78,2.07
1993-03-04,3.75,5.83,6.73,2.08
1993-03-05,3.91,5.90,6.76,1.99
1993-03-08,3.97,5.85,6.72,1.88
1993-03-09,4.02,5.91,6.73,1.89
1993-03-10,4.05,5.97,6.75,1.92
1993-03-11,4.01,5.96,6.75,1.95
1993-03-12,4.11,6.11,6.86,2.00
1993-03-15,4.10,6.17,6.91,2.07
1993-03-16,4.02,6.06,6.87,2.04
1993-03-17,3.98,6.02,6.86,2.04
1993-03-18,3.91,5.93,6.80,2.02
1993-03-19,3.95,5.95,6.81,2.00
1993-03-22,3.92,5.96,6.81,2.04
1993-03-23,3.88,5.91,6.77,2.03
1993-03-24,3.93,5.95,6.81,2.02
1993-03-25,3.92,5.98,6.83,2.06
1993-03-26,4.02,6.09,6.94,2.07
1993-03-29,3.95,6.06,6.90,2.11
1993-03-30,3.91,6.02,6.91,2.11
1993-03-31,3.96,6.03,6.93,2.07
1993-04-01,3.94,6.06,6.97,2.12
1993-04-02,3.99,6.16,7.06,2.17
1993-04-05,3.96,6.13,7.04,2.17
1993-04-06,3.93,6.08,6.97,2.15
1993-04-07,3.93,6.07,6.96,2.14
1993-04-08,3.85,5.97,6.85,2.12
1993-04-09,,,,
1993-04-12,3.82,5.92,6.79,2.10
1993-04-13,3.82,5.93,6.80,2.11
1993-04-14,3.78,5.90,6.76,2.12
1993-04-15,3.79,5.88,6.73,2.09
1993-04-16,3.80,5.89,6.76,2.09
1993-04-19,3.78,5.87,6.73,2.09
1993-04-20,3.78,5.87,6.76,2.09
1993-04-21,3.77,5.86,6.75,2.09
1993-04-22,3.75,5.85,6.75,2.10
1993-04-23,3.75,5.89,6.79,2.14
1993-04-26,3.79,5.94,6.83,2.15
1993-04-27,3.88,6.02,6.90,2.14
1993-04-28,3.86,6.03,6.91,2.17
1993-04-29,3.79,5.99,6.88,2.20
1993-04-30,3.83,6.05,6.95,2.22
1993-05-03,3.75,5.96,6.86,2.21
1993-05-04,3.75,5.92,6.81,2.17
1993-05-05,3.80,5.93,6.82,2.13
1993-05-06,3.80,5.89,6.80,2.09
1993-05-07,3.79,5.92,6.85,2.13
1993-05-10,3.79,5.89,6.81,2.10
1993-05-11,3.79,5.89,6.82,2.10
1993-05-12,3.82,5.96,6.86,2.14
1993-05-13,3.91,6.02,6.96,2.11
1993-05-14,3.97,6.03,6.95,2.06
1993-05-17,4.05,6.07,6.97,2.02
1993-05-18,4.08,6.15,7.02,2.07
1993-05-19,4.03,6.11,6.98,2.08
1993-05-20,4.03,6.09,6.99,2.06
1993-05-21,4.14,6.16,7.03,2.02
1993-05-24,4.19,6.16,6.99,1.97
1993-05-25,4.19,6.17,7.01,1.98
1993-05-26,4.20,6.12,6.94,1.92
1993-05-27,4.22,6.11,6.93,1.89
1993-05-28,4.24,6.16,6.98,1.92
1993-05-31,,,,
1993-06-01,4.16,6.07,6.88,1.91
1993-06-02,4.18,6.06,6.88,1.88
1993-06-03,4.14,6.02,6.86,1.88
1993-06-04,4.31,6.11,6.91,1.80
1993-06-07,4.30,6.08,6.88,1.78
1993-06-08,4.33,6.09,6.91,1.76
1993-06-09,4.29,6.07,6.87,1.78
1993-06-10,4.29,6.07,6.88,1.78
1993-06-11,4.15,5.97,6.80,1.82
1993-06-14,4.13,5.97,6.81,1.84
1993-06-15,4.11,5.96,6.83,1.85
1993-06-16,4.09,5.96,6.82,1.87
1993-06-17,4.08,5.93,6.81,1.85
1993-06-18,4.16,5.97,6.82,1.81
1993-06-21,4.16,5.92,6.78,1.76
1993-06-22,4.15,5.91,6.78,1.76
1993-06-23,4.20,5.91,6.77,1.71
1993-06-24,4.15,5.88,6.74,1.73
1993-06-25,4.10,5.84,6.71,1.74
1993-06-28,4.06,5.80,6.67,1.74
1993-06-29,4.03,5.79,6.67,1.76
1993-06-30,4.03,5.80,6.68,1.77
1993-07-01,3.99,5.80,6.69,1.81
1993-07-02,3.93,5.76,6.67,1.83
1993-07-05,,,,
1993-07-06,4.00,5.80,6.68,1.80
1993-07-07,4.00,5.80,6.68,1.80
1993-07-08,4.00,5.78,6.66,1.78
1993-07-09,3.98,5.76,6.64,1.78
1993-07-12,3.99,5.75,6.62,1.76
1993-07-13,4.04,5.78,6.62,1.74
1993-07-14,3.97,5.72,6.56,1.75
1993-07-15,3.99,5.72,6.55,1.73
1993-07-16,3.99,5.71,6.54,1.72
1993-07-19,3.99,5.71,6.54,1.72
1993-07-20,4.09,5.75,6.55,1.66
1993-07-21,4.15,5.83,6.62,1.68
1993-07-22,4.22,5.90,6.65,1.68
1993-07-23,4.25,5.95,6.71,1.70
1993-07-26,4.22,5.93,6.68,1.71
1993-07-27,4.25,5.92,6.68,1.67
1993-07-28,4.21,5.90,6.66,1.69
1993-07-29,4.12,5.81,6.57,1.69
1993-07-30,4.13,5.83,6.57,1.70
1993-08-02,4.19,5.85,6.56,1.66
1993-08-03,4.17,5.83,6.53,1.66
1993-08-04,4.16,5.87,6.54,1.71
1993-08-05,4.12,5.86,6.53,1.74
1993-08-06,4.09,5.86,6.53,1.77
1993-08-09,4.06,5.82,6.47,1.76
1993-08-10,4.10,5.82,6.45,1.72
1993-08-11,4.10,5.75,6.44,1.65
1993-08-12,4.06,5.77,6.37,1.71
1993-08-13,4.00,5.72,6.35,1.72
1993-08-16,3.98,5.68,6.31,1.70
1993-08-17,4.02,5.70,6.31,1.68
1993-08-18,3.98,5.69,6.26,1.71
1993-08-19,3.93,5.64,6.21,1.71
1993-08-20,3.93,5.61,6.22,1.68
1993-08-23,3.97,5.60,6.22,1.63
1993-08-24,3.89,5.54,6.20,1.65
1993-08-25,3.85,5.51,6.18,1.66
1993-08-26,3.82,5.42,6.09,1.60
1993-08-27,3.87,5.48,6.13,1.61
1993-08-30,3.86,5.44,6.12,1.58
1993-08-31,3.88,5.45,6.09,1.57
1993-09-01,3.88,5.46,6.09,1.58
1993-09-02,3.83,5.41,6.04,1.58
1993-09-03,3.71,5.31,5.95,1.60
1993-09-06,,,,
1993-09-07,3.70,5.23,5.88,1.53
1993-09-08,3.78,5.23,5.86,1.45
1993-09-09,3.88,5.35,5.96,1.47
1993-09-10,3.80,5.29,5.89,1.49
1993-09-13,3.82,5.26,5.86,1.44
1993-09-14,3.91,5.37,5.97,1.46
1993-09-15,3.89,5.39,6.00,1.50
1993-09-16,3.88,5.37,6.01,1.49
1993-09-17,3.89,5.38,6.04,1.49
1993-09-20,3.92,5.42,6.08,1.50
1993-09-21,3.90,5.47,6.14,1.57
1993-09-22,3.90,5.45,6.10,1.55
1993-09-23,3.87,5.42,6.06,1.55
1993-09-24,3.90,5.42,6.06,1.52
1993-09-27,3.81,5.30,5.97,1.49
1993-09-28,3.79,5.28,5.94,1.49
1993-09-29,3.84,5.35,6.00,1.51
1993-09-30,3.89,5.40,6.04,1.51
1993-10-01,3.84,5.34,5.98,1.50
1993-10-04,3.85,5.34,5.99,1.49
1993-10-05,3.86,5.35,6.01,1.49
1993-10-06,3.85,5.35,6.01,1.50
1993-10-07,3.83,5.33,6.01,1.50
1993-10-08,3.78,5.26,5.92,1.48
1993-10-11,,,,
1993-10-12,3.82,5.27,5.92,1.45
1993-10-13,3.84,5.27,5.92,1.43
1993-10-14,3.82,5.23,5.86,1.41
1993-10-15,3.81,5.19,5.78,1.38
1993-10-18,3.84,5.27,5.85,1.43
1993-10-19,3.86,5.27,5.85,1.41
1993-10-20,3.86,5.26,5.83,1.40
1993-10-21,3.89,5.35,5.92,1.46
1993-10-22,3.91,5.42,5.98,1.51
1993-10-25,3.95,5.47,6.02,1.52
1993-10-26,3.93,5.43,6.00,1.50
1993-10-27,3.99,5.44,6.00,1.45
1993-10-28,3.97,5.41,5.97,1.44
1993-10-29,3.99,5.43,5.96,1.44
1993-11-01,4.11,5.56,6.02,1.45
1993-11-02,4.16,5.63,6.07,1.47
1993-11-03,4.13,5.67,6.11,1.54
1993-11-04,4.13,5.67,6.19,1.54
1993-11-05,4.20,5.75,6.22,1.55
1993-11-08,4.13,5.70,6.22,1.57
1993-11-09,4.12,5.64,6.16,1.52
1993-11-10,4.17,5.72,6.21,1.55
1993-11-11,,,,
1993-11-12,4.11,5.66,6.15,1.55
1993-11-15,4.11,5.69,6.17,1.58
1993-11-16,4.10,5.66,6.17,1.56
1993-11-17,4.09,5.65,6.19,1.56
1993-11-18,4.15,5.72,6.23,1.57
1993-11-19,4.22,5.84,6.34,1.62
1993-11-22,4.26,5.89,6.36,1.63
1993-11-23,4.19,5.82,6.30,1.63
1993-11-24,4.18,5.84,6.31,1.66
1993-11-25,,,,
1993-11-26,4.16,5.78,6.26,1.62
1993-11-29,4.17,5.76,6.23,1.59
1993-11-30,4.22,5.83,6.29,1.61
1993-12-01,4.20,5.82,6.28,1.62
1993-12-02,4.22,5.81,6.27,1.59
1993-12-03,4.24,5.80,6.25,1.56
1993-12-06,4.19,5.72,6.17,1.53
1993-12-07,4.17,5.71,6.17,1.54
1993-12-08,4.18,5.71,6.17,1.53
1993-12-09,4.18,5.68,6.15,1.50
1993-12-10,4.21,5.73,6.19,1.52
1993-12-13,4.23,5.78,6.24,1.55
1993-12-14,4.25,5.82,6.29,1.57
1993-12-15,4.22,5.83,6.29,1.61
1993-12-16,4.23,5.84,6.31,1.61
1993-12-17,4.20,5.81,6.29,1.61
1993-12-20,4.22,5.83,6.30,1.61
1993-12-21,4.26,5.85,6.32,1.59
1993-12-22,4.19,5.74,6.22,1.55
1993-12-23,4.18,5.72,6.22,1.54
1993-12-24,,,,
1993-12-27,4.20,5.72,6.23,1.52
1993-12-28,4.20,5.72,6.24,1.52
1993-12-29,4.20,5.74,6.25,1.54
1993-12-30,4.25,5.82,6.34,1.57
1993-12-31,4.25,5.83,6.35,1.58
1994-01-03,4.30,5.92,6.41,1.62
1994-01-04,4.29,5.88,6.37,1.59
1994-01-05,4.31,5.90,6.40,1.59
1994-01-06,4.24,5.84,6.36,1.60
1994-01-07,4.09,5.70,6.24,1.61
1994-01-10,4.08,5.67,6.24,1.59
1994-01-11,4.08,5.67,6.25,1.59
1994-01-12,4.05,5.60,6.17,1.55
1994-01-13,4.13,5.71,6.26,1.58
1994-01-14,4.17,5.78,6.30,1.61
1994-01-17,,,,
1994-01-18,4.14,5.74,6.28,1.60
1994-01-19,4.12,5.76,6.30,1.64
1994-01-20,4.07,5.71,6.27,1.64
1994-01-21,4.09,5.73,6.29,1.64
1994-01-24,4.09,5.74,6.30,1.65
1994-01-25,4.11,5.78,6.34,1.67
1994-01-26,4.13,5.77,6.33,1.64
1994-01-27,4.11,5.73,6.27,1.62
1994-01-28,4.08,5.68,6.21,1.60
1994-01-31,4.12,5.70,6.23,1.58
1994-02-01,4.20,5.77,6.31,1.57
1994-02-02,4.20,5.77,6.29,1.57
1994-02-03,4.28,5.81,6.31,1.53
1994-02-04,4.42,5.94,6.37,1.52
1994-02-07,4.41,5.96,6.38,1.55
1994-02-08,4.44,6.01,6.44,1.57
1994-02-09,4.43,5.92,6.43,1.49
1994-02-10,4.45,5.91,6.45,1.46
1994-02-11,4.44,5.88,6.41,1.44
1994-02-14,4.44,5.90,6.45,1.46
1994-02-15,4.44,5.88,6.45,1.44
1994-02-16,4.44,5.89,6.46,1.45
1994-02-17,4.50,6.00,6.54,1.50
1994-02-18,4.57,6.09,6.63,1.52
1994-02-21,,,,
1994-02-22,4.57,6.05,6.60,1.48
1994-02-23,4.67,6.13,6.65,1.46
1994-02-24,4.72,6.22,6.75,1.50
1994-02-25,4.72,6.21,6.73,1.49
1994-02-28,4.67,6.15,6.67,1.48
1994-03-01,4.81,6.28,6.79,1.47
1994-03-02,4.79,6.30,6.79,1.51
1994-03-03,4.83,6.35,6.84,1.52
1994-03-04,4.88,6.38,6.85,1.50
1994-03-07,4.87,6.32,6.80,1.45
1994-03-08,4.92,6.38,6.85,1.46
1994-03-09,4.96,6.38,6.85,1.42
1994-03-10,4.96,6.48,6.94,1.52
1994-03-11,4.95,6.46,6.91,1.51
1994-03-14,4.99,6.50,6.93,1.51
1994-03-15,4.99,6.47,6.90,1.48
1994-03-16,4.96,6.40,6.82,1.44
1994-03-17,4.94,6.40,6.82,1.46
1994-03-18,5.03,6.49,6.90,1.46
1994-03-21,5.09,6.55,6.94,1.46
1994-03-22,5.03,6.44,6.85,1.41
1994-03-23,5.00,6.44,6.85,1.44
1994-03-24,5.08,6.58,6.98,1.50
1994-03-25,5.10,6.61,6.99,1.51
1994-03-28,5.12,6.63,6.98,1.51
1994-03-29,5.19,6.71,7.06,1.52
1994-03-30,5.19,6.78,7.10,1.59
1994-03-31,5.21,6.77,7.11,1.56
1994-04-01,,,,
1994-04-04,5.57,7.16,7.43,1.59
1994-04-05,5.45,6.97,7.28,1.52
1994-04-06,5.40,6.93,7.25,1.53
1994-04-07,5.37,6.86,7.21,1.49
1994-04-08,5.43,6.94,7.26,1.51
1994-04-11,5.43,6.92,7.24,1.49
1994-04-12,5.40,6.87,7.20,1.47
1994-04-13,5.43,6.93,7.26,1.50
1994-04-14,5.49,6.97,7.29,1.48
1994-04-15,5.51,6.97,7.29,1.46
1994-04-18,5.70,7.14,7.41,1.44
1994-04-19,5.70,7.10,7.37,1.40
1994-04-20,5.67,7.05,7.33,1.38
1994-04-21,5.59,6.91,7.22,1.32
1994-04-22,5.62,6.93,7.21,1.31
1994-04-25,5.61,6.86,7.14,1.25
1994-04-26,5.59,6.86,7.12,1.27
1994-04-27,,,,
1994-04-28,5.75,7.04,7.29,1.29
1994-04-29,5.73,7.06,7.31,1.33
1994-05-02,5.81,7.09,7.33,1.28
1994-05-03,5.86,7.13,7.35,1.27
1994-05-04,5.89,7.14,7.35,1.25
1994-05-05,5.88,7.11,7.33,1.23
1994-05-06,6.12,7.35,7.53,1.23
1994-05-09,6.26,7.49,7.63,1.23
1994-05-10,6.13,7.33,7.50,1.20
1994-05-11,6.20,7.40,7.60,1.20
1994-05-12,6.13,7.36,7.57,1.23
1994-05-13,6.05,7.29,7.50,1.24
1994-05-16,6.03,7.24,7.46,1.21
1994-05-17,5.88,7.03,7.27,1.15
1994-05-18,5.83,7.03,7.27,1.20
1994-05-19,5.73,6.96,7.24,1.23
1994-05-20,5.80,7.02,7.30,1.22
1994-05-23,5.94,7.19,7.44,1.25
1994-05-24,5.94,7.17,7.41,1.23
1994-05-25,5.95,7.14,7.37,1.19
1994-05-26,5.92,7.09,7.37,1.17
1994-05-27,5.97,7.12,7.40,1.15
1994-05-30,,,,
1994-05-31,6.01,7.17,7.44,1.16
1994-06-01,5.98,7.12,7.39,1.14
1994-06-02,5.93,7.07,7.35,1.14
1994-06-03,5.84,6.98,7.26,1.14
1994-06-06,5.78,6.91,7.21,1.13
1994-06-07,5.80,6.95,7.26,1.15
1994-06-08,5.78,6.96,7.28,1.18
1994-06-09,5.80,6.98,7.28,1.18
1994-06-10,5.85,7.03,7.32,1.18
1994-06-13,5.91,7.07,7.36,1.16
1994-06-14,5.81,7.00,7.31,1.19
1994-06-15,5.88,7.10,7.41,1.22
1994-06-16,5.83,7.07,7.38,1.24
1994-06-17,5.88,7.14,7.45,1.26
1994-06-20,5.92,7.16,7.46,1.24
1994-06-21,6.04,7.22,7.51,1.18
1994-06-22,5.97,7.13,7.41,1.16
1994-06-23,5.94,7.10,7.40,1.16
1994-06-24,6.06,7.22,7.52,1.16
1994-06-27,6.05,7.18,7.46,1.13
1994-06-28,6.13,7.26,7.53,1.13
1994-06-29,6.12,7.24,7.51,1.12
1994-06-30,6.19,7.34,7.63,1.15
1994-07-01,6.19,7.34,7.62,1.15
1994-07-04,,,,
1994-07-05,6.14,7.31,7.60,1.17
1994-07-06,6.11,7.32,7.61,1.21
1994-07-07,6.11,7.30,7.60,1.19
1994-07-08,6.25,7.42,7.70,1.17
1994-07-11,6.29,7.47,7.73,1.18
1994-07-12,6.24,7.43,7.69,1.19
1994-07-13,6.22,7.41,7.68,1.19
1994-07-14,6.05,7.25,7.54,1.20
1994-07-15,6.04,7.25,7.55,1.21
1994-07-18,5.99,7.20,7.51,1.21
1994-07-19,5.94,7.15,7.47,1.21
1994-07-20,6.06,7.25,7.55,1.19
1994-07-21,6.11,7.27,7.55,1.16
1994-07-22,6.15,7.29,7.56,1.14
1994-07-25,6.13,7.27,7.53,1.14
1994-07-26,6.16,7.28,7.55,1.12
1994-07-27,6.22,7.34,7.60,1.12
1994-07-28,6.21,7.29,7.55,1.08
1994-07-29,5.99,7.12,7.39,1.13
1994-08-01,6.03,7.13,7.41,1.10
1994-08-02,5.98,7.11,7.40,1.13
1994-08-03,5.96,7.09,7.38,1.13
1994-08-04,5.98,7.12,7.40,1.14
1994-08-05,6.18,7.28,7.54,1.10
1994-08-08,6.22,7.28,7.53,1.06
1994-08-09,6.26,7.33,7.57,1.07
1994-08-10,6.21,7.30,7.58,1.09
1994-08-11,6.26,7.36,7.56,1.10
1994-08-12,6.22,7.27,7.48,1.05
1994-08-15,6.26,7.30,7.51,1.04
1994-08-16,6.21,7.19,7.39,0.98
1994-08-17,6.14,7.15,7.39,1.01
1994-08-18,6.23,7.28,7.50,1.05
1994-08-19,6.23,7.27,7.50,1.04
1994-08-22,6.27,7.31,7.56,1.04
1994-08-23,6.26,7.28,7.54,1.02
1994-08-24,6.18,7.22,7.47,1.04
1994-08-25,6.24,7.29,7.55,1.05
1994-08-26,6.21,7.24,7.49,1.03
1994-08-29,6.20,7.24,7.50,1.04
1994-08-30,6.18,7.20,7.47,1.02
1994-08-31,6.17,7.19,7.46,1.02
1994-09-01,6.15,7.19,7.46,1.04
1994-09-02,6.17,7.21,7.50,1.04
1994-09-05,,,,
1994-09-06,6.22,7.27,7.55,1.05
1994-09-07,6.22,7.29,7.58,1.07
1994-09-08,6.22,7.30,7.58,1.08
1994-09-09,6.35,7.44,7.71,1.09
1994-09-12,6.37,7.46,7.72,1.09
1994-09-13,6.35,7.44,7.70,1.09
1994-09-14,6.33,7.41,7.68,1.08
1994-09-15,6.28,7.35,7.64,1.07
1994-09-16,6.42,7.52,7.78,1.10
1994-09-19,6.39,7.49,7.75,1.10
1994-09-20,6.44,7.53,7.78,1.09
1994-09-21,6.52,7.56,7.80,1.04
1994-09-22,6.50,7.56,7.79,1.06
1994-09-23,6.52,7.57,7.80,1.05
1994-09-26,6.54,7.57,7.80,1.03
1994-09-27,6.52,7.61,7.85,1.09
1994-09-28,6.51,7.57,7.81,1.06
1994-09-29,6.60,7.64,7.86,1.04
1994-09-30,6.62,7.62,7.82,1.00
1994-10-03,6.69,7.66,7.86,0.97
1994-10-04,6.68,7.70,7.89,1.02
1994-10-05,6.73,7.77,7.95,1.04
1994-10-06,6.71,7.78,7.95,1.07
1994-10-07,6.65,7.70,7.91,1.05
1994-10-10,,,,
1994-10-11,6.63,7.65,7.86,1.02
1994-10-12,6.67,7.69,7.89,1.02
1994-10-13,6.63,7.64,7.84,1.01
1994-10-14,6.57,7.61,7.83,1.04
1994-10-17,6.61,7.62,7.83,1.01
1994-10-18,6.61,7.64,7.86,1.03
1994-10-19,6.66,7.68,7.90,1.02
1994-10-20,6.77,7.80,8.00,1.03
1994-10-21,6.80,7.81,7.99,1.01
1994-10-24,6.84,7.86,8.04,1.02
1994-10-25,6.87,7.88,8.06,1.01
1994-10-26,6.90,7.88,8.06,0.98
1994-10-27,6.89,7.88,8.05,0.99
1994-10-28,6.82,7.82,7.96,1.00
1994-10-31,6.84,7.81,7.97,0.97
1994-11-01,6.93,7.91,8.06,0.98
1994-11-02,6.96,7.96,8.09,1.00
1994-11-03,6.98,7.96,8.11,0.98
1994-11-04,7.05,8.04,8.16,0.99
1994-11-07,7.06,8.05,8.16,0.99
1994-11-08,7.02,8.01,8.12,0.99
1994-11-09,7.01,7.94,8.09,0.93
1994-11-10,7.06,7.98,8.15,0.92
1994-11-11,,,,
1994-11-14,7.06,7.94,8.09,0.88
1994-11-15,7.10,7.92,8.05,0.82
1994-11-16,7.15,7.97,8.09,0.82
1994-11-17,7.21,8.03,8.14,0.82
1994-11-18,7.23,8.01,8.14,0.78
1994-11-21,7.30,8.03,8.14,0.73
1994-11-22,7.29,8.00,8.11,0.71
1994-11-23,7.18,7.81,7.96,0.63
1994-11-24,,,,
1994-11-25,7.19,7.80,7.94,0.61
1994-11-28,7.35,7.88,7.99,0.53
1994-11-29,7.44,7.95,8.05,0.51
1994-11-30,7.40,7.91,7.99,0.51
1994-12-01,7.42,7.92,8.02,0.50
1994-12-02,7.44,7.81,7.92,0.37
1994-12-05,7.58,7.83,7.94,0.25
1994-12-06,7.44,7.73,7.84,0.29
1994-12-07,7.48,7.81,7.90,0.33
1994-12-08,7.51,7.79,7.88,0.28
1994-12-09,7.53,7.79,7.86,0.26
1994-12-12,7.62,7.85,7.92,0.23
1994-12-13,7.71,7.83,7.86,0.12
1994-12-14,7.59,7.80,7.86,0.21
1994-12-15,7.54,7.79,7.86,0.25
1994-12-16,7.59,7.81,7.86,0.22
1994-12-19,7.59,7.81,7.84,0.22
1994-12-20,7.56,7.81,7.85,0.25
1994-12-21,7.58,7.80,7.84,0.22
1994-12-22,7.70,7.84,7.87,0.14
1994-12-23,7.74,7.85,7.85,0.11
1994-12-26,,,,
1994-12-27,7.67,7.76,7.76,0.09
1994-12-28,7.71,7.80,7.83,0.09
1994-12-29,7.69,7.82,7.85,0.13
1994-12-30,7.69,7.84,7.89,0.15
1995-01-02,,,,
1995-01-03,7.73,7.88,7.93,0.15
1995-01-04,7.62,7.82,7.85,0.20
1995-01-05,7.66,7.88,7.91,0.22
1995-01-06,7.64,7.87,7.87,0.23
1995-01-09,7.68,7.89,7.90,0.21
1995-01-10,7.63,7.84,7.87,0.21
1995-01-11,7.58,7.79,7.85,0.21
1995-01-12,7.56,7.80,7.88,0.24
1995-01-13,7.39,7.69,7.80,0.30
1995-01-16,,,,
1995-01-17,7.44,7.70,7.78,0.26
1995-01-18,7.48,7.71,7.78,0.23
1995-01-19,7.49,7.74,7.82,0.25
1995-01-20,7.50,7.82,7.90,0.32
1995-01-23,7.50,7.83,7.91,0.33
1995-01-24,7.57,7.86,7.93,0.29
1995-01-25,7.50,7.80,7.88,0.30
1995-01-26,7.39,7.76,7.85,0.37
1995-01-27,7.29,7.66,7.75,0.37
1995-01-30,7.23,7.65,7.76,0.42
1995-01-31,7.26,7.60,7.71,0.34
1995-02-01,7.33,7.66,7.75,0.33
1995-02-02,7.40,7.68,7.76,0.28
1995-02-03,7.14,7.49,7.61,0.35
1995-02-06,7.18,7.53,7.64,0.35
1995-02-07,7.19,7.52,7.65,0.33
1995-02-08,7.18,7.53,7.66,0.35
1995-02-09,7.23,7.58,7.65,0.35
1995-02-10,7.33,7.62,7.68,0.29
1995-02-13,7.32,7.61,7.67,0.29
1995-02-14,7.21,7.51,7.61,0.30
1995-02-15,7.12,7.45,7.58,0.33
1995-02-16,7.02,7.40,7.57,0.38
1995-02-17,7.07,7.43,7.59,0.36
1995-02-20,,,,
1995-02-21,7.09,7.44,7.61,0.35
1995-02-22,6.92,7.34,7.54,0.42
1995-02-23,6.92,7.34,7.56,0.42
1995-02-24,6.89,7.33,7.54,0.44
1995-02-27,6.79,7.24,7.49,0.45
1995-02-28,6.79,7.22,7.46,0.43
1995-03-01,6.81,7.23,7.45,0.42
1995-03-02,6.88,7.30,7.50,0.42
1995-03-03,6.89,7.36,7.56,0.47
1995-03-06,6.96,7.41,7.59,0.45
1995-03-07,7.00,7.44,7.64,0.44
1995-03-08,6.93,7.36,7.56,0.43
1995-03-09,6.83,7.30,7.53,0.47
1995-03-10,6.83,7.23,7.46,0.40
1995-03-13,6.76,7.19,7.45,0.43
1995-03-14,6.69,7.09,7.35,0.40
1995-03-15,6.71,7.09,7.36,0.38
1995-03-16,6.68,7.05,7.33,0.37
1995-03-17,6.69,7.12,7.37,0.43
1995-03-20,6.69,7.12,7.40,0.43
1995-03-21,6.71,7.16,7.43,0.45
1995-03-22,6.75,7.21,7.46,0.46
1995-03-23,6.75,7.21,7.47,0.46
1995-03-24,6.64,7.09,7.38,0.45
1995-03-27,6.62,7.05,7.33,0.43
1995-03-28,6.73,7.16,7.41,0.43
1995-03-29,6.73,7.16,7.40,0.43
1995-03-30,6.76,7.18,7.43,0.42
1995-03-31,6.80,7.20,7.44,0.40
1995-04-03,6.75,7.14,7.39,0.39
1995-04-04,6.71,7.12,7.38,0.41
1995-04-05,6.70,7.12,7.38,0.42
1995-04-06,6.66,7.09,7.36,0.43
1995-04-07,6.65,7.11,7.39,0.46
1995-04-10,6.66,7.12,7.39,0.46
1995-04-11,6.65,7.09,7.37,0.44
1995-04-12,6.61,7.06,7.36,0.45
1995-04-13,6.51,7.03,7.34,0.52
1995-04-14,,,,
1995-04-17,6.48,7.04,7.39,0.56
1995-04-18,6.44,7.04,7.40,0.60
1995-04-19,6.51,7.06,7.37,0.55
1995-04-20,6.43,7.02,7.35,0.59
1995-04-21,6.44,7.01,7.34,0.57
1995-04-24,6.46,7.01,7.32,0.55
1995-04-25,6.48,7.01,7.33,0.53
1995-04-26,6.50,7.01,7.32,0.51
1995-04-27,6.55,7.04,7.33,0.49
1995-04-28,6.60,7.07,7.34,0.47
1995-05-01,6.62,7.09,7.35,0.47
1995-05-02,6.55,7.04,7.33,0.49
1995-05-03,6.47,6.96,7.25,0.49
1995-05-04,6.35,6.85,7.15,0.50
1995-05-05,6.16,6.69,7.02,0.53
1995-05-08,6.18,6.70,7.02,0.52
1995-05-09,6.08,6.61,6.94,0.53
1995-05-10,6.11,6.66,6.97,0.55
1995-05-11,6.20,6.68,6.99,0.48
1995-05-12,6.20,6.67,7.00,0.47
1995-05-15,6.16,6.62,6.95,0.46
1995-05-16,6.11,6.57,6.87,0.46
1995-05-17,6.11,6.53,6.86,0.42
1995-05-18,6.18,6.61,6.91,0.43
1995-05-19,6.19,6.61,6.91,0.42
1995-05-22,6.19,6.63,6.92,0.44
1995-05-23,6.15,6.57,6.87,0.42
1995-05-24,6.01,6.44,6.77,0.43
1995-05-25,5.99,6.39,6.73,0.40
1995-05-26,5.97,6.40,6.75,0.43
1995-05-29,,,,
1995-05-30,5.89,6.30,6.67,0.41
1995-05-31,5.89,6.30,6.67,0.41
1995-06-01,5.71,6.20,6.61,0.49
1995-06-02,5.54,6.10,6.52,0.56
1995-06-05,5.54,6.08,6.51,0.54
1995-06-06,5.57,6.08,6.51,0.51
1995-06-07,5.74,6.20,6.53,0.46
1995-06-08,5.82,6.22,6.57,0.40
1995-06-09,6.01,6.40,6.72,0.39
1995-06-12,5.96,6.37,6.71,0.41
1995-06-13,5.63,6.14,6.56,0.51
1995-06-14,5.67,6.15,6.57,0.48
1995-06-15,5.73,6.18,6.61,0.45
1995-06-16,5.77,6.21,6.62,0.44
1995-06-19,5.65,6.13,6.56,0.48
1995-06-20,5.72,6.16,6.57,0.44
1995-06-21,5.68,6.13,6.55,0.45
1995-06-22,5.61,6.04,6.48,0.43
1995-06-23,5.64,6.06,6.51,0.42
1995-06-26,5.71,6.11,6.54,0.40
1995-06-27,5.70,6.15,6.56,0.45
1995-06-28,5.67,6.10,6.52,0.43
1995-06-29,5.89,6.28,6.65,0.39
1995-06-30,5.79,6.21,6.63,0.42
1995-07-03,5.79,6.21,6.63,0.42
1995-07-04,,,,
1995-07-05,5.78,6.19,6.61,0.41
1995-07-06,5.56,6.05,6.51,0.49
1995-07-07,5.54,6.04,6.52,0.50
1995-07-10,5.56,6.04,6.51,0.48
1995-07-11,5.59,6.09,6.57,0.50
1995-07-12,5.59,6.10,6.55,0.51
1995-07-13,5.61,6.09,6.55,0.48
1995-07-14,5.70,6.15,6.60,0.45
1995-07-17,5.77,6.22,6.67,0.45
1995-07-18,5.77,6.25,6.73,0.48
1995-07-19,5.89,6.43,6.89,0.54
1995-07-20,5.91,6.43,6.87,0.52
1995-07-21,5.95,6.53,6.96,0.58
1995-07-24,5.97,6.46,6.90,0.49
1995-07-25,5.94,6.43,6.84,0.49
1995-07-26,5.97,6.48,6.90,0.51
1995-07-27,5.91,6.43,6.84,0.52
1995-07-28,5.92,6.49,6.91,0.57
1995-07-31,5.88,6.45,6.86,0.57
1995-08-01,5.94,6.50,6.92,0.56
1995-08-02,5.86,6.44,6.86,0.58
1995-08-03,5.94,6.53,6.93,0.59
1995-08-04,5.91,6.50,6.90,0.59
1995-08-07,5.90,6.48,6.89,0.58
1995-08-08,5.90,6.47,6.89,0.57
1995-08-09,5.93,6.47,6.93,0.54
1995-08-10,5.95,6.51,6.90,0.56
1995-08-11,6.05,6.59,6.98,0.54
1995-08-14,6.05,6.59,6.96,0.54
1995-08-15,6.11,6.57,6.92,0.46
1995-08-16,6.07,6.54,6.89,0.47
1995-08-17,6.12,6.57,6.90,0.45
1995-08-18,6.13,6.57,6.91,0.44
1995-08-21,6.08,6.54,6.87,0.46
1995-08-22,6.10,6.57,6.89,0.47
1995-08-23,6.11,6.60,6.92,0.49
1995-08-24,6.00,6.50,6.84,0.50
1995-08-25,5.90,6.38,6.72,0.48
1995-08-28,5.85,6.34,6.70,0.49
1995-08-29,5.93,6.36,6.72,0.43
1995-08-30,5.88,6.33,6.70,0.45
1995-08-31,5.85,6.28,6.65,0.43
1995-09-01,5.78,6.22,6.61,0.44
1995-09-04,,,,
1995-09-05,5.77,6.18,6.57,0.41
1995-09-06,5.76,6.17,6.57,0.41
1995-09-07,5.80,6.21,6.60,0.41
1995-09-08,5.85,6.24,6.60,0.39
1995-09-11,5.83,6.24,6.60,0.41
1995-09-12,5.77,6.16,6.51,0.39
1995-09-13,5.80,6.18,6.52,0.38
1995-09-14,5.68,6.08,6.45,0.40
1995-09-15,5.71,6.11,6.47,0.40
1995-09-18,5.77,6.17,6.53,0.40
1995-09-19,5.75,6.14,6.49,0.39
1995-09-20,5.73,6.10,6.46,0.37
1995-09-21,5.83,6.21,6.56,0.38
1995-09-22,5.85,6.25,6.59,0.40
1995-09-25,5.89,6.26,6.58,0.37
1995-09-26,5.88,6.28,6.58,0.40
1995-09-27,5.92,6.30,6.61,0.38
1995-09-28,5.92,6.28,6.59,0.36
1995-09-29,5.83,6.17,6.49,0.34
1995-10-02,5.82,6.15,6.48,0.33
1995-10-03,5.80,6.13,6.46,0.33
1995-10-04,5.75,6.12,6.44,0.37
1995-10-05,5.72,6.06,6.43,0.34
1995-10-06,5.73,6.06,6.43,0.33
1995-10-09,,,,
1995-10-10,5.74,6.07,6.43,0.33
1995-10-11,5.75,6.09,6.44,0.34
1995-10-12,5.72,6.07,6.41,0.35
1995-10-13,5.67,5.97,6.30,0.30
1995-10-16,5.67,5.97,6.32,0.30
1995-10-17,5.65,5.97,6.30,0.32
1995-10-18,5.67,5.99,6.32,0.32
1995-10-19,5.67,5.98,6.31,0.31
1995-10-20,5.72,6.04,6.35,0.32
1995-10-23,5.76,6.07,6.38,0.31
1995-10-24,5.68,6.02,6.33,0.34
1995-10-25,5.64,6.00,6.32,0.36
1995-10-26,5.61,6.06,6.38,0.45
1995-10-27,5.64,6.05,6.35,0.41
1995-10-30,5.62,6.04,6.35,0.42
1995-10-31,5.61,6.03,6.34,0.42
1995-11-01,5.52,5.98,6.29,0.46
1995-11-02,5.46,5.92,6.25,0.46
1995-11-03,5.49,5.94,6.28,0.45
1995-11-06,5.51,5.96,6.29,0.45
1995-11-07,5.54,5.99,6.31,0.45
1995-11-08,5.47,5.92,6.25,0.45
1995-11-09,5.49,5.97,6.29,0.48
1995-11-10,5.52,6.00,6.33,0.48
1995-11-13,5.49,5.98,6.28,0.49
1995-11-14,5.47,5.97,6.30,0.50
1995-11-15,5.53,6.00,6.30,0.47
1995-11-16,5.46,5.93,6.24,0.47
1995-11-17,5.46,5.92,6.23,0.46
1995-11-20,5.46,5.93,6.25,0.47
1995-11-21,5.49,5.92,6.27,0.43
1995-11-22,5.51,5.93,6.28,0.42
1995-11-23,,,,
1995-11-24,5.49,5.91,6.25,0.42
1995-11-27,5.46,5.88,6.23,0.42
1995-11-28,5.45,5.88,6.24,0.43
1995-11-29,5.42,5.85,6.22,0.42
1995-11-30,5.36,5.76,6.14,0.40
1995-12-01,5.32,5.71,6.10,0.39
1995-12-04,5.27,5.63,6.01,0.36
1995-12-05,5.29,5.65,6.04,0.36
1995-12-06,5.32,5.67,6.03,0.35
1995-12-07,5.39,5.72,6.07,0.33
1995-12-08,5.39,5.73,6.06,0.34
1995-12-11,5.38,5.71,6.04,0.33
1995-12-12,5.39,5.72,6.05,0.33
1995-12-13,5.39,5.74,6.07,0.35
1995-12-14,5.38,5.74,6.08,0.36
1995-12-15,5.36,5.75,6.09,0.39
1995-12-18,5.43,5.85,6.20,0.42
1995-12-19,5.36,5.81,6.14,0.45
1995-12-20,5.33,5.76,6.11,0.43
1995-12-21,5.33,5.77,6.11,0.44
1995-12-22,5.28,5.71,6.06,0.43
1995-12-25,,,,
1995-12-26,5.27,5.69,6.04,0.42
1995-12-27,5.23,5.66,6.01,0.43
1995-12-28,5.20,5.63,5.98,0.43
1995-12-29,5.18,5.58,5.96,0.40
1996-01-01,,,,
1996-01-02,5.18,5.60,5.97,0.42
1996-01-03,5.17,5.58,5.96,0.41
1996-01-04,5.17,5.65,6.03,0.48
1996-01-05,5.20,5.69,6.05,0.49
1996-01-08,5.20,5.68,6.04,0.48
1996-01-09,5.18,5.70,6.06,0.52
1996-01-10,5.22,5.80,6.16,0.58
1996-01-11,5.22,5.78,6.16,0.56
1996-01-12,5.17,5.75,6.16,0.58
1996-01-15,,,,
1996-01-16,5.08,5.66,6.09,0.58
1996-01-17,5.05,5.58,6.00,0.53
1996-01-18,5.01,5.53,5.98,0.52
1996-01-19,5.03,5.54,5.97,0.51
1996-01-22,5.08,5.61,6.04,0.53
1996-01-23,5.09,5.66,6.09,0.57
1996-01-24,5.07,5.62,6.02,0.55
1996-01-25,5.11,5.70,6.11,0.59
1996-01-26,5.08,5.65,6.04,0.57
1996-01-29,5.10,5.69,6.09,0.59
1996-01-30,5.02,5.63,6.04,0.61
1996-01-31,4.93,5.60,6.03,0.67
1996-02-01,4.93,5.63,6.08,0.70
1996-02-02,4.90,5.66,6.15,0.76
1996-02-05,4.95,5.70,6.15,0.75
1996-02-06,4.93,5.68,6.14,0.75
1996-02-07,4.92,5.66,6.15,0.74
1996-02-08,4.90,5.66,6.09,0.76
1996-02-09,4.85,5.66,6.11,0.81
1996-02-12,4.83,5.61,6.05,0.78
1996-02-13,4.80,5.58,6.02,0.78
1996-02-14,4.82,5.62,6.07,0.80
1996-02-15,4.87,5.70,6.16,0.83
1996-02-16,4.90,5.76,6.23,0.86
1996-02-19,,,,
1996-02-20,5.18,6.01,6.39,0.83
1996-02-21,5.16,5.98,6.39,0.82
1996-02-22,5.11,5.92,6.36,0.81
1996-02-23,5.13,5.97,6.42,0.84
1996-02-26,5.18,6.01,6.45,0.83
1996-02-27,5.28,6.06,6.47,0.78
1996-02-28,5.43,6.11,6.48,0.68
1996-02-29,5.44,6.13,6.48,0.69
1996-03-01,5.26,5.99,6.38,0.73
1996-03-04,5.21,5.92,6.34,0.71
1996-03-05,5.28,5.96,6.39,0.68
1996-03-06,5.36,6.05,6.44,0.69
1996-03-07,5.40,6.07,6.46,0.67
1996-03-08,5.73,6.41,6.70,0.68
1996-03-11,5.71,6.33,6.63,0.62
1996-03-12,5.78,6.36,6.66,0.58
1996-03-13,5.73,6.35,6.68,0.62
1996-03-14,5.70,6.36,6.68,0.66
1996-03-15,5.87,6.46,6.75,0.59
1996-03-18,5.89,6.43,6.71,0.54
1996-03-19,5.85,6.41,6.70,0.56
1996-03-20,5.76,6.34,6.65,0.58
1996-03-21,5.72,6.28,6.62,0.56
1996-03-22,5.74,6.32,6.65,0.58
1996-03-25,5.69,6.26,6.58,0.57
1996-03-26,5.72,6.25,6.59,0.53
1996-03-27,5.81,6.34,6.68,0.53
1996-03-28,5.88,6.41,6.73,0.53
1996-03-29,5.79,6.34,6.67,0.55
1996-04-01,5.79,6.31,6.66,0.52
1996-04-02,5.74,6.25,6.62,0.51
1996-04-03,5.77,6.27,6.63,0.50
1996-04-04,5.83,6.33,6.66,0.50
1996-04-05,6.09,6.57,6.83,0.48
1996-04-08,6.11,6.63,6.88,0.52
1996-04-09,6.06,6.56,6.84,0.50
1996-04-10,6.10,6.63,6.91,0.53
1996-04-11,6.12,6.68,6.95,0.56
1996-04-12,5.96,6.52,6.81,0.56
1996-04-15,5.93,6.47,6.79,0.54
1996-04-16,5.91,6.48,6.78,0.57
1996-04-17,5.96,6.52,6.81,0.56
1996-04-18,6.02,6.58,6.84,0.56
1996-04-19,5.95,6.53,6.80,0.58
1996-04-22,5.92,6.48,6.75,0.56
1996-04-23,5.93,6.52,6.78,0.59
1996-04-24,5.95,6.57,6.81,0.62
1996-04-25,5.99,6.56,6.81,0.57
1996-04-26,5.92,6.54,6.79,0.62
1996-04-29,5.98,6.59,6.83,0.61
1996-04-30,6.03,6.66,6.89,0.63
1996-05-01,6.03,6.68,6.91,0.65
1996-05-02,6.16,6.85,7.05,0.69
1996-05-03,6.20,6.90,7.12,0.70
1996-05-06,6.15,6.86,7.07,0.71
1996-05-07,6.20,6.87,7.08,0.67
1996-05-08,6.15,6.78,7.00,0.63
1996-05-09,6.14,6.84,7.02,0.70
1996-05-10,6.04,6.75,6.93,0.71
1996-05-13,6.06,6.72,6.90,0.66
1996-05-14,6.01,6.66,6.85,0.65
1996-05-15,6.01,6.65,6.84,0.64
1996-05-16,6.08,6.70,6.90,0.62
1996-05-17,6.04,6.65,6.84,0.61
1996-05-20,6.02,6.62,6.82,0.60
1996-05-21,6.03,6.65,6.85,0.62
1996-05-22,6.03,6.63,6.81,0.60
1996-05-23,6.05,6.68,6.87,0.63
1996-05-24,6.03,6.65,6.84,0.62
1996-05-27,,,,
1996-05-28,6.05,6.67,6.85,0.62
1996-05-29,6.16,6.77,6.94,0.61
1996-05-30,6.18,6.78,6.92,0.60
1996-05-31,6.27,6.85,7.00,0.58
1996-06-03,6.26,6.87,7.01,0.61
1996-06-04,6.24,6.86,7.00,0.62
1996-06-05,6.24,6.82,6.96,0.58
1996-06-06,6.16,6.76,6.91,0.60
1996-06-07,6.40,6.93,7.05,0.53
1996-06-10,6.40,6.97,7.10,0.57
1996-06-11,6.37,6.99,7.13,0.62
1996-06-12,6.39,7.03,7.18,0.64
1996-06-13,6.36,7.01,7.15,0.65
1996-06-14,6.29,6.95,7.10,0.66
1996-06-17,6.27,6.90,7.06,0.63
1996-06-18,6.28,6.93,7.09,0.65
1996-06-19,6.31,6.96,7.12,0.65
1996-06-20,6.38,6.98,7.12,0.60
1996-06-21,6.35,6.96,7.11,0.61
1996-06-24,6.32,6.94,7.09,0.62
1996-06-25,6.30,6.91,7.06,0.61
1996-06-26,6.30,6.91,7.05,0.61
1996-06-27,6.21,6.83,6.99,0.62
1996-06-28,6.11,6.73,6.90,0.62
1996-07-01,6.15,6.74,6.91,0.59
1996-07-02,6.22,6.80,6.94,0.58
1996-07-03,6.20,6.78,6.94,0.58
1996-07-04,,,,
1996-07-05,6.44,7.06,7.19,0.62
1996-07-08,6.43,7.05,7.19,0.62
1996-07-09,6.41,7.00,7.15,0.59
1996-07-10,6.34,6.95,7.10,0.61
1996-07-11,6.28,6.90,7.07,0.62
1996-07-12,6.26,6.85,7.03,0.59
1996-07-15,6.32,6.89,7.07,0.57
1996-07-16,6.23,6.84,7.03,0.61
1996-07-17,6.23,6.83,7.02,0.60
1996-07-18,6.16,6.72,6.92,0.56
1996-07-19,6.18,6.78,6.97,0.60
1996-07-22,6.23,6.84,7.01,0.61
1996-07-23,6.23,6.80,6.97,0.57
1996-07-24,6.26,6.87,7.04,0.61
1996-07-25,6.28,6.87,7.04,0.59
1996-07-26,6.25,6.85,7.02,0.60
1996-07-29,6.32,6.93,7.09,0.61
1996-07-30,6.30,6.89,7.05,0.59
1996-07-31,6.22,6.80,6.98,0.58
1996-08-01,6.08,6.65,6.84,0.57
1996-08-02,5.91,6.51,6.74,0.60
1996-08-05,5.93,6.53,6.75,0.60
1996-08-06,5.93,6.54,6.76,0.61
1996-08-07,5.97,6.55,6.78,0.58
1996-08-08,5.97,6.56,6.76,0.59
1996-08-09,5.93,6.50,6.70,0.57
1996-08-12,5.92,6.49,6.70,0.57
1996-08-13,5.97,6.57,6.78,0.60
1996-08-14,5.97,6.58,6.78,0.61
1996-08-15,6.00,6.62,6.82,0.62
1996-08-16,5.95,6.56,6.77,0.61
1996-08-19,5.97,6.59,6.80,0.62
1996-08-20,5.97,6.59,6.80,0.62
1996-08-21,5.99,6.61,6.83,0.62
1996-08-22,6.00,6.62,6.84,0.62
1996-08-23,6.09,6.72,6.93,0.63
1996-08-26,6.18,6.80,7.00,0.62
1996-08-27,6.17,6.78,6.97,0.61
1996-08-28,6.17,6.79,6.99,0.62
1996-08-29,6.23,6.86,7.05,0.63
1996-08-30,6.34,6.96,7.13,0.62
1996-09-02,,,,
1996-09-03,6.35,6.92,7.07,0.57
1996-09-04,6.38,6.94,7.10,0.56
1996-09-05,6.38,6.98,7.15,0.60
1996-09-06,6.33,6.94,7.12,0.61
1996-09-09,6.32,6.90,7.08,0.58
1996-09-10,6.34,6.94,7.13,0.60
1996-09-11,6.34,6.94,7.12,0.60
1996-09-12,6.27,6.88,7.08,0.61
1996-09-13,6.10,6.74,6.95,0.64
1996-09-16,6.14,6.73,6.95,0.59
1996-09-17,6.22,6.81,7.00,0.59
1996-09-18,6.26,6.83,7.02,0.57
1996-09-19,6.29,6.87,7.05,0.58
1996-09-20,6.26,6.85,7.04,0.59
1996-09-23,6.24,6.83,7.02,0.59
1996-09-24,6.16,6.77,6.99,0.61
1996-09-25,6.08,6.71,6.93,0.63
1996-09-26,6.05,6.66,6.88,0.61
1996-09-27,6.07,6.68,6.91,0.61
1996-09-30,6.10,6.72,6.93,0.62
1996-10-01,6.03,6.65,6.88,0.62
1996-10-02,5.98,6.61,6.84,0.63
1996-10-03,6.00,6.61,6.84,0.61
1996-10-04,5.85,6.48,6.74,0.63
1996-10-07,5.89,6.53,6.78,0.64
1996-10-08,5.90,6.53,6.79,0.63
1996-10-09,5.96,6.55,6.83,0.59
1996-10-10,6.01,6.61,6.89,0.60
1996-10-11,5.92,6.55,6.84,0.63
1996-10-14,,,,
1996-10-15,5.93,6.56,6.85,0.63
1996-10-16,5.94,6.57,6.86,0.63
1996-10-17,5.89,6.51,6.81,0.62
1996-10-18,5.89,6.50,6.79,0.61
1996-10-21,5.91,6.52,6.81,0.61
1996-10-22,5.95,6.56,6.85,0.61
1996-10-23,5.94,6.56,6.84,0.62
1996-10-24,5.94,6.57,6.85,0.63
1996-10-25,5.90,6.54,6.82,0.64
1996-10-28,5.92,6.56,6.83,0.64
1996-10-29,5.77,6.40,6.70,0.63
1996-10-30,5.79,6.40,6.69,0.61
1996-10-31,5.77,6.37,6.66,0.60
1996-11-01,5.79,6.38,6.68,0.59
1996-11-04,5.78,6.36,6.67,0.58
1996-11-05,5.74,6.28,6.60,0.54
1996-11-06,5.76,6.30,6.61,0.54
1996-11-07,5.75,6.26,6.48,0.51
1996-11-08,5.76,6.29,6.51,0.53
1996-11-11,,,,
1996-11-12,5.73,6.19,6.44,0.46
1996-11-13,5.71,6.20,6.46,0.49
1996-11-14,5.66,6.15,6.42,0.49
1996-11-15,5.68,6.19,6.46,0.51
1996-11-18,5.70,6.20,6.46,0.50
1996-11-19,5.68,6.17,6.44,0.49
1996-11-20,5.65,6.14,6.41,0.49
1996-11-21,5.67,6.15,6.42,0.48
1996-11-22,5.69,6.15,6.44,0.46
1996-11-25,5.67,6.13,6.42,0.46
1996-11-26,5.66,6.13,6.43,0.47
1996-11-27,5.66,6.14,6.44,0.48
1996-11-28,,,,
1996-11-29,5.59,6.06,6.36,0.47
1996-12-02,5.61,6.08,6.36,0.47
1996-12-03,5.61,6.06,6.35,0.45
1996-12-04,5.64,6.11,6.40,0.47
1996-12-05,5.71,6.22,6.50,0.51
1996-12-06,5.73,6.26,6.53,0.53
1996-12-09,5.70,6.21,6.48,0.51
1996-12-10,5.71,6.23,6.49,0.52
1996-12-11,5.82,6.38,6.61,0.56
1996-12-12,5.84,6.40,6.64,0.56
1996-12-13,5.77,6.33,6.58,0.56
1996-12-16,5.82,6.39,6.63,0.57
1996-12-17,5.87,6.42,6.66,0.55
1996-12-18,5.89,6.46,6.69,0.57
1996-12-19,5.83,6.36,6.60,0.53
1996-12-20,5.83,6.35,6.59,0.52
1996-12-23,5.85,6.34,6.58,0.49
1996-12-24,5.85,6.36,6.59,0.51
1996-12-25,,,,
1996-12-26,5.85,6.35,6.59,0.50
1996-12-27,5.81,6.30,6.54,0.49
1996-12-30,5.80,6.31,6.54,0.51
1996-12-31,5.88,6.43,6.65,0.55
1997-01-01,,,,
1997-01-02,5.97,6.54,6.75,0.57
1997-01-03,5.95,6.52,6.74,0.57
1997-01-06,5.97,6.54,6.77,0.57
1997-01-07,5.98,6.57,6.80,0.59
1997-01-08,6.01,6.60,6.83,0.59
1997-01-09,5.94,6.52,6.76,0.58
1997-01-10,6.06,6.63,6.86,0.57
1997-01-13,6.07,6.63,6.85,0.56
1997-01-14,5.98,6.53,6.77,0.55
1997-01-15,5.98,6.53,6.79,0.55
1997-01-16,6.00,6.57,6.83,0.57
1997-01-17,6.00,6.56,6.83,0.56
1997-01-20,,,,
1997-01-21,5.99,6.52,6.78,0.53
1997-01-22,6.00,6.56,6.83,0.56
1997-01-23,6.06,6.60,6.85,0.54
1997-01-24,6.07,6.64,6.89,0.57
1997-01-27,6.11,6.69,6.94,0.58
1997-01-28,6.04,6.64,6.91,0.60
1997-01-29,6.04,6.63,6.90,0.59
1997-01-30,6.01,6.61,6.88,0.60
1997-01-31,5.94,6.53,6.80,0.59
1997-02-03,5.89,6.47,6.74,0.58
1997-02-04,5.88,6.45,6.72,0.57
1997-02-05,5.91,6.47,6.75,0.56
1997-02-06,5.91,6.49,6.76,0.58
1997-02-07,5.86,6.43,6.72,0.57
1997-02-10,5.87,6.43,6.71,0.56
1997-02-11,5.88,6.43,6.71,0.55
1997-02-12,5.90,6.39,6.72,0.49
1997-02-13,5.83,6.32,6.58,0.49
1997-02-14,5.79,6.28,6.53,0.49
1997-02-17,,,,
1997-02-18,5.80,6.28,6.55,0.48
1997-02-19,5.82,6.30,6.57,0.48
1997-02-20,5.85,6.38,6.64,0.53
1997-02-21,5.85,6.36,6.63,0.51
1997-02-24,5.89,6.39,6.66,0.50
1997-02-25,5.90,6.40,6.66,0.50
1997-02-26,6.06,6.56,6.80,0.50
1997-02-27,6.09,6.58,6.82,0.49
1997-02-28,6.09,6.56,6.80,0.47
1997-03-03,6.11,6.58,6.83,0.47
1997-03-04,6.11,6.60,6.86,0.49
1997-03-05,6.13,6.60,6.85,0.47
1997-03-06,6.15,6.62,6.89,0.47
1997-03-07,6.10,6.57,6.83,0.47
1997-03-10,6.10,6.56,6.83,0.46
1997-03-11,6.09,6.57,6.84,0.48
1997-03-12,6.12,6.60,6.87,0.48
1997-03-13,6.21,6.72,6.98,0.51
1997-03-14,6.18,6.71,6.95,0.53
1997-03-17,6.22,6.72,6.96,0.50
1997-03-18,6.22,6.72,6.96,0.50
1997-03-19,6.24,6.74,6.99,0.50
1997-03-20,6.27,6.75,6.97,0.48
1997-03-21,6.29,6.74,6.96,0.45
1997-03-24,6.29,6.72,6.94,0.43
1997-03-25,6.33,6.75,6.95,0.42
1997-03-26,6.38,6.80,7.00,0.42
1997-03-27,6.45,6.90,7.09,0.45
1997-03-28,,,,
1997-03-31,6.45,6.92,7.10,0.47
1997-04-01,6.42,6.90,7.09,0.48
1997-04-02,6.42,6.88,7.08,0.46
1997-04-03,6.40,6.86,7.08,0.46
1997-04-04,6.44,6.92,7.14,0.48
1997-04-07,6.41,6.87,7.08,0.46
1997-04-08,6.44,6.91,7.11,0.47
1997-04-09,6.44,6.91,7.11,0.47
1997-04-10,6.46,6.91,7.11,0.45
1997-04-11,6.53,6.98,7.17,0.45
1997-04-14,6.54,6.98,7.17,0.44
1997-04-15,6.45,6.88,7.10,0.43
1997-04-16,6.49,6.90,7.11,0.41
1997-04-17,6.44,6.86,7.07,0.42
1997-04-18,6.42,6.84,7.06,0.42
1997-04-21,6.46,6.87,7.09,0.41
1997-04-22,6.43,6.84,7.05,0.41
1997-04-23,6.47,6.89,7.09,0.42
1997-04-24,6.52,6.93,7.13,0.41
1997-04-25,6.54,6.94,7.14,0.40
1997-04-28,6.51,6.92,7.12,0.41
1997-04-29,6.34,6.77,6.99,0.43
1997-04-30,6.29,6.72,6.95,0.43
1997-05-01,6.27,6.69,6.93,0.42
1997-05-02,6.26,6.68,6.90,0.42
1997-05-05,6.28,6.67,6.90,0.39
1997-05-06,6.29,6.67,6.89,0.38
1997-05-07,6.36,6.76,6.96,0.40
1997-05-08,6.33,6.72,6.92,0.39
1997-05-09,6.24,6.67,6.89,0.43
1997-05-12,6.23,6.65,6.88,0.42
1997-05-13,6.30,6.71,6.92,0.41
1997-05-14,6.26,6.68,6.90,0.42
1997-05-15,6.25,6.67,6.88,0.42
1997-05-16,6.28,6.70,6.91,0.42
1997-05-19,6.28,6.71,6.92,0.43
1997-05-20,6.25,6.70,6.92,0.45
1997-05-21,6.25,6.74,6.97,0.49
1997-05-22,6.27,6.76,7.00,0.49
1997-05-23,6.25,6.74,6.99,0.49
1997-05-26,,,,
1997-05-27,6.30,6.79,7.03,0.49
1997-05-28,6.34,6.80,7.03,0.46
1997-05-29,6.30,6.75,6.99,0.45
1997-05-30,6.22,6.67,6.92,0.45
1997-06-02,6.23,6.66,6.90,0.43
1997-06-03,6.20,6.63,6.88,0.43
1997-06-04,6.20,6.62,6.88,0.42
1997-06-05,6.20,6.62,6.88,0.42
1997-06-06,6.12,6.51,6.78,0.39
1997-06-09,6.15,6.55,6.83,0.40
1997-06-10,6.17,6.57,6.84,0.40
1997-06-11,6.19,6.56,6.83,0.37
1997-06-12,6.07,6.48,6.77,0.41
1997-06-13,6.03,6.43,6.73,0.40
1997-06-16,6.02,6.40,6.70,0.38
1997-06-17,6.05,6.43,6.72,0.38
1997-06-18,6.02,6.40,6.69,0.38
1997-06-19,6.04,6.40,6.68,0.36
1997-06-20,6.02,6.37,6.65,0.35
1997-06-23,6.04,6.40,6.69,0.36
1997-06-24,6.03,6.42,6.70,0.39
1997-06-25,6.05,6.45,6.74,0.40
1997-06-26,6.05,6.50,6.78,0.45
1997-06-27,6.03,6.46,6.75,0.43
1997-06-30,6.08,6.51,6.80,0.43
1997-07-01,6.02,6.45,6.74,0.43
1997-07-02,6.02,6.42,6.72,0.40
1997-07-03,5.93,6.31,6.63,0.38
1997-07-04,,,,
1997-07-07,5.92,6.27,6.58,0.35
1997-07-08,5.92,6.27,6.59,0.35
1997-07-09,5.90,6.25,6.56,0.35
1997-07-10,5.91,6.26,6.56,0.35
1997-07-11,5.89,6.23,6.53,0.34
1997-07-14,5.94,6.26,6.55,0.32
1997-07-15,5.92,6.26,6.55,0.34
1997-07-16,5.87,6.20,6.48,0.33
1997-07-17,5.87,6.19,6.49,0.32
1997-07-18,5.91,6.24,6.52,0.33
1997-07-21,5.94,6.27,6.55,0.33
1997-07-22,5.90,6.15,6.43,0.25
1997-07-23,5.85,6.14,6.42,0.29
1997-07-24,5.87,6.16,6.43,0.29
1997-07-25,5.87,6.18,6.45,0.31
1997-07-28,5.86,6.16,6.43,0.30
1997-07-29,5.79,6.11,6.38,0.32
1997-07-30,5.76,6.05,6.33,0.29
1997-07-31,5.74,6.02,6.30,0.28
1997-08-01,5.89,6.20,6.46,0.31
1997-08-04,5.91,6.23,6.48,0.32
1997-08-05,5.93,6.23,6.49,0.30
1997-08-06,5.91,6.21,6.48,0.30
1997-08-07,5.93,6.24,6.51,0.31
1997-08-08,6.02,6.38,6.64,0.36
1997-08-11,5.99,6.36,6.64,0.37
1997-08-12,6.00,6.39,6.66,0.39
1997-08-13,5.95,6.36,6.64,0.41
1997-08-14,5.92,6.27,6.56,0.35
1997-08-15,5.87,6.27,6.57,0.40
1997-08-18,5.82,6.21,6.53,0.39
1997-08-19,5.85,6.21,6.51,0.36
1997-08-20,5.88,6.24,6.54,0.36
1997-08-21,5.95,6.30,6.60,0.35
1997-08-22,5.98,6.38,6.67,0.40
1997-08-25,6.01,6.39,6.67,0.38
1997-08-26,5.99,6.38,6.66,0.39
1997-08-27,6.01,6.38,6.66,0.37
1997-08-28,5.94,6.30,6.57,0.36
1997-08-29,5.97,6.34,6.61,0.37
1997-09-01,,,,
1997-09-02,5.94,6.31,6.58,0.37
1997-09-03,5.96,6.33,6.60,0.37
1997-09-04,5.98,6.33,6.61,0.35
1997-09-05,5.98,6.37,6.65,0.39
1997-09-08,5.98,6.33,6.62,0.35
1997-09-09,5.98,6.34,6.63,0.36
1997-09-10,6.00,6.37,6.66,0.37
1997-09-11,6.00,6.39,6.68,0.39
1997-09-12,5.93,6.29,6.59,0.36
1997-09-15,5.93,6.28,6.58,0.35
1997-09-16,5.81,6.11,6.41,0.30
1997-09-17,5.79,6.10,6.39,0.31
1997-09-18,5.81,6.11,6.40,0.30
1997-09-19,5.81,6.09,6.38,0.28
1997-09-22,5.79,6.06,6.35,0.27
1997-09-23,5.80,6.10,6.38,0.30
1997-09-24,5.78,6.04,6.32,0.26
1997-09-25,5.85,6.13,6.40,0.28
1997-09-26,5.80,6.08,6.37,0.28
1997-09-29,5.80,6.10,6.39,0.30
1997-09-30,5.80,6.12,6.41,0.32
1997-10-01,5.75,6.04,6.33,0.29
1997-10-02,5.73,6.01,6.31,0.28
1997-10-03,5.72,6.01,6.30,0.29
1997-10-06,5.68,5.96,6.27,0.28
1997-10-07,5.67,5.94,6.24,0.27
1997-10-08,5.79,6.08,6.37,0.29
1997-10-09,5.80,6.09,6.38,0.29
1997-10-10,5.86,6.15,6.44,0.29
1997-10-13,,,,
1997-10-14,5.81,6.07,6.36,0.26
1997-10-15,5.84,6.10,6.39,0.26
1997-10-16,5.84,6.09,6.39,0.25
1997-10-17,5.91,6.17,6.44,0.26
1997-10-20,5.90,6.15,6.42,0.25
1997-10-21,5.92,6.14,6.42,0.22
1997-10-22,5.91,6.12,6.41,0.21
1997-10-23,5.79,6.04,6.33,0.25
1997-10-24,5.79,6.01,6.30,0.22
1997-10-27,5.62,5.91,6.24,0.29
1997-10-28,5.74,5.98,6.29,0.24
1997-10-29,5.67,5.91,6.23,0.24
1997-10-30,5.61,5.84,6.17,0.23
1997-10-31,5.63,5.84,6.15,0.21
1997-11-03,5.69,5.91,6.21,0.22
1997-11-04,5.73,5.95,6.25,0.22
1997-11-05,5.73,5.95,6.24,0.22
1997-11-06,5.70,5.90,6.15,0.20
1997-11-07,5.71,5.90,6.14,0.19
1997-11-10,5.73,5.91,6.15,0.18
1997-11-11,,,,
1997-11-12,5.70,5.89,6.13,0.19
1997-11-13,5.70,5.87,6.11,0.17
1997-11-14,5.70,5.86,6.09,0.16
1997-11-17,5.70,5.85,6.07,0.15
1997-11-18,5.71,5.85,6.07,0.14
1997-11-19,5.70,5.82,6.03,0.12
1997-11-20,5.73,5.84,6.05,0.11
1997-11-21,5.68,5.82,6.04,0.14
1997-11-24,5.71,5.86,6.08,0.15
1997-11-25,5.71,5.85,6.06,0.14
1997-11-26,5.74,5.86,6.06,0.12
1997-11-27,,,,
1997-11-28,5.76,5.86,6.04,0.10
1997-12-01,5.78,5.86,6.04,0.08
1997-12-02,5.78,5.86,6.03,0.08
1997-12-03,5.74,5.83,6.02,0.09
1997-12-04,5.71,5.84,6.04,0.13
1997-12-05,5.80,5.92,6.09,0.12
1997-12-08,5.85,5.96,6.14,0.11
1997-12-09,5.81,5.95,6.14,0.14
1997-12-10,5.75,5.90,6.10,0.15
1997-12-11,5.68,5.82,6.02,0.14
1997-12-12,5.63,5.74,5.94,0.11
1997-12-15,5.68,5.78,5.97,0.10
1997-12-16,5.68,5.77,5.96,0.09
1997-12-17,5.70,5.81,5.99,0.11
1997-12-18,5.68,5.76,5.94,0.08
1997-12-19,5.66,5.72,5.92,0.06
1997-12-22,5.69,5.72,5.89,0.03
1997-12-23,5.69,5.73,5.90,0.04
1997-12-24,5.67,5.76,5.91,0.09
1997-12-25,,,,
1997-12-26,5.69,5.75,5.90,0.06
1997-12-29,5.69,5.76,5.93,0.07
1997-12-30,5.71,5.80,5.98,0.09
1997-12-31,5.66,5.75,5.93,0.09
1998-01-01,,,,
1998-01-02,5.59,5.67,5.86,0.08
1998-01-05,5.47,5.52,5.74,0.05
1998-01-06,5.39,5.49,5.73,0.10
1998-01-07,5.42,5.55,5.80,0.13
1998-01-08,5.31,5.49,5.75,0.18
1998-01-09,5.17,5.40,5.71,0.23
1998-01-12,5.20,5.39,5.70,0.19
1998-01-13,5.25,5.41,5.71,0.16
1998-01-14,5.29,5.45,5.74,0.16
1998-01-15,5.29,5.48,5.74,0.19
1998-01-16,5.35,5.54,5.81,0.19
1998-01-19,,,,
1998-01-20,5.37,5.57,5.83,0.20
1998-01-21,5.33,5.54,5.81,0.21
1998-01-22,5.30,5.56,5.85,0.26
1998-01-23,5.42,5.70,5.98,0.28
1998-01-26,5.39,5.63,5.90,0.24
1998-01-27,5.46,5.70,5.95,0.24
1998-01-28,5.46,5.69,5.94,0.23
1998-01-29,5.36,5.58,5.85,0.22
1998-01-30,5.32,5.53,5.82,0.21
1998-02-02,5.36,5.57,5.87,0.21
1998-02-03,5.34,5.56,5.86,0.22
1998-02-04,5.32,5.57,5.87,0.25
1998-02-05,5.36,5.62,5.92,0.26
1998-02-06,5.38,5.62,5.92,0.24
1998-02-09,5.41,5.65,5.94,0.24
1998-02-10,5.41,5.64,5.93,0.23
1998-02-11,5.39,5.53,5.86,0.14
1998-02-12,5.39,5.52,5.87,0.13
1998-02-13,5.36,5.49,5.85,0.13
1998-02-16,,,,
1998-02-17,5.34,5.44,5.80,0.10
1998-02-18,5.37,5.49,5.84,0.12
1998-02-19,5.39,5.51,5.85,0.12
1998-02-20,5.41,5.54,5.87,0.13
1998-02-23,5.46,5.58,5.91,0.12
1998-02-24,5.57,5.69,5.97,0.12
1998-02-25,5.55,5.63,5.93,0.08
1998-02-26,5.58,5.65,5.95,0.07
1998-02-27,5.55,5.62,5.92,0.07
1998-03-02,5.60,5.72,6.03,0.12
1998-03-03,5.64,5.77,6.07,0.13
1998-03-04,5.63,5.76,6.05,0.13
1998-03-05,5.62,5.78,6.07,0.16
1998-03-06,5.58,5.73,6.02,0.15
1998-03-09,5.57,5.67,5.97,0.10
1998-03-10,5.55,5.67,5.97,0.12
1998-03-11,5.53,5.63,5.93,0.10
1998-03-12,5.50,5.56,5.87,0.06
1998-03-13,5.50,5.58,5.89,0.08
1998-03-16,5.47,5.54,5.86,0.07
1998-03-17,5.50,5.56,5.89,0.06
1998-03-18,5.52,5.58,5.91,0.06
1998-03-19,5.52,5.58,5.90,0.06
1998-03-20,5.52,5.57,5.89,0.05
1998-03-23,5.52,5.57,5.88,0.05
1998-03-24,5.50,5.58,5.88,0.08
1998-03-25,5.58,5.64,5.94,0.06
1998-03-26,5.62,5.68,5.96,0.06
1998-03-27,5.63,5.68,5.96,0.05
1998-03-30,5.65,5.72,5.98,0.07
1998-03-31,5.60,5.67,5.94,0.07
1998-04-01,5.55,5.62,5.90,0.07
1998-04-02,5.52,5.56,5.85,0.04
1998-04-03,5.42,5.47,5.78,0.05
1998-04-06,5.45,5.51,5.82,0.06
1998-04-07,5.45,5.53,5.84,0.08
1998-04-08,5.49,5.58,5.90,0.09
1998-04-09,5.50,5.59,5.88,0.09
1998-04-10,,,,
1998-04-13,5.59,5.66,5.94,0.07
1998-04-14,5.57,5.63,5.91,0.06
1998-04-15,5.55,5.60,5.89,0.05
1998-04-16,5.53,5.59,5.87,0.06
1998-04-17,5.54,5.59,5.88,0.05
1998-04-20,5.57,5.65,5.92,0.08
1998-04-21,5.60,5.68,5.96,0.08
1998-04-22,5.60,5.68,5.96,0.08
1998-04-23,5.61,5.69,5.98,0.08
1998-04-24,5.61,5.67,5.95,0.06
1998-04-27,5.71,5.80,6.07,0.09
1998-04-28,5.69,5.80,6.07,0.11
1998-04-29,5.71,5.81,6.08,0.10
1998-04-30,5.59,5.68,5.95,0.09
1998-05-01,5.59,5.67,5.94,0.08
1998-05-04,5.59,5.67,5.94,0.08
1998-05-05,5.61,5.70,5.98,0.09
1998-05-06,5.56,5.67,5.94,0.11
1998-05-07,5.56,5.67,5.95,0.11
1998-05-08,5.61,5.71,5.98,0.10
1998-05-11,5.66,5.79,6.04,0.13
1998-05-12,5.59,5.70,5.96,0.11
1998-05-13,5.59,5.64,5.95,0.05
1998-05-14,5.63,5.67,5.98,0.04
1998-05-15,5.63,5.68,5.97,0.05
1998-05-18,5.59,5.64,5.92,0.05
1998-05-19,5.59,5.65,5.94,0.06
1998-05-20,5.57,5.61,5.89,0.04
1998-05-21,5.63,5.65,5.93,0.02
1998-05-22,5.63,5.64,5.90,0.01
1998-05-25,,,,
1998-05-26,5.61,5.59,5.85,-0.02
1998-05-27,5.53,5.56,5.83,0.03
1998-05-28,5.57,5.58,5.83,0.01
1998-05-29,5.53,5.56,5.81,0.03
1998-06-01,5.52,5.53,5.78,0.01
1998-06-02,5.53,5.56,5.80,0.03
1998-06-03,5.55,5.57,5.80,0.02
1998-06-04,5.58,5.59,5.82,0.01
1998-06-05,5.58,5.58,5.79,0.00
1998-06-08,5.58,5.58,5.79,0.00
1998-06-09,5.60,5.59,5.79,-0.01
1998-06-10,5.55,5.51,5.70,-0.04
1998-06-11,5.45,5.44,5.65,-0.01
1998-06-12,5.43,5.43,5.66,0.00
1998-06-15,5.43,5.38,5.61,-0.05
1998-06-16,5.50,5.45,5.65,-0.05
1998-06-17,5.55,5.54,5.74,-0.01
1998-06-18,5.53,5.50,5.70,-0.03
1998-06-19,5.52,5.47,5.67,-0.05
1998-06-22,5.52,5.46,5.66,-0.06
1998-06-23,5.49,5.45,5.64,-0.04
1998-06-24,5.49,5.46,5.66,-0.03
1998-06-25,5.53,5.46,5.66,-0.07
1998-06-26,5.51,5.46,5.64,-0.05
1998-06-29,5.51,5.47,5.65,-0.04
1998-06-30,5.49,5.44,5.62,-0.05
1998-07-01,5.46,5.44,5.63,-0.02
1998-07-02,5.44,5.42,5.60,-0.02
1998-07-03,,,,
1998-07-06,5.43,5.39,5.57,-0.04
1998-07-07,5.44,5.42,5.60,-0.02
1998-07-08,5.44,5.43,5.63,-0.01
1998-07-09,5.43,5.41,5.60,-0.02
1998-07-10,5.41,5.42,5.63,0.01
1998-07-13,5.44,5.46,5.68,0.02
1998-07-14,5.46,5.49,5.72,0.03
1998-07-15,5.46,5.48,5.70,0.02
1998-07-16,5.46,5.50,5.72,0.04
1998-07-17,5.46,5.51,5.75,0.05
1998-07-20,5.46,5.48,5.71,0.02
1998-07-21,5.46,5.45,5.67,-0.01
1998-07-22,5.48,5.46,5.68,-0.02
1998-07-23,5.46,5.45,5.66,-0.01
1998-07-24,5.48,5.45,5.68,-0.03
1998-07-27,5.48,5.47,5.70,-0.01
1998-07-28,5.46,5.50,5.74,0.04
1998-07-29,5.49,5.52,5.77,0.03
1998-07-30,5.49,5.50,5.73,0.01
1998-07-31,5.49,5.50,5.72,0.01
1998-08-03,5.46,5.46,5.67,0.00
1998-08-04,5.43,5.43,5.65,0.00
1998-08-05,5.39,5.43,5.66,0.04
1998-08-06,5.39,5.44,5.67,0.05
1998-08-07,5.34,5.40,5.63,0.06
1998-08-10,5.34,5.41,5.63,0.07
1998-08-11,5.31,5.37,5.60,0.06
1998-08-12,5.32,5.40,5.62,0.08
1998-08-13,5.37,5.44,5.60,0.07
1998-08-14,5.34,5.40,5.55,0.06
1998-08-17,5.34,5.40,5.56,0.06
1998-08-18,5.36,5.41,5.56,0.05
1998-08-19,5.34,5.42,5.56,0.08
1998-08-20,5.32,5.38,5.52,0.06
1998-08-21,5.25,5.32,5.46,0.07
1998-08-24,5.22,5.30,5.48,0.08
1998-08-25,5.18,5.25,5.44,0.07
1998-08-26,5.12,5.26,5.44,0.14
1998-08-27,4.98,5.12,5.38,0.14
1998-08-28,4.93,5.09,5.37,0.16
1998-08-31,4.91,5.05,5.30,0.14
1998-09-01,4.86,5.05,5.34,0.19
1998-09-02,4.96,5.10,5.34,0.14
1998-09-03,4.91,5.03,5.31,0.12
1998-09-04,4.91,5.02,5.29,0.11
1998-09-07,,,,
1998-09-08,4.91,5.04,5.34,0.13
1998-09-09,4.79,4.95,5.28,0.16
1998-09-10,4.57,4.76,5.18,0.19
1998-09-11,4.68,4.85,5.23,0.17
1998-09-14,4.72,4.87,5.23,0.15
1998-09-15,4.73,4.90,5.25,0.17
1998-09-16,4.75,4.88,5.23,0.13
1998-09-17,4.70,4.80,5.18,0.10
1998-09-18,4.61,4.70,5.15,0.09
1998-09-21,4.63,4.69,5.12,0.06
1998-09-22,4.66,4.73,5.16,0.07
1998-09-23,4.52,4.69,5.16,0.17
1998-09-24,4.43,4.64,5.15,0.21
1998-09-25,4.43,4.60,5.13,0.17
1998-09-28,4.45,4.61,5.15,0.16
1998-09-29,4.47,4.59,5.10,0.12
1998-09-30,4.30,4.44,4.98,0.14
1998-10-01,4.17,4.33,4.90,0.16
1998-10-02,4.17,4.31,4.85,0.14
1998-10-05,4.04,4.16,4.70,0.12
1998-10-06,4.10,4.24,4.75,0.14
1998-10-07,4.12,4.34,4.83,0.22
1998-10-08,4.10,4.56,4.99,0.46
1998-10-09,4.19,4.77,5.13,0.58
1998-10-12,,,,
1998-10-13,4.13,4.73,5.10,0.60
1998-10-14,4.08,4.58,5.00,0.50
1998-10-15,4.13,4.58,5.02,0.45
1998-10-16,3.86,4.44,4.96,0.58
1998-10-19,3.90,4.47,4.98,0.57
1998-10-20,3.98,4.57,5.06,0.59
1998-10-21,4.12,4.59,5.08,0.47
1998-10-22,4.16,4.62,5.13,0.46
1998-10-23,4.20,4.70,5.16,0.50
1998-10-26,4.23,4.73,5.13,0.50
1998-10-27,4.12,4.63,5.08,0.51
1998-10-28,4.01,4.60,5.13,0.59
1998-10-29,4.00,4.54,5.09,0.54
1998-10-30,4.12,4.64,5.15,0.52
1998-11-02,4.26,4.77,5.23,0.51
1998-11-03,4.25,4.78,5.22,0.53
1998-11-04,4.43,4.83,5.34,0.40
1998-11-05,4.47,4.82,5.29,0.35
1998-11-06,4.59,4.93,5.37,0.34
1998-11-09,4.57,4.88,5.28,0.31
1998-11-10,4.50,4.81,5.27,0.31
1998-11-11,,,,
1998-11-12,4.47,4.77,5.25,0.30
1998-11-13,4.54,4.82,5.26,0.28
1998-11-16,4.56,4.85,5.28,0.29
1998-11-17,4.58,4.87,5.30,0.29
1998-11-18,4.63,4.85,5.25,0.22
1998-11-19,4.66,4.85,5.25,0.19
1998-11-20,4.66,4.82,5.22,0.16
1998-11-23,4.63,4.84,5.25,0.21
1998-11-24,4.64,4.85,5.23,0.21
1998-11-25,4.66,4.83,5.19,0.17
1998-11-26,,,,
1998-11-27,4.62,4.81,5.16,0.19
1998-11-30,4.54,4.74,5.08,0.20
1998-12-01,4.44,4.67,5.06,0.23
1998-12-02,4.36,4.59,5.03,0.23
1998-12-03,4.36,4.58,5.02,0.22
1998-12-04,4.46,4.62,5.05,0.16
1998-12-07,4.54,4.69,5.05,0.15
1998-12-08,4.46,4.60,5.00,0.14
1998-12-09,4.42,4.56,4.97,0.14
1998-12-10,4.39,4.53,4.95,0.14
1998-12-11,4.46,4.61,5.02,0.15
1998-12-14,4.42,4.58,4.99,0.16
1998-12-15,4.47,4.62,5.03,0.15
1998-12-16,4.40,4.58,5.01,0.18
1998-12-17,4.42,4.58,5.01,0.16
1998-12-18,4.45,4.58,5.01,0.13
1998-12-21,4.56,4.64,5.07,0.08
1998-12-22,4.59,4.70,5.13,0.11
1998-12-23,4.73,4.81,5.20,0.08
1998-12-24,4.78,4.86,5.23,0.08
1998-12-25,,,,
1998-12-28,4.73,4.78,5.17,0.05
1998-12-29,4.60,4.71,5.12,0.11
1998-12-30,4.56,4.65,5.09,0.09
1998-12-31,4.54,4.65,5.09,0.11
1999-01-01,,,,
1999-01-04,4.58,4.69,5.15,0.11
1999-01-05,4.64,4.74,5.21,0.10
1999-01-06,4.62,4.73,5.17,0.11
1999-01-07,4.63,4.77,5.23,0.14
1999-01-08,4.71,4.86,5.26,0.15
1999-01-11,4.74,4.90,5.29,0.16
1999-01-12,4.68,4.82,5.23,0.14
1999-01-13,4.61,4.74,5.16,0.13
1999-01-14,4.47,4.63,5.07,0.16
1999-01-15,4.56,4.66,5.10,0.10
1999-01-18,,,,
1999-01-19,4.62,4.71,5.14,0.09
1999-01-20,4.66,4.76,5.18,0.10
1999-01-21,4.63,4.70,5.14,0.07
1999-01-22,4.59,4.64,5.09,0.05
1999-01-25,4.59,4.67,5.12,0.08
1999-01-26,4.63,4.69,5.12,0.06
1999-01-27,4.57,4.68,5.14,0.11
1999-01-28,4.58,4.67,5.11,0.09
1999-01-29,4.58,4.66,5.09,0.08
1999-02-01,4.65,4.75,5.19,0.10
1999-02-02,4.70,4.79,5.24,0.09
1999-02-03,4.72,4.83,5.25,0.11
1999-02-04,4.77,4.89,5.30,0.12
1999-02-05,4.80,4.94,5.34,0.14
1999-02-08,4.80,4.94,5.35,0.14
1999-02-09,4.79,4.91,5.33,0.12
1999-02-10,4.77,4.90,5.34,0.13
1999-02-11,4.80,4.93,5.29,0.13
1999-02-12,4.91,5.06,5.42,0.15
1999-02-15,,,,
1999-02-16,4.93,5.03,5.35,0.10
1999-02-17,4.89,4.98,5.32,0.09
1999-02-18,4.93,5.04,5.37,0.11
1999-02-19,4.95,5.07,5.38,0.12
1999-02-22,4.91,5.03,5.36,0.12
1999-02-23,5.00,5.10,5.42,0.10
1999-02-24,5.05,5.18,5.51,0.13
1999-02-25,5.15,5.32,5.61,0.17
1999-02-26,5.13,5.29,5.57,0.16
1999-03-01,5.20,5.40,5.67,0.20
1999-03-02,5.18,5.35,5.63,0.17
1999-03-03,5.19,5.39,5.68,0.20
1999-03-04,5.20,5.41,5.69,0.21
1999-03-05,5.14,5.34,5.60,0.20
1999-03-08,5.12,5.29,5.60,0.17
1999-03-09,5.02,5.18,5.54,0.16
1999-03-10,5.04,5.20,5.56,0.16
1999-03-11,5.05,5.21,5.57,0.16
1999-03-12,5.00,5.16,5.54,0.16
1999-03-15,4.99,5.15,5.51,0.16
1999-03-16,4.97,5.11,5.48,0.14
1999-03-17,5.01,5.14,5.51,0.13
1999-03-18,4.99,5.11,5.49,0.12
1999-03-19,5.04,5.17,5.53,0.13
1999-03-22,5.08,5.21,5.57,0.13
1999-03-23,5.03,5.20,5.57,0.17
1999-03-24,4.98,5.17,5.54,0.19
1999-03-25,5.02,5.21,5.59,0.19
1999-03-26,4.99,5.21,5.61,0.22
1999-03-29,5.02,5.28,5.65,0.26
1999-03-30,4.97,5.21,5.59,0.24
1999-03-31,4.99,5.25,5.63,0.26
1999-04-01,5.01,5.27,5.67,0.26
1999-04-02,4.96,5.20,5.59,0.24
1999-04-05,4.96,5.20,5.59,0.24
1999-04-06,4.93,5.13,5.52,0.20
1999-04-07,4.93,5.14,5.51,0.21
1999-04-08,4.86,5.03,5.44,0.17
1999-04-09,4.88,5.05,5.46,0.17
1999-04-12,4.93,5.06,5.45,0.13
1999-04-13,4.94,5.12,5.50,0.18
1999-04-14,4.95,5.13,5.51,0.18
1999-04-15,4.97,5.18,5.53,0.21
1999-04-16,5.02,5.23,5.57,0.21
1999-04-19,4.99,5.18,5.55,0.19
1999-04-20,4.95,5.16,5.52,0.21
1999-04-21,4.99,5.17,5.52,0.18
1999-04-22,5.05,5.25,5.61,0.20
1999-04-23,5.04,5.26,5.60,0.22
1999-04-26,5.04,5.23,5.57,0.19
1999-04-27,5.04,5.22,5.55,0.18
1999-04-28,5.02,5.27,5.58,0.25
1999-04-29,4.95,5.22,5.53,0.27
1999-04-30,5.08,5.36,5.68,0.28
1999-05-03,5.08,5.38,5.67,0.30
1999-05-04,5.12,5.42,5.72,0.30
1999-05-05,5.09,5.40,5.71,0.31
1999-05-06,5.19,5.52,5.80,0.33
1999-05-07,5.19,5.54,5.82,0.35
1999-05-10,5.15,5.54,5.79,0.39
1999-05-11,5.19,5.59,5.85,0.40
1999-05-12,5.19,5.51,5.83,0.32
1999-05-13,5.12,5.41,5.75,0.29
1999-05-14,5.30,5.62,5.92,0.32
1999-05-17,5.31,5.66,5.91,0.35
1999-05-18,5.38,5.68,5.90,0.30
1999-05-19,5.37,5.60,5.81,0.23
1999-05-20,5.35,5.60,5.83,0.25
1999-05-21,5.30,5.52,5.78,0.22
1999-05-24,5.28,5.50,5.77,0.22
1999-05-25,5.30,5.49,5.76,0.19
1999-05-26,5.33,5.55,5.80,0.22
1999-05-27,5.43,5.62,5.85,0.19
1999-05-28,5.42,5.64,5.84,0.22
1999-05-31,,,,
1999-06-01,5.54,5.78,5.94,0.24
1999-06-02,5.55,5.80,5.94,0.25
1999-06-03,5.54,5.80,5.96,0.26
1999-06-04,5.56,5.82,5.97,0.26
1999-06-07,5.56,5.81,5.97,0.25
1999-06-08,5.57,5.83,6.00,0.26
1999-06-09,5.61,5.87,6.02,0.26
1999-06-10,5.66,5.92,6.05,0.26
1999-06-11,5.70,6.02,6.13,0.32
1999-06-14,5.66,5.98,6.11,0.32
1999-06-15,5.66,5.98,6.11,0.32
1999-06-16,5.61,5.94,6.08,0.33
1999-06-17,5.49,5.79,5.95,0.30
1999-06-18,5.56,5.84,5.98,0.28
1999-06-21,5.62,5.90,6.03,0.28
1999-06-22,5.65,5.94,6.07,0.29
1999-06-23,5.70,6.00,6.13,0.30
1999-06-24,5.75,6.05,6.17,0.30
1999-06-25,5.73,6.02,6.16,0.29
1999-06-28,5.68,5.96,6.10,0.28
1999-06-29,5.68,5.93,6.07,0.25
1999-06-30,5.53,5.81,5.98,0.28
1999-07-01,5.58,5.85,6.02,0.27
1999-07-02,5.58,5.82,6.00,0.24
1999-07-05,,,,
1999-07-06,5.64,5.88,6.05,0.24
1999-07-07,5.64,5.92,6.08,0.28
1999-07-08,5.59,5.85,6.01,0.26
1999-07-09,5.61,5.84,6.01,0.23
1999-07-12,5.53,5.74,5.92,0.21
1999-07-13,5.50,5.71,5.90,0.21
1999-07-14,5.55,5.74,5.92,0.19
1999-07-15,5.53,5.72,5.91,0.19
1999-07-16,5.50,5.68,5.90,0.18
1999-07-19,5.46,5.66,5.90,0.20
1999-07-20,5.43,5.65,5.89,0.22
1999-07-21,5.45,5.66,5.91,0.21
1999-07-22,5.52,5.78,5.97,0.26
1999-07-23,5.58,5.84,6.02,0.26
1999-07-26,5.61,5.86,6.04,0.25
1999-07-27,5.56,5.82,6.01,0.26
1999-07-28,5.54,5.81,6.01,0.27
1999-07-29,5.62,5.88,6.07,0.26
1999-07-30,5.63,5.92,6.11,0.29
1999-08-02,5.65,5.92,6.13,0.27
1999-08-03,5.65,5.95,6.15,0.30
1999-08-04,5.64,5.96,6.12,0.32
1999-08-05,5.55,5.88,6.05,0.33
1999-08-06,5.69,6.02,6.16,0.33
1999-08-09,5.79,6.13,6.23,0.34
1999-08-10,5.79,6.16,6.25,0.37
1999-08-11,5.76,6.05,6.22,0.29
1999-08-12,5.78,6.08,6.18,0.30
1999-08-13,5.71,5.98,6.09,0.27
1999-08-16,5.75,5.98,6.10,0.23
1999-08-17,5.68,5.89,6.02,0.21
1999-08-18,5.66,5.88,6.01,0.22
1999-08-19,5.66,5.90,6.03,0.24
1999-08-20,5.65,5.88,5.99,0.23
1999-08-23,5.66,5.89,5.98,0.23
1999-08-24,5.65,5.85,5.95,0.20
1999-08-25,5.53,5.73,5.87,0.20
1999-08-26,5.56,5.75,5.88,0.19
1999-08-27,5.65,5.85,5.96,0.20
1999-08-30,5.73,5.95,6.07,0.22
1999-08-31,5.73,5.98,6.07,0.25
1999-09-01,5.74,5.99,6.08,0.25
1999-09-02,5.74,6.03,6.15,0.29
1999-09-03,5.64,5.89,6.03,0.25
1999-09-06,,,,
1999-09-07,5.69,5.95,6.07,0.26
1999-09-08,5.67,5.93,6.07,0.26
1999-09-09,5.71,5.97,6.10,0.26
1999-09-10,5.64,5.89,6.03,0.25
1999-09-13,5.66,5.92,6.06,0.26
1999-09-14,5.71,5.96,6.11,0.25
1999-09-15,5.67,5.94,6.11,0.27
1999-09-16,5.63,5.90,6.08,0.27
1999-09-17,5.63,5.87,6.05,0.24
1999-09-20,5.67,5.91,6.08,0.24
1999-09-21,5.67,5.94,6.10,0.27
1999-09-22,5.67,5.92,6.10,0.25
1999-09-23,5.63,5.87,6.05,0.24
1999-09-24,5.55,5.75,5.95,0.20
1999-09-27,5.62,5.83,6.02,0.21
1999-09-28,5.65,5.89,6.07,0.24
1999-09-29,5.68,5.97,6.13,0.29
1999-09-30,5.63,5.90,6.06,0.27
1999-10-01,5.73,6.00,6.15,0.27
1999-10-04,5.70,5.95,6.10,0.25
1999-10-05,5.78,6.02,6.17,0.24
1999-10-06,5.81,6.04,6.17,0.23
1999-10-07,5.82,6.05,6.19,0.23
1999-10-08,5.80,6.04,6.20,0.24
1999-10-11,,,,
1999-10-12,5.82,6.07,6.23,0.25
1999-10-13,5.87,6.12,6.29,0.25
1999-10-14,5.90,6.17,6.32,0.27
1999-10-15,5.82,6.09,6.26,0.27
1999-10-18,5.85,6.12,6.30,0.27
1999-10-19,5.92,6.18,6.35,0.26
1999-10-20,5.94,6.19,6.34,0.25
1999-10-21,5.93,6.20,6.36,0.27
1999-10-22,5.96,6.21,6.36,0.25
1999-10-25,5.98,6.22,6.36,0.24
1999-10-26,6.02,6.24,6.38,0.22
1999-10-27,5.94,6.19,6.33,0.25
1999-10-28,5.87,6.12,6.25,0.25
1999-10-29,5.79,6.02,6.16,0.23
1999-11-01,5.83,6.06,6.19,0.23
1999-11-02,5.81,6.04,6.15,0.23
1999-11-03,5.79,6.01,6.14,0.22
1999-11-04,5.74,5.95,6.09,0.21
1999-11-05,5.72,5.92,6.05,0.20
1999-11-08,5.74,5.95,6.06,0.21
1999-11-09,5.77,5.97,6.07,0.20
1999-11-10,5.81,6.00,6.09,0.19
1999-11-11,,,,
1999-11-12,5.78,5.93,6.03,0.15
1999-11-15,5.79,5.94,6.04,0.15
1999-11-16,5.85,5.97,6.06,0.12
1999-11-17,5.90,6.04,6.13,0.14
1999-11-18,5.90,6.06,6.17,0.16
1999-11-19,5.92,6.07,6.17,0.15
1999-11-22,5.95,6.09,6.20,0.14
1999-11-23,5.93,6.08,6.20,0.15
1999-11-24,5.97,6.09,6.22,0.12
1999-11-25,,,,
1999-11-26,5.99,6.12,6.24,0.13
1999-11-29,6.04,6.21,6.31,0.17
1999-11-30,6.01,6.18,6.29,0.17
1999-12-01,6.04,6.21,6.30,0.17
1999-12-02,6.06,6.24,6.31,0.18
1999-12-03,5.99,6.17,6.27,0.18
1999-12-06,5.98,6.16,6.25,0.18
1999-12-07,5.95,6.11,6.21,0.16
1999-12-08,5.98,6.15,6.23,0.17
1999-12-09,5.96,6.14,6.22,0.18
1999-12-10,5.93,6.08,6.17,0.15
1999-12-13,5.96,6.11,6.20,0.15
1999-12-14,6.07,6.22,6.31,0.15
1999-12-15,6.10,6.25,6.34,0.15
1999-12-16,6.15,6.31,6.39,0.16
1999-12-17,6.15,6.30,6.38,0.15
1999-12-20,6.21,6.36,6.44,0.15
1999-12-21,6.21,6.38,6.46,0.17
1999-12-22,6.24,6.39,6.47,0.15
1999-12-23,6.24,6.41,6.48,0.17
1999-12-24,,,,
1999-12-27,6.21,6.40,6.46,0.19
1999-12-28,6.23,6.43,6.48,0.20
1999-12-29,6.21,6.40,6.45,0.19
1999-12-30,6.19,6.39,6.43,0.20
1999-12-31,6.24,6.45,6.48,0.21
2000-01-03,6.38,6.58,6.61,0.20
2000-01-04,6.30,6.49,6.53,0.19
2000-01-05,6.38,6.62,6.64,0.24
2000-01-06,6.35,6.57,6.58,0.22
2000-01-07,6.31,6.52,6.55,0.21
2000-01-10,6.38,6.57,6.59,0.19
2000-01-11,6.45,6.67,6.68,0.22
2000-01-12,6.49,6.72,6.71,0.23
2000-01-13,6.40,6.63,6.65,0.23
2000-01-14,6.44,6.69,6.69,0.25
2000-01-17,,,,
2000-01-18,6.47,6.75,6.75,0.28
2000-01-19,6.46,6.73,6.72,0.27
2000-01-20,6.49,6.79,6.74,0.30
2000-01-21,6.48,6.79,6.71,0.31
2000-01-24,6.43,6.69,6.65,0.26
2000-01-25,6.44,6.70,6.64,0.26
2000-01-26,6.45,6.69,6.60,0.24
2000-01-27,6.51,6.68,6.53,0.17
2000-01-28,6.58,6.66,6.45,0.08
2000-01-31,6.61,6.68,6.49,0.07
2000-02-01,6.60,6.62,6.43,0.02
2000-02-02,6.63,6.60,6.32,-0.03
2000-02-03,6.56,6.49,6.17,-0.07
2000-02-04,6.63,6.53,6.23,-0.10
2000-02-07,6.68,6.64,6.34,-0.04
2000-02-08,6.69,6.59,6.22,-0.10
2000-02-09,6.69,6.56,6.32,-0.13
2000-02-10,6.67,6.67,6.35,0.00
2000-02-11,6.65,6.63,6.29,-0.02
2000-02-14,6.62,6.56,6.22,-0.06
2000-02-15,6.66,6.56,6.26,-0.10
2000-02-16,6.63,6.56,6.27,-0.07
2000-02-17,6.69,6.58,6.23,-0.11
2000-02-18,6.66,6.49,6.16,-0.17
2000-02-21,,,,
2000-02-22,6.57,6.36,6.08,-0.21
2000-02-23,6.61,6.44,6.14,-0.17
2000-02-24,6.52,6.36,6.13,-0.16
2000-02-25,6.45,6.36,6.17,-0.09
2000-02-28,6.47,6.37,6.16,-0.10
2000-02-29,6.53,6.42,6.15,-0.11
2000-03-01,6.52,6.39,6.16,-0.13
2000-03-02,6.52,6.40,6.15,-0.12
2000-03-03,6.50,6.39,6.13,-0.11
2000-03-06,6.55,6.42,6.16,-0.13
2000-03-07,6.48,6.39,6.16,-0.09
2000-03-08,6.50,6.38,6.17,-0.12
2000-03-09,6.48,6.35,6.16,-0.13
2000-03-10,6.55,6.39,6.19,-0.16
2000-03-13,6.52,6.36,6.17,-0.16
2000-03-14,6.48,6.31,6.11,-0.17
2000-03-15,6.50,6.29,6.07,-0.21
2000-03-16,6.50,6.26,6.05,-0.24
2000-03-17,6.50,6.20,6.01,-0.30
2000-03-20,6.52,6.18,5.99,-0.34
2000-03-21,6.50,6.13,5.97,-0.37
2000-03-22,6.50,6.13,5.97,-0.37
2000-03-23,6.52,6.08,5.92,-0.44
2000-03-24,6.64,6.20,6.00,-0.44
2000-03-27,6.66,6.21,5.99,-0.45
2000-03-28,6.60,6.17,5.98,-0.43
2000-03-29,6.59,6.18,5.99,-0.41
2000-03-30,6.52,6.06,5.89,-0.46
2000-03-31,6.50,6.03,5.84,-0.47
2000-04-03,6.45,6.00,5.84,-0.45
2000-04-04,6.35,5.90,5.77,-0.45
2000-04-05,6.35,5.90,5.81,-0.45
2000-04-06,6.38,5.93,5.80,-0.45
2000-04-07,6.38,5.86,5.71,-0.52
2000-04-10,6.31,5.80,5.69,-0.51
2000-04-11,6.36,5.89,5.77,-0.47
2000-04-12,6.40,5.97,5.84,-0.43
2000-04-13,6.40,5.94,5.81,-0.46
2000-04-14,6.27,5.85,5.79,-0.42
2000-04-17,6.33,6.01,5.92,-0.32
2000-04-18,6.33,6.05,5.92,-0.28
2000-04-19,6.33,5.99,5.85,-0.34
2000-04-20,6.38,5.99,5.83,-0.39
2000-04-21,,,,
2000-04-24,6.36,6.00,5.86,-0.36
2000-04-25,6.48,6.14,5.95,-0.34
2000-04-26,6.50,6.14,5.95,-0.36
2000-04-27,6.63,6.23,6.00,-0.40
2000-04-28,6.68,6.23,5.97,-0.45
2000-05-01,6.73,6.29,5.98,-0.44
2000-05-02,6.72,6.32,6.03,-0.40
2000-05-03,6.73,6.40,6.11,-0.33
2000-05-04,6.77,6.46,6.19,-0.31
2000-05-05,6.84,6.51,6.20,-0.33
2000-05-08,6.87,6.57,6.25,-0.30
2000-05-09,6.86,6.53,6.22,-0.33
2000-05-10,6.84,6.47,6.18,-0.37
2000-05-11,6.82,6.43,6.16,-0.39
2000-05-12,6.91,6.51,6.20,-0.40
2000-05-15,6.88,6.47,6.17,-0.41
2000-05-16,6.89,6.43,6.12,-0.46
2000-05-17,6.90,6.48,6.18,-0.42
2000-05-18,6.93,6.56,6.24,-0.37
2000-05-19,6.86,6.51,6.22,-0.35
2000-05-22,6.81,6.44,6.18,-0.37
2000-05-23,6.83,6.45,6.17,-0.38
2000-05-24,6.79,6.47,6.19,-0.32
2000-05-25,6.71,6.39,6.11,-0.32
2000-05-26,6.69,6.33,6.06,-0.36
2000-05-29,,,,
2000-05-30,6.74,6.38,6.09,-0.36
2000-05-31,6.69,6.29,6.02,-0.40
2000-06-01,6.61,6.20,5.95,-0.41
2000-06-02,6.52,6.15,5.94,-0.37
2000-06-05,6.49,6.12,5.91,-0.37
2000-06-06,6.51,6.14,5.91,-0.37
2000-06-07,6.52,6.13,5.89,-0.39
2000-06-08,6.56,6.13,5.89,-0.43
2000-06-09,6.56,6.13,5.89,-0.43
2000-06-12,6.52,6.09,5.88,-0.43
2000-06-13,6.49,6.11,5.94,-0.38
2000-06-14,6.44,6.06,5.91,-0.38
2000-06-15,6.44,6.05,5.93,-0.39
2000-06-16,6.38,5.99,5.88,-0.39
2000-06-19,6.40,6.00,5.89,-0.40
2000-06-20,6.43,6.03,5.90,-0.40
2000-06-21,6.50,6.11,5.96,-0.39
2000-06-22,6.50,6.12,5.98,-0.38
2000-06-23,6.55,6.19,6.04,-0.36
2000-06-26,6.50,6.11,5.99,-0.39
2000-06-27,6.50,6.10,5.95,-0.40
2000-06-28,6.43,6.11,5.97,-0.32
2000-06-29,6.37,6.04,5.88,-0.33
2000-06-30,6.38,6.03,5.90,-0.35
2000-07-03,6.31,6.00,5.87,-0.31
2000-07-04,,,,
2000-07-05,6.29,5.99,5.86,-0.30
2000-07-06,6.34,6.05,5.91,-0.29
2000-07-07,6.29,6.01,5.87,-0.28
2000-07-10,6.31,6.04,5.88,-0.27
2000-07-11,6.32,6.06,5.89,-0.26
2000-07-12,6.34,6.09,5.89,-0.25
2000-07-13,6.31,6.01,5.81,-0.30
2000-07-14,6.41,6.10,5.88,-0.31
2000-07-17,6.46,6.17,5.93,-0.29
2000-07-18,6.44,6.16,5.92,-0.28
2000-07-19,6.46,6.16,5.92,-0.30
2000-07-20,6.32,6.01,5.81,-0.31
2000-07-21,6.32,6.01,5.79,-0.31
2000-07-24,6.35,6.04,5.81,-0.31
2000-07-25,6.35,6.04,5.81,-0.31
2000-07-26,6.29,6.04,5.82,-0.25
2000-07-27,6.27,6.02,5.78,-0.25
2000-07-28,6.30,6.04,5.78,-0.26
2000-07-31,6.30,6.04,5.79,-0.26
2000-08-01,6.27,6.00,5.74,-0.27
2000-08-02,6.23,5.98,5.77,-0.25
2000-08-03,6.22,5.95,5.74,-0.27
2000-08-04,6.15,5.91,5.72,-0.24
2000-08-07,6.20,5.97,5.76,-0.23
2000-08-08,6.16,5.93,5.73,-0.23
2000-08-09,6.18,5.81,5.73,-0.37
2000-08-10,6.16,5.76,5.68,-0.40
2000-08-11,6.25,5.79,5.72,-0.46
2000-08-14,6.25,5.78,5.70,-0.47
2000-08-15,6.28,5.81,5.72,-0.47
2000-08-16,6.30,5.83,5.73,-0.47
2000-08-17,6.30,5.81,5.72,-0.49
2000-08-18,6.27,5.78,5.69,-0.49
2000-08-21,6.28,5.79,5.71,-0.49
2000-08-22,6.27,5.78,5.71,-0.49
2000-08-23,6.20,5.73,5.68,-0.47
2000-08-24,6.19,5.73,5.67,-0.46
2000-08-25,6.19,5.73,5.67,-0.46
2000-08-28,6.23,5.78,5.72,-0.45
2000-08-29,6.26,5.81,5.75,-0.45
2000-08-30,6.24,5.81,5.74,-0.43
2000-08-31,6.18,5.73,5.67,-0.45
2000-09-01,6.09,5.68,5.67,-0.41
2000-09-04,,,,
2000-09-05,6.09,5.69,5.67,-0.40
2000-09-06,6.11,5.72,5.71,-0.39
2000-09-07,6.14,5.76,5.72,-0.38
2000-09-08,6.11,5.73,5.70,-0.38
2000-09-11,6.12,5.77,5.73,-0.35
2000-09-12,6.12,5.78,5.76,-0.34
2000-09-13,6.09,5.74,5.73,-0.35
2000-09-14,6.11,5.79,5.81,-0.32
2000-09-15,6.07,5.84,5.90,-0.23
2000-09-18,6.04,5.88,5.96,-0.16
2000-09-19,6.05,5.86,5.92,-0.19
2000-09-20,6.11,5.91,5.97,-0.20
2000-09-21,6.11,5.88,5.93,-0.23
2000-09-22,6.09,5.85,5.92,-0.24
2000-09-25,6.11,5.84,5.90,-0.27
2000-09-26,6.07,5.81,5.86,-0.26
2000-09-27,6.00,5.83,5.90,-0.17
2000-09-28,6.02,5.82,5.89,-0.20
2000-09-29,5.98,5.80,5.88,-0.18
2000-10-02,5.98,5.83,5.93,-0.15
2000-10-03,6.00,5.87,5.94,-0.13
2000-10-04,6.03,5.90,5.95,-0.13
2000-10-05,6.02,5.87,5.91,-0.15
2000-10-06,5.98,5.82,5.85,-0.16
2000-10-09,,,,
2000-10-10,5.98,5.80,5.83,-0.18
2000-10-11,5.93,5.77,5.83,-0.16
2000-10-12,5.86,5.73,5.82,-0.13
2000-10-13,5.84,5.73,5.80,-0.11
2000-10-16,5.89,5.74,5.81,-0.15
2000-10-17,5.83,5.68,5.77,-0.15
2000-10-18,5.82,5.66,5.77,-0.16
2000-10-19,5.86,5.66,5.76,-0.20
2000-10-20,5.84,5.64,5.73,-0.20
2000-10-23,5.82,5.59,5.68,-0.23
2000-10-24,5.86,5.63,5.71,-0.23
2000-10-25,5.87,5.67,5.75,-0.20
2000-10-26,5.90,5.69,5.74,-0.21
2000-10-27,5.94,5.72,5.74,-0.22
2000-10-30,5.97,5.74,5.76,-0.23
2000-10-31,5.94,5.77,5.79,-0.17
2000-11-01,5.88,5.74,5.78,-0.14
2000-11-02,5.87,5.74,5.79,-0.13
2000-11-03,5.94,5.83,5.86,-0.11
2000-11-06,5.99,5.87,5.89,-0.12
2000-11-07,5.99,5.87,5.90,-0.12
2000-11-08,5.99,5.87,5.89,-0.12
2000-11-09,5.94,5.82,5.85,-0.12
2000-11-10,5.92,5.82,5.88,-0.10
2000-11-13,5.90,5.77,5.85,-0.13
2000-11-14,5.92,5.76,5.81,-0.16
2000-11-15,5.90,5.72,5.77,-0.18
2000-11-16,5.87,5.68,5.75,-0.19
2000-11-17,5.88,5.71,5.78,-0.17
2000-11-20,5.87,5.68,5.76,-0.19
2000-11-21,5.86,5.67,5.74,-0.19
2000-11-22,5.85,5.62,5.68,-0.23
2000-11-23,,,,
2000-11-24,5.86,5.63,5.67,-0.23
2000-11-27,5.86,5.64,5.71,-0.22
2000-11-28,5.79,5.59,5.67,-0.20
2000-11-29,5.69,5.55,5.66,-0.14
2000-11-30,5.61,5.48,5.60,-0.13
2000-12-01,5.62,5.52,5.64,-0.10
2000-12-04,5.59,5.53,5.66,-0.06
2000-12-05,5.49,5.43,5.59,-0.06
2000-12-06,5.42,5.32,5.52,-0.10
2000-12-07,5.45,5.32,5.51,-0.13
2000-12-08,5.50,5.35,5.55,-0.15
2000-12-11,5.52,5.37,5.54,-0.15
2000-12-12,5.54,5.36,5.53,-0.18
2000-12-13,5.45,5.29,5.48,-0.16
2000-12-14,5.43,5.23,5.45,-0.20
2000-12-15,5.38,5.20,5.44,-0.18
2000-12-18,5.33,5.17,5.44,-0.16
2000-12-19,5.35,5.19,5.47,-0.16
2000-12-20,5.24,5.08,5.42,-0.16
2000-12-21,5.14,5.03,5.41,-0.11
2000-12-22,5.10,5.02,5.40,-0.08
2000-12-25,,,,
2000-12-26,5.10,5.04,5.41,-0.06
2000-12-27,5.10,5.11,5.45,0.01
2000-12-28,5.18,5.13,5.44,-0.05
2000-12-29,5.11,5.12,5.46,0.01
2001-01-01,,,,
2001-01-02,4.87,4.92,5.35,0.05
2001-01-03,4.92,5.14,5.49,0.22
2001-01-04,4.77,5.03,5.44,0.26
2001-01-05,4.56,4.93,5.41,0.37
2001-01-08,4.54,4.94,5.42,0.40
2001-01-09,4.64,4.98,5.43,0.34
2001-01-10,4.76,5.10,5.49,0.34
2001-01-11,4.77,5.14,5.55,0.37
2001-01-12,4.90,5.25,5.63,0.35
2001-01-15,,,,
2001-01-16,4.89,5.24,5.60,0.35
2001-01-17,4.84,5.19,5.52,0.35
2001-01-18,4.72,5.12,5.47,0.40
2001-01-19,4.75,5.19,5.56,0.44
2001-01-22,4.75,5.25,5.61,0.50
2001-01-23,4.82,5.30,5.65,0.48
2001-01-24,4.81,5.33,5.67,0.52
2001-01-25,4.78,5.29,5.61,0.51
2001-01-26,4.78,5.29,5.64,0.51
2001-01-29,4.77,5.32,5.69,0.55
2001-01-30,4.70,5.24,5.59,0.54
2001-01-31,4.62,5.19,5.54,0.57
2001-02-01,4.55,5.10,5.46,0.55
2001-02-02,4.65,5.17,5.51,0.52
2001-02-05,4.68,5.18,5.48,0.50
2001-02-06,4.72,5.22,5.51,0.50
2001-02-07,4.70,5.10,5.52,0.40
2001-02-08,4.73,5.10,5.44,0.37
2001-02-09,4.67,5.03,5.38,0.36
2001-02-12,4.67,5.05,5.42,0.38
2001-02-13,4.75,5.07,5.43,0.32
2001-02-14,4.84,5.13,5.44,0.29
2001-02-15,4.89,5.19,5.50,0.30
2001-02-16,4.75,5.11,5.46,0.36
2001-02-19,,,,
2001-02-20,4.73,5.11,5.46,0.38
2001-02-21,4.68,5.14,5.49,0.46
2001-02-22,4.63,5.15,5.52,0.52
2001-02-23,4.53,5.10,5.49,0.57
2001-02-26,4.46,5.05,5.45,0.59
2001-02-27,4.44,4.96,5.34,0.52
2001-02-28,4.41,4.92,5.34,0.51
2001-03-01,4.41,4.87,5.29,0.46
2001-03-02,4.48,4.95,5.38,0.47
2001-03-05,4.49,4.98,5.36,0.49
2001-03-06,4.49,4.99,5.38,0.50
2001-03-07,4.43,4.92,5.32,0.49
2001-03-08,4.43,4.89,5.30,0.46
2001-03-09,4.47,4.95,5.32,0.48
2001-03-12,4.46,4.92,5.31,0.46
2001-03-13,4.46,4.95,5.34,0.49
2001-03-14,4.32,4.84,5.28,0.52
2001-03-15,4.22,4.81,5.29,0.59
2001-03-16,4.26,4.78,5.28,0.52
2001-03-19,4.32,4.82,5.30,0.50
2001-03-20,4.24,4.78,5.27,0.54
2001-03-21,4.21,4.77,5.28,0.56
2001-03-22,4.17,4.73,5.25,0.56
2001-03-23,4.24,4.80,5.30,0.56
2001-03-26,4.27,4.85,5.36,0.58
2001-03-27,4.41,5.00,5.45,0.59
2001-03-28,4.30,4.97,5.47,0.67
2001-03-29,4.27,4.98,5.48,0.71
2001-03-30,4.18,4.93,5.46,0.75
2001-04-02,4.22,4.98,5.49,0.76
2001-04-03,4.15,4.94,5.48,0.79
2001-04-04,4.12,4.94,5.50,0.82
2001-04-05,4.19,4.98,5.53,0.79
2001-04-06,4.07,4.89,5.46,0.82
2001-04-09,4.10,4.93,5.50,0.83
2001-04-10,4.24,5.09,5.63,0.85
2001-04-11,4.29,5.12,5.60,0.83
2001-04-12,4.36,5.17,5.61,0.81
2001-04-13,,,,
2001-04-16,4.49,5.28,5.70,0.79
2001-04-17,4.41,5.21,5.65,0.80
2001-04-18,4.26,5.14,5.65,0.88
2001-04-19,4.29,5.27,5.77,0.98
2001-04-20,4.26,5.29,5.79,1.03
2001-04-23,4.15,5.20,5.73,1.05
2001-04-24,4.16,5.22,5.75,1.06
2001-04-25,4.20,5.28,5.78,1.08
2001-04-26,4.14,5.20,5.71,1.06
2001-04-27,4.28,5.34,5.81,1.06
2001-04-30,4.30,5.35,5.78,1.05
2001-05-01,4.23,5.30,5.75,1.07
2001-05-02,4.27,5.31,5.71,1.04
2001-05-03,4.22,5.22,5.64,1.00
2001-05-04,4.14,5.21,5.65,1.07
2001-05-07,4.12,5.21,5.68,1.09
2001-05-08,4.10,5.24,5.72,1.14
2001-05-09,4.07,5.20,5.67,1.13
2001-05-10,4.17,5.31,5.75,1.14
2001-05-11,4.36,5.51,5.88,1.15
2001-05-14,4.29,5.46,5.85,1.17
2001-05-15,4.28,5.50,5.89,1.22
2001-05-16,4.25,5.48,5.86,1.23
2001-05-17,4.33,5.46,5.80,1.13
2001-05-18,4.37,5.41,5.76,1.04
2001-05-21,4.37,5.41,5.75,1.04
2001-05-22,4.34,5.42,5.78,1.08
2001-05-23,4.29,5.41,5.79,1.12
2001-05-24,4.32,5.52,5.87,1.20
2001-05-25,4.31,5.52,5.86,1.21
2001-05-28,,,,
2001-05-29,4.33,5.54,5.86,1.21
2001-05-30,4.34,5.54,5.86,1.20
2001-05-31,4.22,5.43,5.78,1.21
2001-06-01,4.22,5.39,5.71,1.17
2001-06-04,4.19,5.35,5.69,1.16
2001-06-05,4.12,5.29,5.66,1.17
2001-06-06,4.12,5.27,5.65,1.15
2001-06-07,4.14,5.33,5.72,1.19
2001-06-08,4.17,5.38,5.73,1.21
2001-06-11,4.11,5.32,5.69,1.21
2001-06-12,4.09,5.27,5.65,1.18
2001-06-13,4.08,5.28,5.66,1.20
2001-06-14,4.04,5.26,5.65,1.22
2001-06-15,4.01,5.27,5.68,1.26
2001-06-18,3.98,5.27,5.70,1.29
2001-06-19,3.99,5.26,5.69,1.27
2001-06-20,3.98,5.24,5.67,1.26
2001-06-21,3.99,5.22,5.64,1.23
2001-06-22,3.93,5.14,5.58,1.21
2001-06-25,3.96,5.16,5.59,1.20
2001-06-26,4.03,5.24,5.65,1.21
2001-06-27,4.06,5.26,5.62,1.20
2001-06-28,4.22,5.35,5.68,1.13
2001-06-29,4.25,5.42,5.75,1.17
2001-07-02,4.21,5.37,5.70,1.16
2001-07-03,4.24,5.41,5.73,1.17
2001-07-04,,,,
2001-07-05,4.24,5.44,5.76,1.20
2001-07-06,4.16,5.41,5.75,1.25
2001-07-09,4.15,5.37,5.70,1.22
2001-07-10,4.08,5.32,5.68,1.24
2001-07-11,4.07,5.31,5.69,1.24
2001-07-12,4.07,5.27,5.65,1.20
2001-07-13,4.12,5.27,5.64,1.15
2001-07-16,4.07,5.21,5.59,1.14
2001-07-17,4.09,5.22,5.59,1.13
2001-07-18,3.96,5.12,5.52,1.16
2001-07-19,3.98,5.13,5.53,1.15
2001-07-20,3.98,5.15,5.54,1.17
2001-07-23,3.98,5.13,5.53,1.15
2001-07-24,3.97,5.13,5.52,1.16
2001-07-25,3.98,5.20,5.58,1.22
2001-07-26,3.94,5.19,5.59,1.25
2001-07-27,3.87,5.13,5.55,1.26
2001-07-30,3.86,5.11,5.53,1.25
2001-07-31,3.79,5.07,5.51,1.28
2001-08-01,3.83,5.11,5.53,1.28
2001-08-02,3.89,5.17,5.57,1.28
2001-08-03,3.91,5.20,5.59,1.29
2001-08-06,3.88,5.19,5.59,1.31
2001-08-07,3.90,5.20,5.60,1.30
2001-08-08,3.77,4.99,5.52,1.22
2001-08-09,3.77,5.04,5.54,1.27
2001-08-10,3.73,4.99,5.52,1.26
2001-08-13,3.70,4.97,5.52,1.27
2001-08-14,3.74,4.97,5.51,1.23
2001-08-15,3.80,5.00,5.52,1.20
2001-08-16,3.75,4.95,5.48,1.20
2001-08-17,3.67,4.84,5.43,1.17
2001-08-20,3.74,4.91,5.46,1.17
2001-08-21,3.69,4.87,5.44,1.18
2001-08-22,3.76,4.91,5.44,1.15
2001-08-23,3.72,4.89,5.41,1.17
2001-08-24,3.76,4.93,5.45,1.17
2001-08-27,3.78,4.94,5.47,1.16
2001-08-28,3.71,4.85,5.41,1.14
2001-08-29,3.67,4.78,5.36,1.11
2001-08-30,3.61,4.79,5.37,1.18
2001-08-31,3.64,4.85,5.39,1.21
2001-09-03,,,,
2001-09-04,3.83,4.99,5.50,1.16
2001-09-05,3.79,4.97,5.48,1.18
2001-09-06,3.65,4.86,5.41,1.21
2001-09-07,3.53,4.80,5.39,1.27
2001-09-10,3.53,4.84,5.43,1.31
2001-09-11,,,,
2001-09-12,,,,
2001-09-13,2.99,4.64,5.39,1.65
2001-09-14,2.87,4.57,5.35,1.70
2001-09-17,2.96,4.63,5.41,1.67
2001-09-18,2.96,4.72,5.55,1.76
2001-09-19,2.81,4.69,5.56,1.88
2001-09-20,2.91,4.75,5.62,1.84
2001-09-21,2.91,4.70,5.59,1.79
2001-09-24,2.94,4.73,5.58,1.79
2001-09-25,2.88,4.72,5.58,1.84
2001-09-26,2.82,4.65,5.50,1.83
2001-09-27,2.78,4.58,5.45,1.80
2001-09-28,2.86,4.60,5.42,1.74
2001-10-01,2.82,4.55,5.38,1.73
2001-10-02,2.77,4.53,5.34,1.76
2001-10-03,2.77,4.50,5.32,1.73
2001-10-04,2.75,4.53,5.31,1.78
2001-10-05,2.71,4.52,5.31,1.81
2001-10-08,,,,
2001-10-09,2.74,4.62,5.39,1.88
2001-10-10,2.78,4.61,5.36,1.83
2001-10-11,2.88,4.69,5.41,1.81
2001-10-12,2.81,4.68,5.42,1.87
2001-10-15,2.78,4.62,5.38,1.84
2001-10-16,2.77,4.59,5.35,1.82
2001-10-17,2.80,4.59,5.32,1.79
2001-10-18,2.77,4.58,5.32,1.81
2001-10-19,2.77,4.63,5.36,1.86
2001-10-22,2.79,4.63,5.36,1.84
2001-10-23,2.81,4.66,5.38,1.85
2001-10-24,2.72,4.61,5.32,1.89
2001-10-25,2.63,4.56,5.28,1.93
2001-10-26,2.63,4.53,5.27,1.90
2001-10-29,2.55,4.50,5.25,1.95
2001-10-30,2.48,4.44,5.22,1.96
2001-10-31,2.44,4.30,4.89,1.86
2001-11-01,2.49,4.24,4.79,1.75
2001-11-02,2.48,4.37,4.96,1.89
2001-11-05,2.46,4.31,4.86,1.85
2001-11-06,2.37,4.30,4.86,1.93
2001-11-07,2.32,4.22,4.79,1.90
2001-11-08,2.42,4.32,4.87,1.90
2001-11-09,2.45,4.34,4.88,1.89
2001-11-12,,,,
2001-11-13,2.54,4.41,4.92,1.87
2001-11-14,2.70,4.54,5.02,1.84
2001-11-15,2.98,4.79,5.22,1.81
2001-11-16,3.09,4.91,5.30,1.82
2001-11-19,2.92,4.80,5.22,1.88
2001-11-20,2.96,4.88,5.30,1.92
2001-11-21,3.11,4.98,5.35,1.87
2001-11-22,,,,
2001-11-23,3.20,5.04,5.39,1.84
2001-11-26,3.22,5.05,5.39,1.83
2001-11-27,3.11,4.98,5.37,1.87
2001-11-28,3.12,4.98,5.36,1.86
2001-11-29,2.87,4.79,5.24,1.92
2001-11-30,2.84,4.78,5.27,1.94
2001-12-03,2.82,4.75,5.26,1.93
2001-12-04,2.81,4.70,5.22,1.89
2001-12-05,3.07,4.92,5.35,1.85
2001-12-06,3.19,5.04,5.47,1.85
2001-12-07,3.19,5.20,5.60,2.01
2001-12-10,3.10,5.17,5.58,2.07
2001-12-11,3.03,5.13,5.55,2.10
2001-12-12,2.97,5.02,5.47,2.05
2001-12-13,3.09,5.13,5.53,2.04
2001-12-14,3.20,5.24,5.59,2.04
2001-12-17,3.21,5.26,5.61,2.05
2001-12-18,3.13,5.16,5.52,2.03
2001-12-19,3.11,5.08,5.45,1.97
2001-12-20,3.15,5.08,5.43,1.93
2001-12-21,3.17,5.12,5.45,1.95
2001-12-24,3.22,5.18,5.49,1.96
2001-12-25,,,,
2001-12-26,3.26,5.22,5.52,1.96
2001-12-27,3.19,5.13,5.49,1.94
2001-12-28,3.16,5.15,5.54,1.99
2001-12-31,3.07,5.07,5.48,2.00
2002-01-01,,,,
2002-01-02,3.22,5.20,5.56,1.98
2002-01-03,3.19,5.16,5.54,1.97
2002-01-04,3.19,5.18,5.57,1.99
2002-01-07,3.08,5.09,5.49,2.01
2002-01-08,3.07,5.10,5.51,2.03
2002-01-09,3.03,5.10,5.51,2.07
2002-01-10,2.94,5.00,5.42,2.06
2002-01-11,2.76,4.92,5.37,2.16
2002-01-14,2.79,4.91,5.38,2.12
2002-01-15,2.79,4.88,5.34,2.09
2002-01-16,2.84,4.88,5.36,2.04
2002-01-17,2.96,4.98,5.41,2.02
2002-01-18,2.91,4.94,5.36,2.03
2002-01-21,,,,
2002-01-22,2.97,4.96,5.39,1.99
2002-01-23,3.07,5.05,5.48,1.98
2002-01-24,3.15,5.07,5.47,1.92
2002-01-25,3.17,5.10,5.47,1.93
2002-01-28,3.19,5.12,5.47,1.93
2002-01-29,3.05,5.02,5.40,1.97
2002-01-30,3.06,5.02,5.41,1.96
2002-01-31,3.16,5.07,5.44,1.91
2002-02-01,3.08,5.02,5.40,1.94
2002-02-04,2.99,4.94,5.35,1.95
2002-02-05,2.99,4.92,5.35,1.93
2002-02-06,2.98,4.92,5.38,1.94
2002-02-07,2.99,4.93,5.42,1.94
2002-02-08,2.95,4.90,5.39,1.95
2002-02-11,2.95,4.91,5.41,1.96
2002-02-12,3.04,4.97,5.45,1.93
2002-02-13,3.09,5.01,5.47,1.92
2002-02-14,3.07,4.95,5.42,1.88
2002-02-15,2.97,4.86,5.37,1.89
2002-02-18,,,,
2002-02-19,2.98,4.88,5.54,1.90
2002-02-20,3.00,4.88,5.53,1.88
2002-02-21,3.00,4.88,5.53,1.88
2002-02-22,2.97,4.84,5.48,1.87
2002-02-25,3.01,4.86,5.51,1.85
2002-02-26,3.08,4.93,5.53,1.85
2002-02-27,3.09,4.84,5.51,1.75
2002-02-28,3.06,4.88,5.54,1.82
2002-03-01,3.18,4.98,5.60,1.80
2002-03-04,3.24,5.02,5.61,1.78
2002-03-05,3.25,5.02,5.60,1.77
2002-03-06,3.26,5.06,5.67,1.80
2002-03-07,3.36,5.22,5.76,1.86
2002-03-08,3.60,5.33,5.83,1.73
2002-03-11,3.59,5.33,5.81,1.74
2002-03-12,3.56,5.32,5.84,1.76
2002-03-13,3.49,5.28,5.83,1.79
2002-03-14,3.63,5.40,5.90,1.77
2002-03-15,3.63,5.35,5.86,1.72
2002-03-18,3.67,5.32,5.83,1.65
2002-03-19,3.64,5.33,5.86,1.69
2002-03-20,3.71,5.40,5.89,1.69
2002-03-21,3.73,5.39,5.87,1.66
2002-03-22,3.77,5.40,5.89,1.63
2002-03-25,3.78,5.41,5.91,1.63
2002-03-26,3.68,5.35,5.84,1.67
2002-03-27,3.66,5.35,5.86,1.69
2002-03-28,3.72,5.42,5.91,1.70
2002-03-29,,,,
2002-04-01,3.74,5.44,5.92,1.70
2002-04-02,3.63,5.36,5.86,1.73
2002-04-03,3.55,5.30,5.82,1.75
2002-04-04,3.57,5.28,5.82,1.71
2002-04-05,3.49,5.22,5.79,1.73
2002-04-08,3.51,5.25,5.82,1.74
2002-04-09,3.48,5.22,5.79,1.74
2002-04-10,3.48,5.24,5.78,1.76
2002-04-11,3.47,5.22,5.78,1.75
2002-04-12,3.41,5.18,5.79,1.77
2002-04-15,3.38,5.15,5.76,1.77
2002-04-16,3.43,5.20,5.78,1.77
2002-04-17,3.41,5.24,5.85,1.83
2002-04-18,3.38,5.23,5.86,1.85
2002-04-19,3.36,5.21,5.80,1.85
2002-04-22,3.37,5.19,5.78,1.82
2002-04-23,3.39,5.18,5.78,1.79
2002-04-24,3.28,5.11,5.72,1.83
2002-04-25,3.25,5.10,5.72,1.85
2002-04-26,3.22,5.08,5.73,1.86
2002-04-29,3.26,5.13,5.75,1.87
2002-04-30,3.24,5.11,5.72,1.87
2002-05-01,3.21,5.08,5.69,1.87
2002-05-02,3.25,5.13,5.72,1.88
2002-05-03,3.17,5.08,5.65,1.91
2002-05-06,3.19,5.10,5.66,1.91
2002-05-07,3.14,5.09,5.66,1.95
2002-05-08,3.32,5.24,5.77,1.92
2002-05-09,3.27,5.20,5.78,1.93
2002-05-10,3.19,5.15,5.72,1.96
2002-05-13,3.28,5.23,5.79,1.95
2002-05-14,3.40,5.32,5.84,1.92
2002-05-15,3.37,5.28,5.82,1.91
2002-05-16,3.28,5.20,5.80,1.92
2002-05-17,3.41,5.27,5.84,1.86
2002-05-20,3.33,5.21,5.78,1.88
2002-05-21,3.28,5.18,5.79,1.90
2002-05-22,3.23,5.13,5.75,1.90
2002-05-23,3.28,5.16,5.78,1.88
2002-05-24,3.28,5.16,5.78,1.88
2002-05-27,,,,
2002-05-28,3.30,5.16,5.78,1.86
2002-05-29,3.24,5.11,5.77,1.87
2002-05-30,3.17,5.06,5.74,1.89
2002-05-31,3.22,5.08,5.75,1.86
2002-06-03,3.19,5.06,5.76,1.87
2002-06-04,3.13,5.04,5.75,1.91
2002-06-05,3.16,5.08,5.79,1.92
2002-06-06,3.13,5.04,5.77,1.91
2002-06-07,3.16,5.10,5.81,1.94
2002-06-10,3.15,5.07,5.76,1.92
2002-06-11,3.09,5.02,5.71,1.93
2002-06-12,3.05,4.98,5.68,1.93
2002-06-13,3.00,4.94,5.65,1.94
2002-06-14,2.92,4.83,5.59,1.91
2002-06-17,2.96,4.89,5.63,1.93
2002-06-18,2.93,4.88,5.62,1.95
2002-06-19,2.81,4.76,5.58,1.95
2002-06-20,2.93,4.85,5.64,1.92
2002-06-21,2.88,4.79,5.56,1.91
2002-06-24,2.93,4.87,5.62,1.94
2002-06-25,2.92,4.88,5.64,1.96
2002-06-26,2.77,4.75,5.60,1.98
2002-06-27,2.85,4.84,5.68,1.99
2002-06-28,2.90,4.86,5.70,1.96
2002-07-01,2.88,4.85,5.67,1.97
2002-07-02,2.78,4.77,5.64,1.99
2002-07-03,2.78,4.78,5.62,2.00
2002-07-04,,,,
2002-07-05,2.90,4.90,5.70,2.00
2002-07-08,2.84,4.84,5.66,2.00
2002-07-09,2.74,4.78,5.60,2.04
2002-07-10,2.61,4.66,5.53,2.05
2002-07-11,2.61,4.66,5.57,2.05
2002-07-12,2.56,4.63,5.55,2.07
2002-07-15,2.55,4.66,5.57,2.11
2002-07-16,2.66,4.75,5.63,2.09
2002-07-17,2.63,4.71,5.62,2.08
2002-07-18,2.55,4.66,5.62,2.11
2002-07-19,2.48,4.61,5.55,2.13
2002-07-22,2.40,4.51,5.50,2.11
2002-07-23,2.34,4.47,5.49,2.13
2002-07-24,2.38,4.49,5.57,2.11
2002-07-25,2.28,4.43,5.54,2.15
2002-07-26,2.20,4.43,5.52,2.23
2002-07-29,2.41,4.62,5.62,2.21
2002-07-30,2.44,4.65,5.59,2.21
2002-07-31,2.23,4.51,5.51,2.28
2002-08-01,2.15,4.47,5.51,2.32
2002-08-02,1.99,4.33,5.44,2.34
2002-08-05,1.93,4.29,5.41,2.36
2002-08-06,2.11,4.42,5.45,2.31
2002-08-07,1.98,4.35,5.44,2.37
2002-08-08,2.10,4.40,5.44,2.30
2002-08-09,2.10,4.27,5.35,2.17
2002-08-12,2.10,4.22,5.29,2.12
2002-08-13,2.00,4.12,5.22,2.12
2002-08-14,2.12,4.06,5.08,1.94
2002-08-15,2.22,4.17,5.17,1.95
2002-08-16,2.28,4.32,5.24,2.04
2002-08-19,2.25,4.29,5.21,2.04
2002-08-20,2.12,4.17,5.14,2.05
2002-08-21,2.12,4.20,5.19,2.08
2002-08-22,2.22,4.30,5.27,2.08
2002-08-23,2.19,4.25,5.25,2.06
2002-08-26,2.19,4.22,5.22,2.03
2002-08-27,2.26,4.29,5.25,2.03
2002-08-28,2.23,4.22,5.21,1.99
2002-08-29,2.14,4.16,5.18,2.02
2002-08-30,2.14,4.14,5.11,2.00
2002-09-02,,,,
2002-09-03,2.01,3.98,5.02,1.97
2002-09-04,2.02,3.96,4.98,1.94
2002-09-05,1.95,3.91,4.98,1.96
2002-09-06,2.08,4.05,5.07,1.97
2002-09-09,2.13,4.05,5.04,1.92
2002-09-10,2.12,4.00,5.03,1.88
2002-09-11,2.18,4.07,5.08,1.89
2002-09-12,2.12,3.98,5.03,1.86
2002-09-13,2.07,3.92,4.97,1.85
2002-09-16,2.07,3.90,4.95,1.83
2002-09-17,2.06,3.87,4.96,1.81
2002-09-18,2.04,3.86,4.95,1.82
2002-09-19,1.93,3.79,4.90,1.86
2002-09-20,1.94,3.79,4.95,1.85
2002-09-23,1.93,3.70,4.88,1.77
2002-09-24,1.93,3.69,4.84,1.76
2002-09-25,2.00,3.77,4.91,1.77
2002-09-26,1.97,3.79,4.93,1.82
2002-09-27,1.82,3.69,4.91,1.87
2002-09-30,1.72,3.63,4.88,1.91
2002-10-01,1.80,3.72,5.01,1.92
2002-10-02,1.75,3.71,4.98,1.96
2002-10-03,1.75,3.70,4.99,1.95
2002-10-04,1.78,3.69,5.00,1.91
2002-10-07,1.77,3.64,4.98,1.87
2002-10-08,1.80,3.65,4.99,1.85
2002-10-09,1.72,3.61,4.95,1.89
2002-10-10,1.75,3.68,4.98,1.93
2002-10-11,1.85,3.83,5.06,1.98
2002-10-14,,,,
2002-10-15,2.08,4.07,5.22,1.99
2002-10-16,2.02,4.06,5.23,2.04
2002-10-17,2.10,4.16,5.31,2.06
2002-10-18,2.09,4.14,5.32,2.05
2002-10-21,2.23,4.24,5.36,2.01
2002-10-22,2.21,4.27,5.36,2.06
2002-10-23,2.20,4.26,5.39,2.06
2002-10-24,2.09,4.16,5.35,2.07
2002-10-25,1.98,4.12,5.31,2.14
2002-10-28,1.88,4.10,5.35,2.22
2002-10-29,1.79,3.97,5.28,2.18
2002-10-30,1.74,3.99,5.30,2.25
2002-10-31,1.68,3.93,5.28,2.25
2002-11-01,1.76,4.01,5.30,2.25
2002-11-04,1.79,4.07,5.31,2.28
2002-11-05,1.82,4.10,5.33,2.28
2002-11-06,1.87,4.09,5.35,2.22
2002-11-07,1.86,3.88,5.17,2.02
2002-11-08,1.87,3.85,5.05,1.98
2002-11-11,,,,
2002-11-12,1.79,3.84,5.05,2.05
2002-11-13,1.76,3.84,5.01,2.08
2002-11-14,1.89,4.03,5.16,2.14
2002-11-15,1.91,4.05,5.12,2.14
2002-11-18,1.91,4.02,5.10,2.11
2002-11-19,1.91,3.99,5.06,2.08
2002-11-20,1.98,4.08,5.14,2.10
2002-11-21,2.05,4.14,5.20,2.09
2002-11-22,2.10,4.18,5.22,2.08
2002-11-25,2.09,4.19,5.23,2.10
2002-11-26,1.97,4.08,5.15,2.11
2002-11-27,2.13,4.26,5.28,2.13
2002-11-28,,,,
2002-11-29,2.08,4.22,5.23,2.14
2002-12-02,2.07,4.22,5.22,2.15
2002-12-03,2.08,4.24,5.23,2.16
2002-12-04,2.02,4.18,5.19,2.16
2002-12-05,1.97,4.13,5.16,2.16
2002-12-06,1.89,4.09,5.15,2.20
2002-12-09,1.88,4.06,5.12,2.18
2002-12-10,1.90,4.06,5.09,2.16
2002-12-11,1.85,4.01,5.04,2.16
2002-12-12,1.85,4.01,5.07,2.16
2002-12-13,1.87,4.07,5.15,2.20
2002-12-16,1.94,4.15,5.21,2.21
2002-12-17,1.89,4.13,5.24,2.24
2002-12-18,1.81,4.06,5.20,2.25
2002-12-19,1.74,3.96,5.15,2.22
2002-12-20,1.76,3.97,5.12,2.21
2002-12-23,1.79,3.98,5.13,2.19
2002-12-24,1.73,3.95,5.11,2.22
2002-12-25,,,,
2002-12-26,1.70,3.93,5.11,2.23
2002-12-27,1.60,3.83,5.06,2.23
2002-12-30,1.61,3.82,5.02,2.21
2002-12-31,1.61,3.83,5.03,2.22
2003-01-01,,,,
2003-01-02,1.80,4.07,5.18,2.27
2003-01-03,1.79,4.05,5.18,2.26
2003-01-06,1.84,4.09,5.20,2.25
2003-01-07,1.77,4.04,5.18,2.27
2003-01-08,1.71,4.00,5.13,2.29
2003-01-09,1.87,4.19,5.27,2.32
2003-01-10,1.79,4.16,5.24,2.37
2003-01-13,1.81,4.15,5.23,2.34
2003-01-14,1.76,4.10,5.19,2.34
2003-01-15,1.75,4.10,5.17,2.35
2003-01-16,1.75,4.10,5.16,2.35
2003-01-17,1.70,4.05,5.13,2.35
2003-01-20,,,,
2003-01-21,1.67,4.01,5.11,2.34
2003-01-22,1.66,3.95,5.07,2.29
2003-01-23,1.69,3.98,5.08,2.29
2003-01-24,1.66,3.94,5.05,2.28
2003-01-27,1.70,3.98,5.06,2.28
2003-01-28,1.70,4.00,5.06,2.30
2003-01-29,1.77,4.06,5.11,2.29
2003-01-30,1.70,4.00,5.06,2.30
2003-01-31,1.72,4.00,5.03,2.28
2003-02-03,1.72,4.01,5.01,2.29
2003-02-04,1.68,3.96,4.99,2.28
2003-02-05,1.73,4.02,5.02,2.29
2003-02-06,1.68,3.97,4.99,2.29
2003-02-07,1.63,3.96,4.98,2.33
2003-02-10,1.68,3.99,5.04,2.31
2003-02-11,1.65,3.98,5.06,2.33
2003-02-12,1.62,3.93,5.08,2.31
2003-02-13,1.57,3.89,5.04,2.32
2003-02-14,1.62,3.95,5.09,2.33
2003-02-17,,,,
2003-02-18,1.66,3.94,5.10,2.28
2003-02-19,1.61,3.88,5.04,2.27
2003-02-20,1.59,3.85,5.04,2.26
2003-02-21,1.63,3.90,5.08,2.27
2003-02-24,1.60,3.86,5.05,2.26
2003-02-25,1.58,3.81,5.01,2.23
2003-02-26,1.57,3.78,4.97,2.21
2003-02-27,1.58,3.76,4.98,2.18
2003-02-28,1.53,3.71,4.90,2.18
2003-03-03,1.52,3.68,4.92,2.16
2003-03-04,1.49,3.65,4.91,2.16
2003-03-05,1.46,3.63,4.90,2.17
2003-03-06,1.47,3.67,4.93,2.20
2003-03-07,1.39,3.63,4.90,2.24
2003-03-10,1.35,3.59,4.90,2.24
2003-03-11,1.38,3.60,4.90,2.22
2003-03-12,1.45,3.60,4.85,2.15
2003-03-13,1.59,3.74,4.95,2.15
2003-03-14,1.56,3.72,4.93,2.16
2003-03-17,1.63,3.82,5.00,2.19
2003-03-18,1.72,3.91,5.07,2.19
2003-03-19,1.72,3.98,5.14,2.26
2003-03-20,1.75,4.01,5.17,2.26
2003-03-21,1.80,4.11,5.23,2.31
2003-03-24,1.71,3.98,5.15,2.27
2003-03-25,1.69,3.97,5.15,2.28
2003-03-26,1.68,3.96,5.17,2.28
2003-03-27,1.62,3.95,5.17,2.33
2003-03-28,1.56,3.92,5.16,2.36
2003-03-31,1.51,3.83,5.07,2.32
2003-04-01,1.50,3.84,5.06,2.34
2003-04-02,1.60,3.94,5.15,2.34
2003-04-03,1.55,3.93,5.16,2.38
2003-04-04,1.55,3.96,5.20,2.41
2003-04-07,1.65,4.03,5.24,2.38
2003-04-08,1.59,3.95,5.16,2.36
2003-04-09,1.55,3.93,5.15,2.38
2003-04-10,1.60,3.95,5.17,2.35
2003-04-11,1.65,4.00,5.19,2.35
2003-04-14,1.74,4.04,5.20,2.30
2003-04-15,1.69,3.98,5.19,2.29
2003-04-16,1.67,3.96,5.13,2.29
2003-04-17,1.71,3.98,5.12,2.27
2003-04-18,,,,
2003-04-21,1.71,4.00,5.13,2.29
2003-04-22,1.70,4.01,5.12,2.31
2003-04-23,1.70,4.02,5.10,2.32
2003-04-24,1.62,3.93,5.05,2.31
2003-04-25,1.57,3.91,5.04,2.34
2003-04-28,1.59,3.92,5.04,2.33
2003-04-29,1.62,3.96,5.07,2.34
2003-04-30,1.51,3.89,5.00,2.38
2003-05-01,1.50,3.88,5.01,2.38
2003-05-02,1.56,3.94,5.05,2.38
2003-05-05,1.55,3.92,5.03,2.37
2003-05-06,1.45,3.84,5.02,2.39
2003-05-07,1.45,3.72,4.96,2.27
2003-05-08,1.49,3.70,4.96,2.21
2003-05-09,1.45,3.69,4.95,2.24
2003-05-12,1.46,3.64,4.91,2.18
2003-05-13,1.47,3.63,4.92,2.16
2003-05-14,1.41,3.53,4.76,2.12
2003-05-15,1.46,3.53,4.69,2.07
2003-05-16,1.38,3.46,4.67,2.08
2003-05-19,1.35,3.46,4.67,2.11
2003-05-20,1.31,3.38,4.59,2.07
2003-05-21,1.38,3.39,4.54,2.01
2003-05-22,1.36,3.34,4.50,1.98
2003-05-23,1.38,3.34,4.44,1.96
2003-05-26,,,,
2003-05-27,1.33,3.41,4.57,2.08
2003-05-28,1.35,3.44,4.63,2.09
2003-05-29,1.30,3.34,4.56,2.04
2003-05-30,1.33,3.37,4.59,2.04
2003-06-02,1.33,3.43,4.64,2.10
2003-06-03,1.20,3.34,4.59,2.14
2003-06-04,1.20,3.30,4.58,2.10
2003-06-05,1.25,3.34,4.63,2.09
2003-06-06,1.27,3.37,4.66,2.10
2003-06-09,1.19,3.29,4.60,2.10
2003-06-10,1.13,3.20,4.51,2.07
2003-06-11,1.16,3.21,4.49,2.05
2003-06-12,1.13,3.18,4.47,2.05
2003-06-13,1.10,3.13,4.42,2.03
2003-06-16,1.18,3.18,4.47,2.00
2003-06-17,1.25,3.27,4.55,2.02
2003-06-18,1.27,3.37,4.64,2.10
2003-06-19,1.17,3.35,4.66,2.18
2003-06-20,1.22,3.40,4.70,2.18
2003-06-23,1.17,3.32,4.64,2.15
2003-06-24,1.14,3.29,4.60,2.15
2003-06-25,1.30,3.38,4.69,2.08
2003-06-26,1.41,3.55,4.81,2.14
2003-06-27,1.38,3.58,4.83,2.20
2003-06-30,1.32,3.54,4.81,2.22
2003-07-01,1.30,3.56,4.86,2.26
2003-07-02,1.30,3.56,4.83,2.26
2003-07-03,1.32,3.67,4.93,2.35
2003-07-04,,,,
2003-07-07,1.36,3.74,4.98,2.38
2003-07-08,1.39,3.75,4.95,2.36
2003-07-09,1.37,3.73,4.93,2.36
2003-07-10,1.33,3.70,4.94,2.37
2003-07-11,1.29,3.66,4.94,2.37
2003-07-14,1.35,3.74,4.98,2.39
2003-07-15,1.45,3.94,5.12,2.49
2003-07-16,1.49,3.97,5.10,2.48
2003-07-17,1.47,3.98,5.08,2.51
2003-07-18,1.51,4.00,5.09,2.49
2003-07-21,1.61,4.19,5.25,2.58
2003-07-22,1.57,4.17,5.23,2.60
2003-07-23,1.54,4.12,5.20,2.58
2003-07-24,1.54,4.20,5.25,2.66
2003-07-25,1.52,4.22,5.31,2.70
2003-07-28,1.61,4.31,5.39,2.70
2003-07-29,1.67,4.42,5.46,2.75
2003-07-30,1.64,4.34,5.43,2.70
2003-07-31,1.80,4.49,5.56,2.69
2003-08-01,1.85,4.44,5.47,2.59
2003-08-04,1.71,4.35,5.47,2.64
2003-08-05,1.88,4.47,5.51,2.59
2003-08-06,1.78,4.32,5.42,2.54
2003-08-07,1.74,4.30,5.40,2.56
2003-08-08,1.72,4.27,5.40,2.55
2003-08-11,1.81,4.38,5.47,2.57
2003-08-12,1.71,4.37,5.49,2.66
2003-08-13,1.86,4.58,5.60,2.72
2003-08-14,1.86,4.55,5.57,2.69
2003-08-15,1.85,4.55,5.57,2.70
2003-08-18,1.87,4.49,5.50,2.62
2003-08-19,1.81,4.38,5.41,2.57
2003-08-20,1.84,4.45,5.42,2.61
2003-08-21,1.98,4.53,5.43,2.55
2003-08-22,1.97,4.48,5.40,2.51
2003-08-25,2.02,4.53,5.40,2.51
2003-08-26,1.96,4.50,5.39,2.54
2003-08-27,2.05,4.54,5.40,2.49
2003-08-28,1.93,4.42,5.34,2.49
2003-08-29,1.95,4.45,5.30,2.50
2003-09-01,,,,
2003-09-02,2.04,4.61,5.38,2.57
2003-09-03,2.02,4.60,5.41,2.58
2003-09-04,1.91,4.52,5.40,2.61
2003-09-05,1.72,4.35,5.32,2.63
2003-09-08,1.75,4.41,5.36,2.66
2003-09-09,1.71,4.37,5.36,2.66
2003-09-10,1.64,4.28,5.30,2.64
2003-09-11,1.71,4.35,5.35,2.64
2003-09-12,1.66,4.27,5.33,2.61
2003-09-15,1.63,4.28,5.35,2.65
2003-09-16,1.63,4.29,5.34,2.66
2003-09-17,1.63,4.20,5.26,2.57
2003-09-18,1.68,4.19,5.23,2.51
2003-09-19,1.70,4.17,5.20,2.47
2003-09-22,1.70,4.26,5.28,2.56
2003-09-23,1.68,4.24,5.24,2.56
2003-09-24,1.66,4.16,5.17,2.50
2003-09-25,1.65,4.12,5.17,2.47
2003-09-26,1.60,4.04,5.11,2.44
2003-09-29,1.61,4.09,5.16,2.48
2003-09-30,1.50,3.96,5.07,2.46
2003-10-01,1.47,3.96,5.05,2.49
2003-10-02,1.48,4.03,5.10,2.55
2003-10-03,1.65,4.21,5.23,2.56
2003-10-06,1.60,4.17,5.21,2.57
2003-10-07,1.67,4.27,5.29,2.60
2003-10-08,1.65,4.27,5.33,2.62
2003-10-09,1.69,4.32,5.35,2.63
2003-10-10,1.65,4.29,5.34,2.64
2003-10-13,,,,
2003-10-14,1.73,4.37,5.40,2.64
2003-10-15,1.79,4.43,5.41,2.64
2003-10-16,1.96,4.47,5.41,2.51
2003-10-17,1.90,4.41,5.37,2.51
2003-10-20,1.88,4.41,5.35,2.53
2003-10-21,1.89,4.38,5.33,2.49
2003-10-22,1.80,4.29,5.30,2.49
2003-10-23,1.84,4.34,5.36,2.50
2003-10-24,1.76,4.24,5.27,2.48
2003-10-27,1.83,4.30,5.30,2.47
2003-10-28,1.71,4.23,5.27,2.52
2003-10-29,1.79,4.31,5.32,2.52
2003-10-30,1.86,4.36,5.33,2.50
2003-10-31,1.85,4.33,5.28,2.48
2003-11-03,1.90,4.40,5.30,2.50
2003-11-04,1.86,4.33,5.27,2.47
2003-11-05,1.94,4.38,5.32,2.44
2003-11-06,2.01,4.45,5.37,2.44
2003-11-07,2.04,4.48,5.38,2.44
2003-11-10,2.06,4.49,5.39,2.43
2003-11-11,,,,
2003-11-12,2.05,4.44,5.34,2.39
2003-11-13,1.92,4.30,5.24,2.38
2003-11-14,1.84,4.22,5.21,2.38
2003-11-17,1.80,4.18,5.17,2.38
2003-11-18,1.83,4.17,5.15,2.34
2003-11-19,1.90,4.24,5.22,2.34
2003-11-20,1.83,4.16,5.16,2.33
2003-11-21,1.84,4.15,5.13,2.31
2003-11-24,1.94,4.23,5.19,2.29
2003-11-25,1.89,4.19,5.17,2.30
2003-11-26,1.97,4.25,5.20,2.28
2003-11-27,,,,
2003-11-28,2.06,4.34,5.23,2.28
2003-12-01,2.12,4.40,5.28,2.28
2003-12-02,2.07,4.38,5.25,2.31
2003-12-03,2.09,4.41,5.28,2.32
2003-12-04,2.06,4.38,5.27,2.32
2003-12-05,1.88,4.23,5.20,2.35
2003-12-08,1.94,4.29,5.26,2.35
2003-12-09,1.97,4.32,5.26,2.35
2003-12-10,1.94,4.30,5.28,2.36
2003-12-11,1.83,4.27,5.27,2.44
2003-12-12,1.84,4.26,5.23,2.42
2003-12-15,1.88,4.28,5.24,2.40
2003-12-16,1.83,4.24,5.23,2.41
2003-12-17,1.83,4.19,5.16,2.36
2003-12-18,1.85,4.16,5.10,2.31
2003-12-19,1.82,4.15,5.11,2.33
2003-12-22,1.84,4.18,5.13,2.34
2003-12-23,1.96,4.28,5.20,2.32
2003-12-24,1.83,4.20,5.15,2.37
2003-12-25,,,,
2003-12-26,1.82,4.17,5.15,2.35
2003-12-29,1.86,4.24,5.18,2.38
2003-12-30,1.86,4.29,5.23,2.43
2003-12-31,1.84,4.27,5.23,2.43
2004-01-01,,,,
2004-01-02,1.94,4.38,5.30,2.44
2004-01-05,1.95,4.41,5.28,2.46
2004-01-06,1.84,4.29,5.26,2.45
2004-01-07,1.84,4.27,5.22,2.43
2004-01-08,1.85,4.27,5.20,2.42
2004-01-09,1.68,4.11,5.14,2.43
2004-01-12,1.68,4.11,5.12,2.43
2004-01-13,1.63,4.05,5.11,2.42
2004-01-14,1.65,4.01,5.06,2.36
2004-01-15,1.67,3.99,5.03,2.32
2004-01-16,1.70,4.04,5.04,2.34
2004-01-19,,,,
2004-01-20,1.69,4.08,5.09,2.39
2004-01-21,1.69,4.05,5.06,2.36
2004-01-22,1.66,3.99,5.02,2.33
2004-01-23,1.71,4.09,5.08,2.38
2004-01-26,1.75,4.16,5.14,2.41
2004-01-27,1.70,4.11,5.09,2.41
2004-01-28,1.87,4.22,5.14,2.35
2004-01-29,1.88,4.22,5.13,2.34
2004-01-30,1.84,4.16,5.11,2.32
2004-02-02,1.83,4.18,5.13,2.35
2004-02-03,1.78,4.13,5.11,2.35
2004-02-04,1.80,4.15,5.11,2.35
2004-02-05,1.85,4.20,5.13,2.35
2004-02-06,1.77,4.12,5.08,2.35
2004-02-09,1.76,4.09,5.06,2.33
2004-02-10,1.82,4.13,5.08,2.31
2004-02-11,1.73,4.05,5.06,2.32
2004-02-12,1.75,4.10,5.10,2.35
2004-02-13,1.70,4.05,5.08,2.35
2004-02-16,,,,
2004-02-17,1.70,4.05,5.07,2.35
2004-02-18,1.72,4.05,5.07,2.33
2004-02-19,1.70,4.05,5.04,2.35
2004-02-20,1.75,4.10,5.09,2.35
2004-02-23,1.69,4.05,5.11,2.36
2004-02-24,1.69,4.04,5.06,2.35
2004-02-25,1.67,4.02,5.02,2.35
2004-02-26,1.69,4.05,5.05,2.36
2004-02-27,1.66,3.99,5.01,2.33
2004-03-01,1.67,4.00,4.99,2.33
2004-03-02,1.74,4.05,5.06,2.31
2004-03-03,1.74,4.07,5.02,2.33
2004-03-04,1.73,4.04,4.99,2.31
2004-03-05,1.57,3.85,4.91,2.28
2004-03-08,1.52,3.78,4.87,2.26
2004-03-09,1.51,3.73,4.85,2.22
2004-03-10,1.54,3.74,4.83,2.20
2004-03-11,1.52,3.74,4.87,2.22
2004-03-12,1.54,3.78,4.89,2.24
2004-03-15,1.56,3.78,4.88,2.22
2004-03-16,1.51,3.70,4.82,2.19
2004-03-17,1.53,3.71,4.83,2.18
2004-03-18,1.55,3.76,4.87,2.21
2004-03-19,1.56,3.80,4.89,2.24
2004-03-22,1.52,3.74,4.84,2.22
2004-03-23,1.52,3.73,4.83,2.21
2004-03-24,1.50,3.73,4.83,2.23
2004-03-25,1.51,3.75,4.86,2.24
2004-03-26,1.59,3.85,4.91,2.26
2004-03-29,1.63,3.91,4.96,2.28
2004-03-30,1.63,3.91,4.96,2.28
2004-03-31,1.60,3.86,4.93,2.26
2004-04-01,1.65,3.91,5.01,2.26
2004-04-02,1.86,4.15,5.13,2.29
2004-04-05,1.91,4.24,5.18,2.33
2004-04-06,1.86,4.19,5.17,2.33
2004-04-07,1.87,4.19,5.18,2.32
2004-04-08,1.88,4.21,5.17,2.33
2004-04-09,,,,
2004-04-12,1.91,4.25,5.19,2.34
2004-04-13,2.01,4.35,5.25,2.34
2004-04-14,2.13,4.40,5.26,2.27
2004-04-15,2.10,4.42,5.33,2.32
2004-04-16,2.03,4.37,5.31,2.34
2004-04-19,2.07,4.39,5.33,2.32
2004-04-20,2.11,4.43,5.35,2.32
2004-04-21,2.22,4.45,5.36,2.23
2004-04-22,2.15,4.40,5.33,2.25
2004-04-23,2.29,4.48,5.38,2.19
2004-04-26,2.28,4.46,5.36,2.18
2004-04-27,2.21,4.43,5.35,2.22
2004-04-28,2.30,4.50,5.39,2.20
2004-04-29,2.34,4.55,5.41,2.21
2004-04-30,2.31,4.53,5.39,2.22
2004-05-03,2.34,4.53,5.41,2.19
2004-05-04,2.32,4.56,5.45,2.24
2004-05-05,2.34,4.61,5.46,2.27
2004-05-06,2.39,4.63,5.46,2.24
2004-05-07,2.64,4.79,5.53,2.15
2004-05-10,2.61,4.81,5.54,2.20
2004-05-11,2.61,4.79,5.53,2.18
2004-05-12,2.62,4.83,5.57,2.21
2004-05-13,2.67,4.85,5.61,2.18
2004-05-14,2.59,4.79,5.59,2.20
2004-05-17,2.51,4.70,5.52,2.19
2004-05-18,2.58,4.74,5.56,2.16
2004-05-19,2.61,4.79,5.57,2.18
2004-05-20,2.55,4.72,5.52,2.17
2004-05-21,2.60,4.76,5.53,2.16
2004-05-24,2.59,4.75,5.53,2.16
2004-05-25,2.58,4.73,5.50,2.15
2004-05-26,2.52,4.67,5.46,2.15
2004-05-27,2.46,4.60,5.45,2.14
2004-05-28,2.54,4.66,5.42,2.12
2004-05-31,,,,
2004-06-01,2.60,4.71,5.48,2.11
2004-06-02,2.65,4.74,5.50,2.09
2004-06-03,2.63,4.71,5.49,2.08
2004-06-04,2.70,4.78,5.54,2.08
2004-06-07,2.67,4.78,5.50,2.11
2004-06-08,2.73,4.78,5.53,2.05
2004-06-09,2.79,4.82,5.53,2.03
2004-06-10,2.81,4.81,5.51,2.00
2004-06-11,,,,
2004-06-14,2.97,4.89,5.58,1.92
2004-06-15,2.77,4.69,5.45,1.92
2004-06-16,2.84,4.74,5.45,1.90
2004-06-17,2.81,4.71,5.41,1.90
2004-06-18,2.81,4.72,5.46,1.91
2004-06-21,2.80,4.70,5.45,1.90
2004-06-22,2.80,4.72,5.47,1.92
2004-06-23,2.78,4.71,5.45,1.93
2004-06-24,2.74,4.66,5.44,1.92
2004-06-25,2.74,4.66,5.41,1.92
2004-06-28,2.86,4.76,5.49,1.90
2004-06-29,2.83,4.70,5.44,1.87
2004-06-30,2.70,4.62,5.41,1.92
2004-07-01,2.64,4.57,5.35,1.93
2004-07-02,2.54,4.48,5.30,1.94
2004-07-05,,,,
2004-07-06,2.56,4.49,5.32,1.93
2004-07-07,2.56,4.50,5.32,1.94
2004-07-08,2.55,4.49,5.32,1.94
2004-07-09,2.55,4.49,5.31,1.94
2004-07-12,2.53,4.46,5.26,1.93
2004-07-13,2.58,4.50,5.29,1.92
2004-07-14,2.62,4.50,5.32,1.88
2004-07-15,2.64,4.50,5.28,1.86
2004-07-16,2.54,4.38,5.22,1.84
2004-07-19,2.56,4.38,5.22,1.82
2004-07-20,2.67,4.47,5.25,1.80
2004-07-21,2.71,4.50,5.31,1.79
2004-07-22,2.69,4.48,5.30,1.79
2004-07-23,2.69,4.45,5.27,1.76
2004-07-26,2.75,4.49,5.27,1.74
2004-07-27,2.82,4.62,5.42,1.80
2004-07-28,2.78,4.61,5.42,1.83
2004-07-29,2.75,4.60,5.37,1.85
2004-07-30,2.68,4.50,5.31,1.82
2004-08-02,2.66,4.48,5.26,1.82
2004-08-03,2.66,4.45,5.24,1.79
2004-08-04,2.66,4.45,5.24,1.79
2004-08-05,2.64,4.43,5.22,1.79
2004-08-06,2.40,4.24,5.13,1.84
2004-08-09,2.45,4.28,5.15,1.83
2004-08-10,2.55,4.32,5.17,1.77
2004-08-11,2.54,4.30,5.16,1.76
2004-08-12,2.52,4.27,5.17,1.75
2004-08-13,2.47,4.22,5.11,1.75
2004-08-16,2.51,4.26,5.13,1.75
2004-08-17,2.44,4.21,5.13,1.77
2004-08-18,2.44,4.23,5.11,1.79
2004-08-19,2.43,4.22,5.14,1.79
2004-08-20,2.46,4.24,5.14,1.78
2004-08-23,2.50,4.28,5.15,1.78
2004-08-24,2.50,4.28,5.15,1.78
2004-08-25,2.51,4.26,5.13,1.75
2004-08-26,2.48,4.22,5.10,1.74
2004-08-27,2.48,4.23,5.10,1.75
2004-08-30,2.47,4.19,5.07,1.72
2004-08-31,2.41,4.13,5.01,1.72
2004-09-01,2.41,4.13,5.01,1.72
2004-09-02,2.46,4.20,5.07,1.74
2004-09-03,2.61,4.30,5.14,1.69
2004-09-06,,,,
2004-09-07,2.58,4.26,5.10,1.68
2004-09-08,2.50,4.18,5.04,1.68
2004-09-09,2.50,4.22,5.07,1.72
2004-09-10,2.50,4.19,5.05,1.69
2004-09-13,2.50,4.16,5.02,1.66
2004-09-14,2.47,4.15,5.01,1.68
2004-09-15,2.51,4.18,5.04,1.67
2004-09-16,2.44,4.08,4.95,1.64
2004-09-17,2.53,4.14,4.99,1.61
2004-09-20,2.46,4.07,4.94,1.61
2004-09-21,2.49,4.05,4.94,1.56
2004-09-22,2.50,4.00,4.88,1.50
2004-09-23,2.57,4.02,4.86,1.45
2004-09-24,2.62,4.04,4.87,1.42
2004-09-27,2.59,4.01,4.84,1.42
2004-09-28,2.55,4.02,4.90,1.47
2004-09-29,2.61,4.10,4.97,1.49
2004-09-30,2.63,4.14,4.97,1.51
2004-10-01,2.63,4.21,5.06,1.58
2004-10-04,2.65,4.19,5.04,1.54
2004-10-05,2.65,4.18,5.04,1.53
2004-10-06,2.70,4.23,5.04,1.53
2004-10-07,2.72,4.26,5.08,1.54
2004-10-08,2.61,4.15,4.98,1.54
2004-10-11,,,,
2004-10-12,2.56,4.12,4.95,1.56
2004-10-13,2.53,4.09,4.98,1.56
2004-10-14,2.48,4.03,4.93,1.55
2004-10-15,2.53,4.07,4.92,1.54
2004-10-18,2.55,4.07,4.92,1.52
2004-10-19,2.57,4.07,4.91,1.50
2004-10-20,2.53,4.01,4.85,1.48
2004-10-21,2.57,4.01,4.84,1.44
2004-10-22,2.55,4.00,4.87,1.45
2004-10-25,2.54,3.99,4.86,1.45
2004-10-26,2.54,4.01,4.87,1.47
2004-10-27,2.63,4.11,4.96,1.48
2004-10-28,2.59,4.09,4.91,1.50
2004-10-29,2.56,4.05,4.87,1.49
2004-11-01,2.61,4.11,4.92,1.50
2004-11-02,2.60,4.10,4.91,1.50
2004-11-03,2.60,4.09,4.90,1.49
2004-11-04,2.63,4.10,4.89,1.47
2004-11-05,2.80,4.21,4.99,1.41
2004-11-08,2.80,4.22,4.98,1.42
2004-11-09,2.80,4.22,5.02,1.42
2004-11-10,2.82,4.25,5.05,1.43
2004-11-11,,,,
2004-11-12,2.86,4.20,4.96,1.34
2004-11-15,2.89,4.20,4.98,1.31
2004-11-16,2.91,4.21,4.96,1.30
2004-11-17,2.85,4.14,4.89,1.29
2004-11-18,2.86,4.12,4.86,1.26
2004-11-19,2.95,4.20,4.93,1.25
2004-11-22,2.95,4.18,4.89,1.23
2004-11-23,2.98,4.19,4.89,1.21
2004-11-24,3.01,4.20,4.89,1.19
2004-11-25,,,,
2004-11-26,3.03,4.24,4.94,1.21
2004-11-29,3.07,4.34,5.03,1.27
2004-11-30,3.02,4.36,5.07,1.34
2004-12-01,3.01,4.38,5.08,1.37
2004-12-02,3.04,4.40,5.11,1.36
2004-12-03,2.94,4.27,4.99,1.33
2004-12-06,2.93,4.24,4.96,1.31
2004-12-07,2.95,4.23,4.95,1.28
2004-12-08,2.91,4.14,4.84,1.23
2004-12-09,2.93,4.19,4.88,1.26
2004-12-10,2.95,4.16,4.87,1.21
2004-12-13,2.98,4.16,4.85,1.18
2004-12-14,2.99,4.14,4.83,1.15
2004-12-15,2.97,4.09,4.76,1.12
2004-12-16,3.01,4.19,4.88,1.18
2004-12-17,3.03,4.21,4.89,1.18
2004-12-20,3.06,4.21,4.88,1.15
2004-12-21,3.05,4.18,4.83,1.13
2004-12-22,3.04,4.21,4.86,1.17
2004-12-23,3.02,4.23,4.90,1.21
2004-12-24,,,,
2004-12-27,3.07,4.30,4.97,1.23
2004-12-28,3.08,4.31,4.95,1.23
2004-12-29,3.12,4.33,4.97,1.21
2004-12-30,3.10,4.27,4.94,1.17
2004-12-31,3.08,4.24,4.86,1.16
2005-01-03,3.10,4.23,4.85,1.13
2005-01-04,3.20,4.29,4.91,1.09
2005-01-05,3.22,4.29,4.88,1.07
2005-01-06,3.18,4.29,4.89,1.11
2005-01-07,3.20,4.29,4.88,1.09
2005-01-10,3.23,4.29,4.86,1.06
2005-01-11,3.24,4.26,4.84,1.02
2005-01-12,3.22,4.25,4.80,1.03
2005-01-13,3.21,4.20,4.77,0.99
2005-01-14,3.24,4.23,4.78,0.99
2005-01-17,,,,
2005-01-18,3.26,4.21,4.72,0.95
2005-01-19,3.26,4.20,4.70,0.94
2005-01-20,3.21,4.17,4.71,0.96
2005-01-21,3.16,4.16,4.70,1.00
2005-01-24,3.20,4.14,4.63,0.94
2005-01-25,3.23,4.20,4.71,0.97
2005-01-26,3.27,4.21,4.70,0.94
2005-01-27,3.28,4.22,4.71,0.94
2005-01-28,3.25,4.16,4.64,0.91
2005-01-31,3.29,4.14,4.62,0.85
2005-02-01,3.29,4.15,4.63,0.86
2005-02-02,3.32,4.15,4.61,0.83
2005-02-03,3.34,4.18,4.58,0.84
2005-02-04,3.29,4.09,4.48,0.80
2005-02-07,3.31,4.07,4.43,0.76
2005-02-08,3.33,4.05,4.39,0.72
2005-02-09,3.24,4.00,4.40,0.76
2005-02-10,3.29,4.07,4.50,0.78
2005-02-11,3.34,4.10,4.52,0.76
2005-02-14,3.38,4.08,4.45,0.70
2005-02-15,3.37,4.10,4.48,0.73
2005-02-16,3.41,4.16,4.53,0.75
2005-02-17,3.38,4.19,4.58,0.81
2005-02-18,3.45,4.27,4.65,0.82
2005-02-21,,,,
2005-02-22,3.46,4.29,4.71,0.83
2005-02-23,3.46,4.27,4.69,0.81
2005-02-24,3.52,4.29,4.67,0.77
2005-02-25,3.54,4.27,4.61,0.73
2005-02-28,3.59,4.36,4.71,0.77
2005-03-01,3.59,4.38,4.69,0.79
2005-03-02,3.57,4.38,4.71,0.81
2005-03-03,3.59,4.39,4.71,0.80
2005-03-04,3.57,4.32,4.66,0.75
2005-03-07,3.61,4.31,4.63,0.70
2005-03-08,3.62,4.38,4.67,0.76
2005-03-09,3.66,4.52,4.84,0.86
2005-03-10,3.68,4.48,4.74,0.80
2005-03-11,3.73,4.56,4.80,0.83
2005-03-14,3.75,4.52,4.77,0.77
2005-03-15,3.75,4.54,4.80,0.79
2005-03-16,3.72,4.52,4.78,0.80
2005-03-17,3.70,4.47,4.75,0.77
2005-03-18,3.72,4.51,4.80,0.79
2005-03-21,3.72,4.53,4.85,0.81
2005-03-22,3.86,4.63,4.88,0.77
2005-03-23,3.84,4.61,4.86,0.77
2005-03-24,3.88,4.60,4.84,0.72
2005-03-25,,,,
2005-03-28,3.90,4.64,4.88,0.74
2005-03-29,3.87,4.60,4.85,0.73
2005-03-30,3.86,4.56,4.77,0.70
2005-03-31,3.80,4.50,4.76,0.70
2005-04-01,3.75,4.46,4.72,0.71
2005-04-04,3.74,4.47,4.73,0.73
2005-04-05,3.75,4.48,4.75,0.73
2005-04-06,3.70,4.44,4.73,0.74
2005-04-07,3.72,4.49,4.78,0.77
2005-04-08,3.77,4.50,4.77,0.73
2005-04-11,3.75,4.45,4.73,0.70
2005-04-12,3.71,4.38,4.66,0.67
2005-04-13,3.66,4.38,4.68,0.72
2005-04-14,3.60,4.37,4.73,0.77
2005-04-15,3.54,4.27,4.66,0.73
2005-04-18,3.55,4.27,4.62,0.72
2005-04-19,3.50,4.21,4.53,0.71
2005-04-20,3.52,4.22,4.59,0.70
2005-04-21,3.65,4.32,4.62,0.67
2005-04-22,3.62,4.26,4.60,0.64
2005-04-25,3.64,4.26,4.54,0.62
2005-04-26,3.67,4.28,4.59,0.61
2005-04-27,3.64,4.25,4.57,0.61
2005-04-28,3.59,4.19,4.52,0.60
2005-04-29,3.66,4.21,4.53,0.55
2005-05-02,3.64,4.21,4.53,0.57
2005-05-03,3.68,4.21,4.49,0.53
2005-05-04,3.63,4.20,4.60,0.57
2005-05-05,3.58,4.19,4.60,0.61
2005-05-06,3.73,4.28,4.62,0.55
2005-05-09,3.76,4.29,4.64,0.53
2005-05-10,3.69,4.23,4.60,0.54
2005-05-11,3.68,4.21,4.54,0.53
2005-05-12,3.66,4.18,4.54,0.52
2005-05-13,3.61,4.12,4.48,0.51
2005-05-16,3.61,4.13,4.49,0.52
2005-05-17,3.61,4.12,4.47,0.51
2005-05-18,3.56,4.07,4.42,0.51
2005-05-19,3.64,4.11,4.44,0.47
2005-05-20,3.69,4.13,4.44,0.44
2005-05-23,3.65,4.07,4.38,0.42
2005-05-24,3.61,4.04,4.35,0.43
2005-05-25,3.61,4.08,4.40,0.47
2005-05-26,3.64,4.08,4.45,0.44
2005-05-27,3.64,4.08,4.45,0.44
2005-05-30,,,,
2005-05-31,3.60,4.00,4.36,0.40
2005-06-01,3.50,3.91,4.27,0.41
2005-06-02,3.52,3.89,4.20,0.37
2005-06-03,3.57,3.98,4.26,0.41
2005-06-06,3.59,3.96,4.23,0.37
2005-06-07,3.57,3.92,4.18,0.35
2005-06-08,3.60,3.95,4.24,0.35
2005-06-09,3.64,3.98,4.23,0.34
2005-06-10,3.71,4.05,4.30,0.34
2005-06-13,3.71,4.09,4.39,0.38
2005-06-14,3.71,4.13,4.41,0.42
2005-06-15,3.72,4.12,4.44,0.40
2005-06-16,3.70,4.09,4.36,0.39
2005-06-17,3.72,4.09,4.35,0.37
2005-06-20,3.72,4.11,4.34,0.39
2005-06-21,3.71,4.06,4.32,0.35
2005-06-22,3.62,3.95,4.23,0.33
2005-06-23,3.63,3.96,4.27,0.33
2005-06-24,3.59,3.92,4.23,0.33
2005-06-27,3.60,3.90,4.25,0.30
2005-06-28,3.65,3.97,4.22,0.32
2005-06-29,3.65,3.99,4.24,0.34
2005-06-30,3.66,3.94,4.19,0.28
2005-07-01,3.76,4.06,4.28,0.30
2005-07-04,,,,
2005-07-05,3.79,4.11,4.34,0.32
2005-07-06,3.77,4.08,4.31,0.31
2005-07-07,3.71,4.05,4.28,0.34
2005-07-08,3.78,4.11,4.33,0.33
2005-07-11,3.81,4.11,4.30,0.30
2005-07-12,3.82,4.15,4.36,0.33
2005-07-13,3.84,4.17,4.38,0.33
2005-07-14,3.86,4.19,4.40,0.33
2005-07-15,3.86,4.18,4.39,0.32
2005-07-18,3.89,4.22,4.44,0.33
2005-07-19,3.88,4.20,4.41,0.32
2005-07-20,3.90,4.17,4.37,0.27
2005-07-21,3.96,4.28,4.48,0.32
2005-07-22,3.92,4.23,4.39,0.31
2005-07-25,3.95,4.25,4.44,0.30
2005-07-26,3.95,4.24,4.44,0.29
2005-07-27,3.99,4.27,4.42,0.28
2005-07-28,3.96,4.20,4.38,0.24
2005-07-29,4.02,4.28,4.42,0.26
2005-08-01,4.04,4.32,4.46,0.28
2005-08-02,4.06,4.34,4.52,0.28
2005-08-03,4.02,4.30,4.48,0.28
2005-08-04,4.04,4.32,4.50,0.28
2005-08-05,4.11,4.40,4.56,0.29
2005-08-08,4.16,4.42,4.58,0.26
2005-08-09,4.13,4.41,4.56,0.28
2005-08-10,4.13,4.40,4.56,0.27
2005-08-11,4.10,4.32,4.51,0.22
2005-08-12,4.05,4.24,4.42,0.19
2005-08-15,4.08,4.27,4.45,0.19
2005-08-16,4.03,4.23,4.41,0.20
2005-08-17,4.07,4.28,4.49,0.21
2005-08-18,4.01,4.21,4.40,0.20
2005-08-19,4.03,4.21,4.40,0.18
2005-08-22,4.03,4.22,4.40,0.19
2005-08-23,4.01,4.20,4.39,0.19
2005-08-24,3.99,4.19,4.38,0.20
2005-08-25,4.00,4.18,4.37,0.18
2005-08-26,4.06,4.20,4.38,0.14
2005-08-29,4.06,4.20,4.37,0.14
2005-08-30,3.97,4.16,4.34,0.19
2005-08-31,3.84,4.02,4.23,0.18
2005-09-01,3.72,4.02,4.28,0.30
2005-09-02,3.75,4.03,4.26,0.28
2005-09-05,,,,
2005-09-06,3.80,4.09,4.36,0.29
2005-09-07,3.87,4.15,4.43,0.28
2005-09-08,3.87,4.15,4.43,0.28
2005-09-09,3.88,4.14,4.36,0.26
2005-09-12,3.92,4.18,4.45,0.26
2005-09-13,3.88,4.14,4.38,0.26
2005-09-14,3.90,4.17,4.41,0.27
2005-09-15,3.90,4.22,4.51,0.32
2005-09-16,3.97,4.26,4.56,0.29
2005-09-19,3.93,4.25,4.55,0.32
2005-09-20,4.00,4.26,4.49,0.26
2005-09-21,3.96,4.19,4.47,0.23
2005-09-22,3.95,4.19,4.47,0.24
2005-09-23,4.02,4.25,4.47,0.23
2005-09-26,4.07,4.30,4.56,0.23
2005-09-27,4.08,4.30,4.56,0.22
2005-09-28,4.09,4.26,4.46,0.17
2005-09-29,4.13,4.29,4.50,0.16
2005-09-30,4.18,4.34,4.53,0.16
2005-10-03,4.21,4.39,4.58,0.18
2005-10-04,4.22,4.38,4.61,0.16
2005-10-05,4.21,4.36,4.54,0.15
2005-10-06,4.20,4.37,4.55,0.17
2005-10-07,4.18,4.35,4.53,0.17
2005-10-10,,,,
2005-10-11,4.22,4.39,4.56,0.17
2005-10-12,4.24,4.45,4.62,0.21
2005-10-13,4.24,4.48,4.66,0.24
2005-10-14,4.27,4.48,4.67,0.21
2005-10-17,4.29,4.50,4.68,0.21
2005-10-18,4.27,4.49,4.64,0.22
2005-10-19,4.25,4.47,4.66,0.22
2005-10-20,4.27,4.46,4.62,0.19
2005-10-21,4.22,4.39,4.58,0.17
2005-10-24,4.25,4.45,4.63,0.20
2005-10-25,4.34,4.54,4.70,0.20
2005-10-26,4.38,4.60,4.77,0.22
2005-10-27,4.36,4.57,4.74,0.21
2005-10-28,4.40,4.58,4.74,0.18
2005-10-31,4.40,4.57,4.73,0.17
2005-11-01,4.42,4.58,4.74,0.16
2005-11-02,4.43,4.61,4.74,0.18
2005-11-03,4.47,4.65,4.79,0.18
2005-11-04,4.47,4.66,4.84,0.19
2005-11-07,4.47,4.65,4.82,0.18
2005-11-08,4.43,4.57,4.75,0.14
2005-11-09,4.49,4.64,4.78,0.15
2005-11-10,4.44,4.55,4.74,0.11
2005-11-11,,,,
2005-11-14,4.50,4.61,4.75,0.11
2005-11-15,4.47,4.56,4.70,0.09
2005-11-16,4.42,4.49,4.63,0.07
2005-11-17,4.37,4.46,4.60,0.09
2005-11-18,4.40,4.50,4.68,0.10
2005-11-21,4.39,4.46,4.62,0.07
2005-11-22,4.32,4.43,4.65,0.11
2005-11-23,4.36,4.47,4.70,0.11
2005-11-24,,,,
2005-11-25,4.33,4.43,4.66,0.10
2005-11-28,4.33,4.41,4.58,0.08
2005-11-29,4.40,4.48,4.65,0.08
2005-11-30,4.42,4.49,4.66,0.07
2005-12-01,4.45,4.52,4.68,0.07
2005-12-02,4.43,4.52,4.68,0.09
2005-12-05,4.47,4.57,4.72,0.10
2005-12-06,4.42,4.49,4.68,0.07
2005-12-07,4.42,4.52,4.67,0.10
2005-12-08,4.37,4.47,4.62,0.10
2005-12-09,4.43,4.54,4.72,0.11
2005-12-12,4.45,4.56,4.69,0.11
2005-12-13,4.43,4.54,4.68,0.11
2005-12-14,4.37,4.45,4.63,0.08
2005-12-15,4.37,4.47,4.62,0.10
2005-12-16,4.37,4.45,4.63,0.08
2005-12-19,4.38,4.45,4.62,0.07
2005-12-20,4.42,4.47,4.63,0.05
2005-12-21,4.43,4.49,4.65,0.06
2005-12-22,4.40,4.44,4.59,0.04
2005-12-23,4.37,4.38,4.52,0.01
2005-12-26,,,,
2005-12-27,4.35,4.34,4.48,-0.01
2005-12-28,4.37,4.38,4.51,0.01
2005-12-29,4.38,4.37,4.49,-0.01
2005-12-30,4.41,4.39,4.51,-0.02
2006-01-02,,,,
2006-01-03,4.34,4.37,4.52,0.03
2006-01-04,4.31,4.36,4.55,0.05
2006-01-05,4.32,4.36,4.51,0.04
2006-01-06,4.36,4.38,4.53,0.02
2006-01-09,4.36,4.38,4.53,0.02
2006-01-10,4.41,4.43,4.62,0.02
2006-01-11,4.44,4.46,4.61,0.02
2006-01-12,4.39,4.42,4.56,0.03
2006-01-13,4.34,4.36,4.49,0.02
2006-01-16,,,,
2006-01-17,4.33,4.34,4.52,0.01
2006-01-18,4.33,4.34,4.53,0.01
2006-01-19,4.37,4.38,4.51,0.01
2006-01-20,4.37,4.37,4.54,0.00
2006-01-23,4.35,4.36,4.54,0.01
2006-01-24,4.37,4.40,4.53,0.03
2006-01-25,4.46,4.49,4.62,0.03
2006-01-26,4.49,4.53,4.66,0.04
2006-01-27,4.51,4.52,4.70,0.01
2006-01-30,4.52,4.54,4.67,0.02
2006-01-31,4.54,4.53,4.69,-0.01
2006-02-01,4.59,4.57,4.69,-0.02
2006-02-02,4.59,4.57,4.68,-0.02
2006-02-03,4.59,4.54,4.64,-0.05
2006-02-06,4.62,4.55,4.61,-0.07
2006-02-07,4.61,4.57,4.64,-0.04
2006-02-08,4.64,4.56,4.67,-0.08
2006-02-09,4.66,4.54,4.51,-0.12
2006-02-10,4.69,4.59,4.55,-0.10
2006-02-13,4.68,4.58,4.56,-0.10
2006-02-14,4.69,4.62,4.60,-0.07
2006-02-15,4.71,4.61,4.58,-0.10
2006-02-16,4.69,4.59,4.57,-0.10
2006-02-17,4.66,4.54,4.51,-0.12
2006-02-20,,,,
2006-02-21,4.71,4.57,4.53,-0.14
2006-02-22,4.68,4.53,4.48,-0.15
2006-02-23,4.72,4.56,4.51,-0.16
2006-02-24,4.74,4.58,4.52,-0.16
2006-02-27,4.74,4.59,4.55,-0.15
2006-02-28,4.69,4.55,4.51,-0.14
2006-03-01,4.71,4.59,4.56,-0.12
2006-03-02,4.72,4.64,4.62,-0.08
2006-03-03,4.76,4.68,4.66,-0.08
2006-03-06,4.77,4.74,4.72,-0.03
2006-03-07,4.77,4.74,4.72,-0.03
2006-03-08,4.72,4.73,4.72,0.01
2006-03-09,4.72,4.74,4.72,0.02
2006-03-10,4.74,4.76,4.74,0.02
2006-03-13,4.74,4.77,4.77,0.03
2006-03-14,4.66,4.71,4.71,0.05
2006-03-15,4.69,4.73,4.75,0.04
2006-03-16,4.62,4.65,4.70,0.03
2006-03-17,4.65,4.68,4.72,0.03
2006-03-20,4.65,4.66,4.70,0.01
2006-03-21,4.72,4.71,4.74,-0.01
2006-03-22,4.74,4.70,4.73,-0.04
2006-03-23,4.77,4.73,4.75,-0.04
2006-03-24,4.72,4.67,4.70,-0.05
2006-03-27,4.72,4.70,4.73,-0.02
2006-03-28,4.81,4.79,4.80,-0.02
2006-03-29,4.82,4.81,4.84,-0.01
2006-03-30,4.84,4.86,4.89,0.02
2006-03-31,4.82,4.86,4.90,0.04
2006-04-03,4.86,4.88,4.90,0.02
2006-04-04,4.84,4.87,4.91,0.03
2006-04-05,4.81,4.84,4.90,0.03
2006-04-06,4.84,4.90,4.96,0.06
2006-04-07,4.89,4.97,5.04,0.08
2006-04-10,4.89,4.97,5.04,0.08
2006-04-11,4.88,4.93,5.00,0.05
2006-04-12,4.91,4.98,5.05,0.07
2006-04-13,4.96,5.05,5.11,0.09
2006-04-14,,,,
2006-04-17,4.91,5.01,5.08,0.10
2006-04-18,4.84,4.99,5.07,0.15
2006-04-19,4.86,5.04,5.13,0.18
2006-04-20,4.89,5.04,5.14,0.15
2006-04-21,4.90,5.01,5.10,0.11
2006-04-24,4.89,4.99,5.07,0.10
2006-04-25,4.95,5.07,5.16,0.12
2006-04-26,4.99,5.12,5.18,0.13
2006-04-27,4.91,5.09,5.18,0.18
2006-04-28,4.87,5.07,5.17,0.20
2006-05-01,4.94,5.14,5.23,0.20
2006-05-02,4.92,5.12,5.20,0.20
2006-05-03,4.94,5.15,5.24,0.21
2006-05-04,4.97,5.16,5.23,0.19
2006-05-05,4.94,5.12,5.20,0.18
2006-05-08,4.97,5.12,5.19,0.15
2006-05-09,4.97,5.13,5.20,0.16
2006-05-10,5.01,5.13,5.19,0.12
2006-05-11,4.99,5.14,5.23,0.15
2006-05-12,5.01,5.19,5.29,0.18
2006-05-15,4.99,5.15,5.26,0.16
2006-05-16,4.96,5.10,5.22,0.14
2006-05-17,4.97,5.16,5.28,0.19
2006-05-18,4.94,5.08,5.18,0.14
2006-05-19,4.96,5.05,5.14,0.09
2006-05-22,4.94,5.04,5.13,0.10
2006-05-23,4.97,5.07,5.16,0.10
2006-05-24,4.94,5.03,5.13,0.09
2006-05-25,4.98,5.07,5.17,0.09
2006-05-26,4.96,5.06,5.16,0.10
2006-05-29,,,,
2006-05-30,4.99,5.09,5.19,0.10
2006-05-31,5.04,5.12,5.21,0.08
2006-06-01,5.04,5.11,5.20,0.07
2006-06-02,4.92,5.00,5.10,0.08
2006-06-05,4.99,5.02,5.10,0.03
2006-06-06,4.99,5.01,5.08,0.02
2006-06-07,5.02,5.02,5.09,0.00
2006-06-08,5.01,5.00,5.06,-0.01
2006-06-09,5.01,4.98,5.03,-0.03
2006-06-12,5.02,4.99,5.03,-0.03
2006-06-13,5.02,4.97,5.01,-0.05
2006-06-14,5.11,5.05,5.09,-0.06
2006-06-15,5.14,5.10,5.13,-0.04
2006-06-16,5.16,5.13,5.17,-0.03
2006-06-19,5.19,5.14,5.18,-0.05
2006-06-20,5.19,5.15,5.19,-0.04
2006-06-21,5.20,5.16,5.19,-0.04
2006-06-22,5.23,5.20,5.23,-0.03
2006-06-23,5.27,5.23,5.26,-0.04
2006-06-26,5.27,5.25,5.28,-0.02
2006-06-27,5.24,5.21,5.24,-0.03
2006-06-28,5.29,5.25,5.28,-0.04
2006-06-29,5.21,5.22,5.26,0.01
2006-06-30,5.16,5.15,5.19,-0.01
2006-07-03,5.17,5.15,5.20,-0.02
2006-07-04,,,,
2006-07-05,5.24,5.23,5.27,-0.01
2006-07-06,5.22,5.19,5.23,-0.03
2006-07-07,5.17,5.14,5.18,-0.03
2006-07-10,5.17,5.13,5.17,-0.04
2006-07-11,5.17,5.10,5.14,-0.07
2006-07-12,5.17,5.10,5.14,-0.07
2006-07-13,5.12,5.08,5.12,-0.04
2006-07-14,5.08,5.07,5.11,-0.01
2006-07-17,5.12,5.07,5.10,-0.05
2006-07-18,5.19,5.13,5.16,-0.06
2006-07-19,5.12,5.06,5.10,-0.06
2006-07-20,5.06,5.03,5.08,-0.03
2006-07-21,5.08,5.05,5.10,-0.03
2006-07-24,5.10,5.05,5.11,-0.05
2006-07-25,5.11,5.07,5.13,-0.04
2006-07-26,5.06,5.04,5.10,-0.02
2006-07-27,5.07,5.07,5.11,0.00
2006-07-28,4.98,5.00,5.07,0.02
2006-07-31,4.97,4.99,5.07,0.02
2006-08-01,4.97,4.99,5.07,0.02
2006-08-02,4.97,4.96,5.05,-0.01
2006-08-03,4.98,4.96,5.04,-0.02
2006-08-04,4.91,4.91,5.00,0.00
2006-08-07,4.96,4.93,5.00,-0.03
2006-08-08,4.91,4.93,5.02,0.02
2006-08-09,4.91,4.92,5.05,0.01
2006-08-10,4.93,4.93,5.06,0.00
2006-08-11,4.96,4.97,5.09,0.01
2006-08-14,5.01,5.00,5.12,-0.01
2006-08-15,4.94,4.93,5.05,-0.01
2006-08-16,4.87,4.87,5.00,0.00
2006-08-17,4.89,4.87,5.00,-0.02
2006-08-18,4.87,4.84,4.97,-0.03
2006-08-21,4.85,4.82,4.96,-0.03
2006-08-22,4.87,4.82,4.95,-0.05
2006-08-23,4.87,4.82,4.95,-0.05
2006-08-24,4.88,4.81,4.94,-0.07
2006-08-25,4.86,4.79,4.93,-0.07
2006-08-28,4.88,4.80,4.94,-0.08
2006-08-29,4.87,4.79,4.93,-0.08
2006-08-30,4.83,4.76,4.91,-0.07
2006-08-31,4.79,4.74,4.88,-0.05
2006-09-01,4.77,4.73,4.87,-0.04
2006-09-04,,,,
2006-09-05,4.80,4.78,4.93,-0.02
2006-09-06,4.82,4.80,4.95,-0.02
2006-09-07,4.82,4.80,4.94,-0.02
2006-09-08,4.80,4.78,4.92,-0.02
2006-09-11,4.83,4.80,4.95,-0.03
2006-09-12,4.82,4.78,4.91,-0.04
2006-09-13,4.80,4.77,4.90,-0.03
2006-09-14,4.83,4.79,4.92,-0.04
2006-09-15,4.87,4.80,4.92,-0.07
2006-09-18,4.88,4.81,4.93,-0.07
2006-09-19,4.79,4.74,4.86,-0.05
2006-09-20,4.81,4.73,4.85,-0.08
2006-09-21,4.71,4.65,4.78,-0.06
2006-09-22,4.67,4.60,4.74,-0.07
2006-09-25,4.63,4.56,4.70,-0.07
2006-09-26,4.68,4.59,4.71,-0.09
2006-09-27,4.66,4.60,4.73,-0.06
2006-09-28,4.68,4.63,4.76,-0.05
2006-09-29,4.71,4.64,4.77,-0.07
2006-10-02,4.66,4.62,4.76,-0.04
2006-10-03,4.67,4.62,4.76,-0.05
2006-10-04,4.60,4.57,4.72,-0.03
2006-10-05,4.65,4.61,4.76,-0.04
2006-10-06,4.74,4.70,4.84,-0.04
2006-10-09,,,,
2006-10-10,4.82,4.75,4.88,-0.07
2006-10-11,4.85,4.78,4.91,-0.07
2006-10-12,4.85,4.79,4.91,-0.06
2006-10-13,4.87,4.81,4.94,-0.06
2006-10-16,4.85,4.79,4.92,-0.06
2006-10-17,4.83,4.78,4.91,-0.05
2006-10-18,4.85,4.77,4.89,-0.08
2006-10-19,4.85,4.79,4.91,-0.06
2006-10-20,4.87,4.79,4.91,-0.08
2006-10-23,4.90,4.83,4.95,-0.07
2006-10-24,4.91,4.83,4.95,-0.08
2006-10-25,4.88,4.78,4.89,-0.10
2006-10-26,4.81,4.73,4.84,-0.08
2006-10-27,4.76,4.68,4.80,-0.08
2006-10-30,4.78,4.68,4.78,-0.10
2006-10-31,4.71,4.61,4.72,-0.10
2006-11-01,4.66,4.57,4.68,-0.09
2006-11-02,4.67,4.60,4.72,-0.07
2006-11-03,4.82,4.72,4.81,-0.10
2006-11-06,4.82,4.71,4.79,-0.11
2006-11-07,4.77,4.66,4.76,-0.11
2006-11-08,4.75,4.64,4.73,-0.11
2006-11-09,4.75,4.62,4.73,-0.13
2006-11-10,4.73,4.59,4.69,-0.14
2006-11-13,4.76,4.61,4.71,-0.15
2006-11-14,4.74,4.57,4.66,-0.17
2006-11-15,4.80,4.61,4.69,-0.19
2006-11-16,4.85,4.66,4.74,-0.19
2006-11-17,4.76,4.61,4.69,-0.15
2006-11-20,4.76,4.60,4.68,-0.16
2006-11-21,4.75,4.58,4.66,-0.17
2006-11-22,4.74,4.57,4.65,-0.17
2006-11-23,,,,
2006-11-24,4.73,4.55,4.63,-0.18
2006-11-27,4.71,4.54,4.62,-0.17
2006-11-28,4.67,4.51,4.59,-0.16
2006-11-29,4.69,4.52,4.61,-0.17
2006-11-30,4.62,4.46,4.56,-0.16
2006-12-01,4.52,4.43,4.54,-0.09
2006-12-04,4.52,4.43,4.55,-0.09
2006-12-05,4.52,4.45,4.57,-0.07
2006-12-06,4.59,4.48,4.60,-0.11
2006-12-07,4.58,4.49,4.60,-0.09
2006-12-08,4.68,4.56,4.66,-0.12
2006-12-11,4.67,4.52,4.63,-0.15
2006-12-12,4.61,4.49,4.60,-0.12
2006-12-13,4.70,4.58,4.69,-0.12
2006-12-14,4.73,4.60,4.72,-0.13
2006-12-15,4.73,4.60,4.72,-0.13
2006-12-18,4.71,4.60,4.72,-0.11
2006-12-19,4.71,4.60,4.73,-0.11
2006-12-20,4.71,4.60,4.73,-0.11
2006-12-21,4.66,4.55,4.70,-0.11
2006-12-22,4.71,4.63,4.76,-0.08
2006-12-25,,,,
2006-12-26,4.71,4.61,4.73,-0.10
2006-12-27,4.77,4.66,4.78,-0.11
2006-12-28,4.82,4.70,4.81,-0.12
2006-12-29,4.82,4.71,4.81,-0.11
2007-01-01,,,,
2007-01-02,4.80,4.68,4.79,-0.12
2007-01-03,4.76,4.67,4.77,-0.09
2007-01-04,4.71,4.62,4.72,-0.09
2007-01-05,4.76,4.65,4.74,-0.11
2007-01-08,4.78,4.66,4.74,-0.12
2007-01-09,4.79,4.66,4.74,-0.13
2007-01-10,4.81,4.69,4.77,-0.12
2007-01-11,4.86,4.74,4.82,-0.12
2007-01-12,4.88,4.77,4.86,-0.11
2007-01-15,,,,
2007-01-16,4.86,4.75,4.85,-0.11
2007-01-17,4.91,4.79,4.88,-0.12
2007-01-18,4.89,4.75,4.85,-0.14
2007-01-19,4.93,4.78,4.87,-0.15
2007-01-22,4.91,4.76,4.84,-0.15
2007-01-23,4.94,4.81,4.90,-0.13
2007-01-24,4.93,4.81,4.91,-0.12
2007-01-25,4.98,4.87,4.96,-0.11
2007-01-26,4.99,4.88,4.98,-0.11
2007-01-29,4.99,4.90,4.99,-0.09
2007-01-30,4.98,4.88,4.98,-0.10
2007-01-31,4.94,4.83,4.93,-0.11
2007-02-01,4.96,4.84,4.93,-0.12
2007-02-02,4.94,4.83,4.93,-0.11
2007-02-05,4.92,4.81,4.91,-0.11
2007-02-06,4.90,4.77,4.87,-0.13
2007-02-07,4.87,4.74,4.86,-0.13
2007-02-08,4.87,4.73,4.81,-0.14
2007-02-09,4.92,4.79,4.87,-0.13
2007-02-12,4.94,4.80,4.88,-0.14
2007-02-13,4.95,4.82,4.90,-0.13
2007-02-14,4.87,4.74,4.83,-0.13
2007-02-15,4.83,4.70,4.81,-0.13
2007-02-16,4.83,4.69,4.79,-0.14
2007-02-19,,,,
2007-02-20,4.81,4.68,4.78,-0.13
2007-02-21,4.82,4.69,4.79,-0.13
2007-02-22,4.87,4.73,4.83,-0.14
2007-02-23,4.82,4.68,4.79,-0.14
2007-02-26,4.77,4.63,4.73,-0.14
2007-02-27,4.59,4.50,4.62,-0.09
2007-02-28,4.65,4.56,4.68,-0.09
2007-03-01,4.63,4.56,4.68,-0.07
2007-03-02,4.56,4.52,4.65,-0.04
2007-03-05,4.53,4.51,4.64,-0.02
2007-03-06,4.58,4.53,4.66,-0.05
2007-03-07,4.54,4.50,4.64,-0.04
2007-03-08,4.56,4.51,4.65,-0.05
2007-03-09,4.66,4.59,4.72,-0.07
2007-03-12,4.62,4.56,4.69,-0.06
2007-03-13,4.52,4.50,4.66,-0.02
2007-03-14,4.54,4.53,4.69,-0.01
2007-03-15,4.57,4.54,4.69,-0.03
2007-03-16,4.58,4.55,4.70,-0.03
2007-03-19,4.61,4.58,4.72,-0.03
2007-03-20,4.60,4.56,4.71,-0.04
2007-03-21,4.51,4.53,4.70,0.02
2007-03-22,4.58,4.60,4.78,0.02
2007-03-23,4.60,4.62,4.80,0.02
2007-03-26,4.56,4.60,4.79,0.04
2007-03-27,4.58,4.62,4.81,0.04
2007-03-28,4.53,4.62,4.83,0.09
2007-03-29,4.58,4.64,4.83,0.06
2007-03-30,4.58,4.65,4.84,0.07
2007-04-02,4.60,4.65,4.84,0.05
2007-04-03,4.63,4.67,4.85,0.04
2007-04-04,4.61,4.66,4.85,0.05
2007-04-05,4.63,4.68,4.87,0.05
2007-04-06,4.75,4.76,4.92,0.01
2007-04-09,4.73,4.75,4.92,0.02
2007-04-10,4.71,4.73,4.91,0.02
2007-04-11,4.73,4.74,4.92,0.01
2007-04-12,4.73,4.74,4.91,0.01
2007-04-13,4.76,4.76,4.93,0.00
2007-04-16,4.74,4.74,4.89,0.00
2007-04-17,4.68,4.69,4.85,0.01
2007-04-18,4.64,4.66,4.81,0.02
2007-04-19,4.64,4.68,4.84,0.04
2007-04-20,4.64,4.68,4.85,0.04
2007-04-23,4.62,4.66,4.83,0.04
2007-04-24,4.58,4.63,4.80,0.05
2007-04-25,4.63,4.66,4.83,0.03
2007-04-26,4.67,4.69,4.87,0.02
2007-04-27,4.67,4.71,4.89,0.04
2007-04-30,4.60,4.63,4.81,0.03
2007-05-01,4.63,4.64,4.81,0.01
2007-05-02,4.65,4.65,4.82,0.00
2007-05-03,4.71,4.68,4.84,-0.03
2007-05-04,4.68,4.65,4.80,-0.03
2007-05-07,4.68,4.64,4.79,-0.04
2007-05-08,4.68,4.63,4.80,-0.05
2007-05-09,4.73,4.67,4.83,-0.06
2007-05-10,4.70,4.65,4.83,-0.05
2007-05-11,4.71,4.67,4.85,-0.04
2007-05-14,4.73,4.69,4.86,-0.04
2007-05-15,4.75,4.71,4.88,-0.04
2007-05-16,4.73,4.71,4.88,-0.02
2007-05-17,4.78,4.76,4.91,-0.02
2007-05-18,4.82,4.81,4.96,-0.01
2007-05-21,4.81,4.79,4.94,-0.02
2007-05-22,4.83,4.83,4.98,0.00
2007-05-23,4.85,4.86,5.01,0.01
2007-05-24,4.85,4.86,5.00,0.01
2007-05-25,4.85,4.86,5.01,0.01
2007-05-28,,,,
2007-05-29,4.88,4.88,5.01,0.00
2007-05-30,4.89,4.88,5.01,-0.01
2007-05-31,4.92,4.90,5.01,-0.02
2007-06-01,4.97,4.95,5.06,-0.02
2007-06-04,4.97,4.93,5.02,-0.04
2007-06-05,4.99,4.98,5.07,-0.01
2007-06-06,4.97,4.97,5.08,0.00
2007-06-07,5.03,5.11,5.20,0.08
2007-06-08,5.01,5.12,5.22,0.11
2007-06-11,5.01,5.14,5.24,0.13
2007-06-12,5.08,5.26,5.35,0.18
2007-06-13,5.08,5.20,5.28,0.12
2007-06-14,5.10,5.23,5.30,0.13
2007-06-15,5.05,5.16,5.26,0.11
2007-06-18,5.01,5.15,5.26,0.14
2007-06-19,4.94,5.09,5.20,0.15
2007-06-20,4.97,5.14,5.24,0.17
2007-06-21,4.98,5.16,5.28,0.18
2007-06-22,4.92,5.14,5.25,0.22
2007-06-25,4.87,5.09,5.20,0.22
2007-06-26,4.90,5.10,5.22,0.20
2007-06-27,4.91,5.09,5.20,0.18
2007-06-28,4.96,5.12,5.22,0.16
2007-06-29,4.87,5.03,5.12,0.16
2007-07-02,4.86,5.00,5.09,0.14
2007-07-03,4.89,5.05,5.14,0.16
2007-07-04,,,,
2007-07-05,4.99,5.16,5.24,0.17
2007-07-06,4.99,5.19,5.28,0.20
2007-07-09,4.97,5.16,5.25,0.19
2007-07-10,4.85,5.03,5.14,0.18
2007-07-11,4.89,5.09,5.18,0.20
2007-07-12,4.94,5.13,5.22,0.19
2007-07-13,4.94,5.11,5.19,0.17
2007-07-16,4.89,5.05,5.14,0.16
2007-07-17,4.91,5.08,5.16,0.17
2007-07-18,4.84,5.02,5.10,0.18
2007-07-19,4.87,5.04,5.12,0.17
2007-07-20,4.79,4.96,5.07,0.17
2007-07-23,4.80,4.97,5.07,0.17
2007-07-24,4.77,4.94,5.05,0.17
2007-07-25,4.74,4.92,5.04,0.18
2007-07-26,4.56,4.79,4.95,0.23
2007-07-27,4.56,4.80,4.95,0.24
2007-07-30,4.59,4.82,4.97,0.23
2007-07-31,4.56,4.78,4.92,0.22
2007-08-01,4.56,4.76,4.90,0.20
2007-08-02,4.59,4.77,4.91,0.18
2007-08-03,4.46,4.71,4.87,0.25
2007-08-06,4.46,4.72,4.89,0.26
2007-08-07,4.56,4.77,4.92,0.21
2007-08-08,4.64,4.84,5.01,0.20
2007-08-09,4.49,4.79,5.02,0.30
2007-08-10,4.47,4.81,5.03,0.34
2007-08-13,4.46,4.78,5.01,0.32
2007-08-14,4.39,4.73,4.99,0.34
2007-08-15,4.27,4.69,5.00,0.42
2007-08-16,4.08,4.60,4.92,0.52
2007-08-17,4.18,4.68,5.00,0.50
2007-08-20,4.11,4.64,4.98,0.53
2007-08-21,4.05,4.60,4.95,0.55
2007-08-22,4.15,4.63,4.96,0.48
2007-08-23,4.20,4.62,4.93,0.42
2007-08-24,4.30,4.63,4.88,0.33
2007-08-27,4.28,4.60,4.87,0.32
2007-08-28,4.13,4.53,4.86,0.40
2007-08-29,4.14,4.57,4.88,0.43
2007-08-30,4.08,4.51,4.83,0.43
2007-08-31,4.15,4.54,4.83,0.39
2007-09-03,,,,
2007-09-04,4.13,4.56,4.84,0.43
2007-09-05,4.03,4.48,4.78,0.45
2007-09-06,4.08,4.51,4.79,0.43
2007-09-07,3.90,4.38,4.70,0.48
2007-09-10,3.87,4.34,4.65,0.47
2007-09-11,3.95,4.37,4.65,0.42
2007-09-12,3.95,4.41,4.68,0.46
2007-09-13,4.08,4.49,4.75,0.41
2007-09-14,4.05,4.47,4.72,0.42
2007-09-17,4.08,4.48,4.72,0.40
2007-09-18,4.00,4.50,4.77,0.50
2007-09-19,4.00,4.53,4.83,0.53
2007-09-20,4.10,4.69,4.96,0.59
2007-09-21,4.06,4.64,4.89,0.58
2007-09-24,4.05,4.63,4.88,0.58
2007-09-25,4.00,4.63,4.89,0.63
2007-09-26,3.97,4.63,4.90,0.66
2007-09-27,3.95,4.58,4.84,0.63
2007-09-28,3.97,4.59,4.83,0.62
2007-10-01,4.02,4.56,4.79,0.54
2007-10-02,3.98,4.54,4.77,0.56
2007-10-03,4.02,4.55,4.79,0.53
2007-10-04,4.00,4.54,4.77,0.54
2007-10-05,4.08,4.65,4.87,0.57
2007-10-08,,,,
2007-10-09,4.15,4.67,4.87,0.52
2007-10-10,4.15,4.65,4.86,0.50
2007-10-11,4.13,4.66,4.87,0.53
2007-10-12,4.23,4.70,4.91,0.47
2007-10-15,4.22,4.69,4.91,0.47
2007-10-16,4.12,4.66,4.90,0.54
2007-10-17,4.00,4.57,4.82,0.57
2007-10-18,3.93,4.52,4.78,0.59
2007-10-19,3.80,4.41,4.68,0.61
2007-10-22,3.85,4.42,4.68,0.57
2007-10-23,3.81,4.41,4.69,0.60
2007-10-24,3.74,4.36,4.64,0.62
2007-10-25,3.74,4.37,4.66,0.63
2007-10-26,3.77,4.41,4.68,0.64
2007-10-29,3.79,4.39,4.66,0.60
2007-10-30,3.82,4.40,4.68,0.58
2007-10-31,3.94,4.48,4.74,0.54
2007-11-01,3.77,4.36,4.64,0.59
2007-11-02,3.66,4.31,4.61,0.65
2007-11-05,3.69,4.35,4.63,0.66
2007-11-06,3.70,4.38,4.66,0.68
2007-11-07,3.61,4.34,4.67,0.73
2007-11-08,3.47,4.28,4.67,0.81
2007-11-09,3.42,4.23,4.61,0.81
2007-11-12,,,,
2007-11-13,3.54,4.26,4.61,0.72
2007-11-14,3.57,4.28,4.61,0.71
2007-11-15,3.35,4.17,4.54,0.82
2007-11-16,3.33,4.15,4.52,0.82
2007-11-19,3.18,4.07,4.47,0.89
2007-11-20,3.14,4.06,4.49,0.92
2007-11-21,2.99,4.00,4.46,1.01
2007-11-22,,,,
2007-11-23,3.07,4.01,4.43,0.94
2007-11-26,2.92,3.83,4.26,0.91
2007-11-27,3.05,3.95,4.36,0.90
2007-11-28,3.17,4.03,4.41,0.86
2007-11-29,3.06,3.94,4.35,0.88
2007-11-30,3.04,3.97,4.40,0.93
2007-12-03,2.90,3.89,4.34,0.99
2007-12-04,2.90,3.89,4.34,0.99
2007-12-05,2.90,3.92,4.39,1.02
2007-12-06,3.03,4.02,4.49,0.99
2007-12-07,3.12,4.12,4.58,1.00
2007-12-10,3.17,4.15,4.60,0.98
2007-12-11,2.94,3.98,4.47,1.04
2007-12-12,3.07,4.05,4.51,0.98
2007-12-13,3.21,4.18,4.61,0.97
2007-12-14,3.31,4.24,4.66,0.93
2007-12-17,3.24,4.20,4.62,0.96
2007-12-18,3.19,4.14,4.55,0.95
2007-12-19,3.12,4.06,4.47,0.94
2007-12-20,3.09,4.04,4.46,0.95
2007-12-21,3.19,4.18,4.58,0.99
2007-12-24,3.24,4.23,4.62,0.99
2007-12-25,,,,
2007-12-26,3.31,4.30,4.68,0.99
2007-12-27,3.24,4.21,4.61,0.97
2007-12-28,3.12,4.11,4.51,0.99
2007-12-31,3.05,4.04,4.45,0.99
2008-01-01,,,,
2008-01-02,2.88,3.91,4.35,1.03
2008-01-03,2.83,3.91,4.37,1.08
2008-01-04,2.74,3.88,4.36,1.14
2008-01-07,2.76,3.86,4.34,1.10
2008-01-08,2.76,3.86,4.35,1.10
2008-01-09,2.69,3.82,4.32,1.13
2008-01-10,2.71,3.91,4.44,1.20
2008-01-11,2.59,3.82,4.39,1.23
2008-01-14,2.58,3.81,4.37,1.23
2008-01-15,2.53,3.72,4.28,1.19
2008-01-16,2.51,3.74,4.32,1.23
2008-01-17,2.44,3.66,4.25,1.22
2008-01-18,2.36,3.66,4.28,1.30
2008-01-21,,,,
2008-01-22,2.08,3.52,4.23,1.44
2008-01-23,2.09,3.51,4.23,1.42
2008-01-24,2.25,3.68,4.36,1.43
2008-01-25,2.23,3.61,4.28,1.38
2008-01-28,2.20,3.61,4.29,1.41
2008-01-29,2.29,3.69,4.34,1.40
2008-01-30,2.30,3.78,4.44,1.48
2008-01-31,2.17,3.67,4.35,1.50
2008-02-01,2.09,3.62,4.32,1.53
2008-02-04,2.08,3.68,4.37,1.60
2008-02-05,1.93,3.61,4.33,1.68
2008-02-06,1.96,3.61,4.37,1.65
2008-02-07,1.99,3.74,4.51,1.75
2008-02-08,1.93,3.64,4.43,1.71
2008-02-11,1.93,3.62,4.41,1.69
2008-02-12,1.94,3.66,4.46,1.72
2008-02-13,1.91,3.70,4.52,1.79
2008-02-14,1.93,3.85,4.67,1.92
2008-02-15,1.91,3.76,4.58,1.85
2008-02-18,,,,
2008-02-19,2.06,3.89,4.66,1.83
2008-02-20,2.14,3.93,4.65,1.79
2008-02-21,1.98,3.77,4.54,1.79
2008-02-22,1.98,3.79,4.58,1.81
2008-02-25,2.13,3.91,4.67,1.78
2008-02-26,2.04,3.88,4.66,1.84
2008-02-27,2.01,3.85,4.65,1.84
2008-02-28,1.87,3.71,4.55,1.84
2008-02-29,1.65,3.53,4.41,1.88
2008-03-03,1.61,3.54,4.42,1.93
2008-03-04,1.65,3.63,4.52,1.98
2008-03-05,1.66,3.70,4.60,2.04
2008-03-06,1.53,3.62,4.57,2.09
2008-03-07,1.53,3.56,4.55,2.03
2008-03-10,1.47,3.46,4.45,1.99
2008-03-11,1.74,3.60,4.53,1.86
2008-03-12,1.63,3.49,4.40,1.86
2008-03-13,1.63,3.56,4.47,1.93
2008-03-14,1.47,3.44,4.35,1.97
2008-03-17,1.35,3.34,4.29,1.99
2008-03-18,1.58,3.48,4.35,1.90
2008-03-19,1.54,3.38,4.22,1.84
2008-03-20,1.59,3.34,4.17,1.75
2008-03-21,,,,
2008-03-24,1.84,3.56,4.33,1.72
2008-03-25,1.79,3.51,4.30,1.72
2008-03-26,1.71,3.51,4.33,1.80
2008-03-27,1.73,3.56,4.38,1.83
2008-03-28,1.67,3.47,4.33,1.80
2008-03-31,1.62,3.45,4.30,1.83
2008-04-01,1.80,3.57,4.40,1.77
2008-04-02,1.88,3.60,4.38,1.72
2008-04-03,1.91,3.61,4.40,1.70
2008-04-04,1.83,3.50,4.32,1.67
2008-04-07,1.95,3.57,4.36,1.62
2008-04-08,1.87,3.58,4.37,1.71
2008-04-09,1.77,3.49,4.31,1.72
2008-04-10,1.84,3.55,4.34,1.71
2008-04-11,1.76,3.49,4.30,1.73
2008-04-14,1.78,3.53,4.35,1.75
2008-04-15,1.84,3.60,4.42,1.76
2008-04-16,1.98,3.72,4.54,1.74
2008-04-17,2.13,3.75,4.54,1.62
2008-04-18,2.19,3.77,4.51,1.58
2008-04-21,2.20,3.75,4.48,1.55
2008-04-22,2.24,3.74,4.46,1.50
2008-04-23,2.22,3.77,4.49,1.55
2008-04-24,2.41,3.87,4.56,1.46
2008-04-25,2.44,3.91,4.61,1.47
2008-04-28,2.36,3.86,4.57,1.50
2008-04-29,2.35,3.85,4.55,1.50
2008-04-30,2.29,3.77,4.49,1.48
2008-05-01,2.37,3.78,4.49,1.41
2008-05-02,2.47,3.89,4.57,1.42
2008-05-05,2.42,3.88,4.58,1.46
2008-05-06,2.38,3.93,4.64,1.55
2008-05-07,2.31,3.87,4.61,1.56
2008-05-08,2.25,3.79,4.50,1.54
2008-05-09,2.25,3.77,4.53,1.52
2008-05-12,2.30,3.78,4.53,1.48
2008-05-13,2.47,3.90,4.62,1.43
2008-05-14,2.53,3.92,4.63,1.39
2008-05-15,2.45,3.83,4.56,1.38
2008-05-16,2.47,3.85,4.58,1.38
2008-05-19,2.42,3.83,4.56,1.41
2008-05-20,2.34,3.78,4.53,1.44
2008-05-21,2.41,3.81,4.55,1.40
2008-05-22,2.56,3.92,4.63,1.36
2008-05-23,2.46,3.85,4.57,1.39
2008-05-26,,,,
2008-05-27,2.55,3.93,4.65,1.38
2008-05-28,2.62,4.03,4.71,1.41
2008-05-29,2.67,4.08,4.76,1.41
2008-05-30,2.66,4.06,4.72,1.40
2008-06-02,2.51,3.98,4.68,1.47
2008-06-03,2.45,3.92,4.63,1.47
2008-06-04,2.47,3.98,4.71,1.51
2008-06-05,2.52,4.06,4.75,1.54
2008-06-06,2.40,3.94,4.65,1.54
2008-06-09,2.73,4.02,4.64,1.29
2008-06-10,2.91,4.11,4.70,1.20
2008-06-11,2.83,4.10,4.72,1.27
2008-06-12,3.03,4.23,4.77,1.20
2008-06-13,3.05,4.27,4.79,1.22
2008-06-16,3.02,4.25,4.77,1.23
2008-06-17,2.94,4.23,4.78,1.29
2008-06-18,2.89,4.16,4.72,1.27
2008-06-19,2.99,4.22,4.76,1.23
2008-06-20,2.88,4.16,4.71,1.28
2008-06-23,2.98,4.19,4.71,1.21
2008-06-24,2.87,4.10,4.65,1.23
2008-06-25,2.82,4.12,4.65,1.30
2008-06-26,2.68,4.07,4.62,1.39
2008-06-27,2.65,3.99,4.53,1.34
2008-06-30,2.63,3.99,4.53,1.36
2008-07-01,2.63,4.01,4.55,1.38
2008-07-02,2.60,3.99,4.51,1.39
2008-07-03,2.54,3.99,4.53,1.45
2008-07-04,,,,
2008-07-07,2.47,3.95,4.51,1.48
2008-07-08,2.47,3.91,4.46,1.44
2008-07-09,2.41,3.85,4.42,1.44
2008-07-10,2.44,3.83,4.42,1.39
2008-07-11,2.59,3.96,4.52,1.37
2008-07-14,2.47,3.90,4.47,1.43
2008-07-15,2.39,3.87,4.48,1.48
2008-07-16,2.44,3.97,4.59,1.53
2008-07-17,2.58,4.07,4.65,1.49
2008-07-18,2.66,4.11,4.66,1.45
2008-07-21,2.66,4.09,4.64,1.43
2008-07-22,2.74,4.14,4.67,1.40
2008-07-23,2.81,4.16,4.69,1.35
2008-07-24,2.61,4.03,4.60,1.42
2008-07-25,2.70,4.13,4.69,1.43
2008-07-28,2.59,4.06,4.63,1.47
2008-07-29,2.65,4.09,4.64,1.44
2008-07-30,2.64,4.07,4.64,1.43
2008-07-31,2.52,3.99,4.59,1.47
2008-08-01,2.51,3.97,4.57,1.46
2008-08-04,2.53,3.98,4.58,1.45
2008-08-05,2.54,4.04,4.63,1.50
2008-08-06,2.56,4.06,4.68,1.50
2008-08-07,2.43,3.92,4.56,1.49
2008-08-08,2.51,3.94,4.55,1.43
2008-08-11,2.56,3.99,4.61,1.43
2008-08-12,2.45,3.91,4.55,1.46
2008-08-13,2.50,3.94,4.57,1.44
2008-08-14,2.45,3.89,4.52,1.44
2008-08-15,2.40,3.84,4.47,1.44
2008-08-18,2.35,3.82,4.44,1.47
2008-08-19,2.32,3.83,4.47,1.51
2008-08-20,2.25,3.79,4.43,1.54
2008-08-21,2.33,3.84,4.46,1.51
2008-08-22,2.42,3.87,4.46,1.45
2008-08-25,2.33,3.79,4.40,1.46
2008-08-26,2.35,3.79,4.40,1.44
2008-08-27,2.31,3.77,4.38,1.46
2008-08-28,2.37,3.79,4.38,1.42
2008-08-29,2.36,3.83,4.43,1.47
2008-09-01,,,,
2008-09-02,2.26,3.74,4.36,1.48
2008-09-03,2.26,3.71,4.32,1.45
2008-09-04,2.20,3.64,4.27,1.44
2008-09-05,2.23,3.66,4.27,1.43
2008-09-08,2.30,3.66,4.26,1.36
2008-09-09,2.23,3.62,4.20,1.39
2008-09-10,2.22,3.65,4.23,1.43
2008-09-11,2.18,3.64,4.20,1.46
2008-09-12,2.23,3.74,4.32,1.51
2008-09-15,1.78,3.47,4.12,1.69
2008-09-16,1.89,3.48,4.08,1.59
2008-09-17,1.64,3.41,4.08,1.77
2008-09-18,1.78,3.54,4.14,1.76
2008-09-19,2.16,3.78,4.36,1.62
2008-09-22,2.13,3.83,4.41,1.70
2008-09-23,2.11,3.85,4.43,1.74
2008-09-24,2.03,3.80,4.40,1.77
2008-09-25,2.16,3.88,4.40,1.72
2008-09-26,2.11,3.85,4.36,1.74
2008-09-29,1.70,3.61,4.13,1.91
2008-09-30,2.00,3.85,4.31,1.85
2008-10-01,1.82,3.77,4.22,1.95
2008-10-02,1.62,3.66,4.16,2.04
2008-10-03,1.60,3.63,4.11,2.03
2008-10-06,1.43,3.48,3.99,2.05
2008-10-07,1.47,3.50,4.01,2.03
2008-10-08,1.65,3.72,4.09,2.07
2008-10-09,1.65,3.84,4.14,2.19
2008-10-10,1.62,3.89,4.15,2.27
2008-10-13,,,,
2008-10-14,1.82,4.08,4.27,2.26
2008-10-15,1.64,4.04,4.25,2.40
2008-10-16,1.61,3.99,4.25,2.38
2008-10-17,1.64,3.98,4.32,2.34
2008-10-20,1.71,3.91,4.26,2.20
2008-10-21,1.58,3.76,4.20,2.18
2008-10-22,1.53,3.65,4.07,2.12
2008-10-23,1.54,3.63,3.99,2.09
2008-10-24,1.57,3.76,4.11,2.19
2008-10-27,1.59,3.79,4.12,2.20
2008-10-28,1.65,3.89,4.19,2.24
2008-10-29,1.58,3.93,4.26,2.35
2008-10-30,1.59,4.00,4.30,2.41
2008-10-31,1.56,4.01,4.35,2.45
2008-11-03,1.45,3.96,4.33,2.51
2008-11-04,1.39,3.81,4.20,2.42
2008-11-05,1.36,3.73,4.13,2.37
2008-11-06,1.28,3.75,4.19,2.47
2008-11-07,1.33,3.83,4.25,2.50
2008-11-10,1.27,3.82,4.21,2.55
2008-11-11,,,,
2008-11-12,1.19,3.75,4.17,2.56
2008-11-13,1.24,3.84,4.34,2.60
2008-11-14,1.22,3.72,4.22,2.50
2008-11-17,1.22,3.68,4.20,2.46
2008-11-18,1.15,3.53,4.14,2.38
2008-11-19,1.09,3.38,3.96,2.29
2008-11-20,1.00,3.10,3.64,2.10
2008-11-21,1.09,3.20,3.70,2.11
2008-11-24,1.31,3.35,3.78,2.04
2008-11-25,1.15,3.11,3.63,1.96
2008-11-26,1.09,2.99,3.54,1.90
2008-11-27,,,,
2008-11-28,1.00,2.93,3.45,1.93
2008-12-01,0.90,2.72,3.22,1.82
2008-12-02,0.90,2.68,3.18,1.78
2008-12-03,0.87,2.67,3.17,1.80
2008-12-04,0.82,2.55,3.06,1.73
2008-12-05,0.93,2.67,3.11,1.74
2008-12-08,0.97,2.77,3.16,1.80
2008-12-09,0.84,2.67,3.06,1.83
2008-12-10,0.86,2.69,3.09,1.83
2008-12-11,0.79,2.64,3.07,1.85
2008-12-12,0.78,2.60,3.07,1.82
2008-12-15,0.75,2.53,2.98,1.78
2008-12-16,0.65,2.37,2.86,1.72
2008-12-17,0.73,2.20,2.66,1.47
2008-12-18,0.68,2.08,2.53,1.40
2008-12-19,0.74,2.13,2.55,1.39
2008-12-22,0.87,2.16,2.60,1.29
2008-12-23,0.90,2.18,2.63,1.28
2008-12-24,0.90,2.20,2.63,1.30
2008-12-25,,,,
2008-12-26,0.89,2.16,2.61,1.27
2008-12-29,0.78,2.13,2.63,1.35
2008-12-30,0.75,2.11,2.58,1.36
2008-12-31,0.76,2.25,2.69,1.49
2009-01-01,,,,
2009-01-02,0.88,2.46,2.83,1.58
2009-01-05,0.78,2.49,3.00,1.71
2009-01-06,0.80,2.51,3.04,1.71
2009-01-07,0.82,2.52,3.05,1.70
2009-01-08,0.83,2.47,3.04,1.64
2009-01-09,0.75,2.43,3.04,1.68
2009-01-12,0.74,2.34,2.99,1.60
2009-01-13,0.76,2.33,3.00,1.57
2009-01-14,0.73,2.24,2.89,1.51
2009-01-15,0.73,2.23,2.86,1.50
2009-01-16,0.73,2.36,2.89,1.63
2009-01-19,,,,
2009-01-20,0.73,2.40,2.97,1.67
2009-01-21,0.78,2.56,3.15,1.78
2009-01-22,0.75,2.62,3.25,1.87
2009-01-23,0.83,2.65,3.32,1.82
2009-01-26,0.85,2.70,3.39,1.85
2009-01-27,0.87,2.59,3.26,1.72
2009-01-28,0.89,2.71,3.44,1.82
2009-01-29,0.95,2.87,3.57,1.92
2009-01-30,0.94,2.87,3.58,1.93
2009-02-02,0.89,2.76,3.47,1.87
2009-02-03,0.96,2.89,3.64,1.93
2009-02-04,0.98,2.95,3.65,1.97
2009-02-05,0.98,2.95,3.63,1.97
2009-02-06,0.99,3.05,3.70,2.06
2009-02-09,1.05,3.07,3.69,2.02
2009-02-10,0.92,2.90,3.54,1.98
2009-02-11,0.93,2.78,3.45,1.85
2009-02-12,0.89,2.75,3.47,1.86
2009-02-13,0.97,2.89,3.68,1.92
2009-02-16,,,,
2009-02-17,0.87,2.64,3.47,1.77
2009-02-18,0.97,2.74,3.54,1.77
2009-02-19,1.01,2.85,3.68,1.84
2009-02-20,0.96,2.78,3.56,1.82
2009-02-23,0.96,2.78,3.53,1.82
2009-02-24,1.03,2.80,3.49,1.77
2009-02-25,1.09,2.95,3.59,1.86
2009-02-26,1.08,2.98,3.66,1.90
2009-02-27,1.00,3.02,3.71,2.02
2009-03-02,0.89,2.91,3.64,2.02
2009-03-03,0.91,2.93,3.67,2.02
2009-03-04,0.97,3.01,3.69,2.04
2009-03-05,0.90,2.83,3.51,1.93
2009-03-06,0.91,2.83,3.50,1.92
2009-03-09,0.96,2.89,3.59,1.93
2009-03-10,1.01,2.99,3.70,1.98
2009-03-11,1.03,2.95,3.67,1.92
2009-03-12,1.03,2.89,3.63,1.86
2009-03-13,0.98,2.89,3.66,1.91
2009-03-16,1.00,2.97,3.76,1.97
2009-03-17,1.05,3.02,3.83,1.97
2009-03-18,0.82,2.51,3.57,1.69
2009-03-19,0.87,2.61,3.62,1.74
2009-03-20,0.89,2.65,3.65,1.76
2009-03-23,0.93,2.68,3.69,1.75
2009-03-24,0.93,2.68,3.60,1.75
2009-03-25,0.96,2.81,3.73,1.85
2009-03-26,0.90,2.76,3.66,1.86
2009-03-27,0.90,2.78,3.62,1.88
2009-03-30,0.84,2.73,3.60,1.89
2009-03-31,0.81,2.71,3.56,1.90
2009-04-01,0.83,2.68,3.51,1.85
2009-04-02,0.88,2.77,3.57,1.89
2009-04-03,0.96,2.91,3.70,1.95
2009-04-06,0.94,2.95,3.73,2.01
2009-04-07,0.91,2.93,3.72,2.02
2009-04-08,0.93,2.86,3.66,1.93
2009-04-09,0.96,2.96,3.76,2.00
2009-04-10,,,,
2009-04-13,0.89,2.88,3.69,1.99
2009-04-14,0.86,2.80,3.64,1.94
2009-04-15,0.86,2.82,3.66,1.96
2009-04-16,0.91,2.86,3.72,1.95
2009-04-17,0.99,2.98,3.79,1.99
2009-04-20,0.93,2.88,3.69,1.95
2009-04-21,0.96,2.94,3.74,1.98
2009-04-22,1.00,2.98,3.82,1.98
2009-04-23,0.97,2.96,3.80,1.99
2009-04-24,0.99,3.03,3.89,2.04
2009-04-27,0.90,2.95,3.84,2.05
2009-04-28,0.95,3.05,3.97,2.10
2009-04-29,0.94,3.12,4.01,2.18
2009-04-30,0.91,3.16,4.05,2.25
2009-05-01,0.92,3.21,4.09,2.29
2009-05-04,0.94,3.19,4.06,2.25
2009-05-05,0.98,3.20,4.06,2.22
2009-05-06,0.96,3.18,4.09,2.22
2009-05-07,1.00,3.29,4.25,2.29
2009-05-08,1.00,3.29,4.28,2.29
2009-05-11,0.92,3.17,4.18,2.25
2009-05-12,0.90,3.17,4.16,2.27
2009-05-13,0.89,3.11,4.09,2.22
2009-05-14,0.87,3.10,4.06,2.23
2009-05-15,0.88,3.14,4.09,2.26
2009-05-18,0.93,3.22,4.18,2.29
2009-05-19,0.91,3.25,4.21,2.34
2009-05-20,0.87,3.19,4.14,2.32
2009-05-21,0.89,3.35,4.30,2.46
2009-05-22,0.92,3.45,4.38,2.53
2009-05-25,,,,
2009-05-26,0.96,3.50,4.45,2.54
2009-05-27,0.96,3.71,4.59,2.75
2009-05-28,0.97,3.67,4.54,2.70
2009-05-29,0.92,3.47,4.34,2.55
2009-06-01,0.97,3.71,4.55,2.74
2009-06-02,0.96,3.65,4.50,2.69
2009-06-03,0.91,3.56,4.45,2.65
2009-06-04,0.96,3.72,4.58,2.76
2009-06-05,1.32,3.84,4.63,2.52
2009-06-08,1.42,3.91,4.65,2.49
2009-06-09,1.33,3.86,4.64,2.53
2009-06-10,1.38,3.98,4.76,2.60
2009-06-11,1.35,3.88,4.69,2.53
2009-06-12,1.30,3.81,4.65,2.51
2009-06-15,1.26,3.76,4.61,2.50
2009-06-16,1.23,3.67,4.48,2.44
2009-06-17,1.19,3.68,4.50,2.49
2009-06-18,1.28,3.86,4.63,2.58
2009-06-19,1.25,3.79,4.52,2.54
2009-06-22,1.17,3.72,4.45,2.55
2009-06-23,1.14,3.65,4.37,2.51
2009-06-24,1.19,3.72,4.44,2.53
2009-06-25,1.12,3.55,4.33,2.43
2009-06-26,1.10,3.52,4.30,2.42
2009-06-29,1.11,3.51,4.31,2.40
2009-06-30,1.11,3.53,4.32,2.42
2009-07-01,1.05,3.55,4.34,2.50
2009-07-02,0.98,3.51,4.32,2.53
2009-07-03,,,,
2009-07-06,0.96,3.52,4.35,2.56
2009-07-07,0.98,3.47,4.31,2.49
2009-07-08,0.91,3.33,4.17,2.42
2009-07-09,0.94,3.44,4.31,2.50
2009-07-10,0.91,3.32,4.20,2.41
2009-07-13,0.92,3.38,4.25,2.46
2009-07-14,0.97,3.50,4.38,2.53
2009-07-15,1.03,3.63,4.48,2.60
2009-07-16,1.00,3.59,4.45,2.59
2009-07-17,1.02,3.67,4.53,2.65
2009-07-20,0.99,3.61,4.47,2.62
2009-07-21,0.96,3.50,4.38,2.54
2009-07-22,0.98,3.58,4.45,2.60
2009-07-23,1.08,3.72,4.58,2.64
2009-07-24,1.05,3.70,4.55,2.65
2009-07-27,1.08,3.75,4.62,2.67
2009-07-28,1.12,3.72,4.56,2.60
2009-07-29,1.17,3.69,4.50,2.52
2009-07-30,1.19,3.67,4.44,2.48
2009-07-31,1.13,3.52,4.31,2.39
2009-08-03,1.18,3.66,4.42,2.48
2009-08-04,1.20,3.70,4.45,2.50
2009-08-05,1.23,3.80,4.57,2.57
2009-08-06,1.22,3.79,4.53,2.57
2009-08-07,1.32,3.89,4.61,2.57
2009-08-10,1.24,3.80,4.52,2.56
2009-08-11,1.21,3.71,4.44,2.50
2009-08-12,1.18,3.72,4.53,2.54
2009-08-13,1.12,3.59,4.44,2.47
2009-08-14,1.07,3.55,4.41,2.48
2009-08-17,1.04,3.48,4.33,2.44
2009-08-18,1.06,3.51,4.35,2.45
2009-08-19,1.01,3.45,4.28,2.44
2009-08-20,1.03,3.42,4.24,2.39
2009-08-21,1.13,3.56,4.36,2.43
2009-08-24,1.05,3.48,4.27,2.43
2009-08-25,1.05,3.45,4.22,2.40
2009-08-26,1.06,3.44,4.20,2.38
2009-08-27,1.04,3.47,4.23,2.43
2009-08-28,1.01,3.46,4.21,2.45
2009-08-31,0.97,3.40,4.18,2.43
2009-09-01,0.92,3.38,4.19,2.46
2009-09-02,0.89,3.29,4.09,2.40
2009-09-03,0.91,3.33,4.15,2.42
2009-09-04,0.94,3.45,4.27,2.51
2009-09-07,,,,
2009-09-08,0.93,3.47,4.31,2.54
2009-09-09,0.93,3.48,4.33,2.55
2009-09-10,0.90,3.36,4.19,2.46
2009-09-11,0.90,3.34,4.18,2.44
2009-09-14,0.94,3.42,4.22,2.48
2009-09-15,0.96,3.47,4.27,2.51
2009-09-16,1.01,3.48,4.26,2.47
2009-09-17,0.98,3.42,4.19,2.44
2009-09-18,1.03,3.49,4.24,2.46
2009-09-21,1.02,3.49,4.23,2.47
2009-09-22,1.02,3.46,4.20,2.44
2009-09-23,0.96,3.44,4.21,2.48
2009-09-24,0.93,3.40,4.17,2.47
2009-09-25,0.98,3.34,4.10,2.36
2009-09-28,0.98,3.31,4.04,2.33
2009-09-29,1.00,3.31,4.03,2.31
2009-09-30,0.95,3.31,4.03,2.36
2009-10-01,0.87,3.21,3.97,2.34
2009-10-02,0.88,3.24,4.01,2.36
2009-10-05,0.88,3.24,4.01,2.36
2009-10-06,0.91,3.27,4.07,2.36
2009-10-07,0.87,3.21,3.99,2.34
2009-10-08,0.90,3.27,4.09,2.37
2009-10-09,0.98,3.40,4.22,2.42
2009-10-12,,,,
2009-10-13,0.91,3.34,4.16,2.43
2009-10-14,0.96,3.45,4.28,2.49
2009-10-15,0.97,3.49,4.31,2.52
2009-10-16,0.97,3.43,4.24,2.46
2009-10-19,0.99,3.41,4.21,2.42
2009-10-20,0.95,3.35,4.16,2.40
2009-10-21,1.00,3.42,4.22,2.42
2009-10-22,0.97,3.44,4.24,2.47
2009-10-23,1.04,3.51,4.29,2.47
2009-10-26,1.06,3.59,4.37,2.53
2009-10-27,0.99,3.49,4.29,2.50
2009-10-28,0.95,3.44,4.25,2.49
2009-10-29,0.98,3.53,4.35,2.55
2009-10-30,0.90,3.41,4.23,2.51
2009-11-02,0.92,3.45,4.26,2.53
2009-11-03,0.92,3.50,4.34,2.58
2009-11-04,0.91,3.57,4.41,2.66
2009-11-05,0.90,3.57,4.41,2.67
2009-11-06,0.86,3.54,4.40,2.68
2009-11-09,0.87,3.52,4.40,2.65
2009-11-10,0.85,3.50,4.41,2.65
2009-11-11,,,,
2009-11-12,0.82,3.45,4.41,2.63
2009-11-13,0.82,3.43,4.36,2.61
2009-11-16,0.78,3.33,4.26,2.55
2009-11-17,0.78,3.33,4.26,2.55
2009-11-18,0.77,3.36,4.29,2.59
2009-11-19,0.73,3.35,4.29,2.62
2009-11-20,0.75,3.36,4.30,2.61
2009-11-23,0.77,3.37,4.29,2.60
2009-11-24,0.73,3.32,4.25,2.59
2009-11-25,0.73,3.28,4.23,2.55
2009-11-26,,,,
2009-11-27,0.68,3.21,4.21,2.53
2009-11-30,0.67,3.21,4.20,2.54
2009-12-01,0.67,3.28,4.26,2.61
2009-12-02,0.72,3.32,4.26,2.60
2009-12-03,0.74,3.39,4.33,2.65
2009-12-04,0.84,3.48,4.40,2.64
2009-12-07,0.78,3.44,4.40,2.66
2009-12-08,0.73,3.40,4.39,2.67
2009-12-09,0.76,3.45,4.41,2.69
2009-12-10,0.78,3.49,4.50,2.71
2009-12-11,0.83,3.55,4.49,2.72
2009-12-14,0.87,3.56,4.49,2.69
2009-12-15,0.88,3.60,4.52,2.72
2009-12-16,0.85,3.61,4.52,2.76
2009-12-17,0.77,3.50,4.42,2.73
2009-12-18,0.82,3.55,4.46,2.73
2009-12-21,0.89,3.69,4.56,2.80
2009-12-22,0.95,3.76,4.60,2.81
2009-12-23,0.96,3.77,4.61,2.81
2009-12-24,1.00,3.82,4.68,2.82
2009-12-25,,,,
2009-12-28,1.09,3.85,4.69,2.76
2009-12-29,1.09,3.82,4.64,2.73
2009-12-30,1.08,3.80,4.61,2.72
2009-12-31,1.14,3.85,4.63,2.71
2010-01-01,,,,
2010-01-04,1.09,3.85,4.65,2.76
2010-01-05,1.01,3.77,4.59,2.76
2010-01-06,1.01,3.85,4.70,2.84
2010-01-07,1.03,3.85,4.69,2.82
2010-01-08,0.96,3.83,4.70,2.87
2010-01-11,0.95,3.85,4.74,2.90
2010-01-12,0.92,3.74,4.62,2.82
2010-01-13,0.97,3.80,4.71,2.83
2010-01-14,0.94,3.76,4.63,2.82
2010-01-15,0.89,3.70,4.58,2.81
2010-01-18,,,,
2010-01-19,0.93,3.73,4.60,2.80
2010-01-20,0.92,3.68,4.54,2.76
2010-01-21,0.87,3.62,4.50,2.75
2010-01-22,0.84,3.62,4.50,2.78
2010-01-25,0.86,3.66,4.55,2.80
2010-01-26,0.87,3.65,4.56,2.78
2010-01-27,0.90,3.66,4.55,2.76
2010-01-28,0.87,3.68,4.57,2.81
2010-01-29,0.82,3.63,4.51,2.81
2010-02-01,0.86,3.68,4.56,2.82
2010-02-02,0.86,3.67,4.55,2.81
2010-02-03,0.88,3.73,4.62,2.85
2010-02-04,0.80,3.62,4.53,2.82
2010-02-05,0.77,3.59,4.51,2.82
2010-02-08,0.79,3.62,4.52,2.83
2010-02-09,0.84,3.67,4.58,2.83
2010-02-10,0.91,3.72,4.65,2.81
2010-02-11,0.91,3.73,4.69,2.82
2010-02-12,0.84,3.69,4.66,2.85
2010-02-15,,,,
2010-02-16,0.82,3.66,4.63,2.84
2010-02-17,0.87,3.74,4.70,2.87
2010-02-18,0.90,3.79,4.74,2.89
2010-02-19,0.95,3.78,4.71,2.83
2010-02-22,0.91,3.80,4.73,2.89
2010-02-23,0.87,3.69,4.63,2.82
2010-02-24,0.87,3.70,4.63,2.83
2010-02-25,0.82,3.64,4.58,2.82
2010-02-26,0.81,3.61,4.55,2.80
2010-03-01,0.80,3.61,4.56,2.81
2010-03-02,0.80,3.62,4.57,2.82
2010-03-03,0.82,3.63,4.58,2.81
2010-03-04,0.86,3.61,4.56,2.75
2010-03-05,0.91,3.69,4.64,2.78
2010-03-08,0.90,3.72,4.68,2.82
2010-03-09,0.89,3.71,4.68,2.82
2010-03-10,0.92,3.73,4.69,2.81
2010-03-11,0.97,3.73,4.66,2.76
2010-03-12,0.97,3.71,4.62,2.74
2010-03-15,0.96,3.71,4.63,2.75
2010-03-16,0.93,3.66,4.59,2.73
2010-03-17,0.95,3.65,4.56,2.70
2010-03-18,0.98,3.68,4.59,2.70
2010-03-19,1.02,3.70,4.58,2.68
2010-03-22,1.01,3.67,4.57,2.66
2010-03-23,1.02,3.69,4.60,2.67
2010-03-24,1.08,3.84,4.72,2.76
2010-03-25,1.10,3.91,4.77,2.81
2010-03-26,1.04,3.86,4.75,2.82
2010-03-29,1.04,3.88,4.76,2.84
2010-03-30,1.06,3.88,4.75,2.82
2010-03-31,1.02,3.84,4.72,2.82
2010-04-01,1.05,3.89,4.74,2.84
2010-04-02,1.11,3.96,4.81,2.85
2010-04-05,1.18,4.01,4.85,2.83
2010-04-06,1.14,3.98,4.84,2.84
2010-04-07,1.06,3.89,4.74,2.83
2010-04-08,1.09,3.91,4.75,2.82
2010-04-09,1.08,3.90,4.74,2.82
2010-04-12,1.07,3.87,4.70,2.80
2010-04-13,1.07,3.84,4.68,2.77
2010-04-14,1.07,3.88,4.72,2.81
2010-04-15,1.04,3.86,4.72,2.82
2010-04-16,0.98,3.79,4.67,2.81
2010-04-19,1.01,3.83,4.70,2.82
2010-04-20,1.05,3.82,4.67,2.77
2010-04-21,1.03,3.77,4.61,2.74
2010-04-22,1.07,3.80,4.65,2.73
2010-04-23,1.10,3.84,4.67,2.74
2010-04-26,1.09,3.83,4.67,2.74
2010-04-27,1.03,3.71,4.56,2.68
2010-04-28,1.03,3.80,4.63,2.77
2010-04-29,1.01,3.76,4.60,2.75
2010-04-30,0.97,3.69,4.53,2.72
2010-05-03,1.00,3.72,4.53,2.72
2010-05-04,0.96,3.63,4.43,2.67
2010-05-05,0.88,3.58,4.39,2.70
2010-05-06,0.75,3.41,4.19,2.66
2010-05-07,0.83,3.45,4.28,2.62
2010-05-10,0.87,3.57,4.41,2.70
2010-05-11,0.85,3.56,4.42,2.71
2010-05-12,0.89,3.56,4.47,2.67
2010-05-13,0.87,3.55,4.47,2.68
2010-05-14,0.79,3.44,4.32,2.65
2010-05-17,0.81,3.47,4.35,2.66
2010-05-18,0.76,3.38,4.26,2.62
2010-05-19,0.80,3.36,4.24,2.56
2010-05-20,0.76,3.25,4.13,2.49
2010-05-21,0.76,3.20,4.07,2.44
2010-05-24,0.77,3.23,4.12,2.46
2010-05-25,0.81,3.18,4.07,2.37
2010-05-26,0.82,3.21,4.11,2.39
2010-05-27,0.87,3.34,4.24,2.47
2010-05-28,0.76,3.31,4.22,2.55
2010-05-31,,,,
2010-06-01,0.78,3.29,4.19,2.51
2010-06-02,0.82,3.35,4.24,2.53
2010-06-03,0.82,3.39,4.29,2.57
2010-06-04,0.72,3.20,4.13,2.48
2010-06-07,0.74,3.17,4.11,2.43
2010-06-08,0.74,3.18,4.10,2.44
2010-06-09,0.74,3.20,4.12,2.46
2010-06-10,0.79,3.33,4.25,2.54
2010-06-11,0.75,3.24,4.15,2.49
2010-06-14,0.77,3.28,4.20,2.51
2010-06-15,0.79,3.32,4.23,2.53
2010-06-16,0.75,3.27,4.18,2.52
2010-06-17,0.72,3.21,4.13,2.49
2010-06-18,0.74,3.24,4.15,2.50
2010-06-21,0.74,3.26,4.17,2.52
2010-06-22,0.71,3.18,4.10,2.47
2010-06-23,0.66,3.13,4.05,2.47
2010-06-24,0.67,3.14,4.09,2.47
2010-06-25,0.65,3.12,4.07,2.47
2010-06-28,0.62,3.05,4.01,2.43
2010-06-29,0.61,2.97,3.94,2.36
2010-06-30,0.61,2.97,3.91,2.36
2010-07-01,0.63,2.96,3.88,2.33
2010-07-02,0.63,3.00,3.94,2.37
2010-07-05,,,,
2010-07-06,0.62,2.95,3.89,2.33
2010-07-07,0.63,3.00,3.96,2.37
2010-07-08,0.63,3.04,4.00,2.41
2010-07-09,0.63,3.07,4.04,2.44
2010-07-12,0.65,3.08,4.05,2.43
2010-07-13,0.67,3.15,4.10,2.48
2010-07-14,0.62,3.07,4.03,2.45
2010-07-15,0.61,3.00,3.97,2.39
2010-07-16,0.61,2.96,3.95,2.35
2010-07-19,0.61,2.99,3.99,2.38
2010-07-20,0.61,2.98,3.99,2.37
2010-07-21,0.58,2.90,3.89,2.32
2010-07-22,0.60,2.96,3.95,2.36
2010-07-23,0.60,3.02,4.01,2.42
2010-07-26,0.62,3.03,4.03,2.41
2010-07-27,0.65,3.08,4.08,2.43
2010-07-28,0.61,3.03,4.07,2.42
2010-07-29,0.59,3.03,4.08,2.44
2010-07-30,0.55,2.94,3.98,2.39
2010-08-02,0.56,2.99,4.06,2.43
2010-08-03,0.53,2.94,4.04,2.41
2010-08-04,0.56,2.98,4.07,2.42
2010-08-05,0.53,2.94,4.05,2.41
2010-08-06,0.50,2.86,4.00,2.36
2010-08-09,0.54,2.86,4.01,2.32
2010-08-10,0.52,2.79,4.00,2.27
2010-08-11,0.54,2.72,3.93,2.18
2010-08-12,0.55,2.74,3.94,2.19
2010-08-13,0.54,2.68,3.87,2.14
2010-08-16,0.51,2.58,3.72,2.07
2010-08-17,0.52,2.64,3.77,2.12
2010-08-18,0.51,2.64,3.73,2.13
2010-08-19,0.49,2.58,3.66,2.09
2010-08-20,0.49,2.62,3.67,2.13
2010-08-23,0.49,2.60,3.65,2.11
2010-08-24,0.50,2.50,3.57,2.00
2010-08-25,0.53,2.54,3.59,2.01
2010-08-26,0.51,2.50,3.53,1.99
2010-08-27,0.56,2.66,3.69,2.10
2010-08-30,0.50,2.54,3.60,2.04
2010-08-31,0.47,2.47,3.52,2.00
2010-09-01,0.50,2.58,3.65,2.08
2010-09-02,0.50,2.63,3.72,2.13
2010-09-03,0.52,2.72,3.79,2.20
2010-09-06,,,,
2010-09-07,0.49,2.61,3.67,2.12
2010-09-08,0.52,2.66,3.72,2.14
2010-09-09,0.57,2.77,3.84,2.20
2010-09-10,0.58,2.81,3.88,2.23
2010-09-13,0.53,2.74,3.83,2.21
2010-09-14,0.50,2.68,3.79,2.18
2010-09-15,0.50,2.74,3.87,2.24
2010-09-16,0.48,2.77,3.92,2.29
2010-09-17,0.48,2.75,3.90,2.27
2010-09-20,0.47,2.72,3.87,2.25
2010-09-21,0.43,2.61,3.79,2.18
2010-09-22,0.44,2.56,3.74,2.12
2010-09-23,0.45,2.56,3.73,2.11
2010-09-24,0.45,2.62,3.79,2.17
2010-09-27,0.44,2.54,3.70,2.10
2010-09-28,0.37,2.48,3.66,2.11
2010-09-29,0.44,2.52,3.69,2.08
2010-09-30,0.42,2.53,3.69,2.11
2010-10-01,0.42,2.54,3.71,2.12
2010-10-04,0.41,2.50,3.71,2.09
2010-10-05,0.41,2.50,3.74,2.09
2010-10-06,0.38,2.41,3.67,2.03
2010-10-07,0.36,2.41,3.72,2.05
2010-10-08,0.35,2.41,3.75,2.06
2010-10-11,,,,
2010-10-12,0.37,2.44,3.80,2.07
2010-10-13,0.37,2.46,3.84,2.09
2010-10-14,0.38,2.52,3.91,2.14
2010-10-15,0.37,2.59,3.98,2.22
2010-10-18,0.38,2.52,3.93,2.14
2010-10-19,0.37,2.50,3.90,2.13
2010-10-20,0.35,2.51,3.89,2.16
2010-10-21,0.37,2.57,3.95,2.20
2010-10-22,0.35,2.59,3.94,2.24
2010-10-25,0.37,2.59,3.91,2.22
2010-10-26,0.40,2.67,4.00,2.27
2010-10-27,0.40,2.75,4.06,2.35
2010-10-28,0.37,2.69,4.05,2.32
2010-10-29,0.34,2.63,3.99,2.29
2010-11-01,0.34,2.66,4.01,2.32
2010-11-02,0.34,2.63,3.93,2.29
2010-11-03,0.34,2.67,4.09,2.33
2010-11-04,0.33,2.53,4.04,2.20
2010-11-05,0.38,2.58,4.12,2.20
2010-11-08,0.41,2.60,4.12,2.19
2010-11-09,0.46,2.72,4.25,2.26
2010-11-10,0.44,2.65,4.25,2.21
2010-11-11,,,,
2010-11-12,0.51,2.76,4.26,2.25
2010-11-15,0.53,2.92,4.38,2.39
2010-11-16,0.51,2.85,4.26,2.34
2010-11-17,0.50,2.89,4.31,2.39
2010-11-18,0.52,2.90,4.29,2.38
2010-11-19,0.52,2.88,4.25,2.36
2010-11-22,0.49,2.80,4.20,2.31
2010-11-23,0.45,2.77,4.18,2.32
2010-11-24,0.53,2.93,4.29,2.40
2010-11-25,,,,
2010-11-26,0.51,2.87,4.21,2.36
2010-11-29,0.52,2.84,4.16,2.32
2010-11-30,0.45,2.81,4.12,2.36
2010-12-01,0.53,2.97,4.24,2.44
2010-12-02,0.55,3.01,4.27,2.46
2010-12-03,0.49,3.03,4.32,2.54
2010-12-06,0.42,2.95,4.25,2.53
2010-12-07,0.54,3.15,4.39,2.61
2010-12-08,0.63,3.26,4.45,2.63
2010-12-09,0.64,3.23,4.41,2.59
2010-12-10,0.64,3.32,4.43,2.68
2010-12-13,0.61,3.29,4.39,2.68
2010-12-14,0.66,3.49,4.54,2.83
2010-12-15,0.68,3.53,4.59,2.85
2010-12-16,0.66,3.47,4.57,2.81
2010-12-17,0.61,3.33,4.41,2.72
2010-12-20,0.62,3.36,4.44,2.74
2010-12-21,0.63,3.35,4.44,2.72
2010-12-22,0.65,3.36,4.45,2.71
2010-12-23,0.67,3.41,4.47,2.74
2010-12-24,,,,
2010-12-27,0.71,3.36,4.42,2.65
2010-12-28,0.75,3.50,4.53,2.75
2010-12-29,0.64,3.35,4.41,2.71
2010-12-30,0.66,3.38,4.43,2.72
2010-12-31,0.61,3.30,4.34,2.69
2011-01-03,0.61,3.36,4.39,2.75
2011-01-04,0.63,3.36,4.44,2.73
2011-01-05,0.71,3.50,4.55,2.79
2011-01-06,0.68,3.44,4.53,2.76
2011-01-07,0.60,3.34,4.48,2.74
2011-01-10,0.59,3.32,4.47,2.73
2011-01-11,0.60,3.37,4.49,2.77
2011-01-12,0.61,3.40,4.52,2.79
2011-01-13,0.59,3.34,4.50,2.75
2011-01-14,0.59,3.35,4.53,2.76
2011-01-17,,,,
2011-01-18,0.60,3.39,4.56,2.79
2011-01-19,0.60,3.37,4.53,2.77
2011-01-20,0.65,3.47,4.60,2.82
2011-01-21,0.63,3.44,4.57,2.81
2011-01-24,0.65,3.43,4.55,2.78
2011-01-25,0.62,3.35,4.48,2.73
2011-01-26,0.62,3.45,4.59,2.83
2011-01-27,0.59,3.42,4.57,2.83
2011-01-28,0.54,3.36,4.53,2.82
2011-01-31,0.58,3.42,4.58,2.84
2011-02-01,0.61,3.48,4.62,2.87
2011-02-02,0.67,3.52,4.64,2.85
2011-02-03,0.71,3.58,4.67,2.87
2011-02-04,0.77,3.68,4.73,2.91
2011-02-07,0.78,3.68,4.71,2.90
2011-02-08,0.86,3.75,4.76,2.89
2011-02-09,0.81,3.65,4.71,2.84
2011-02-10,0.85,3.70,4.75,2.85
2011-02-11,0.85,3.64,4.71,2.79
2011-02-14,0.87,3.62,4.67,2.75
2011-02-15,0.84,3.61,4.66,2.77
2011-02-16,0.86,3.62,4.67,2.76
2011-02-17,0.80,3.58,4.66,2.78
2011-02-18,0.78,3.59,4.70,2.81
2011-02-21,,,,
2011-02-22,0.74,3.46,4.60,2.72
2011-02-23,0.74,3.49,4.59,2.75
2011-02-24,0.73,3.46,4.54,2.73
2011-02-25,0.72,3.42,4.51,2.70
2011-02-28,0.69,3.42,4.49,2.73
2011-03-01,0.66,3.41,4.48,2.75
2011-03-02,0.69,3.46,4.54,2.77
2011-03-03,0.79,3.58,4.64,2.79
2011-03-04,0.68,3.49,4.60,2.81
2011-03-07,0.70,3.51,4.61,2.81
2011-03-08,0.73,3.56,4.66,2.83
2011-03-09,0.70,3.48,4.60,2.78
2011-03-10,0.65,3.37,4.53,2.72
2011-03-11,0.64,3.40,4.54,2.76
2011-03-14,0.61,3.36,4.52,2.75
2011-03-15,0.63,3.33,4.47,2.70
2011-03-16,0.58,3.22,4.38,2.64
2011-03-17,0.60,3.25,4.42,2.65
2011-03-18,0.61,3.28,4.43,2.67
2011-03-21,0.67,3.34,4.45,2.67
2011-03-22,0.68,3.34,4.44,2.66
2011-03-23,0.69,3.36,4.44,2.67
2011-03-24,0.72,3.42,4.48,2.70
2011-03-25,0.79,3.46,4.51,2.67
2011-03-28,0.81,3.47,4.51,2.66
2011-03-29,0.81,3.50,4.54,2.69
2011-03-30,0.80,3.47,4.52,2.67
2011-03-31,0.80,3.47,4.51,2.67
2011-04-01,0.80,3.46,4.48,2.66
2011-04-04,0.77,3.45,4.49,2.68
2011-04-05,0.84,3.50,4.51,2.66
2011-04-06,0.85,3.56,4.58,2.71
2011-04-07,0.81,3.58,4.63,2.77
2011-04-08,0.83,3.59,4.63,2.76
2011-04-11,0.85,3.59,4.64,2.74
2011-04-12,0.77,3.52,4.58,2.75
2011-04-13,0.75,3.49,4.55,2.74
2011-04-14,0.77,3.51,4.53,2.74
2011-04-15,0.71,3.43,4.47,2.72
2011-04-18,0.69,3.40,4.45,2.71
2011-04-19,0.68,3.39,4.43,2.71
2011-04-20,0.69,3.43,4.47,2.74
2011-04-21,0.68,3.42,4.47,2.74
2011-04-22,,,,
2011-04-25,0.67,3.39,4.46,2.72
2011-04-26,0.65,3.34,4.39,2.69
2011-04-27,0.65,3.39,4.45,2.74
2011-04-28,0.62,3.34,4.42,2.72
2011-04-29,0.61,3.32,4.40,2.71
2011-05-02,0.61,3.31,4.38,2.70
2011-05-03,0.61,3.28,4.36,2.67
2011-05-04,0.60,3.25,4.33,2.65
2011-05-05,0.58,3.18,4.26,2.60
2011-05-06,0.57,3.19,4.29,2.62
2011-05-09,0.57,3.17,4.30,2.60
2011-05-10,0.59,3.23,4.34,2.64
2011-05-11,0.56,3.19,4.31,2.63
2011-05-12,0.57,3.22,4.37,2.65
2011-05-13,0.57,3.18,4.32,2.61
2011-05-16,0.54,3.15,4.28,2.61
2011-05-17,0.55,3.12,4.23,2.57
2011-05-18,0.58,3.18,4.29,2.60
2011-05-19,0.55,3.17,4.30,2.62
2011-05-20,0.55,3.15,4.30,2.60
2011-05-23,0.55,3.13,4.27,2.58
2011-05-24,0.56,3.12,4.26,2.56
2011-05-25,0.54,3.13,4.28,2.59
2011-05-26,0.48,3.07,4.23,2.59
2011-05-27,0.48,3.07,4.24,2.59
2011-05-30,,,,
2011-05-31,0.45,3.05,4.22,2.60
2011-06-01,0.44,2.96,4.15,2.52
2011-06-02,0.45,3.04,4.25,2.59
2011-06-03,0.42,2.99,4.22,2.57
2011-06-06,0.43,3.01,4.25,2.58
2011-06-07,0.39,3.01,4.27,2.62
2011-06-08,0.39,2.98,4.20,2.59
2011-06-09,0.43,3.01,4.22,2.58
2011-06-10,0.41,2.99,4.18,2.58
2011-06-13,0.40,3.00,4.20,2.60
2011-06-14,0.45,3.11,4.30,2.66
2011-06-15,0.38,2.98,4.19,2.60
2011-06-16,0.38,2.93,4.16,2.55
2011-06-17,0.38,2.94,4.19,2.56
2011-06-20,0.38,2.97,4.19,2.59
2011-06-21,0.40,2.99,4.21,2.59
2011-06-22,0.39,3.01,4.22,2.62
2011-06-23,0.35,2.93,4.17,2.58
2011-06-24,0.35,2.88,4.17,2.53
2011-06-27,0.41,2.95,4.28,2.54
2011-06-28,0.48,3.05,4.33,2.57
2011-06-29,0.47,3.14,4.39,2.67
2011-06-30,0.45,3.18,4.38,2.73
2011-07-01,0.50,3.22,4.40,2.72
2011-07-04,,,,
2011-07-05,0.44,3.16,4.39,2.72
2011-07-06,0.43,3.12,4.35,2.69
2011-07-07,0.49,3.17,4.37,2.68
2011-07-08,0.40,3.03,4.27,2.63
2011-07-11,0.37,2.94,4.20,2.57
2011-07-12,0.37,2.92,4.19,2.55
2011-07-13,0.37,2.92,4.17,2.55
2011-07-14,0.38,2.98,4.25,2.60
2011-07-15,0.37,2.94,4.26,2.57
2011-07-18,0.37,2.94,4.29,2.57
2011-07-19,0.39,2.91,4.19,2.52
2011-07-20,0.40,2.96,4.25,2.56
2011-07-21,0.40,3.03,4.31,2.63
2011-07-22,0.40,2.99,4.26,2.59
2011-07-25,0.42,3.03,4.31,2.61
2011-07-26,0.41,2.99,4.28,2.58
2011-07-27,0.44,3.01,4.29,2.57
2011-07-28,0.42,2.98,4.26,2.56
2011-07-29,0.36,2.82,4.12,2.46
2011-08-01,0.38,2.77,4.07,2.39
2011-08-02,0.33,2.66,3.93,2.33
2011-08-03,0.33,2.64,3.89,2.31
2011-08-04,0.27,2.47,3.70,2.20
2011-08-05,0.28,2.58,3.82,2.30
2011-08-08,0.27,2.40,3.68,2.13
2011-08-09,0.19,2.20,3.56,2.01
2011-08-10,0.19,2.17,3.54,1.98
2011-08-11,0.19,2.34,3.82,2.15
2011-08-12,0.20,2.24,3.72,2.04
2011-08-15,0.19,2.29,3.75,2.10
2011-08-16,0.20,2.23,3.67,2.03
2011-08-17,0.19,2.17,3.57,1.98
2011-08-18,0.20,2.08,3.45,1.88
2011-08-19,0.20,2.07,3.39,1.87
2011-08-22,0.22,2.10,3.42,1.88
2011-08-23,0.22,2.15,3.47,1.93
2011-08-24,0.23,2.29,3.63,2.06
2011-08-25,0.22,2.23,3.60,2.01
2011-08-26,0.20,2.19,3.54,1.99
2011-08-29,0.20,2.28,3.63,2.08
2011-08-30,0.20,2.19,3.53,1.99
2011-08-31,0.20,2.23,3.60,2.03
2011-09-01,0.19,2.15,3.51,1.96
2011-09-02,0.20,2.02,3.32,1.82
2011-09-05,,,,
2011-09-06,0.21,1.98,3.26,1.77
2011-09-07,0.21,2.05,3.36,1.84
2011-09-08,0.19,2.00,3.32,1.81
2011-09-09,0.17,1.93,3.26,1.76
2011-09-12,0.21,1.94,3.24,1.73
2011-09-13,0.21,2.00,3.32,1.79
2011-09-14,0.19,2.03,3.32,1.84
2011-09-15,0.21,2.09,3.36,1.88
2011-09-16,0.18,2.08,3.34,1.90
2011-09-19,0.16,1.97,3.22,1.81
2011-09-20,0.18,1.95,3.20,1.77
2011-09-21,0.21,1.88,3.03,1.67
2011-09-22,0.20,1.72,2.78,1.52
2011-09-23,0.23,1.84,2.89,1.61
2011-09-26,0.25,1.91,2.99,1.66
2011-09-27,0.25,2.00,3.08,1.75
2011-09-28,0.27,2.03,3.10,1.76
2011-09-29,0.27,1.99,3.03,1.72
2011-09-30,0.25,1.92,2.90,1.67
2011-10-03,0.24,1.80,2.76,1.56
2011-10-04,0.25,1.81,2.77,1.56
2011-10-05,0.25,1.92,2.87,1.67
2011-10-06,0.29,2.01,2.96,1.72
2011-10-07,0.30,2.10,3.02,1.80
2011-10-10,,,,
2011-10-11,0.32,2.18,3.11,1.86
2011-10-12,0.29,2.24,3.19,1.95
2011-10-13,0.29,2.19,3.15,1.90
2011-10-14,0.28,2.26,3.22,1.98
2011-10-17,0.28,2.18,3.13,1.90
2011-10-18,0.28,2.19,3.17,1.91
2011-10-19,0.28,2.18,3.17,1.90
2011-10-20,0.28,2.20,3.19,1.92
2011-10-21,0.30,2.23,3.26,1.93
2011-10-24,0.30,2.25,3.27,1.95
2011-10-25,0.26,2.14,3.13,1.88
2011-10-26,0.28,2.23,3.22,1.95
2011-10-27,0.31,2.42,3.45,2.11
2011-10-28,0.28,2.34,3.36,2.06
2011-10-31,0.25,2.17,3.16,1.92
2011-11-01,0.23,2.01,2.99,1.78
2011-11-02,0.23,2.03,3.03,1.80
2011-11-03,0.24,2.09,3.10,1.85
2011-11-04,0.22,2.06,3.09,1.84
2011-11-07,0.25,2.04,3.05,1.79
2011-11-08,0.25,2.10,3.13,1.85
2011-11-09,0.24,2.00,3.03,1.76
2011-11-10,0.24,2.04,3.12,1.80
2011-11-11,,,,
2011-11-14,0.24,2.04,3.09,1.80
2011-11-15,0.26,2.06,3.10,1.80
2011-11-16,0.26,2.01,3.05,1.75
2011-11-17,0.27,1.96,2.98,1.69
2011-11-18,0.29,2.01,2.99,1.72
2011-11-21,0.27,1.97,2.96,1.70
2011-11-22,0.26,1.94,2.91,1.68
2011-11-23,0.26,1.89,2.82,1.63
2011-11-24,,,,
2011-11-25,0.28,1.97,2.92,1.69
2011-11-28,0.26,1.97,2.93,1.71
2011-11-29,0.27,2.00,2.96,1.73
2011-11-30,0.25,2.08,3.06,1.83
2011-12-01,0.27,2.11,3.12,1.84
2011-12-02,0.25,2.05,3.03,1.80
2011-12-05,0.27,2.04,3.02,1.77
2011-12-06,0.25,2.08,3.09,1.83
2011-12-07,0.24,2.02,3.04,1.78
2011-12-08,0.22,1.99,3.00,1.77
2011-12-09,0.22,2.07,3.10,1.85
2011-12-12,0.24,2.03,3.06,1.79
2011-12-13,0.24,1.96,2.98,1.72
2011-12-14,0.25,1.92,2.91,1.67
2011-12-15,0.26,1.92,2.92,1.66
2011-12-16,0.24,1.86,2.86,1.62
2011-12-19,0.24,1.82,2.79,1.58
2011-12-20,0.26,1.94,2.93,1.68
2011-12-21,0.28,1.98,3.00,1.70
2011-12-22,0.28,1.97,2.99,1.69
2011-12-23,0.28,2.03,3.05,1.75
2011-12-26,,,,
2011-12-27,0.30,2.02,3.04,1.72
2011-12-28,0.28,1.93,2.91,1.65
2011-12-29,0.28,1.91,2.90,1.63
2011-12-30,0.25,1.89,2.89,1.64
2012-01-02,,,,
2012-01-03,0.27,1.97,2.98,1.70
2012-01-04,0.25,2.00,3.03,1.75
2012-01-05,0.27,2.02,3.06,1.75
2012-01-06,0.25,1.98,3.02,1.73
2012-01-09,0.26,1.98,3.02,1.72
2012-01-10,0.24,2.00,3.04,1.76
2012-01-11,0.24,1.93,2.96,1.69
2012-01-12,0.22,1.94,2.97,1.72
2012-01-13,0.24,1.89,2.91,1.65
2012-01-16,,,,
2012-01-17,0.21,1.87,2.89,1.66
2012-01-18,0.24,1.92,2.96,1.68
2012-01-19,0.26,2.01,3.05,1.75
2012-01-20,0.26,2.05,3.10,1.79
2012-01-23,0.26,2.09,3.15,1.83
2012-01-24,0.24,2.08,3.15,1.84
2012-01-25,0.22,2.01,3.13,1.79
2012-01-26,0.22,1.96,3.10,1.74
2012-01-27,0.22,1.93,3.07,1.71
2012-01-30,0.22,1.87,2.99,1.65
2012-01-31,0.22,1.83,2.94,1.61
2012-02-01,0.23,1.87,3.01,1.64
2012-02-02,0.23,1.86,3.01,1.63
2012-02-03,0.23,1.97,3.13,1.74
2012-02-06,0.24,1.93,3.08,1.69
2012-02-07,0.25,2.00,3.14,1.75
2012-02-08,0.27,2.01,3.14,1.74
2012-02-09,0.27,2.04,3.20,1.77
2012-02-10,0.27,1.96,3.11,1.69
2012-02-13,0.29,1.99,3.14,1.70
2012-02-14,0.29,1.92,3.06,1.63
2012-02-15,0.29,1.93,3.09,1.64
2012-02-16,0.29,1.99,3.14,1.70
2012-02-17,0.29,2.01,3.16,1.72
2012-02-20,,,,
2012-02-21,0.31,2.05,3.20,1.74
2012-02-22,0.29,2.01,3.15,1.72
2012-02-23,0.31,1.99,3.13,1.68
2012-02-24,0.31,1.98,3.10,1.67
2012-02-27,0.30,1.92,3.04,1.62
2012-02-28,0.30,1.94,3.07,1.64
2012-02-29,0.30,1.98,3.08,1.68
2012-03-01,0.30,2.03,3.15,1.73
2012-03-02,0.28,1.99,3.11,1.71
2012-03-05,0.31,2.00,3.13,1.69
2012-03-06,0.30,1.96,3.08,1.66
2012-03-07,0.30,1.98,3.12,1.68
2012-03-08,0.32,2.03,3.18,1.71
2012-03-09,0.33,2.04,3.19,1.71
2012-03-12,0.33,2.04,3.17,1.71
2012-03-13,0.35,2.14,3.26,1.79
2012-03-14,0.40,2.29,3.43,1.89
2012-03-15,0.37,2.29,3.41,1.92
2012-03-16,0.37,2.31,3.41,1.94
2012-03-19,0.39,2.39,3.48,2.00
2012-03-20,0.41,2.38,3.46,1.97
2012-03-21,0.39,2.31,3.38,1.92
2012-03-22,0.37,2.29,3.37,1.92
2012-03-23,0.37,2.25,3.31,1.88
2012-03-26,0.36,2.26,3.33,1.90
2012-03-27,0.33,2.20,3.29,1.87
2012-03-28,0.34,2.21,3.31,1.87
2012-03-29,0.33,2.18,3.27,1.85
2012-03-30,0.33,2.23,3.35,1.90
2012-04-02,0.33,2.22,3.35,1.89
2012-04-03,0.36,2.30,3.41,1.94
2012-04-04,0.35,2.25,3.37,1.90
2012-04-05,0.35,2.19,3.32,1.84
2012-04-06,0.32,2.07,3.21,1.75
2012-04-09,0.32,2.06,3.18,1.74
2012-04-10,0.28,2.01,3.13,1.73
2012-04-11,0.30,2.05,3.18,1.75
2012-04-12,0.29,2.08,3.22,1.79
2012-04-13,0.27,2.02,3.14,1.75
2012-04-16,0.27,2.00,3.12,1.73
2012-04-17,0.27,2.03,3.15,1.76
2012-04-18,0.27,2.00,3.13,1.73
2012-04-19,0.27,1.98,3.12,1.71
2012-04-20,0.29,1.99,3.12,1.70
2012-04-23,0.27,1.96,3.08,1.69
2012-04-24,0.27,2.00,3.12,1.73
2012-04-25,0.26,2.01,3.15,1.75
2012-04-26,0.26,1.98,3.13,1.72
2012-04-27,0.26,1.96,3.12,1.70
2012-04-30,0.27,1.95,3.12,1.68
2012-05-01,0.27,1.98,3.16,1.71
2012-05-02,0.27,1.96,3.11,1.69
2012-05-03,0.28,1.96,3.12,1.68
2012-05-04,0.27,1.91,3.07,1.64
2012-05-07,0.27,1.92,3.07,1.65
2012-05-08,0.27,1.88,3.03,1.61
2012-05-09,0.27,1.87,3.03,1.60
2012-05-10,0.27,1.89,3.07,1.62
2012-05-11,0.27,1.84,3.02,1.57
2012-05-14,0.29,1.78,2.95,1.49
2012-05-15,0.29,1.76,2.91,1.47
2012-05-16,0.30,1.76,2.90,1.46
2012-05-17,0.32,1.70,2.80,1.38
2012-05-18,0.32,1.71,2.80,1.39
2012-05-21,0.30,1.75,2.80,1.45
2012-05-22,0.30,1.79,2.88,1.49
2012-05-23,0.28,1.73,2.81,1.45
2012-05-24,0.29,1.77,2.86,1.48
2012-05-25,0.30,1.75,2.85,1.45
2012-05-28,,,,
2012-05-29,0.30,1.74,2.85,1.44
2012-05-30,0.27,1.63,2.72,1.36
2012-05-31,0.27,1.59,2.67,1.32
2012-06-01,0.25,1.47,2.53,1.22
2012-06-04,0.25,1.53,2.56,1.28
2012-06-05,0.25,1.57,2.63,1.32
2012-06-06,0.26,1.66,2.73,1.40
2012-06-07,0.27,1.66,2.75,1.39
2012-06-08,0.28,1.65,2.77,1.37
2012-06-11,0.27,1.60,2.71,1.33
2012-06-12,0.30,1.67,2.77,1.37
2012-06-13,0.30,1.61,2.70,1.31
2012-06-14,0.30,1.64,2.73,1.34
2012-06-15,0.29,1.60,2.70,1.31
2012-06-18,0.29,1.59,2.67,1.30
2012-06-19,0.30,1.64,2.73,1.34
2012-06-20,0.32,1.65,2.72,1.33
2012-06-21,0.32,1.63,2.68,1.31
2012-06-22,0.31,1.69,2.75,1.38
2012-06-25,0.31,1.63,2.69,1.32
2012-06-26,0.31,1.66,2.71,1.35
2012-06-27,0.31,1.65,2.70,1.34
2012-06-28,0.31,1.60,2.67,1.29
2012-06-29,0.33,1.67,2.76,1.34
2012-07-02,0.30,1.61,2.69,1.31
2012-07-03,0.30,1.65,2.74,1.35
2012-07-04,,,,
2012-07-05,0.28,1.62,2.72,1.34
2012-07-06,0.27,1.57,2.66,1.30
2012-07-09,0.27,1.53,2.62,1.26
2012-07-10,0.27,1.53,2.60,1.26
2012-07-11,0.27,1.54,2.60,1.27
2012-07-12,0.25,1.50,2.57,1.25
2012-07-13,0.25,1.52,2.58,1.27
2012-07-16,0.24,1.50,2.56,1.26
2012-07-17,0.25,1.53,2.59,1.28
2012-07-18,0.22,1.52,2.59,1.30
2012-07-19,0.22,1.54,2.61,1.32
2012-07-20,0.22,1.49,2.55,1.27
2012-07-23,0.22,1.47,2.52,1.25
2012-07-24,0.22,1.44,2.47,1.22
2012-07-25,0.22,1.43,2.46,1.21
2012-07-26,0.23,1.45,2.49,1.22
2012-07-27,0.25,1.58,2.63,1.33
2012-07-30,0.23,1.53,2.58,1.30
2012-07-31,0.23,1.51,2.56,1.28
2012-08-01,0.24,1.56,2.60,1.32
2012-08-02,0.24,1.51,2.55,1.27
2012-08-03,0.24,1.60,2.65,1.36
2012-08-06,0.24,1.59,2.65,1.35
2012-08-07,0.27,1.66,2.72,1.39
2012-08-08,0.29,1.68,2.75,1.39
2012-08-09,0.29,1.69,2.78,1.40
2012-08-10,0.27,1.65,2.74,1.38
2012-08-13,0.27,1.65,2.74,1.38
2012-08-14,0.27,1.73,2.82,1.46
2012-08-15,0.27,1.80,2.90,1.53
2012-08-16,0.29,1.83,2.96,1.54
2012-08-17,0.29,1.81,2.93,1.52
2012-08-20,0.29,1.82,2.93,1.53
2012-08-21,0.31,1.80,2.90,1.49
2012-08-22,0.26,1.71,2.82,1.45
2012-08-23,0.26,1.68,2.79,1.42
2012-08-24,0.28,1.68,2.79,1.40
2012-08-27,0.28,1.65,2.76,1.37
2012-08-28,0.27,1.64,2.75,1.37
2012-08-29,0.27,1.66,2.77,1.39
2012-08-30,0.27,1.63,2.75,1.36
2012-08-31,0.22,1.57,2.68,1.35
2012-09-03,,,,
2012-09-04,0.23,1.59,2.69,1.36
2012-09-05,0.25,1.60,2.70,1.35
2012-09-06,0.27,1.68,2.80,1.41
2012-09-07,0.25,1.67,2.81,1.42
2012-09-10,0.25,1.68,2.83,1.43
2012-09-11,0.25,1.70,2.84,1.45
2012-09-12,0.25,1.77,2.92,1.52
2012-09-13,0.24,1.75,2.95,1.51
2012-09-14,0.27,1.88,3.09,1.61
2012-09-17,0.25,1.85,3.03,1.60
2012-09-18,0.25,1.82,3.00,1.57
2012-09-19,0.27,1.79,2.97,1.52
2012-09-20,0.27,1.80,2.96,1.53
2012-09-21,0.27,1.77,2.95,1.50
2012-09-24,0.27,1.74,2.91,1.47
2012-09-25,0.27,1.70,2.86,1.43
2012-09-26,0.26,1.64,2.79,1.38
2012-09-27,0.25,1.66,2.83,1.41
2012-09-28,0.23,1.65,2.82,1.42
2012-10-01,0.25,1.64,2.81,1.39
2012-10-02,0.23,1.64,2.81,1.41
2012-10-03,0.23,1.64,2.82,1.41
2012-10-04,0.23,1.70,2.89,1.47
2012-10-05,0.27,1.75,2.96,1.48
2012-10-08,,,,
2012-10-09,0.25,1.74,2.93,1.49
2012-10-10,0.27,1.72,2.89,1.45
2012-10-11,0.28,1.70,2.86,1.42
2012-10-12,0.27,1.69,2.83,1.42
2012-10-15,0.27,1.70,2.85,1.43
2012-10-16,0.27,1.75,2.91,1.48
2012-10-17,0.30,1.83,2.98,1.53
2012-10-18,0.29,1.86,3.02,1.57
2012-10-19,0.30,1.79,2.94,1.49
2012-10-22,0.32,1.83,2.95,1.51
2012-10-23,0.29,1.79,2.91,1.50
2012-10-24,0.29,1.80,2.93,1.51
2012-10-25,0.31,1.86,2.98,1.55
2012-10-26,0.30,1.78,2.92,1.48
2012-10-29,0.30,1.74,2.87,1.44
2012-10-30,,,,
2012-10-31,0.30,1.72,2.85,1.42
2012-11-01,0.30,1.75,2.89,1.45
2012-11-02,0.28,1.75,2.91,1.47
2012-11-05,0.28,1.72,2.88,1.44
2012-11-06,0.30,1.78,2.92,1.48
2012-11-07,0.27,1.68,2.83,1.41
2012-11-08,0.27,1.62,2.77,1.35
2012-11-09,0.27,1.61,2.75,1.34
2012-11-12,,,,
2012-11-13,0.27,1.59,2.72,1.32
2012-11-14,0.25,1.59,2.73,1.34
2012-11-15,0.24,1.58,2.72,1.34
2012-11-16,0.24,1.58,2.73,1.34
2012-11-19,0.25,1.61,2.76,1.36
2012-11-20,0.27,1.66,2.82,1.39
2012-11-21,0.27,1.69,2.83,1.42
2012-11-22,,,,
2012-11-23,0.29,1.70,2.83,1.41
2012-11-26,0.27,1.66,2.80,1.39
2012-11-27,0.27,1.64,2.79,1.37
2012-11-28,0.27,1.63,2.79,1.36
2012-11-29,0.25,1.62,2.79,1.37
2012-11-30,0.25,1.62,2.81,1.37
2012-12-03,0.25,1.63,2.80,1.38
2012-12-04,0.25,1.62,2.78,1.37
2012-12-05,0.25,1.60,2.78,1.35
2012-12-06,0.25,1.59,2.76,1.34
2012-12-07,0.25,1.64,2.81,1.39
2012-12-10,0.24,1.63,2.80,1.39
2012-12-11,0.24,1.66,2.83,1.42
2012-12-12,0.25,1.72,2.90,1.47
2012-12-13,0.27,1.74,2.90,1.47
2012-12-14,0.24,1.72,2.87,1.48
2012-12-17,0.25,1.78,2.94,1.53
2012-12-18,0.28,1.84,3.00,1.56
2012-12-19,0.28,1.82,2.99,1.54
2012-12-20,0.28,1.81,2.98,1.53
2012-12-21,0.26,1.77,2.93,1.51
2012-12-24,0.26,1.79,2.94,1.53
2012-12-25,,,,
2012-12-26,0.26,1.77,2.94,1.51
2012-12-27,0.26,1.74,2.89,1.48
2012-12-28,0.27,1.73,2.88,1.46
2012-12-31,0.25,1.78,2.95,1.53
2013-01-01,,,,
2013-01-02,0.27,1.86,3.04,1.59
2013-01-03,0.27,1.92,3.12,1.65
2013-01-04,0.27,1.93,3.10,1.66
2013-01-07,0.27,1.92,3.10,1.65
2013-01-08,0.25,1.89,3.06,1.64
2013-01-09,0.24,1.88,3.06,1.64
2013-01-10,0.26,1.91,3.08,1.65
2013-01-11,0.26,1.89,3.05,1.63
2013-01-14,0.26,1.89,3.05,1.63
2013-01-15,0.26,1.86,3.02,1.60
2013-01-16,0.26,1.84,3.01,1.58
2013-01-17,0.28,1.89,3.06,1.61
2013-01-18,0.26,1.87,3.03,1.61
2013-01-21,,,,
2013-01-22,0.26,1.86,3.02,1.60
2013-01-23,0.26,1.86,3.02,1.60
2013-01-24,0.23,1.88,3.04,1.65
2013-01-25,0.28,1.98,3.14,1.70
2013-01-28,0.29,2.00,3.15,1.71
2013-01-29,0.30,2.03,3.18,1.73
2013-01-30,0.27,2.03,3.19,1.76
2013-01-31,0.27,2.02,3.17,1.75
2013-02-01,0.27,2.04,3.21,1.77
2013-02-04,0.25,2.00,3.17,1.75
2013-02-05,0.27,2.04,3.21,1.77
2013-02-06,0.27,2.00,3.18,1.73
2013-02-07,0.25,1.99,3.17,1.74
2013-02-08,0.25,1.99,3.17,1.74
2013-02-11,0.27,1.99,3.16,1.72
2013-02-12,0.29,2.02,3.19,1.73
2013-02-13,0.29,2.05,3.23,1.76
2013-02-14,0.27,2.00,3.17,1.73
2013-02-15,0.29,2.01,3.18,1.72
2013-02-18,,,,
2013-02-19,0.29,2.03,3.21,1.74
2013-02-20,0.27,2.02,3.20,1.75
2013-02-21,0.26,1.99,3.17,1.73
2013-02-22,0.27,1.97,3.15,1.70
2013-02-25,0.25,1.88,3.08,1.63
2013-02-26,0.25,1.88,3.08,1.63
2013-02-27,0.27,1.91,3.11,1.64
2013-02-28,0.25,1.89,3.10,1.64
2013-03-01,0.25,1.86,3.06,1.61
2013-03-04,0.24,1.88,3.08,1.64
2013-03-05,0.25,1.90,3.10,1.65
2013-03-06,0.25,1.95,3.15,1.70
2013-03-07,0.25,2.00,3.20,1.75
2013-03-08,0.27,2.06,3.25,1.79
2013-03-11,0.27,2.07,3.26,1.80
2013-03-12,0.27,2.03,3.22,1.76
2013-03-13,0.27,2.04,3.22,1.77
2013-03-14,0.27,2.04,3.25,1.77
2013-03-15,0.25,2.01,3.22,1.76
2013-03-18,0.26,1.96,3.18,1.70
2013-03-19,0.24,1.92,3.13,1.68
2013-03-20,0.26,1.96,3.19,1.70
2013-03-21,0.27,1.95,3.15,1.68
2013-03-22,0.26,1.93,3.13,1.67
2013-03-25,0.24,1.93,3.14,1.69
2013-03-26,0.25,1.92,3.13,1.67
2013-03-27,0.25,1.87,3.09,1.62
2013-03-28,0.25,1.87,3.10,1.62
2013-03-29,,,,
2013-04-01,0.23,1.86,3.08,1.63
2013-04-02,0.25,1.88,3.10,1.63
2013-04-03,0.24,1.83,3.05,1.59
2013-04-04,0.22,1.78,2.99,1.56
2013-04-05,0.24,1.72,2.87,1.48
2013-04-08,0.24,1.76,2.91,1.52
2013-04-09,0.24,1.78,2.94,1.54
2013-04-10,0.24,1.84,3.01,1.60
2013-04-11,0.24,1.82,3.01,1.58
2013-04-12,0.22,1.75,2.92,1.53
2013-04-15,0.22,1.72,2.88,1.50
2013-04-16,0.24,1.75,2.91,1.51
2013-04-17,0.24,1.73,2.89,1.49
2013-04-18,0.24,1.72,2.87,1.48
2013-04-19,0.24,1.73,2.88,1.49
2013-04-22,0.24,1.72,2.88,1.48
2013-04-23,0.23,1.74,2.90,1.51
2013-04-24,0.23,1.73,2.89,1.50
2013-04-25,0.23,1.74,2.91,1.51
2013-04-26,0.22,1.70,2.87,1.48
2013-04-29,0.20,1.70,2.88,1.50
2013-04-30,0.22,1.70,2.88,1.48
2013-05-01,0.20,1.66,2.83,1.46
2013-05-02,0.20,1.66,2.82,1.46
2013-05-03,0.22,1.78,2.96,1.56
2013-05-06,0.22,1.80,2.98,1.58
2013-05-07,0.22,1.82,3.00,1.60
2013-05-08,0.22,1.81,2.99,1.59
2013-05-09,0.22,1.81,3.01,1.59
2013-05-10,0.26,1.90,3.10,1.64
2013-05-13,0.24,1.92,3.13,1.68
2013-05-14,0.26,1.96,3.17,1.70
2013-05-15,0.26,1.94,3.16,1.68
2013-05-16,0.23,1.87,3.09,1.64
2013-05-17,0.26,1.95,3.17,1.69
2013-05-20,0.26,1.97,3.18,1.71
2013-05-21,0.26,1.94,3.14,1.68
2013-05-22,0.26,2.03,3.21,1.77
2013-05-23,0.26,2.02,3.20,1.76
2013-05-24,0.26,2.01,3.18,1.75
2013-05-27,,,,
2013-05-28,0.29,2.15,3.31,1.86
2013-05-29,0.30,2.13,3.27,1.83
2013-05-30,0.31,2.13,3.28,1.82
2013-05-31,0.30,2.16,3.30,1.86
2013-06-03,0.30,2.13,3.27,1.83
2013-06-04,0.32,2.14,3.30,1.82
2013-06-05,0.30,2.10,3.25,1.80
2013-06-06,0.30,2.08,3.23,1.78
2013-06-07,0.32,2.17,3.33,1.85
2013-06-10,0.32,2.22,3.36,1.90
2013-06-11,0.34,2.20,3.33,1.86
2013-06-12,0.34,2.25,3.37,1.91
2013-06-13,0.32,2.19,3.33,1.87
2013-06-14,0.29,2.14,3.28,1.85
2013-06-17,0.27,2.19,3.35,1.92
2013-06-18,0.27,2.20,3.34,1.93
2013-06-19,0.31,2.33,3.41,2.02
2013-06-20,0.33,2.41,3.49,2.08
2013-06-21,0.38,2.52,3.56,2.14
2013-06-24,0.42,2.57,3.56,2.15
2013-06-25,0.43,2.60,3.60,2.17
2013-06-26,0.39,2.55,3.58,2.16
2013-06-27,0.36,2.49,3.54,2.13
2013-06-28,0.36,2.52,3.52,2.16
2013-07-01,0.34,2.50,3.48,2.16
2013-07-02,0.34,2.48,3.47,2.14
2013-07-03,0.36,2.52,3.49,2.16
2013-07-04,,,,
2013-07-05,0.40,2.73,3.68,2.33
2013-07-08,0.37,2.65,3.63,2.28
2013-07-09,0.37,2.65,3.64,2.28
2013-07-10,0.38,2.70,3.68,2.32
2013-07-11,0.34,2.60,3.64,2.26
2013-07-12,0.37,2.61,3.64,2.24
2013-07-15,0.34,2.57,3.61,2.23
2013-07-16,0.34,2.55,3.58,2.21
2013-07-17,0.32,2.52,3.57,2.20
2013-07-18,0.32,2.56,3.63,2.24
2013-07-19,0.32,2.50,3.56,2.18
2013-07-22,0.32,2.50,3.55,2.18
2013-07-23,0.33,2.53,3.58,2.20
2013-07-24,0.34,2.61,3.65,2.27
2013-07-25,0.32,2.61,3.65,2.29
2013-07-26,0.31,2.58,3.61,2.27
2013-07-29,0.33,2.61,3.66,2.28
2013-07-30,0.33,2.63,3.67,2.30
2013-07-31,0.31,2.60,3.64,2.29
2013-08-01,0.35,2.74,3.77,2.39
2013-08-02,0.30,2.63,3.69,2.33
2013-08-05,0.32,2.67,3.73,2.35
2013-08-06,0.32,2.67,3.73,2.35
2013-08-07,0.32,2.61,3.68,2.29
2013-08-08,0.30,2.58,3.65,2.28
2013-08-09,0.32,2.57,3.63,2.25
2013-08-12,0.32,2.61,3.67,2.29
2013-08-13,0.34,2.71,3.75,2.37
2013-08-14,0.34,2.71,3.75,2.37
2013-08-15,0.36,2.77,3.81,2.41
2013-08-16,0.36,2.84,3.86,2.48
2013-08-19,0.36,2.88,3.89,2.52
2013-08-20,0.36,2.82,3.86,2.46
2013-08-21,0.38,2.87,3.90,2.49
2013-08-22,0.42,2.90,3.88,2.48
2013-08-23,0.40,2.82,3.80,2.42
2013-08-26,0.41,2.79,3.77,2.38
2013-08-27,0.38,2.72,3.70,2.34
2013-08-28,0.40,2.78,3.75,2.38
2013-08-29,0.39,2.75,3.70,2.36
2013-08-30,0.39,2.78,3.70,2.39
2013-09-02,,,,
2013-09-03,0.43,2.86,3.79,2.43
2013-09-04,0.46,2.90,3.80,2.44
2013-09-05,0.52,2.98,3.88,2.46
2013-09-06,0.46,2.94,3.87,2.48
2013-09-09,0.45,2.90,3.84,2.45
2013-09-10,0.50,2.96,3.88,2.46
2013-09-11,0.47,2.93,3.85,2.46
2013-09-12,0.45,2.92,3.85,2.47
2013-09-13,0.45,2.90,3.84,2.45
2013-09-16,0.41,2.88,3.87,2.47
2013-09-17,0.39,2.86,3.84,2.47
2013-09-18,0.34,2.69,3.75,2.35
2013-09-19,0.34,2.76,3.80,2.42
2013-09-20,0.34,2.75,3.77,2.41
2013-09-23,0.35,2.72,3.73,2.37
2013-09-24,0.35,2.67,3.67,2.32
2013-09-25,0.36,2.63,3.65,2.27
2013-09-26,0.34,2.66,3.69,2.32
2013-09-27,0.34,2.64,3.68,2.30
2013-09-30,0.33,2.64,3.69,2.31
2013-10-01,0.33,2.66,3.72,2.33
2013-10-02,0.31,2.63,3.70,2.32
2013-10-03,0.33,2.62,3.71,2.29
2013-10-04,0.33,2.66,3.73,2.33
2013-10-07,0.37,2.65,3.70,2.28
2013-10-08,0.40,2.66,3.70,2.26
2013-10-09,0.37,2.68,3.73,2.31
2013-10-10,0.35,2.71,3.75,2.36
2013-10-11,0.35,2.70,3.74,2.35
2013-10-14,,,,
2013-10-15,0.37,2.75,3.78,2.38
2013-10-16,0.34,2.69,3.72,2.35
2013-10-17,0.33,2.61,3.66,2.28
2013-10-18,0.33,2.60,3.65,2.27
2013-10-21,0.33,2.63,3.68,2.30
2013-10-22,0.31,2.54,3.61,2.23
2013-10-23,0.31,2.51,3.59,2.20
2013-10-24,0.33,2.53,3.61,2.20
2013-10-25,0.32,2.53,3.60,2.21
2013-10-28,0.32,2.54,3.61,2.22
2013-10-29,0.31,2.53,3.62,2.22
2013-10-30,0.33,2.55,3.63,2.22
2013-10-31,0.31,2.57,3.63,2.26
2013-11-01,0.33,2.65,3.69,2.32
2013-11-04,0.32,2.63,3.70,2.31
2013-11-05,0.32,2.69,3.76,2.37
2013-11-06,0.30,2.67,3.77,2.37
2013-11-07,0.29,2.63,3.71,2.34
2013-11-08,0.32,2.77,3.84,2.45
2013-11-11,,,,
2013-11-12,0.34,2.80,3.86,2.46
2013-11-13,0.32,2.75,3.83,2.43
2013-11-14,0.29,2.69,3.79,2.40
2013-11-15,0.31,2.71,3.80,2.40
2013-11-18,0.31,2.67,3.76,2.36
2013-11-19,0.29,2.71,3.80,2.42
2013-11-20,0.28,2.80,3.90,2.52
2013-11-21,0.29,2.79,3.89,2.50
2013-11-22,0.31,2.75,3.84,2.44
2013-11-25,0.30,2.74,3.83,2.44
2013-11-26,0.29,2.71,3.80,2.42
2013-11-27,0.28,2.74,3.81,2.46
2013-11-28,,,,
2013-11-29,0.28,2.75,3.82,2.47
2013-12-02,0.30,2.81,3.86,2.51
2013-12-03,0.28,2.79,3.84,2.51
2013-12-04,0.30,2.84,3.90,2.54
2013-12-05,0.30,2.88,3.92,2.58
2013-12-06,0.30,2.88,3.90,2.58
2013-12-09,0.30,2.86,3.88,2.56
2013-12-10,0.30,2.81,3.83,2.51
2013-12-11,0.31,2.86,3.87,2.55
2013-12-12,0.34,2.89,3.91,2.55
2013-12-13,0.34,2.88,3.88,2.54
2013-12-16,0.34,2.89,3.90,2.55
2013-12-17,0.34,2.85,3.88,2.51
2013-12-18,0.32,2.89,3.90,2.57
2013-12-19,0.35,2.94,3.91,2.59
2013-12-20,0.37,2.89,3.82,2.52
2013-12-23,0.38,2.94,3.85,2.56
2013-12-24,0.38,2.99,3.90,2.61
2013-12-25,,,,
2013-12-26,0.42,3.00,3.92,2.58
2013-12-27,0.40,3.02,3.94,2.62
2013-12-30,0.39,2.99,3.90,2.60
2013-12-31,0.38,3.04,3.96,2.66
2014-01-01,,,,
2014-01-02,0.39,3.00,3.92,2.61
2014-01-03,0.41,3.01,3.93,2.60
2014-01-06,0.40,2.98,3.90,2.58
2014-01-07,0.40,2.96,3.88,2.56
2014-01-08,0.43,3.01,3.90,2.58
2014-01-09,0.44,2.97,3.88,2.53
2014-01-10,0.39,2.88,3.80,2.49
2014-01-13,0.39,2.84,3.77,2.45
2014-01-14,0.39,2.88,3.80,2.49
2014-01-15,0.41,2.90,3.81,2.49
2014-01-16,0.41,2.86,3.77,2.45
2014-01-17,0.40,2.84,3.75,2.44
2014-01-20,,,,
2014-01-21,0.40,2.85,3.74,2.45
2014-01-22,0.44,2.87,3.75,2.43
2014-01-23,0.39,2.79,3.68,2.40
2014-01-24,0.37,2.75,3.64,2.38
2014-01-27,0.37,2.78,3.67,2.41
2014-01-28,0.38,2.77,3.68,2.39
2014-01-29,0.36,2.69,3.62,2.33
2014-01-30,0.36,2.72,3.65,2.36
2014-01-31,0.34,2.67,3.61,2.33
2014-02-03,0.30,2.61,3.55,2.31
2014-02-04,0.31,2.64,3.59,2.33
2014-02-05,0.32,2.70,3.66,2.38
2014-02-06,0.33,2.73,3.67,2.40
2014-02-07,0.30,2.71,3.67,2.41
2014-02-10,0.32,2.70,3.66,2.38
2014-02-11,0.35,2.75,3.69,2.40
2014-02-12,0.35,2.80,3.72,2.45
2014-02-13,0.32,2.73,3.70,2.41
2014-02-14,0.32,2.75,3.69,2.43
2014-02-17,,,,
2014-02-18,0.31,2.71,3.68,2.40
2014-02-19,0.33,2.73,3.71,2.40
2014-02-20,0.34,2.76,3.73,2.42
2014-02-21,0.33,2.73,3.69,2.40
2014-02-24,0.35,2.75,3.70,2.40
2014-02-25,0.34,2.70,3.66,2.36
2014-02-26,0.33,2.67,3.63,2.34
2014-02-27,0.33,2.65,3.60,2.32
2014-02-28,0.33,2.66,3.59,2.33
2014-03-03,0.32,2.60,3.55,2.28
2014-03-04,0.33,2.70,3.64,2.37
2014-03-05,0.33,2.70,3.64,2.37
2014-03-06,0.37,2.74,3.68,2.37
2014-03-07,0.38,2.80,3.72,2.42
2014-03-10,0.37,2.79,3.73,2.42
2014-03-11,0.37,2.77,3.70,2.40
2014-03-12,0.37,2.73,3.66,2.36
2014-03-13,0.34,2.66,3.60,2.32
2014-03-14,0.36,2.65,3.59,2.29
2014-03-17,0.38,2.70,3.63,2.32
2014-03-18,0.36,2.68,3.62,2.32
2014-03-19,0.47,2.78,3.66,2.31
2014-03-20,0.45,2.79,3.67,2.34
2014-03-21,0.45,2.75,3.61,2.30
2014-03-24,0.47,2.74,3.57,2.27
2014-03-25,0.47,2.75,3.59,2.28
2014-03-26,0.45,2.71,3.55,2.26
2014-03-27,0.45,2.69,3.52,2.24
2014-03-28,0.45,2.73,3.55,2.28
2014-03-31,0.44,2.73,3.56,2.29
2014-04-01,0.44,2.77,3.60,2.33
2014-04-02,0.47,2.82,3.65,2.35
2014-04-03,0.46,2.80,3.62,2.34
2014-04-04,0.43,2.74,3.59,2.31
2014-04-07,0.41,2.71,3.56,2.30
2014-04-08,0.40,2.69,3.54,2.29
2014-04-09,0.37,2.71,3.57,2.34
2014-04-10,0.37,2.65,3.52,2.28
2014-04-11,0.37,2.63,3.48,2.26
2014-04-14,0.37,2.65,3.48,2.28
2014-04-15,0.39,2.64,3.46,2.25
2014-04-16,0.39,2.65,3.45,2.26
2014-04-17,0.43,2.73,3.52,2.30
2014-04-18,,,,
2014-04-21,0.42,2.73,3.52,2.31
2014-04-22,0.45,2.73,3.50,2.28
2014-04-23,0.43,2.70,3.47,2.27
2014-04-24,0.43,2.70,3.46,2.27
2014-04-25,0.43,2.68,3.45,2.25
2014-04-28,0.44,2.70,3.47,2.26
2014-04-29,0.44,2.71,3.49,2.27
2014-04-30,0.42,2.67,3.47,2.25
2014-05-01,0.41,2.63,3.41,2.22
2014-05-02,0.42,2.60,3.37,2.18
2014-05-05,0.43,2.63,3.41,2.20
2014-05-06,0.43,2.61,3.38,2.18
2014-05-07,0.41,2.62,3.40,2.21
2014-05-08,0.40,2.61,3.45,2.21
2014-05-09,0.40,2.62,3.47,2.22
2014-05-12,0.41,2.66,3.49,2.25
2014-05-13,0.39,2.61,3.45,2.22
2014-05-14,0.39,2.54,3.37,2.15
2014-05-15,0.38,2.50,3.33,2.12
2014-05-16,0.38,2.52,3.34,2.14
2014-05-19,0.36,2.54,3.39,2.18
2014-05-20,0.35,2.52,3.38,2.17
2014-05-21,0.37,2.54,3.42,2.17
2014-05-22,0.37,2.56,3.43,2.19
2014-05-23,0.37,2.54,3.40,2.17
2014-05-26,,,,
2014-05-27,0.39,2.52,3.37,2.13
2014-05-28,0.37,2.44,3.29,2.07
2014-05-29,0.37,2.45,3.31,2.08
2014-05-30,0.37,2.48,3.33,2.11
2014-06-02,0.39,2.54,3.38,2.15
2014-06-03,0.41,2.60,3.43,2.19
2014-06-04,0.41,2.61,3.45,2.20
2014-06-05,0.40,2.59,3.44,2.19
2014-06-06,0.41,2.60,3.44,2.19
2014-06-09,0.43,2.62,3.45,2.19
2014-06-10,0.45,2.64,3.47,2.19
2014-06-11,0.44,2.65,3.47,2.21
2014-06-12,0.42,2.58,3.41,2.16
2014-06-13,0.45,2.60,3.41,2.15
2014-06-16,0.49,2.61,3.40,2.12
2014-06-17,0.51,2.66,3.44,2.15
2014-06-18,0.48,2.61,3.43,2.13
2014-06-19,0.48,2.64,3.47,2.16
2014-06-20,0.50,2.63,3.44,2.13
2014-06-23,0.48,2.63,3.45,2.15
2014-06-24,0.49,2.59,3.41,2.10
2014-06-25,0.48,2.57,3.38,2.09
2014-06-26,0.46,2.53,3.35,2.07
2014-06-27,0.45,2.54,3.36,2.09
2014-06-30,0.47,2.53,3.34,2.06
2014-07-01,0.47,2.58,3.40,2.11
2014-07-02,0.49,2.64,3.46,2.15
2014-07-03,0.52,2.65,3.47,2.13
2014-07-04,,,,
2014-07-07,0.52,2.63,3.44,2.11
2014-07-08,0.51,2.58,3.38,2.07
2014-07-09,0.51,2.57,3.37,2.06
2014-07-10,0.46,2.55,3.38,2.09
2014-07-11,0.48,2.53,3.34,2.05
2014-07-14,0.48,2.55,3.36,2.07
2014-07-15,0.49,2.56,3.37,2.07
2014-07-16,0.50,2.55,3.35,2.05
2014-07-17,0.47,2.47,3.27,2.00
2014-07-18,0.51,2.50,3.29,1.99
2014-07-21,0.51,2.49,3.26,1.98
2014-07-22,0.49,2.48,3.25,1.99
2014-07-23,0.50,2.48,3.26,1.98
2014-07-24,0.53,2.52,3.30,1.99
2014-07-25,0.53,2.48,3.24,1.95
2014-07-28,0.54,2.50,3.26,1.96
2014-07-29,0.54,2.47,3.22,1.93
2014-07-30,0.56,2.57,3.31,2.01
2014-07-31,0.53,2.58,3.32,2.05
2014-08-01,0.47,2.52,3.29,2.05
2014-08-04,0.47,2.51,3.30,2.04
2014-08-05,0.47,2.49,3.28,2.02
2014-08-06,0.48,2.49,3.27,2.01
2014-08-07,0.44,2.43,3.23,1.99
2014-08-08,0.45,2.44,3.23,1.99
2014-08-11,0.47,2.44,3.24,1.97
2014-08-12,0.45,2.46,3.27,2.01
2014-08-13,0.43,2.43,3.24,2.00
2014-08-14,0.42,2.40,3.20,1.98
2014-08-15,0.42,2.34,3.13,1.92
2014-08-18,0.44,2.39,3.20,1.95
2014-08-19,0.46,2.40,3.21,1.94
2014-08-20,0.49,2.43,3.22,1.94
2014-08-21,0.49,2.41,3.19,1.92
2014-08-22,0.53,2.40,3.16,1.87
2014-08-25,0.53,2.39,3.13,1.86
2014-08-26,0.52,2.39,3.15,1.87
2014-08-27,0.51,2.37,3.11,1.86
2014-08-28,0.50,2.34,3.08,1.84
2014-08-29,0.48,2.35,3.09,1.87
2014-09-01,,,,
2014-09-02,0.53,2.42,3.17,1.89
2014-09-03,0.52,2.41,3.15,1.89
2014-09-04,0.54,2.45,3.21,1.91
2014-09-05,0.52,2.46,3.23,1.94
2014-09-08,0.54,2.48,3.23,1.94
2014-09-09,0.56,2.50,3.23,1.94
2014-09-10,0.58,2.54,3.26,1.96
2014-09-11,0.58,2.54,3.27,1.96
2014-09-12,0.58,2.62,3.35,2.04
2014-09-15,0.58,2.60,3.34,2.02
2014-09-16,0.55,2.60,3.36,2.05
2014-09-17,0.59,2.62,3.37,2.03
2014-09-18,0.59,2.63,3.36,2.04
2014-09-19,0.59,2.59,3.29,2.00
2014-09-22,0.58,2.57,3.28,1.99
2014-09-23,0.57,2.54,3.25,1.97
2014-09-24,0.59,2.57,3.28,1.98
2014-09-25,0.56,2.52,3.22,1.96
2014-09-26,0.59,2.54,3.22,1.95
2014-09-29,0.58,2.50,3.18,1.92
2014-09-30,0.58,2.52,3.21,1.94
2014-10-01,0.53,2.42,3.12,1.89
2014-10-02,0.53,2.44,3.15,1.91
2014-10-03,0.57,2.45,3.13,1.88
2014-10-06,0.54,2.43,3.12,1.89
2014-10-07,0.52,2.36,3.06,1.84
2014-10-08,0.46,2.35,3.07,1.89
2014-10-09,0.46,2.34,3.07,1.88
2014-10-10,0.45,2.31,3.03,1.86
2014-10-13,,,,
2014-10-14,0.39,2.21,2.95,1.82
2014-10-15,0.34,2.15,2.92,1.81
2014-10-16,0.35,2.17,2.94,1.82
2014-10-17,0.39,2.22,2.98,1.83
2014-10-20,0.37,2.20,2.96,1.83
2014-10-21,0.38,2.23,3.00,1.85
2014-10-22,0.41,2.25,3.01,1.84
2014-10-23,0.41,2.29,3.05,1.88
2014-10-24,0.41,2.29,3.05,1.88
2014-10-27,0.41,2.27,3.04,1.86
2014-10-28,0.42,2.30,3.06,1.88
2014-10-29,0.48,2.34,3.06,1.86
2014-10-30,0.48,2.32,3.04,1.84
2014-10-31,0.50,2.35,3.07,1.85
2014-11-03,0.52,2.36,3.07,1.84
2014-11-04,0.52,2.35,3.05,1.83
2014-11-05,0.52,2.36,3.06,1.84
2014-11-06,0.54,2.39,3.09,1.85
2014-11-07,0.51,2.32,3.04,1.81
2014-11-10,0.55,2.38,3.09,1.83
2014-11-11,,,,
2014-11-12,0.55,2.37,3.09,1.82
2014-11-13,0.53,2.35,3.08,1.82
2014-11-14,0.54,2.32,3.04,1.78
2014-11-17,0.54,2.34,3.06,1.80
2014-11-18,0.53,2.32,3.05,1.79
2014-11-19,0.54,2.36,3.08,1.82
2014-11-20,0.53,2.34,3.05,1.81
2014-11-21,0.53,2.31,3.02,1.78
2014-11-24,0.53,2.30,3.01,1.77
2014-11-25,0.51,2.27,2.97,1.76
2014-11-26,0.53,2.24,2.95,1.71
2014-11-27,,,,
2014-11-28,0.47,2.18,2.89,1.71
2014-12-01,0.49,2.22,2.95,1.73
2014-12-02,0.55,2.28,3.00,1.73
2014-12-03,0.57,2.29,2.99,1.72
2014-12-04,0.55,2.25,2.94,1.70
2014-12-05,0.65,2.31,2.97,1.66
2014-12-08,0.64,2.26,2.90,1.62
2014-12-09,0.64,2.22,2.87,1.58
2014-12-10,0.59,2.18,2.83,1.59
2014-12-11,0.62,2.19,2.84,1.57
2014-12-12,0.56,2.10,2.75,1.54
2014-12-15,0.60,2.12,2.74,1.52
2014-12-16,0.58,2.07,2.69,1.49
2014-12-17,0.62,2.14,2.74,1.52
2014-12-18,0.67,2.22,2.82,1.55
2014-12-19,0.67,2.17,2.77,1.50
2014-12-22,0.71,2.17,2.75,1.46
2014-12-23,0.73,2.26,2.85,1.53
2014-12-24,0.73,2.27,2.83,1.54
2014-12-25,,,,
2014-12-26,0.73,2.25,2.81,1.52
2014-12-29,0.72,2.22,2.78,1.50
2014-12-30,0.69,2.20,2.76,1.51
2014-12-31,0.67,2.17,2.75,1.50
2015-01-01,,,,
2015-01-02,0.66,2.12,2.69,1.46
2015-01-05,0.68,2.04,2.60,1.36
2015-01-06,0.65,1.97,2.52,1.32
2015-01-07,0.62,1.96,2.52,1.34
2015-01-08,0.62,2.03,2.59,1.41
2015-01-09,0.59,1.98,2.55,1.39
2015-01-12,0.56,1.92,2.49,1.36
2015-01-13,0.54,1.91,2.49,1.37
2015-01-14,0.51,1.86,2.47,1.35
2015-01-15,0.44,1.77,2.40,1.33
2015-01-16,0.49,1.83,2.44,1.34
2015-01-19,,,,
2015-01-20,0.53,1.82,2.39,1.29
2015-01-21,0.53,1.87,2.44,1.34
2015-01-22,0.53,1.90,2.46,1.37
2015-01-23,0.52,1.81,2.38,1.29
2015-01-26,0.54,1.83,2.40,1.29
2015-01-27,0.54,1.83,2.40,1.29
2015-01-28,0.50,1.73,2.29,1.23
2015-01-29,0.51,1.77,2.33,1.26
2015-01-30,0.47,1.68,2.25,1.21
2015-02-02,0.49,1.68,2.25,1.19
2015-02-03,0.52,1.79,2.37,1.27
2015-02-04,0.52,1.81,2.39,1.29
2015-02-05,0.52,1.83,2.42,1.31
2015-02-06,0.65,1.95,2.51,1.30
2015-02-09,0.65,1.96,2.52,1.31
2015-02-10,0.67,2.01,2.58,1.34
2015-02-11,0.67,2.00,2.57,1.33
2015-02-12,0.61,1.99,2.58,1.38
2015-02-13,0.66,2.02,2.63,1.36
2015-02-16,,,,
2015-02-17,0.70,2.14,2.73,1.44
2015-02-18,0.62,2.07,2.70,1.45
2015-02-19,0.67,2.11,2.73,1.44
2015-02-20,0.67,2.13,2.73,1.46
2015-02-23,0.64,2.06,2.66,1.42
2015-02-24,0.60,1.99,2.60,1.39
2015-02-25,0.61,1.96,2.56,1.35
2015-02-26,0.66,2.03,2.63,1.37
2015-02-27,0.63,2.00,2.60,1.37
2015-03-02,0.66,2.08,2.68,1.42
2015-03-03,0.68,2.12,2.71,1.44
2015-03-04,0.66,2.12,2.72,1.46
2015-03-05,0.65,2.11,2.71,1.46
2015-03-06,0.73,2.24,2.83,1.51
2015-03-09,0.70,2.20,2.80,1.50
2015-03-10,0.70,2.14,2.73,1.44
2015-03-11,0.70,2.11,2.69,1.41
2015-03-12,0.67,2.10,2.69,1.43
2015-03-13,0.68,2.13,2.70,1.45
2015-03-16,0.66,2.10,2.67,1.44
2015-03-17,0.70,2.06,2.61,1.36
2015-03-18,0.57,1.93,2.51,1.36
2015-03-19,0.63,1.98,2.54,1.35
2015-03-20,0.60,1.93,2.50,1.33
2015-03-23,0.60,1.92,2.51,1.32
2015-03-24,0.58,1.88,2.46,1.30
2015-03-25,0.59,1.93,2.50,1.34
2015-03-26,0.61,2.01,2.60,1.40
2015-03-27,0.58,1.95,2.53,1.37
2015-03-30,0.58,1.96,2.55,1.38
2015-03-31,0.56,1.94,2.54,1.38
2015-04-01,0.55,1.87,2.47,1.32
2015-04-02,0.55,1.92,2.53,1.37
2015-04-03,0.49,1.85,2.49,1.36
2015-04-06,0.51,1.92,2.57,1.41
2015-04-07,0.52,1.89,2.52,1.37
2015-04-08,0.54,1.92,2.53,1.38
2015-04-09,0.56,1.97,2.61,1.41
2015-04-10,0.57,1.96,2.58,1.39
2015-04-13,0.54,1.94,2.58,1.40
2015-04-14,0.53,1.90,2.54,1.37
2015-04-15,0.51,1.91,2.55,1.40
2015-04-16,0.50,1.90,2.56,1.40
2015-04-17,0.51,1.87,2.51,1.36
2015-04-20,0.55,1.90,2.56,1.35
2015-04-21,0.55,1.92,2.58,1.37
2015-04-22,0.57,1.99,2.66,1.42
2015-04-23,0.55,1.96,2.63,1.41
2015-04-24,0.54,1.93,2.62,1.39
2015-04-27,0.54,1.94,2.61,1.40
2015-04-28,0.56,2.00,2.68,1.44
2015-04-29,0.56,2.06,2.76,1.50
2015-04-30,0.58,2.05,2.75,1.47
2015-05-01,0.60,2.12,2.82,1.52
2015-05-04,0.60,2.16,2.88,1.56
2015-05-05,0.62,2.19,2.90,1.57
2015-05-06,0.65,2.25,2.98,1.60
2015-05-07,0.63,2.18,2.90,1.55
2015-05-08,0.59,2.16,2.90,1.57
2015-05-11,0.62,2.28,3.03,1.66
2015-05-12,0.61,2.28,3.02,1.67
2015-05-13,0.59,2.27,3.07,1.68
2015-05-14,0.56,2.23,3.03,1.67
2015-05-15,0.55,2.14,2.93,1.59
2015-05-18,0.58,2.23,3.02,1.65
2015-05-19,0.63,2.27,3.05,1.64
2015-05-20,0.60,2.26,3.06,1.66
2015-05-21,0.60,2.19,2.98,1.59
2015-05-22,0.64,2.21,2.99,1.57
2015-05-25,,,,
2015-05-26,0.64,2.14,2.89,1.50
2015-05-27,0.64,2.14,2.88,1.50
2015-05-28,0.62,2.13,2.89,1.51
2015-05-29,0.61,2.12,2.88,1.51
2015-06-01,0.64,2.19,2.94,1.55
2015-06-02,0.64,2.27,3.02,1.63
2015-06-03,0.69,2.38,3.11,1.69
2015-06-04,0.66,2.31,3.03,1.65
2015-06-05,0.73,2.41,3.11,1.68
2015-06-08,0.70,2.39,3.11,1.69
2015-06-09,0.72,2.42,3.15,1.70
2015-06-10,0.75,2.50,3.22,1.75
2015-06-11,0.73,2.39,3.11,1.66
2015-06-12,0.74,2.39,3.10,1.65
2015-06-15,0.72,2.36,3.09,1.64
2015-06-16,0.71,2.32,3.06,1.61
2015-06-17,0.67,2.32,3.09,1.65
2015-06-18,0.66,2.35,3.14,1.69
2015-06-19,0.65,2.26,3.05,1.61
2015-06-22,0.68,2.37,3.16,1.69
2015-06-23,0.70,2.42,3.20,1.72
2015-06-24,0.68,2.38,3.16,1.70
2015-06-25,0.68,2.40,3.16,1.72
2015-06-26,0.72,2.49,3.25,1.77
2015-06-29,0.64,2.33,3.09,1.69
2015-06-30,0.64,2.35,3.11,1.71
2015-07-01,0.69,2.43,3.20,1.74
2015-07-02,0.64,2.40,3.19,1.76
2015-07-03,,,,
2015-07-06,0.60,2.30,3.08,1.70
2015-07-07,0.58,2.27,3.04,1.69
2015-07-08,0.55,2.22,2.99,1.67
2015-07-09,0.60,2.32,3.11,1.72
2015-07-10,0.65,2.42,3.20,1.77
2015-07-13,0.69,2.44,3.21,1.75
2015-07-14,0.66,2.41,3.20,1.75
2015-07-15,0.64,2.36,3.13,1.72
2015-07-16,0.67,2.36,3.11,1.69
2015-07-17,0.68,2.34,3.08,1.66
2015-07-20,0.71,2.38,3.10,1.67
2015-07-21,0.71,2.35,3.08,1.64
2015-07-22,0.75,2.33,3.04,1.58
2015-07-23,0.71,2.28,2.98,1.57
2015-07-24,0.70,2.27,2.96,1.57
2015-07-27,0.68,2.23,2.93,1.55
2015-07-28,0.69,2.26,2.96,1.57
2015-07-29,0.70,2.29,2.99,1.59
2015-07-30,0.72,2.28,2.96,1.56
2015-07-31,0.67,2.20,2.92,1.53
2015-08-03,0.68,2.16,2.86,1.48
2015-08-04,0.74,2.23,2.90,1.49
2015-08-05,0.73,2.28,2.94,1.55
2015-08-06,0.71,2.23,2.90,1.52
2015-08-07,0.73,2.18,2.83,1.45
2015-08-10,0.73,2.24,2.89,1.51
2015-08-11,0.68,2.15,2.81,1.47
2015-08-12,0.67,2.14,2.84,1.47
2015-08-13,0.72,2.19,2.86,1.47
2015-08-14,0.73,2.20,2.84,1.47
2015-08-17,0.72,2.16,2.81,1.44
2015-08-18,0.74,2.20,2.87,1.46
2015-08-19,0.67,2.12,2.81,1.45
2015-08-20,0.69,2.09,2.76,1.40
2015-08-21,0.64,2.05,2.74,1.41
2015-08-24,0.59,2.01,2.73,1.42
2015-08-25,0.67,2.12,2.84,1.45
2015-08-26,0.67,2.18,2.94,1.51
2015-08-27,0.68,2.18,2.93,1.50
2015-08-28,0.72,2.19,2.92,1.47
2015-08-31,0.74,2.21,2.95,1.47
2015-09-01,0.70,2.17,2.93,1.47
2015-09-02,0.72,2.20,2.97,1.48
2015-09-03,0.71,2.18,2.95,1.47
2015-09-04,0.71,2.13,2.89,1.42
2015-09-07,,,,
2015-09-08,0.74,2.20,2.97,1.46
2015-09-09,0.75,2.21,2.96,1.46
2015-09-10,0.75,2.23,2.98,1.48
2015-09-11,0.71,2.20,2.95,1.49
2015-09-14,0.73,2.18,2.95,1.45
2015-09-15,0.82,2.28,3.06,1.46
2015-09-16,0.82,2.30,3.08,1.48
2015-09-17,0.70,2.21,3.02,1.51
2015-09-18,0.69,2.13,2.93,1.44
2015-09-21,0.72,2.20,3.02,1.48
2015-09-22,0.69,2.14,2.94,1.45
2015-09-23,0.70,2.16,2.95,1.46
2015-09-24,0.67,2.13,2.91,1.46
2015-09-25,0.70,2.17,2.96,1.47
2015-09-28,0.67,2.10,2.87,1.43
2015-09-29,0.64,2.05,2.85,1.41
2015-09-30,0.64,2.06,2.87,1.42
2015-10-01,0.64,2.05,2.85,1.41
2015-10-02,0.58,1.99,2.82,1.41
2015-10-05,0.61,2.07,2.90,1.46
2015-10-06,0.61,2.05,2.88,1.44
2015-10-07,0.65,2.08,2.89,1.43
2015-10-08,0.65,2.12,2.96,1.47
2015-10-09,0.65,2.12,2.94,1.47
2015-10-12,,,,
2015-10-13,0.64,2.06,2.89,1.42
2015-10-14,0.57,1.99,2.84,1.42
2015-10-15,0.61,2.04,2.87,1.43
2015-10-16,0.61,2.04,2.87,1.43
2015-10-19,0.61,2.04,2.89,1.43
2015-10-20,0.66,2.08,2.92,1.42
2015-10-21,0.64,2.04,2.87,1.40
2015-10-22,0.61,2.04,2.87,1.43
2015-10-23,0.66,2.09,2.90,1.43
2015-10-26,0.66,2.07,2.87,1.41
2015-10-27,0.65,2.05,2.86,1.40
2015-10-28,0.73,2.10,2.87,1.37
2015-10-29,0.75,2.19,2.96,1.44
2015-10-30,0.75,2.16,2.93,1.41
2015-11-02,0.77,2.20,2.95,1.43
2015-11-03,0.80,2.23,3.00,1.43
2015-11-04,0.84,2.25,3.00,1.41
2015-11-05,0.85,2.26,3.01,1.41
2015-11-06,0.90,2.34,3.09,1.44
2015-11-09,0.89,2.36,3.12,1.47
2015-11-10,0.87,2.32,3.10,1.45
2015-11-11,,,,
2015-11-12,0.89,2.32,3.09,1.43
2015-11-13,0.86,2.28,3.06,1.42
2015-11-16,0.88,2.27,3.07,1.39
2015-11-17,0.86,2.25,3.04,1.39
2015-11-18,0.90,2.27,3.04,1.37
2015-11-19,0.91,2.24,3.00,1.33
2015-11-20,0.93,2.26,3.02,1.33
2015-11-23,0.94,2.25,3.00,1.31
2015-11-24,0.93,2.24,3.00,1.31
2015-11-25,0.93,2.23,3.00,1.30
2015-11-26,,,,
2015-11-27,0.92,2.22,3.00,1.30
2015-11-30,0.94,2.21,2.98,1.27
2015-12-01,0.91,2.15,2.91,1.24
2015-12-02,0.94,2.18,2.91,1.24
2015-12-03,0.96,2.33,3.07,1.37
2015-12-04,0.96,2.28,3.01,1.32
2015-12-07,0.94,2.23,2.95,1.29
2015-12-08,0.94,2.24,2.97,1.30
2015-12-09,0.93,2.22,2.97,1.29
2015-12-10,0.95,2.24,2.98,1.29
2015-12-11,0.88,2.13,2.87,1.25
2015-12-14,0.97,2.23,2.96,1.26
2015-12-15,0.98,2.28,3.00,1.30
2015-12-16,1.02,2.30,3.02,1.28
2015-12-17,1.00,2.24,2.94,1.24
2015-12-18,0.97,2.19,2.90,1.22
2015-12-21,0.96,2.20,2.92,1.24
2015-12-22,0.99,2.24,2.96,1.25
2015-12-23,1.01,2.27,3.00,1.26
2015-12-24,1.03,2.25,2.96,1.22
2015-12-25,,,,
2015-12-28,1.05,2.24,2.95,1.19
2015-12-29,1.09,2.32,3.04,1.23
2015-12-30,1.08,2.31,3.04,1.23
2015-12-31,1.06,2.27,3.01,1.21
2016-01-01,,,,
2016-01-04,1.02,2.24,2.98,1.22
2016-01-05,1.04,2.25,3.01,1.21
2016-01-06,0.99,2.18,2.94,1.19
2016-01-07,0.96,2.16,2.92,1.20
2016-01-08,0.94,2.13,2.91,1.19
2016-01-11,0.94,2.17,2.96,1.23
2016-01-12,0.93,2.12,2.89,1.19
2016-01-13,0.91,2.08,2.85,1.17
2016-01-14,0.90,2.10,2.90,1.20
2016-01-15,0.85,2.03,2.81,1.18
2016-01-18,,,,
2016-01-19,0.88,2.06,2.82,1.18
2016-01-20,0.85,2.01,2.77,1.16
2016-01-21,0.84,2.02,2.79,1.18
2016-01-22,0.88,2.07,2.83,1.19
2016-01-25,0.88,2.03,2.80,1.15
2016-01-26,0.85,2.01,2.79,1.16
2016-01-27,0.84,2.02,2.80,1.18
2016-01-28,0.83,2.00,2.79,1.17
2016-01-29,0.76,1.94,2.75,1.18
2016-02-01,0.81,1.97,2.77,1.16
2016-02-02,0.75,1.87,2.67,1.12
2016-02-03,0.72,1.88,2.70,1.16
2016-02-04,0.70,1.87,2.70,1.17
2016-02-05,0.74,1.86,2.68,1.12
2016-02-08,0.66,1.75,2.56,1.09
2016-02-09,0.69,1.74,2.55,1.05
2016-02-10,0.71,1.71,2.53,1.00
2016-02-11,0.64,1.63,2.50,0.99
2016-02-12,0.71,1.74,2.60,1.03
2016-02-15,,,,
2016-02-16,0.74,1.78,2.64,1.04
2016-02-17,0.74,1.81,2.68,1.07
2016-02-18,0.71,1.75,2.62,1.04
2016-02-19,0.76,1.76,2.61,1.00
2016-02-22,0.78,1.77,2.62,0.99
2016-02-23,0.76,1.74,2.60,0.98
2016-02-24,0.75,1.75,2.61,1.00
2016-02-25,0.72,1.71,2.58,0.99
2016-02-26,0.80,1.76,2.63,0.96
2016-02-29,0.78,1.74,2.61,0.96
2016-03-01,0.85,1.83,2.70,0.98
2016-03-02,0.85,1.84,2.69,0.99
2016-03-03,0.85,1.83,2.65,0.98
2016-03-04,0.88,1.88,2.70,1.00
2016-03-07,0.91,1.91,2.71,1.00
2016-03-08,0.88,1.83,2.63,0.95
2016-03-09,0.90,1.90,2.68,1.00
2016-03-10,0.93,1.93,2.70,1.00
2016-03-11,0.97,1.98,2.75,1.01
2016-03-14,0.97,1.97,2.74,1.00
2016-03-15,0.98,1.97,2.73,0.99
2016-03-16,0.87,1.94,2.73,1.07
2016-03-17,0.87,1.91,2.69,1.04
2016-03-18,0.84,1.88,2.68,1.04
2016-03-21,0.87,1.92,2.72,1.05
2016-03-22,0.91,1.94,2.72,1.03
2016-03-23,0.87,1.88,2.65,1.01
2016-03-24,0.89,1.91,2.67,1.02
2016-03-25,,,,
2016-03-28,0.89,1.89,2.66,1.00
2016-03-29,0.78,1.81,2.60,1.03
2016-03-30,0.76,1.83,2.65,1.07
2016-03-31,0.73,1.78,2.61,1.05
2016-04-01,0.76,1.79,2.62,1.03
2016-04-04,0.75,1.78,2.60,1.03
2016-04-05,0.72,1.73,2.54,1.01
2016-04-06,0.73,1.76,2.58,1.03
2016-04-07,0.70,1.70,2.52,1.00
2016-04-08,0.70,1.72,2.55,1.02
2016-04-11,0.70,1.73,2.56,1.03
2016-04-12,0.74,1.79,2.61,1.05
2016-04-13,0.75,1.77,2.58,1.02
2016-04-14,0.77,1.80,2.61,1.03
2016-04-15,0.74,1.76,2.56,1.02
2016-04-18,0.75,1.78,2.58,1.03
2016-04-19,0.77,1.79,2.60,1.02
2016-04-20,0.80,1.85,2.66,1.05
2016-04-21,0.82,1.88,2.69,1.06
2016-04-22,0.84,1.89,2.70,1.05
2016-04-25,0.85,1.91,2.72,1.06
2016-04-26,0.86,1.94,2.76,1.08
2016-04-27,0.83,1.87,2.71,1.04
2016-04-28,0.78,1.84,2.68,1.06
2016-04-29,0.77,1.83,2.66,1.06
2016-05-02,0.80,1.88,2.71,1.08
2016-05-03,0.75,1.81,2.66,1.06
2016-05-04,0.75,1.79,2.64,1.04
2016-05-05,0.72,1.76,2.60,1.04
2016-05-06,0.74,1.79,2.62,1.05
2016-05-09,0.72,1.77,2.61,1.05
2016-05-10,0.72,1.77,2.61,1.05
2016-05-11,0.74,1.73,2.58,0.99
2016-05-12,0.76,1.75,2.60,0.99
2016-05-13,0.76,1.71,2.55,0.95
2016-05-16,0.79,1.75,2.59,0.96
2016-05-17,0.82,1.76,2.59,0.94
2016-05-18,0.90,1.87,2.67,0.97
2016-05-19,0.89,1.85,2.64,0.96
2016-05-20,0.89,1.85,2.63,0.96
2016-05-23,0.91,1.84,2.63,0.93
2016-05-24,0.92,1.86,2.65,0.94
2016-05-25,0.92,1.87,2.67,0.95
2016-05-26,0.87,1.83,2.64,0.96
2016-05-27,0.90,1.85,2.65,0.95
2016-05-30,,,,
2016-05-31,0.87,1.84,2.64,0.97
2016-06-01,0.91,1.85,2.63,0.94
2016-06-02,0.89,1.81,2.58,0.92
2016-06-03,0.78,1.71,2.52,0.93
2016-06-06,0.80,1.73,2.55,0.93
2016-06-07,0.78,1.72,2.54,0.94
2016-06-08,0.78,1.71,2.51,0.93
2016-06-09,0.77,1.68,2.48,0.91
2016-06-10,0.73,1.64,2.44,0.91
2016-06-13,0.73,1.62,2.43,0.89
2016-06-14,0.74,1.62,2.43,0.88
2016-06-15,0.69,1.60,2.43,0.91
2016-06-16,0.70,1.57,2.39,0.87
2016-06-17,0.70,1.62,2.43,0.92
2016-06-20,0.74,1.67,2.47,0.93
2016-06-21,0.76,1.71,2.50,0.95
2016-06-22,0.75,1.69,2.50,0.94
2016-06-23,0.78,1.74,2.55,0.96
2016-06-24,0.64,1.57,2.42,0.93
2016-06-27,0.61,1.46,2.28,0.85
2016-06-28,0.61,1.46,2.27,0.85
2016-06-29,0.62,1.50,2.30,0.88
2016-06-30,0.58,1.49,2.30,0.91
2016-07-01,0.59,1.46,2.24,0.87
2016-07-04,,,,
2016-07-05,0.56,1.37,2.14,0.81
2016-07-06,0.58,1.38,2.14,0.80
2016-07-07,0.58,1.40,2.14,0.82
2016-07-08,0.61,1.37,2.11,0.76
2016-07-11,0.66,1.43,2.14,0.77
2016-07-12,0.69,1.53,2.24,0.84
2016-07-13,0.68,1.48,2.18,0.80
2016-07-14,0.68,1.53,2.25,0.85
2016-07-15,0.71,1.60,2.30,0.89
2016-07-18,0.68,1.59,2.30,0.91
2016-07-19,0.70,1.56,2.27,0.86
2016-07-20,0.73,1.59,2.30,0.86
2016-07-21,0.70,1.57,2.29,0.87
2016-07-22,0.71,1.57,2.29,0.86
2016-07-25,0.72,1.58,2.29,0.86
2016-07-26,0.75,1.57,2.28,0.82
2016-07-27,0.73,1.52,2.23,0.79
2016-07-28,0.72,1.52,2.23,0.80
2016-07-29,0.67,1.46,2.18,0.79
2016-08-01,0.67,1.51,2.24,0.84
2016-08-02,0.67,1.55,2.29,0.88
2016-08-03,0.67,1.55,2.29,0.88
2016-08-04,0.64,1.51,2.25,0.87
2016-08-05,0.72,1.59,2.32,0.87
2016-08-08,0.74,1.59,2.30,0.85
2016-08-09,0.71,1.55,2.25,0.84
2016-08-10,0.69,1.50,2.23,0.81
2016-08-11,0.76,1.57,2.28,0.81
2016-08-12,0.71,1.51,2.23,0.80
2016-08-15,0.72,1.55,2.27,0.83
2016-08-16,0.76,1.57,2.29,0.81
2016-08-17,0.74,1.56,2.27,0.82
2016-08-18,0.71,1.53,2.26,0.82
2016-08-19,0.76,1.58,2.29,0.82
2016-08-22,0.76,1.55,2.24,0.79
2016-08-23,0.74,1.55,2.24,0.81
2016-08-24,0.76,1.56,2.24,0.80
2016-08-25,0.78,1.58,2.27,0.80
2016-08-26,0.84,1.62,2.29,0.78
2016-08-29,0.81,1.57,2.22,0.76
2016-08-30,0.80,1.57,2.23,0.77
2016-08-31,0.80,1.58,2.23,0.78
2016-09-01,0.78,1.57,2.23,0.79
2016-09-02,0.80,1.60,2.28,0.80
2016-09-05,,,,
2016-09-06,0.74,1.55,2.24,0.81
2016-09-07,0.74,1.54,2.23,0.80
2016-09-08,0.78,1.61,2.32,0.83
2016-09-09,0.79,1.67,2.39,0.88
2016-09-12,0.79,1.68,2.40,0.89
2016-09-13,0.80,1.73,2.47,0.93
2016-09-14,0.77,1.70,2.44,0.93
2016-09-15,0.74,1.71,2.48,0.97
2016-09-16,0.77,1.70,2.44,0.93
2016-09-19,0.79,1.70,2.45,0.91
2016-09-20,0.79,1.69,2.43,0.90
2016-09-21,0.79,1.66,2.39,0.87
2016-09-22,0.79,1.63,2.34,0.84
2016-09-23,0.77,1.62,2.34,0.85
2016-09-26,0.76,1.59,2.32,0.83
2016-09-27,0.75,1.56,2.28,0.81
2016-09-28,0.75,1.57,2.29,0.82
2016-09-29,0.73,1.56,2.28,0.83
2016-09-30,0.77,1.60,2.32,0.83
2016-10-03,0.80,1.63,2.34,0.83
2016-10-04,0.82,1.69,2.40,0.87
2016-10-05,0.85,1.72,2.44,0.87
2016-10-06,0.86,1.75,2.46,0.89
2016-10-07,0.83,1.73,2.46,0.90
2016-10-10,,,,
2016-10-11,0.87,1.77,2.50,0.90
2016-10-12,0.87,1.79,2.51,0.92
2016-10-13,0.85,1.75,2.48,0.90
2016-10-14,0.84,1.80,2.55,0.96
2016-10-17,0.81,1.77,2.52,0.96
2016-10-18,0.82,1.75,2.51,0.93
2016-10-19,0.81,1.76,2.51,0.95
2016-10-20,0.84,1.76,2.50,0.92
2016-10-21,0.84,1.74,2.48,0.90
2016-10-24,0.84,1.77,2.52,0.93
2016-10-25,0.86,1.77,2.50,0.91
2016-10-26,0.86,1.79,2.53,0.93
2016-10-27,0.87,1.85,2.60,0.98
2016-10-28,0.86,1.86,2.62,1.00
2016-10-31,0.86,1.84,2.58,0.98
2016-11-01,0.83,1.83,2.58,1.00
2016-11-02,0.81,1.81,2.56,1.00
2016-11-03,0.81,1.82,2.60,1.01
2016-11-04,0.80,1.79,2.56,0.99
2016-11-07,0.82,1.83,2.60,1.01
2016-11-08,0.87,1.88,2.63,1.01
2016-11-09,0.90,2.07,2.88,1.17
2016-11-10,0.92,2.15,2.94,1.23
2016-11-11,,,,
2016-11-14,1.00,2.23,2.99,1.23
2016-11-15,1.02,2.23,2.97,1.21
2016-11-16,1.00,2.22,2.92,1.22
2016-11-17,1.04,2.29,3.01,1.25
2016-11-18,1.07,2.34,3.01,1.27
2016-11-21,1.08,2.33,3.00,1.25
2016-11-22,1.07,2.31,3.00,1.24
2016-11-23,1.12,2.36,3.02,1.24
2016-11-24,,,,
2016-11-25,1.12,2.36,3.01,1.24
2016-11-28,1.11,2.32,2.99,1.21
2016-11-29,1.09,2.30,2.95,1.21
2016-11-30,1.11,2.37,3.02,1.26
2016-12-01,1.14,2.45,3.10,1.31
2016-12-02,1.11,2.40,3.08,1.29
2016-12-05,1.13,2.39,3.05,1.26
2016-12-06,1.12,2.39,3.08,1.27
2016-12-07,1.10,2.34,3.02,1.24
2016-12-08,1.12,2.40,3.10,1.28
2016-12-09,1.15,2.47,3.16,1.32
2016-12-12,1.15,2.49,3.16,1.34
2016-12-13,1.17,2.48,3.14,1.31
2016-12-14,1.27,2.54,3.14,1.27
2016-12-15,1.29,2.60,3.16,1.31
2016-12-16,1.28,2.60,3.19,1.32
2016-12-19,1.24,2.54,3.12,1.30
2016-12-20,1.25,2.57,3.15,1.32
2016-12-21,1.21,2.55,3.12,1.34
2016-12-22,1.22,2.55,3.12,1.33
2016-12-23,1.22,2.55,3.12,1.33
2016-12-26,,,,
2016-12-27,1.28,2.57,3.14,1.29
2016-12-28,1.26,2.51,3.09,1.25
2016-12-29,1.22,2.49,3.08,1.27
2016-12-30,1.20,2.45,3.06,1.25
2017-01-02,,,,
2017-01-03,1.22,2.45,3.04,1.23
2017-01-04,1.24,2.46,3.05,1.22
2017-01-05,1.17,2.37,2.96,1.20
2017-01-06,1.22,2.42,3.00,1.20
2017-01-09,1.21,2.38,2.97,1.17
2017-01-10,1.19,2.38,2.97,1.19
2017-01-11,1.20,2.38,2.96,1.18
2017-01-12,1.18,2.36,3.01,1.18
2017-01-13,1.21,2.40,2.99,1.19
2017-01-16,,,,
2017-01-17,1.17,2.33,2.93,1.16
2017-01-18,1.23,2.42,3.00,1.19
2017-01-19,1.25,2.47,3.04,1.22
2017-01-20,1.20,2.48,3.05,1.28
2017-01-23,1.16,2.41,2.99,1.25
2017-01-24,1.21,2.47,3.05,1.26
2017-01-25,1.23,2.53,3.10,1.30
2017-01-26,1.21,2.51,3.08,1.30
2017-01-27,1.22,2.49,3.06,1.27
2017-01-30,1.22,2.49,3.08,1.27
2017-01-31,1.19,2.45,3.05,1.26
2017-02-01,1.22,2.48,3.08,1.26
2017-02-02,1.21,2.48,3.09,1.27
2017-02-03,1.21,2.49,3.11,1.28
2017-02-06,1.16,2.42,3.05,1.26
2017-02-07,1.16,2.40,3.02,1.24
2017-02-08,1.15,2.34,2.96,1.19
2017-02-09,1.20,2.40,3.02,1.20
2017-02-10,1.20,2.41,3.01,1.21
2017-02-13,1.20,2.43,3.03,1.23
2017-02-14,1.25,2.47,3.07,1.22
2017-02-15,1.27,2.51,3.09,1.24
2017-02-16,1.22,2.45,3.05,1.23
2017-02-17,1.21,2.42,3.03,1.21
2017-02-20,,,,
2017-02-21,1.22,2.43,3.04,1.21
2017-02-22,1.22,2.42,3.04,1.20
2017-02-23,1.18,2.38,3.02,1.20
2017-02-24,1.12,2.31,2.95,1.19
2017-02-27,1.20,2.36,2.98,1.16
2017-02-28,1.22,2.36,2.97,1.14
2017-03-01,1.29,2.46,3.06,1.17
2017-03-02,1.32,2.49,3.09,1.17
2017-03-03,1.32,2.49,3.08,1.17
2017-03-06,1.31,2.49,3.10,1.18
2017-03-07,1.32,2.52,3.11,1.20
2017-03-08,1.36,2.57,3.15,1.21
2017-03-09,1.37,2.60,3.19,1.23
2017-03-10,1.36,2.58,3.16,1.22
2017-03-13,1.40,2.62,3.20,1.22
2017-03-14,1.40,2.60,3.17,1.20
2017-03-15,1.33,2.51,3.11,1.18
2017-03-16,1.35,2.53,3.14,1.18
2017-03-17,1.33,2.50,3.11,1.17
2017-03-20,1.30,2.47,3.08,1.17
2017-03-21,1.27,2.43,3.04,1.16
2017-03-22,1.27,2.40,3.02,1.13
2017-03-23,1.26,2.41,3.02,1.15
2017-03-24,1.26,2.40,3.00,1.14
2017-03-27,1.27,2.38,2.98,1.11
2017-03-28,1.30,2.42,3.02,1.12
2017-03-29,1.26,2.39,2.99,1.13
2017-03-30,1.28,2.42,3.03,1.14
2017-03-31,1.27,2.40,3.02,1.13
2017-04-03,1.24,2.35,2.98,1.11
2017-04-04,1.25,2.36,2.99,1.11
2017-04-05,1.24,2.34,2.98,1.10
2017-04-06,1.24,2.34,2.99,1.10
2017-04-07,1.29,2.38,3.00,1.09
2017-04-10,1.29,2.37,2.99,1.08
2017-04-11,1.24,2.32,2.93,1.08
2017-04-12,1.24,2.28,2.92,1.04
2017-04-13,1.21,2.24,2.89,1.03
2017-04-14,,,,
2017-04-17,1.21,2.26,2.92,1.05
2017-04-18,1.18,2.18,2.84,1.00
2017-04-19,1.19,2.21,2.87,1.02
2017-04-20,1.21,2.24,2.89,1.03
2017-04-21,1.20,2.24,2.89,1.04
2017-04-24,1.25,2.28,2.93,1.03
2017-04-25,1.29,2.35,2.99,1.06
2017-04-26,1.28,2.32,2.97,1.04
2017-04-27,1.25,2.30,2.96,1.05
2017-04-28,1.28,2.29,2.96,1.01
2017-05-01,1.28,2.33,3.00,1.05
2017-05-02,1.27,2.29,2.97,1.02
2017-05-03,1.30,2.33,2.97,1.03
2017-05-04,1.32,2.36,3.00,1.04
2017-05-05,1.32,2.36,2.99,1.04
2017-05-08,1.33,2.39,3.02,1.06
2017-05-09,1.37,2.42,3.04,1.05
2017-05-10,1.35,2.41,3.03,1.06
2017-05-11,1.35,2.39,3.03,1.04
2017-05-12,1.29,2.33,2.98,1.04
2017-05-15,1.31,2.34,3.00,1.03
2017-05-16,1.29,2.33,2.99,1.04
2017-05-17,1.26,2.22,2.91,0.96
2017-05-18,1.27,2.23,2.90,0.96
2017-05-19,1.28,2.23,2.90,0.95
2017-05-22,1.29,2.25,2.91,0.96
2017-05-23,1.31,2.29,2.95,0.98
2017-05-24,1.29,2.26,2.92,0.97
2017-05-25,1.30,2.25,2.92,0.95
2017-05-26,1.30,2.25,2.92,0.95
2017-05-29,,,,
2017-05-30,1.28,2.21,2.88,0.93
2017-05-31,1.28,2.21,2.87,0.93
2017-06-01,1.28,2.21,2.87,0.93
2017-06-02,1.28,2.15,2.80,0.87
2017-06-05,1.32,2.18,2.84,0.86
2017-06-06,1.30,2.14,2.81,0.84
2017-06-07,1.32,2.18,2.84,0.86
2017-06-08,1.33,2.19,2.85,0.86
2017-06-09,1.35,2.21,2.86,0.86
2017-06-12,1.35,2.21,2.86,0.86
2017-06-13,1.38,2.21,2.87,0.83
2017-06-14,1.35,2.15,2.79,0.80
2017-06-15,1.35,2.16,2.78,0.81
2017-06-16,1.32,2.16,2.78,0.84
2017-06-19,1.36,2.19,2.79,0.83
2017-06-20,1.36,2.16,2.74,0.80
2017-06-21,1.36,2.16,2.73,0.80
2017-06-22,1.34,2.15,2.72,0.81
2017-06-23,1.34,2.15,2.71,0.81
2017-06-26,1.36,2.14,2.70,0.78
2017-06-27,1.38,2.21,2.75,0.83
2017-06-28,1.34,2.22,2.77,0.88
2017-06-29,1.38,2.27,2.82,0.89
2017-06-30,1.38,2.31,2.84,0.93
2017-07-03,1.41,2.35,2.86,0.94
2017-07-04,,,,
2017-07-05,1.41,2.33,2.85,0.92
2017-07-06,1.40,2.37,2.90,0.97
2017-07-07,1.40,2.39,2.93,0.99
2017-07-10,1.40,2.38,2.93,0.98
2017-07-11,1.37,2.37,2.92,1.00
2017-07-12,1.35,2.33,2.89,0.98
2017-07-13,1.37,2.35,2.92,0.98
2017-07-14,1.35,2.33,2.91,0.98
2017-07-17,1.36,2.31,2.89,0.95
2017-07-18,1.36,2.27,2.85,0.91
2017-07-19,1.37,2.27,2.85,0.90
2017-07-20,1.37,2.27,2.83,0.90
2017-07-21,1.36,2.24,2.81,0.88
2017-07-24,1.37,2.26,2.83,0.89
2017-07-25,1.40,2.33,2.91,0.93
2017-07-26,1.36,2.29,2.89,0.93
2017-07-27,1.36,2.32,2.93,0.96
2017-07-28,1.34,2.30,2.89,0.96
2017-07-31,1.34,2.30,2.89,0.96
2017-08-01,1.34,2.26,2.86,0.92
2017-08-02,1.36,2.27,2.85,0.91
2017-08-03,1.34,2.24,2.81,0.90
2017-08-04,1.36,2.27,2.84,0.91
2017-08-07,1.36,2.26,2.84,0.90
2017-08-08,1.36,2.29,2.86,0.93
2017-08-09,1.33,2.24,2.82,0.91
2017-08-10,1.33,2.20,2.79,0.87
2017-08-11,1.30,2.19,2.79,0.89
2017-08-14,1.33,2.22,2.81,0.89
2017-08-15,1.35,2.27,2.84,0.92
2017-08-16,1.33,2.23,2.81,0.90
2017-08-17,1.32,2.19,2.78,0.87
2017-08-18,1.33,2.19,2.78,0.86
2017-08-21,1.32,2.18,2.77,0.86
2017-08-22,1.33,2.22,2.79,0.89
2017-08-23,1.32,2.17,2.75,0.85
2017-08-24,1.33,2.19,2.77,0.86
2017-08-25,1.35,2.17,2.75,0.82
2017-08-28,1.33,2.16,2.76,0.83
2017-08-29,1.33,2.13,2.74,0.80
2017-08-30,1.33,2.15,2.75,0.82
2017-08-31,1.33,2.12,2.73,0.79
2017-09-01,1.35,2.16,2.77,0.81
2017-09-04,,,,
2017-09-05,1.30,2.07,2.69,0.77
2017-09-06,1.30,2.10,2.72,0.80
2017-09-07,1.27,2.05,2.66,0.78
2017-09-08,1.27,2.06,2.67,0.79
2017-09-11,1.32,2.14,2.75,0.82
2017-09-12,1.33,2.17,2.78,0.84
2017-09-13,1.35,2.20,2.79,0.85
2017-09-14,1.37,2.20,2.77,0.83
2017-09-15,1.39,2.20,2.77,0.81
2017-09-18,1.40,2.23,2.80,0.83
2017-09-19,1.40,2.24,2.81,0.84
2017-09-20,1.45,2.28,2.82,0.83
2017-09-21,1.45,2.27,2.80,0.82
2017-09-22,1.46,2.26,2.80,0.80
2017-09-25,1.44,2.22,2.76,0.78
2017-09-26,1.45,2.24,2.78,0.79
2017-09-27,1.47,2.31,2.86,0.84
2017-09-28,1.45,2.31,2.87,0.86
2017-09-29,1.47,2.33,2.86,0.86
2017-10-02,1.49,2.34,2.87,0.85
2017-10-03,1.47,2.33,2.87,0.86
2017-10-04,1.47,2.33,2.87,0.86
2017-10-05,1.49,2.35,2.89,0.86
2017-10-06,1.54,2.37,2.91,0.83
2017-10-09,,,,
2017-10-10,1.51,2.35,2.88,0.84
2017-10-11,1.51,2.35,2.88,0.84
2017-10-12,1.51,2.33,2.86,0.82
2017-10-13,1.51,2.28,2.81,0.77
2017-10-16,1.54,2.30,2.82,0.76
2017-10-17,1.54,2.30,2.80,0.76
2017-10-18,1.59,2.34,2.85,0.75
2017-10-19,1.58,2.33,2.83,0.75
2017-10-20,1.60,2.39,2.89,0.79
2017-10-23,1.58,2.38,2.89,0.80
2017-10-24,1.60,2.42,2.92,0.82
2017-10-25,1.61,2.44,2.95,0.83
2017-10-26,1.63,2.46,2.96,0.83
2017-10-27,1.59,2.42,2.93,0.83
2017-10-30,1.58,2.37,2.88,0.79
2017-10-31,1.60,2.38,2.88,0.78
2017-11-01,1.61,2.37,2.85,0.76
2017-11-02,1.61,2.35,2.83,0.74
2017-11-03,1.63,2.34,2.82,0.71
2017-11-06,1.61,2.32,2.80,0.71
2017-11-07,1.63,2.32,2.77,0.69
2017-11-08,1.65,2.32,2.79,0.67
2017-11-09,1.63,2.33,2.81,0.70
2017-11-10,1.67,2.40,2.88,0.73
2017-11-13,1.70,2.40,2.87,0.70
2017-11-14,1.68,2.38,2.84,0.70
2017-11-15,1.68,2.33,2.77,0.65
2017-11-16,1.72,2.37,2.81,0.65
2017-11-17,1.73,2.35,2.78,0.62
2017-11-20,1.77,2.37,2.78,0.60
2017-11-21,1.77,2.36,2.76,0.59
2017-11-22,1.74,2.32,2.75,0.58
2017-11-23,,,,
2017-11-24,1.75,2.34,2.76,0.59
2017-11-27,1.74,2.32,2.76,0.58
2017-11-28,1.75,2.34,2.77,0.59
2017-11-29,1.78,2.37,2.81,0.59
2017-11-30,1.78,2.42,2.83,0.64
2017-12-01,1.78,2.37,2.76,0.59
2017-12-04,1.80,2.37,2.77,0.57
2017-12-05,1.83,2.36,2.73,0.53
2017-12-06,1.78,2.33,2.71,0.55
2017-12-07,1.80,2.37,2.76,0.57
2017-12-08,1.80,2.38,2.77,0.58
2017-12-11,1.82,2.39,2.77,0.57
2017-12-12,1.83,2.40,2.79,0.57
2017-12-13,1.79,2.36,2.74,0.57
2017-12-14,1.82,2.35,2.71,0.53
2017-12-15,1.84,2.35,2.68,0.51
2017-12-18,1.84,2.39,2.74,0.55
2017-12-19,1.87,2.46,2.82,0.59
2017-12-20,1.87,2.49,2.88,0.62
2017-12-21,1.89,2.48,2.84,0.59
2017-12-22,1.91,2.48,2.83,0.57
2017-12-25,,,,
2017-12-26,1.92,2.47,2.82,0.55
2017-12-27,1.89,2.42,2.75,0.53
2017-12-28,1.91,2.43,2.75,0.52
2017-12-29,1.89,2.40,2.74,0.51
2018-01-01,,,,
2018-01-02,1.92,2.46,2.81,0.54
2018-01-03,1.94,2.44,2.78,0.50
2018-01-04,1.96,2.46,2.79,0.50
2018-01-05,1.96,2.47,2.81,0.51
2018-01-08,1.96,2.49,2.81,0.53
2018-01-09,1.98,2.55,2.88,0.57
2018-01-10,1.98,2.55,2.88,0.57
2018-01-11,1.98,2.54,2.91,0.56
2018-01-12,1.99,2.55,2.85,0.56
2018-01-15,,,,
2018-01-16,2.03,2.54,2.83,0.51
2018-01-17,2.05,2.57,2.84,0.52
2018-01-18,2.05,2.62,2.90,0.57
2018-01-19,2.06,2.64,2.91,0.58
2018-01-22,2.08,2.66,2.93,0.58
2018-01-23,2.06,2.63,2.90,0.57
2018-01-24,2.08,2.65,2.93,0.57
2018-01-25,2.08,2.63,2.89,0.55
2018-01-26,2.13,2.66,2.91,0.53
2018-01-29,2.11,2.70,2.94,0.59
2018-01-30,2.13,2.73,2.98,0.60
2018-01-31,2.14,2.72,2.95,0.58
2018-02-01,2.16,2.78,3.01,0.62
2018-02-02,2.15,2.84,3.08,0.69
2018-02-05,2.08,2.77,3.04,0.69
2018-02-06,2.10,2.79,3.06,0.69
2018-02-07,2.15,2.84,3.12,0.69
2018-02-08,2.13,2.85,3.14,0.72
2018-02-09,2.05,2.83,3.14,0.78
2018-02-12,2.09,2.86,3.14,0.77
2018-02-13,2.10,2.83,3.11,0.73
2018-02-14,2.17,2.91,3.18,0.74
2018-02-15,2.19,2.90,3.15,0.71
2018-02-16,2.21,2.87,3.13,0.66
2018-02-19,,,,
2018-02-20,2.25,2.88,3.15,0.63
2018-02-21,2.26,2.94,3.22,0.68
2018-02-22,2.25,2.92,3.21,0.67
2018-02-23,2.25,2.88,3.16,0.63
2018-02-26,2.22,2.86,3.15,0.64
2018-02-27,2.27,2.90,3.17,0.63
2018-02-28,2.25,2.87,3.13,0.62
2018-03-01,2.22,2.81,3.09,0.59
2018-03-02,2.25,2.86,3.14,0.61
2018-03-05,2.24,2.88,3.16,0.64
2018-03-06,2.25,2.88,3.14,0.63
2018-03-07,2.25,2.89,3.15,0.64
2018-03-08,2.25,2.86,3.13,0.61
2018-03-09,2.27,2.90,3.16,0.63
2018-03-12,2.27,2.87,3.13,0.60
2018-03-13,2.26,2.84,3.10,0.58
2018-03-14,2.26,2.81,3.05,0.55
2018-03-15,2.29,2.82,3.05,0.53
2018-03-16,2.31,2.85,3.08,0.54
2018-03-19,2.31,2.85,3.09,0.54
2018-03-20,2.34,2.89,3.12,0.55
2018-03-21,2.31,2.89,3.12,0.58
2018-03-22,2.29,2.83,3.06,0.54
2018-03-23,2.28,2.82,3.06,0.54
2018-03-26,2.33,2.85,3.08,0.52
2018-03-27,2.26,2.78,3.03,0.52
2018-03-28,2.28,2.77,3.01,0.49
2018-03-29,2.27,2.74,2.97,0.47
2018-03-30,,,,
2018-04-02,2.25,2.73,2.97,0.48
2018-04-03,2.28,2.79,3.02,0.51
2018-04-04,2.28,2.79,3.03,0.51
2018-04-05,2.30,2.83,3.07,0.53
2018-04-06,2.27,2.77,3.01,0.50
2018-04-09,2.29,2.78,3.02,0.49
2018-04-10,2.32,2.80,3.02,0.48
2018-04-11,2.32,2.79,2.99,0.47
2018-04-12,2.34,2.83,3.05,0.49
2018-04-13,2.37,2.82,3.03,0.45
2018-04-16,2.39,2.83,3.03,0.44
2018-04-17,2.41,2.82,3.00,0.41
2018-04-18,2.42,2.87,3.06,0.45
2018-04-19,2.44,2.92,3.11,0.48
2018-04-20,2.46,2.96,3.14,0.50
2018-04-23,2.49,2.98,3.15,0.49
2018-04-24,2.48,3.00,3.18,0.52
2018-04-25,2.49,3.03,3.21,0.54
2018-04-26,2.49,3.00,3.18,0.51
2018-04-27,2.49,2.96,3.13,0.47
2018-04-30,2.49,2.95,3.11,0.46
2018-05-01,2.50,2.97,3.13,0.47
2018-05-02,2.49,2.97,3.14,0.48
2018-05-03,2.49,2.94,3.12,0.45
2018-05-04,2.51,2.95,3.12,0.44
2018-05-07,2.49,2.95,3.12,0.46
2018-05-08,2.51,2.97,3.13,0.46
2018-05-09,2.54,3.00,3.16,0.46
2018-05-10,2.54,2.97,3.12,0.43
2018-05-11,2.54,2.97,3.10,0.43
2018-05-14,2.55,3.00,3.13,0.45
2018-05-15,2.58,3.08,3.20,0.50
2018-05-16,2.58,3.09,3.21,0.51
2018-05-17,2.57,3.11,3.25,0.54
2018-05-18,2.55,3.06,3.20,0.51
2018-05-21,2.58,3.06,3.20,0.48
2018-05-22,2.59,3.06,3.21,0.47
2018-05-23,2.53,3.01,3.17,0.48
2018-05-24,2.50,2.98,3.13,0.48
2018-05-25,2.48,2.93,3.09,0.45
2018-05-28,,,,
2018-05-29,2.32,2.77,2.96,0.45
2018-05-30,2.42,2.84,3.01,0.42
2018-05-31,2.40,2.83,3.00,0.43
2018-06-01,2.47,2.89,3.04,0.42
2018-06-04,2.52,2.94,3.08,0.42
2018-06-05,2.49,2.92,3.07,0.43
2018-06-06,2.52,2.97,3.13,0.45
2018-06-07,2.50,2.93,3.08,0.43
2018-06-08,2.50,2.93,3.08,0.43
2018-06-11,2.52,2.96,3.10,0.44
2018-06-12,2.54,2.96,3.09,0.42
2018-06-13,2.59,2.98,3.10,0.39
2018-06-14,2.59,2.94,3.05,0.35
2018-06-15,2.55,2.93,3.05,0.38
2018-06-18,2.56,2.92,3.05,0.36
2018-06-19,2.54,2.89,3.02,0.35
2018-06-20,2.56,2.93,3.06,0.37
2018-06-21,2.56,2.90,3.04,0.34
2018-06-22,2.56,2.90,3.04,0.34
2018-06-25,2.54,2.87,3.02,0.33
2018-06-26,2.53,2.88,3.03,0.35
2018-06-27,2.52,2.83,2.97,0.31
2018-06-28,2.52,2.84,2.97,0.32
2018-06-29,2.52,2.85,2.98,0.33
2018-07-02,2.57,2.87,2.99,0.30
2018-07-03,2.53,2.83,2.96,0.30
2018-07-04,,,,
2018-07-05,2.55,2.84,2.95,0.29
2018-07-06,2.53,2.82,2.94,0.29
2018-07-09,2.57,2.86,2.96,0.29
2018-07-10,2.59,2.87,2.97,0.28
2018-07-11,2.58,2.85,2.95,0.27
2018-07-12,2.60,2.85,2.95,0.25
2018-07-13,2.59,2.83,2.94,0.24
2018-07-16,2.59,2.85,2.96,0.26
2018-07-17,2.62,2.86,2.97,0.24
2018-07-18,2.60,2.88,2.99,0.28
2018-07-19,2.60,2.84,2.96,0.24
2018-07-20,2.60,2.89,3.03,0.29
2018-07-23,2.64,2.96,3.10,0.32
2018-07-24,2.63,2.95,3.08,0.32
2018-07-25,2.66,2.94,3.06,0.28
2018-07-26,2.69,2.98,3.10,0.29
2018-07-27,2.67,2.96,3.09,0.29
2018-07-30,2.66,2.98,3.11,0.32
2018-07-31,2.67,2.96,3.08,0.29
2018-08-01,2.67,3.00,3.13,0.33
2018-08-02,2.66,2.98,3.12,0.32
2018-08-03,2.63,2.95,3.09,0.32
2018-08-06,2.64,2.94,3.08,0.30
2018-08-07,2.68,2.98,3.12,0.30
2018-08-08,2.68,2.96,3.12,0.28
2018-08-09,2.64,2.93,3.08,0.29
2018-08-10,2.61,2.87,3.03,0.26
2018-08-13,2.61,2.88,3.05,0.27
2018-08-14,2.63,2.89,3.06,0.26
2018-08-15,2.61,2.86,3.03,0.25
2018-08-16,2.63,2.87,3.03,0.24
2018-08-17,2.61,2.87,3.03,0.26
2018-08-20,2.60,2.82,2.99,0.22
2018-08-21,2.61,2.85,3.00,0.24
2018-08-22,2.60,2.82,2.99,0.22
2018-08-23,2.61,2.82,2.97,0.21
2018-08-24,2.63,2.82,2.97,0.19
2018-08-27,2.67,2.85,3.00,0.18
2018-08-28,2.67,2.88,3.03,0.21
2018-08-29,2.67,2.89,3.02,0.22
2018-08-30,2.64,2.86,3.00,0.22
2018-08-31,2.62,2.86,3.02,0.24
2018-09-03,,,,
2018-09-04,2.66,2.90,3.07,0.24
2018-09-05,2.66,2.90,3.08,0.24
2018-09-06,2.64,2.88,3.06,0.24
2018-09-07,2.71,2.94,3.11,0.23
2018-09-10,2.73,2.94,3.09,0.21
2018-09-11,2.76,2.98,3.13,0.22
2018-09-12,2.74,2.97,3.11,0.23
2018-09-13,2.76,2.97,3.11,0.21
2018-09-14,2.78,2.99,3.13,0.21
2018-09-17,2.78,2.99,3.13,0.21
2018-09-18,2.81,3.05,3.20,0.24
2018-09-19,2.81,3.08,3.23,0.27
2018-09-20,2.81,3.07,3.21,0.26
2018-09-21,2.81,3.07,3.20,0.26
2018-09-24,2.83,3.08,3.21,0.25
2018-09-25,2.83,3.10,3.23,0.27
2018-09-26,2.83,3.06,3.19,0.23
2018-09-27,2.83,3.06,3.19,0.23
2018-09-28,2.81,3.05,3.19,0.24
2018-10-01,2.82,3.09,3.24,0.27
2018-10-02,2.82,3.05,3.20,0.23
2018-10-03,2.85,3.15,3.30,0.30
2018-10-04,2.87,3.19,3.35,0.32
2018-10-05,2.88,3.23,3.40,0.35
2018-10-08,,,,
2018-10-09,2.88,3.21,3.37,0.33
2018-10-10,2.88,3.22,3.39,0.34
2018-10-11,2.85,3.14,3.32,0.29
2018-10-12,2.85,3.15,3.32,0.30
2018-10-15,2.85,3.16,3.34,0.31
2018-10-16,2.87,3.16,3.32,0.29
2018-10-17,2.89,3.19,3.35,0.30
2018-10-18,2.87,3.17,3.36,0.30
2018-10-19,2.92,3.20,3.38,0.28
2018-10-22,2.92,3.20,3.38,0.28
2018-10-23,2.89,3.17,3.37,0.28
2018-10-24,2.84,3.10,3.33,0.26
2018-10-25,2.86,3.14,3.35,0.28
2018-10-26,2.81,3.08,3.32,0.27
2018-10-29,2.81,3.08,3.33,0.27
2018-10-30,2.84,3.12,3.36,0.28
2018-10-31,2.87,3.15,3.39,0.28
2018-11-01,2.84,3.14,3.38,0.30
2018-11-02,2.91,3.22,3.46,0.31
2018-11-05,2.91,3.20,3.43,0.29
2018-11-06,2.93,3.22,3.43,0.29
2018-11-07,2.96,3.22,3.43,0.26
2018-11-08,2.98,3.24,3.43,0.26
2018-11-09,2.94,3.19,3.40,0.25
2018-11-12,,,,
2018-11-13,2.89,3.14,3.36,0.25
2018-11-14,2.86,3.12,3.35,0.26
2018-11-15,2.86,3.11,3.36,0.25
2018-11-16,2.81,3.08,3.33,0.27
2018-11-19,2.79,3.06,3.32,0.27
2018-11-20,2.79,3.06,3.31,0.27
2018-11-21,2.81,3.06,3.31,0.25
2018-11-22,,,,
2018-11-23,2.81,3.05,3.31,0.24
2018-11-26,2.84,3.07,3.32,0.23
2018-11-27,2.83,3.06,3.32,0.23
2018-11-28,2.81,3.06,3.34,0.25
2018-11-29,2.81,3.03,3.33,0.22
2018-11-30,2.80,3.01,3.30,0.21
2018-12-03,2.83,2.98,3.27,0.15
2018-12-04,2.80,2.91,3.16,0.11
2018-12-05,,,,
2018-12-06,2.75,2.87,3.14,0.12
2018-12-07,2.72,2.85,3.14,0.13
2018-12-10,2.72,2.85,3.13,0.13
2018-12-11,2.78,2.89,3.13,0.11
2018-12-12,2.77,2.91,3.15,0.14
2018-12-13,2.75,2.91,3.16,0.16
2018-12-14,2.73,2.89,3.14,0.16
2018-12-17,2.70,2.86,3.11,0.16
2018-12-18,2.65,2.82,3.07,0.17
2018-12-19,2.63,2.77,3.00,0.14
2018-12-20,2.67,2.79,3.02,0.12
2018-12-21,2.63,2.79,3.03,0.16
2018-12-24,2.55,2.74,3.00,0.19
2018-12-25,,,,
2018-12-26,2.61,2.81,3.06,0.20
2018-12-27,2.56,2.77,3.05,0.21
2018-12-28,2.52,2.72,3.04,0.20
2018-12-31,2.48,2.69,3.02,0.21
2019-01-01,,,,
2019-01-02,2.50,2.66,2.97,0.16
2019-01-03,2.39,2.56,2.92,0.17
2019-01-04,2.50,2.67,2.98,0.17
2019-01-07,2.53,2.70,2.99,0.17
2019-01-08,2.58,2.73,3.00,0.15
2019-01-09,2.56,2.74,3.03,0.18
2019-01-10,2.56,2.74,3.06,0.18
2019-01-11,2.55,2.71,3.04,0.16
2019-01-14,2.53,2.71,3.06,0.18
2019-01-15,2.53,2.72,3.08,0.19
2019-01-16,2.55,2.73,3.07,0.18
2019-01-17,2.56,2.75,3.07,0.19
2019-01-18,2.62,2.79,3.09,0.17
2019-01-21,,,,
2019-01-22,2.58,2.74,3.06,0.16
2019-01-23,2.58,2.76,3.07,0.18
2019-01-24,2.56,2.72,3.04,0.16
2019-01-25,2.60,2.76,3.06,0.16
2019-01-28,2.60,2.75,3.06,0.15
2019-01-29,2.56,2.72,3.04,0.16
2019-01-30,2.52,2.70,3.06,0.18
2019-01-31,2.45,2.63,2.99,0.18
2019-02-01,2.52,2.70,3.03,0.18
2019-02-04,2.53,2.73,3.06,0.20
2019-02-05,2.53,2.71,3.03,0.18
2019-02-06,2.52,2.70,3.03,0.18
2019-02-07,2.48,2.65,3.00,0.17
2019-02-08,2.45,2.63,2.97,0.18
2019-02-11,2.48,2.65,3.00,0.17
2019-02-12,2.50,2.68,3.02,0.18
2019-02-13,2.53,2.71,3.04,0.18
2019-02-14,2.50,2.66,3.01,0.16
2019-02-15,2.52,2.66,3.00,0.14
2019-02-18,,,,
2019-02-19,2.50,2.65,2.99,0.15
2019-02-20,2.50,2.65,3.00,0.15
2019-02-21,2.53,2.69,3.05,0.16
2019-02-22,2.48,2.65,3.02,0.17
2019-02-25,2.51,2.67,3.03,0.16
2019-02-26,2.48,2.64,3.01,0.16
2019-02-27,2.50,2.69,3.07,0.19
2019-02-28,2.52,2.73,3.09,0.21
2019-03-01,2.55,2.76,3.13,0.21
2019-03-04,2.55,2.72,3.09,0.17
2019-03-05,2.55,2.72,3.08,0.17
2019-03-06,2.52,2.69,3.06,0.17
2019-03-07,2.47,2.64,3.03,0.17
2019-03-08,2.45,2.62,3.00,0.17
2019-03-11,2.47,2.64,3.03,0.17
2019-03-12,2.45,2.61,3.00,0.16
2019-03-13,2.45,2.61,3.02,0.16
2019-03-14,2.46,2.63,3.04,0.17
2019-03-15,2.43,2.59,3.02,0.16
2019-03-18,2.45,2.60,3.01,0.15
2019-03-19,2.46,2.61,3.02,0.15
2019-03-20,2.40,2.54,2.98,0.14
2019-03-21,2.41,2.54,2.96,0.13
2019-03-22,2.31,2.44,2.88,0.13
2019-03-25,2.26,2.43,2.87,0.17
2019-03-26,2.24,2.41,2.86,0.17
2019-03-27,2.22,2.39,2.83,0.17
2019-03-28,2.23,2.39,2.81,0.16
2019-03-29,2.27,2.41,2.81,0.14
2019-04-01,2.33,2.49,2.89,0.16
2019-04-02,2.30,2.48,2.88,0.18
2019-04-03,2.33,2.52,2.93,0.19
2019-04-04,2.33,2.51,2.92,0.18
2019-04-05,2.35,2.50,2.91,0.15
2019-04-08,2.36,2.52,2.93,0.16
2019-04-09,2.35,2.51,2.92,0.16
2019-04-10,2.31,2.48,2.90,0.17
2019-04-11,2.35,2.51,2.94,0.16
2019-04-12,2.40,2.56,2.97,0.16
2019-04-15,2.40,2.55,2.96,0.15
2019-04-16,2.41,2.60,2.99,0.19
2019-04-17,2.40,2.59,2.99,0.19
2019-04-18,2.38,2.57,2.96,0.19
2019-04-19,,,,
2019-04-22,2.38,2.59,2.99,0.21
2019-04-23,2.36,2.57,2.98,0.21
2019-04-24,2.32,2.53,2.94,0.21
2019-04-25,2.33,2.54,2.94,0.21
2019-04-26,2.28,2.51,2.92,0.23
2019-04-29,2.30,2.54,2.96,0.24
2019-04-30,2.27,2.51,2.93,0.24
2019-05-01,2.31,2.52,2.92,0.21
2019-05-02,2.35,2.55,2.94,0.20
2019-05-03,2.33,2.54,2.93,0.21
2019-05-06,2.31,2.51,2.91,0.20
2019-05-07,2.28,2.45,2.86,0.17
2019-05-08,2.30,2.49,2.89,0.19
2019-05-09,2.26,2.45,2.87,0.19
2019-05-10,2.26,2.47,2.89,0.21
2019-05-13,2.18,2.40,2.83,0.22
2019-05-14,2.20,2.42,2.86,0.22
2019-05-15,2.16,2.37,2.82,0.21
2019-05-16,2.20,2.40,2.84,0.20
2019-05-17,2.20,2.39,2.82,0.19
2019-05-20,2.21,2.41,2.83,0.20
2019-05-21,2.26,2.43,2.84,0.17
2019-05-22,2.23,2.39,2.82,0.16
2019-05-23,2.12,2.31,2.75,0.19
2019-05-24,2.16,2.32,2.75,0.16
2019-05-27,,,,
2019-05-28,2.12,2.26,2.70,0.14
2019-05-29,2.09,2.25,2.69,0.16
2019-05-30,2.06,2.22,2.65,0.16
2019-05-31,1.95,2.14,2.58,0.19
2019-06-03,1.82,2.07,2.53,0.25
2019-06-04,1.88,2.12,2.60,0.24
2019-06-05,1.83,2.12,2.63,0.29
2019-06-06,1.88,2.12,2.62,0.24
2019-06-07,1.85,2.09,2.57,0.24
2019-06-10,1.90,2.15,2.62,0.25
2019-06-11,1.93,2.15,2.62,0.22
2019-06-12,1.88,2.13,2.62,0.25
2019-06-13,1.83,2.10,2.61,0.27
2019-06-14,1.84,2.09,2.59,0.25
2019-06-17,1.86,2.09,2.58,0.23
2019-06-18,1.86,2.06,2.55,0.20
2019-06-19,1.74,2.03,2.54,0.29
2019-06-20,1.72,2.01,2.53,0.29
2019-06-21,1.77,2.07,2.59,0.30
2019-06-24,1.72,2.02,2.55,0.30
2019-06-25,1.71,2.00,2.53,0.29
2019-06-26,1.77,2.05,2.57,0.28
2019-06-27,1.74,2.01,2.52,0.27
2019-06-28,1.75,2.00,2.52,0.25
2019-07-01,1.78,2.03,2.55,0.25
2019-07-02,1.77,1.98,2.51,0.21
2019-07-03,1.77,1.96,2.47,0.19
2019-07-04,,,,
2019-07-05,1.87,2.04,2.54,0.17
2019-07-08,1.88,2.05,2.53,0.17
2019-07-09,1.92,2.07,2.54,0.15
2019-07-10,1.82,2.07,2.57,0.25
2019-07-11,1.85,2.13,2.65,0.28
2019-07-12,1.84,2.12,2.64,0.28
2019-07-15,1.83,2.09,2.61,0.26
2019-07-16,1.87,2.13,2.63,0.26
2019-07-17,1.83,2.06,2.57,0.23
2019-07-18,1.77,2.04,2.56,0.27
2019-07-19,1.80,2.05,2.57,0.25
2019-07-22,1.80,2.05,2.58,0.25
2019-07-23,1.83,2.08,2.61,0.25
2019-07-24,1.83,2.05,2.58,0.22
2019-07-25,1.86,2.08,2.60,0.22
2019-07-26,1.86,2.08,2.59,0.22
2019-07-29,1.85,2.06,2.59,0.21
2019-07-30,1.85,2.06,2.58,0.21
2019-07-31,1.89,2.02,2.53,0.13
2019-08-01,1.73,1.90,2.44,0.17
2019-08-02,1.72,1.86,2.39,0.14
2019-08-05,1.59,1.75,2.30,0.16
2019-08-06,1.60,1.73,2.25,0.13
2019-08-07,1.59,1.71,2.22,0.12
2019-08-08,1.62,1.72,2.25,0.10
2019-08-09,1.63,1.74,2.26,0.11
2019-08-12,1.58,1.65,2.14,0.07
2019-08-13,1.66,1.68,2.15,0.02
2019-08-14,1.58,1.59,2.03,0.01
2019-08-15,1.48,1.52,1.98,0.04
2019-08-16,1.48,1.55,2.01,0.07
2019-08-19,1.53,1.60,2.08,0.07
2019-08-20,1.50,1.55,2.04,0.05
2019-08-21,1.56,1.59,2.07,0.03
2019-08-22,1.61,1.62,2.11,0.01
2019-08-23,1.51,1.52,2.02,0.01
2019-08-26,1.54,1.54,2.04,0.00
2019-08-27,1.53,1.49,1.97,-0.04
2019-08-28,1.50,1.47,1.94,-0.03
2019-08-29,1.53,1.50,1.97,-0.03
2019-08-30,1.50,1.50,1.96,0.00
2019-09-02,,,,
2019-09-03,1.47,1.47,1.95,0.00
2019-09-04,1.43,1.47,1.97,0.04
2019-09-05,1.55,1.57,2.06,0.02
2019-09-06,1.53,1.55,2.02,0.02
2019-09-09,1.58,1.63,2.11,0.05
2019-09-10,1.67,1.72,2.19,0.05
2019-09-11,1.68,1.75,2.22,0.07
2019-09-12,1.72,1.79,2.22,0.07
2019-09-13,1.79,1.90,2.37,0.11
2019-09-16,1.74,1.84,2.31,0.10
2019-09-17,1.72,1.81,2.27,0.09
2019-09-18,1.77,1.80,2.25,0.03
2019-09-19,1.74,1.79,2.22,0.05
2019-09-20,1.69,1.74,2.17,0.05
2019-09-23,1.68,1.72,2.16,0.04
2019-09-24,1.60,1.64,2.09,0.04
2019-09-25,1.68,1.73,2.18,0.05
2019-09-26,1.66,1.70,2.15,0.04
2019-09-27,1.63,1.69,2.13,0.06
2019-09-30,1.63,1.68,2.12,0.05
2019-10-01,1.56,1.65,2.11,0.09
2019-10-02,1.48,1.60,2.09,0.12
2019-10-03,1.39,1.54,2.04,0.15
2019-10-04,1.40,1.52,2.01,0.12
2019-10-07,1.46,1.56,2.05,0.10
2019-10-08,1.42,1.54,2.04,0.12
2019-10-09,1.47,1.59,2.08,0.12
2019-10-10,1.53,1.67,2.16,0.14
2019-10-11,1.63,1.76,2.22,0.13
2019-10-14,,,,
2019-10-15,1.61,1.77,2.23,0.16
2019-10-16,1.58,1.75,2.23,0.17
2019-10-17,1.60,1.76,2.24,0.16
2019-10-18,1.58,1.76,2.25,0.18
2019-10-21,1.62,1.80,2.28,0.18
2019-10-22,1.60,1.78,2.26,0.18
2019-10-23,1.58,1.77,2.25,0.19
2019-10-24,1.58,1.77,2.26,0.19
2019-10-25,1.63,1.80,2.29,0.17
2019-10-28,1.64,1.85,2.34,0.21
2019-10-29,1.64,1.84,2.33,0.20
2019-10-30,1.61,1.78,2.26,0.17
2019-10-31,1.52,1.69,2.17,0.17
2019-11-01,1.56,1.73,2.21,0.17
2019-11-04,1.60,1.79,2.27,0.19
2019-11-05,1.63,1.86,2.34,0.23
2019-11-06,1.61,1.81,2.30,0.20
2019-11-07,1.68,1.92,2.40,0.24
2019-11-08,1.68,1.94,2.43,0.26
2019-11-11,,,,
2019-11-12,1.66,1.92,2.39,0.26
2019-11-13,1.63,1.88,2.36,0.25
2019-11-14,1.58,1.82,2.31,0.24
2019-11-15,1.61,1.84,2.31,0.23
2019-11-18,1.60,1.81,2.30,0.21
2019-11-19,1.60,1.79,2.26,0.19
2019-11-20,1.56,1.73,2.20,0.17
2019-11-21,1.60,1.77,2.24,0.17
2019-11-22,1.61,1.77,2.22,0.16
2019-11-25,1.61,1.76,2.21,0.15
2019-11-26,1.58,1.74,2.18,0.16
2019-11-27,1.63,1.77,2.19,0.14
2019-11-28,,,,
2019-11-29,1.61,1.78,2.21,0.17
2019-12-02,1.61,1.83,2.28,0.22
2019-12-03,1.53,1.72,2.17,0.19
2019-12-04,1.58,1.77,2.22,0.19
2019-12-05,1.58,1.80,2.24,0.22
2019-12-06,1.61,1.84,2.29,0.23
2019-12-09,1.63,1.83,2.27,0.20
2019-12-10,1.65,1.85,2.26,0.20
2019-12-11,1.61,1.79,2.23,0.18
2019-12-12,1.66,1.90,2.32,0.24
2019-12-13,1.61,1.82,2.26,0.21
2019-12-16,1.65,1.89,2.30,0.24
2019-12-17,1.63,1.89,2.31,0.26
2019-12-18,1.63,1.92,2.35,0.29
2019-12-19,1.62,1.92,2.35,0.30
2019-12-20,1.63,1.92,2.34,0.29
2019-12-23,1.64,1.93,2.35,0.29
2019-12-24,1.62,1.90,2.33,0.28
2019-12-25,,,,
2019-12-26,1.64,1.90,2.33,0.26
2019-12-27,1.59,1.88,2.32,0.29
2019-12-30,1.58,1.90,2.34,0.32
2019-12-31,1.58,1.92,2.39,0.34
2020-01-01,,,,
2020-01-02,1.58,1.88,2.33,0.30
2020-01-03,1.53,1.80,2.26,0.27
2020-01-06,1.54,1.81,2.28,0.27
2020-01-07,1.54,1.83,2.31,0.29
2020-01-08,1.58,1.87,2.35,0.29
2020-01-09,1.58,1.85,2.38,0.27
2020-01-10,1.56,1.83,2.28,0.27
2020-01-13,1.58,1.85,2.30,0.27
2020-01-14,1.58,1.82,2.27,0.24
2020-01-15,1.56,1.79,2.23,0.23
2020-01-16,1.58,1.81,2.26,0.23
2020-01-17,1.58,1.84,2.29,0.26
2020-01-20,,,,
2020-01-21,1.53,1.78,2.23,0.25
2020-01-22,1.53,1.77,2.22,0.24
2020-01-23,1.51,1.74,2.18,0.23
2020-01-24,1.49,1.70,2.14,0.21
2020-01-27,1.44,1.61,2.05,0.17
2020-01-28,1.45,1.65,2.10,0.20
2020-01-29,1.42,1.60,2.05,0.18
2020-01-30,1.41,1.57,2.04,0.16
2020-01-31,1.33,1.51,1.99,0.18
2020-02-03,1.36,1.54,2.01,0.18
2020-02-04,1.41,1.61,2.08,0.20
2020-02-05,1.44,1.66,2.14,0.22
2020-02-06,1.44,1.65,2.11,0.21
2020-02-07,1.41,1.59,2.05,0.18
2020-02-10,1.37,1.56,2.03,0.19
2020-02-11,1.41,1.59,2.05,0.18
2020-02-12,1.44,1.62,2.09,0.18
2020-02-13,1.44,1.61,2.07,0.17
2020-02-14,1.42,1.59,2.04,0.17
2020-02-17,,,,
2020-02-18,1.41,1.55,2.00,0.14
2020-02-19,1.42,1.56,2.01,0.14
2020-02-20,1.39,1.52,1.97,0.13
2020-02-21,1.34,1.46,1.90,0.12
2020-02-24,1.26,1.38,1.84,0.12
2020-02-25,1.20,1.33,1.80,0.13
2020-02-26,1.16,1.33,1.81,0.17
2020-02-27,1.11,1.30,1.79,0.19
2020-02-28,0.86,1.13,1.65,0.27
2020-03-02,0.84,1.10,1.66,0.26
2020-03-03,0.71,1.02,1.64,0.31
2020-03-04,0.67,1.02,1.67,0.35
2020-03-05,0.59,0.92,1.56,0.33
2020-03-06,0.49,0.74,1.25,0.25
2020-03-09,0.38,0.54,0.99,0.16
2020-03-10,0.50,0.76,1.28,0.26
2020-03-11,0.50,0.82,1.30,0.32
2020-03-12,0.50,0.88,1.49,0.38
2020-03-13,0.49,0.94,1.56,0.45
2020-03-16,0.36,0.73,1.34,0.37
2020-03-17,0.47,1.02,1.63,0.55
2020-03-18,0.54,1.18,1.77,0.64
2020-03-19,0.44,1.12,1.78,0.68
2020-03-20,0.37,0.92,1.55,0.55
2020-03-23,0.28,0.76,1.33,0.48
2020-03-24,0.38,0.84,1.39,0.46
2020-03-25,0.34,0.88,1.45,0.54
2020-03-26,0.30,0.83,1.42,0.53
2020-03-27,0.25,0.72,1.29,0.47
2020-03-30,0.23,0.70,1.31,0.47
2020-03-31,0.23,0.70,1.35,0.47
2020-04-01,0.23,0.62,1.27,0.39
2020-04-02,0.23,0.63,1.26,0.40
2020-04-03,0.23,0.62,1.24,0.39
2020-04-06,0.27,0.67,1.27,0.40
2020-04-07,0.28,0.75,1.32,0.47
2020-04-08,0.27,0.77,1.37,0.50
2020-04-09,0.23,0.73,1.35,0.50
2020-04-10,,,,
2020-04-13,0.25,0.76,1.39,0.51
2020-04-14,0.23,0.76,1.41,0.53
2020-04-15,0.20,0.63,1.27,0.43
2020-04-16,0.20,0.61,1.21,0.41
2020-04-17,0.20,0.65,1.27,0.45
2020-04-20,0.20,0.63,1.23,0.43
2020-04-21,0.20,0.58,1.17,0.38
2020-04-22,0.22,0.63,1.22,0.41
2020-04-23,0.22,0.61,1.18,0.39
2020-04-24,0.22,0.60,1.17,0.38
2020-04-27,0.24,0.67,1.25,0.43
2020-04-28,0.20,0.62,1.20,0.42
2020-04-29,0.20,0.63,1.24,0.43
2020-04-30,0.20,0.64,1.28,0.44
2020-05-01,0.20,0.64,1.27,0.44
2020-05-04,0.19,0.64,1.29,0.45
2020-05-05,0.19,0.66,1.32,0.47
2020-05-06,0.17,0.72,1.41,0.55
2020-05-07,0.13,0.63,1.31,0.50
2020-05-08,0.16,0.69,1.39,0.53
2020-05-11,0.17,0.73,1.43,0.56
2020-05-12,0.17,0.69,1.38,0.52
2020-05-13,0.16,0.64,1.35,0.48
2020-05-14,0.16,0.63,1.30,0.47
2020-05-15,0.16,0.64,1.32,0.48
2020-05-18,0.18,0.73,1.44,0.55
2020-05-19,0.17,0.70,1.43,0.53
2020-05-20,0.16,0.68,1.40,0.52
2020-05-21,0.17,0.68,1.40,0.51
2020-05-22,0.17,0.66,1.37,0.49
2020-05-25,,,,
2020-05-26,0.18,0.69,1.43,0.51
2020-05-27,0.19,0.68,1.44,0.49
2020-05-28,0.17,0.70,1.47,0.53
2020-05-29,0.16,0.65,1.41,0.49
2020-06-01,0.14,0.66,1.46,0.52
2020-06-02,0.17,0.68,1.48,0.51
2020-06-03,0.19,0.77,1.56,0.58
2020-06-04,0.19,0.82,1.61,0.63
2020-06-05,0.22,0.91,1.68,0.69
2020-06-08,0.22,0.88,1.65,0.66
2020-06-09,0.20,0.84,1.59,0.64
2020-06-10,0.17,0.75,1.53,0.58
2020-06-11,0.19,0.66,1.41,0.47
2020-06-12,0.19,0.71,1.45,0.52
2020-06-15,0.19,0.71,1.45,0.52
2020-06-16,0.21,0.75,1.54,0.54
2020-06-17,0.19,0.74,1.52,0.55
2020-06-18,0.19,0.71,1.47,0.52
2020-06-19,0.19,0.70,1.47,0.51
2020-06-22,0.19,0.71,1.46,0.52
2020-06-23,0.18,0.72,1.49,0.54
2020-06-24,0.19,0.69,1.44,0.50
2020-06-25,0.17,0.68,1.43,0.51
2020-06-26,0.17,0.64,1.37,0.47
2020-06-29,0.16,0.64,1.39,0.48
2020-06-30,0.16,0.66,1.41,0.50
2020-07-01,0.17,0.69,1.43,0.52
2020-07-02,0.16,0.68,1.43,0.52
2020-07-03,,,,
2020-07-06,0.16,0.69,1.45,0.53
2020-07-07,0.16,0.65,1.38,0.49
2020-07-08,0.16,0.67,1.39,0.51
2020-07-09,0.16,0.62,1.32,0.46
2020-07-10,0.16,0.65,1.33,0.49
2020-07-13,0.16,0.64,1.33,0.48
2020-07-14,0.14,0.63,1.30,0.49
2020-07-15,0.16,0.64,1.33,0.48
2020-07-16,0.16,0.62,1.31,0.46
2020-07-17,0.14,0.64,1.33,0.50
2020-07-20,0.16,0.62,1.32,0.46
2020-07-21,0.14,0.61,1.31,0.47
2020-07-22,0.14,0.60,1.29,0.46
2020-07-23,0.16,0.59,1.24,0.43
2020-07-24,0.14,0.59,1.23,0.45
2020-07-27,0.15,0.62,1.25,0.47
2020-07-28,0.14,0.59,1.22,0.45
2020-07-29,0.12,0.58,1.24,0.46
2020-07-30,0.11,0.55,1.20,0.44
2020-07-31,0.11,0.55,1.20,0.44
2020-08-03,0.11,0.56,1.23,0.45
2020-08-04,0.11,0.52,1.19,0.41
2020-08-05,0.11,0.55,1.22,0.44
2020-08-06,0.11,0.55,1.20,0.44
2020-08-07,0.13,0.57,1.23,0.44
2020-08-10,0.14,0.59,1.25,0.45
2020-08-11,0.16,0.64,1.32,0.48
2020-08-12,0.16,0.69,1.37,0.53
2020-08-13,0.16,0.71,1.42,0.55
2020-08-14,0.14,0.71,1.45,0.57
2020-08-17,0.14,0.69,1.43,0.55
2020-08-18,0.14,0.67,1.40,0.53
2020-08-19,0.14,0.68,1.42,0.54
2020-08-20,0.13,0.65,1.38,0.52
2020-08-21,0.16,0.64,1.35,0.48
2020-08-24,0.14,0.65,1.35,0.51
2020-08-25,0.15,0.69,1.39,0.54
2020-08-26,0.16,0.69,1.41,0.53
2020-08-27,0.16,0.74,1.50,0.58
2020-08-28,0.14,0.74,1.52,0.60
2020-08-31,0.14,0.72,1.49,0.58
2020-09-01,0.13,0.68,1.43,0.55
2020-09-02,0.14,0.66,1.38,0.52
2020-09-03,0.13,0.63,1.34,0.50
2020-09-04,0.14,0.72,1.46,0.58
2020-09-07,,,,
2020-09-08,0.14,0.69,1.43,0.55
2020-09-09,0.14,0.71,1.45,0.57
2020-09-10,0.14,0.68,1.43,0.54
2020-09-11,0.13,0.67,1.42,0.54
2020-09-14,0.14,0.68,1.42,0.54
2020-09-15,0.14,0.68,1.43,0.54
2020-09-16,0.14,0.69,1.45,0.55
2020-09-17,0.13,0.69,1.43,0.56
2020-09-18,0.14,0.70,1.45,0.56
2020-09-21,0.14,0.68,1.43,0.54
2020-09-22,0.13,0.68,1.42,0.55
2020-09-23,0.14,0.68,1.42,0.54
2020-09-24,0.14,0.67,1.40,0.53
2020-09-25,0.12,0.66,1.40,0.54
2020-09-28,0.14,0.67,1.42,0.53
2020-09-29,0.11,0.66,1.41,0.55
2020-09-30,0.13,0.69,1.46,0.56
2020-10-01,0.14,0.68,1.45,0.54
2020-10-02,0.13,0.70,1.48,0.57
2020-10-05,0.14,0.78,1.57,0.64
2020-10-06,0.14,0.76,1.56,0.62
2020-10-07,0.16,0.81,1.60,0.65
2020-10-08,0.13,0.78,1.57,0.65
2020-10-09,0.16,0.79,1.58,0.63
2020-10-12,,,,
2020-10-13,0.16,0.74,1.52,0.58
2020-10-14,0.14,0.73,1.50,0.59
2020-10-15,0.14,0.74,1.52,0.60
2020-10-16,0.14,0.76,1.52,0.62
2020-10-19,0.16,0.78,1.55,0.62
2020-10-20,0.14,0.81,1.60,0.67
2020-10-21,0.14,0.83,1.62,0.69
2020-10-22,0.16,0.87,1.67,0.71
2020-10-23,0.18,0.85,1.64,0.67
2020-10-26,0.16,0.81,1.59,0.65
2020-10-27,0.16,0.79,1.57,0.63
2020-10-28,0.16,0.79,1.56,0.63
2020-10-29,0.16,0.85,1.62,0.69
2020-10-30,0.14,0.88,1.65,0.74
2020-11-02,0.16,0.87,1.63,0.71
2020-11-03,0.17,0.90,1.66,0.73
2020-11-04,0.14,0.78,1.55,0.64
2020-11-05,0.14,0.79,1.54,0.65
2020-11-06,0.16,0.83,1.60,0.67
2020-11-09,0.17,0.96,1.73,0.79
2020-11-10,0.19,0.98,1.75,0.79
2020-11-11,,,,
2020-11-12,0.17,0.88,1.64,0.71
2020-11-13,0.17,0.89,1.65,0.72
2020-11-16,0.19,0.91,1.66,0.72
2020-11-17,0.18,0.87,1.62,0.69
2020-11-18,0.16,0.88,1.62,0.72
2020-11-19,0.18,0.86,1.58,0.68
2020-11-20,0.16,0.83,1.53,0.67
2020-11-23,0.16,0.86,1.56,0.70
2020-11-24,0.16,0.88,1.60,0.72
2020-11-25,0.17,0.88,1.62,0.71
2020-11-26,,,,
2020-11-27,0.16,0.84,1.57,0.68
2020-11-30,0.16,0.84,1.58,0.68
2020-12-01,0.17,0.92,1.66,0.75
2020-12-02,0.16,0.95,1.70,0.79
2020-12-03,0.16,0.92,1.67,0.76
2020-12-04,0.16,0.97,1.73,0.81
2020-12-07,0.14,0.94,1.69,0.80
2020-12-08,0.14,0.92,1.67,0.78
2020-12-09,0.16,0.95,1.69,0.79
2020-12-10,0.14,0.92,1.65,0.78
2020-12-11,0.11,0.90,1.63,0.79
2020-12-14,0.13,0.90,1.63,0.77
2020-12-15,0.11,0.92,1.65,0.81
2020-12-16,0.13,0.92,1.66,0.79
2020-12-17,0.13,0.94,1.68,0.81
2020-12-18,0.13,0.95,1.70,0.82
2020-12-21,0.13,0.95,1.68,0.82
2020-12-22,0.13,0.93,1.65,0.80
2020-12-23,0.13,0.96,1.70,0.83
2020-12-24,0.13,0.94,1.66,0.81
2020-12-25,,,,
2020-12-28,0.13,0.94,1.67,0.81
2020-12-29,0.12,0.94,1.67,0.82
2020-12-30,0.12,0.93,1.66,0.81
2020-12-31,0.13,0.93,1.65,0.80
2021-01-01,,,,
2021-01-04,0.11,0.93,1.66,0.82
2021-01-05,0.13,0.96,1.70,0.83
2021-01-06,0.14,1.04,1.81,0.90
2021-01-07,0.14,1.08,1.85,0.94
2021-01-08,0.14,1.13,1.87,0.99
2021-01-11,0.14,1.15,1.88,1.01
2021-01-12,0.14,1.15,1.88,1.01
2021-01-13,0.14,1.10,1.82,0.96
2021-01-14,0.16,1.15,1.88,0.99
2021-01-15,0.13,1.11,1.85,0.98
2021-01-18,,,,
2021-01-19,0.14,1.10,1.84,0.96
2021-01-20,0.13,1.10,1.84,0.97
2021-01-21,0.13,1.12,1.87,0.99
2021-01-22,0.13,1.10,1.85,0.97
2021-01-25,0.13,1.05,1.80,0.92
2021-01-26,0.11,1.05,1.80,0.94
2021-01-27,0.12,1.04,1.79,0.92
2021-01-28,0.12,1.07,1.81,0.95
2021-01-29,0.11,1.11,1.87,1.00
2021-02-01,0.11,1.09,1.84,0.98
2021-02-02,0.11,1.12,1.87,1.01
2021-02-03,0.11,1.15,1.92,1.04
2021-02-04,0.11,1.15,1.93,1.04
2021-02-05,0.09,1.19,1.97,1.10
2021-02-08,0.11,1.19,1.96,1.08
2021-02-09,0.11,1.18,1.95,1.07
2021-02-10,0.11,1.15,1.92,1.04
2021-02-11,0.11,1.16,1.94,1.05
2021-02-12,0.11,1.20,2.01,1.09
2021-02-15,,,,
2021-02-16,0.13,1.30,2.08,1.17
2021-02-17,0.11,1.29,2.06,1.18
2021-02-18,0.11,1.29,2.08,1.18
2021-02-19,0.11,1.34,2.14,1.23
2021-02-22,0.11,1.37,2.19,1.26
2021-02-23,0.11,1.37,2.21,1.26
2021-02-24,0.12,1.38,2.24,1.26
2021-02-25,0.17,1.54,2.33,1.37
2021-02-26,0.14,1.44,2.17,1.30
2021-03-01,0.13,1.45,2.23,1.32
2021-03-02,0.13,1.42,2.21,1.29
2021-03-03,0.14,1.47,2.25,1.33
2021-03-04,0.14,1.54,2.30,1.40
2021-03-05,0.14,1.56,2.28,1.42
2021-03-08,0.17,1.59,2.31,1.42
2021-03-09,0.17,1.55,2.26,1.38
2021-03-10,0.16,1.53,2.24,1.37
2021-03-11,0.14,1.54,2.29,1.40
2021-03-12,0.14,1.64,2.40,1.50
2021-03-15,0.14,1.62,2.37,1.48
2021-03-16,0.15,1.62,2.38,1.47
2021-03-17,0.13,1.63,2.42,1.50
2021-03-18,0.16,1.71,2.45,1.55
2021-03-19,0.16,1.74,2.45,1.58
2021-03-22,0.15,1.69,2.38,1.54
2021-03-23,0.15,1.63,2.34,1.48
2021-03-24,0.14,1.62,2.31,1.48
2021-03-25,0.14,1.63,2.34,1.49
2021-03-26,0.14,1.67,2.37,1.53
2021-03-29,0.14,1.73,2.43,1.59
2021-03-30,0.16,1.73,2.38,1.57
2021-03-31,0.16,1.74,2.41,1.58
2021-04-01,0.17,1.69,2.34,1.52
2021-04-02,0.19,1.72,2.35,1.53
2021-04-05,0.17,1.73,2.36,1.56
2021-04-06,0.16,1.67,2.32,1.51
2021-04-07,0.16,1.68,2.35,1.52
2021-04-08,0.14,1.64,2.32,1.50
2021-04-09,0.16,1.67,2.34,1.51
2021-04-12,0.18,1.69,2.34,1.51
2021-04-13,0.16,1.64,2.32,1.48
2021-04-14,0.16,1.64,2.32,1.48
2021-04-15,0.16,1.56,2.23,1.40
2021-04-16,0.16,1.59,2.26,1.43
2021-04-19,0.16,1.61,2.29,1.45
2021-04-20,0.15,1.58,2.27,1.43
2021-04-21,0.15,1.57,2.26,1.42
2021-04-22,0.16,1.57,2.24,1.41
2021-04-23,0.16,1.58,2.25,1.42
2021-04-26,0.18,1.58,2.24,1.40
2021-04-27,0.17,1.63,2.29,1.46
2021-04-28,0.17,1.63,2.29,1.46
2021-04-29,0.16,1.65,2.31,1.49
2021-04-30,0.16,1.65,2.30,1.49
2021-05-03,0.16,1.63,2.30,1.47
2021-05-04,0.16,1.61,2.27,1.45
2021-05-05,0.16,1.59,2.25,1.43
2021-05-06,0.16,1.58,2.24,1.42
2021-05-07,0.14,1.60,2.28,1.46
2021-05-10,0.16,1.63,2.32,1.47
2021-05-11,0.16,1.64,2.35,1.48
2021-05-12,0.16,1.69,2.40,1.53
2021-05-13,0.16,1.66,2.39,1.50
2021-05-14,0.16,1.63,2.35,1.47
2021-05-17,0.16,1.64,2.36,1.48
2021-05-18,0.16,1.64,2.37,1.48
2021-05-19,0.16,1.68,2.38,1.52
2021-05-20,0.15,1.63,2.34,1.48
2021-05-21,0.17,1.63,2.33,1.46
2021-05-24,0.15,1.61,2.31,1.46
2021-05-25,0.15,1.56,2.26,1.41
2021-05-26,0.14,1.58,2.27,1.44
2021-05-27,0.14,1.61,2.29,1.47
2021-05-28,0.14,1.58,2.26,1.44
2021-05-31,,,,
2021-06-01,0.16,1.62,2.30,1.46
2021-06-02,0.13,1.59,2.28,1.46
2021-06-03,0.16,1.63,2.30,1.47
2021-06-04,0.14,1.56,2.24,1.42
2021-06-07,0.16,1.57,2.25,1.41
2021-06-08,0.14,1.53,2.21,1.39
2021-06-09,0.16,1.50,2.17,1.34
2021-06-10,0.14,1.45,2.15,1.31
2021-06-11,0.16,1.47,2.15,1.31
2021-06-14,0.16,1.51,2.19,1.35
2021-06-15,0.16,1.51,2.20,1.35
2021-06-16,0.21,1.57,2.20,1.36
2021-06-17,0.23,1.52,2.11,1.29
2021-06-18,0.26,1.45,2.01,1.19
2021-06-21,0.27,1.50,2.11,1.23
2021-06-22,0.25,1.48,2.10,1.23
2021-06-23,0.26,1.50,2.11,1.24
2021-06-24,0.26,1.49,2.10,1.23
2021-06-25,0.28,1.54,2.16,1.26
2021-06-28,0.25,1.49,2.10,1.24
2021-06-29,0.27,1.49,2.10,1.22
2021-06-30,0.25,1.45,2.06,1.20
2021-07-01,0.25,1.48,2.07,1.23
2021-07-02,0.24,1.44,2.05,1.20
2021-07-05,,,,
2021-07-06,0.22,1.37,2.00,1.15
2021-07-07,0.22,1.33,1.94,1.11
2021-07-08,0.19,1.30,1.91,1.11
2021-07-09,0.23,1.37,1.99,1.14
2021-07-12,0.23,1.38,2.00,1.15
2021-07-13,0.26,1.42,2.04,1.16
2021-07-14,0.23,1.37,1.98,1.14
2021-07-15,0.23,1.31,1.92,1.08
2021-07-16,0.25,1.31,1.93,1.06
2021-07-19,0.21,1.19,1.81,0.98
2021-07-20,0.20,1.23,1.88,1.03
2021-07-21,0.22,1.30,1.94,1.08
2021-07-22,0.20,1.27,1.90,1.07
2021-07-23,0.22,1.30,1.92,1.08
2021-07-26,0.22,1.29,1.93,1.07
2021-07-27,0.20,1.25,1.89,1.05
2021-07-28,0.20,1.26,1.90,1.06
2021-07-29,0.20,1.28,1.91,1.08
2021-07-30,0.19,1.24,1.89,1.05
2021-08-02,0.17,1.20,1.86,1.03
2021-08-03,0.17,1.19,1.85,1.02
2021-08-04,0.17,1.19,1.83,1.02
2021-08-05,0.21,1.23,1.86,1.02
2021-08-06,0.21,1.31,1.94,1.10
2021-08-09,0.23,1.33,1.96,1.10
2021-08-10,0.24,1.36,1.99,1.12
2021-08-11,0.23,1.35,1.99,1.12
2021-08-12,0.23,1.36,2.03,1.13
2021-08-13,0.23,1.29,1.94,1.06
2021-08-16,0.21,1.26,1.92,1.05
2021-08-17,0.23,1.26,1.92,1.03
2021-08-18,0.23,1.27,1.91,1.04
2021-08-19,0.22,1.24,1.88,1.02
2021-08-20,0.23,1.26,1.87,1.03
2021-08-23,0.23,1.25,1.87,1.02
2021-08-24,0.24,1.29,1.91,1.05
2021-08-25,0.23,1.35,1.96,1.12
2021-08-26,0.25,1.34,1.94,1.09
2021-08-27,0.22,1.31,1.91,1.09
2021-08-30,0.20,1.29,1.90,1.09
2021-08-31,0.20,1.30,1.92,1.10
2021-09-01,0.20,1.31,1.92,1.11
2021-09-02,0.20,1.29,1.90,1.09
2021-09-03,0.21,1.33,1.94,1.12
2021-09-06,,,,
2021-09-07,0.22,1.38,1.99,1.16
2021-09-08,0.22,1.35,1.95,1.13
2021-09-09,0.23,1.30,1.90,1.07
2021-09-10,0.23,1.35,1.94,1.12
2021-09-13,0.21,1.33,1.91,1.12
2021-09-14,0.21,1.28,1.85,1.07
2021-09-15,0.21,1.31,1.87,1.10
2021-09-16,0.23,1.34,1.88,1.11
2021-09-17,0.23,1.37,1.91,1.14
2021-09-20,0.23,1.31,1.85,1.08
2021-09-21,0.22,1.33,1.86,1.11
2021-09-22,0.25,1.32,1.84,1.07
2021-09-23,0.27,1.41,1.92,1.14
2021-09-24,0.29,1.47,1.99,1.18
2021-09-27,0.31,1.48,1.99,1.17
2021-09-28,0.31,1.54,2.07,1.23
2021-09-29,0.30,1.55,2.09,1.25
2021-09-30,0.28,1.52,2.08,1.24
2021-10-01,0.27,1.48,2.04,1.21
2021-10-04,0.27,1.49,2.05,1.22
2021-10-05,0.28,1.54,2.10,1.26
2021-10-06,0.30,1.53,2.08,1.23
2021-10-07,0.32,1.58,2.13,1.26
2021-10-08,0.32,1.61,2.16,1.29
2021-10-11,,,,
2021-10-12,0.35,1.59,2.10,1.24
2021-10-13,0.37,1.56,2.05,1.19
2021-10-14,0.36,1.52,2.02,1.16
2021-10-15,0.41,1.59,2.05,1.18
2021-10-18,0.44,1.59,2.01,1.15
2021-10-19,0.41,1.65,2.09,1.24
2021-10-20,0.40,1.65,2.12,1.25
2021-10-21,0.45,1.68,2.13,1.23
2021-10-22,0.48,1.66,2.08,1.18
2021-10-25,0.47,1.64,2.09,1.17
2021-10-26,0.47,1.63,2.05,1.16
2021-10-27,0.50,1.54,1.95,1.04
2021-10-28,0.50,1.57,1.96,1.07
2021-10-29,0.48,1.55,1.93,1.07
2021-11-01,0.50,1.58,1.98,1.08
2021-11-02,0.46,1.56,1.96,1.10
2021-11-03,0.47,1.60,2.00,1.13
2021-11-04,0.41,1.53,1.96,1.12
2021-11-05,0.39,1.45,1.87,1.06
2021-11-08,0.45,1.51,1.89,1.06
2021-11-09,0.41,1.46,1.83,1.05
2021-11-10,0.51,1.56,1.92,1.05
2021-11-11,,,,
2021-11-12,0.53,1.58,1.95,1.05
2021-11-15,0.53,1.63,2.01,1.10
2021-11-16,0.54,1.63,2.02,1.09
2021-11-17,0.52,1.60,2.00,1.08
2021-11-18,0.52,1.59,1.97,1.07
2021-11-19,0.52,1.54,1.91,1.02
2021-11-22,0.63,1.63,1.98,1.00
2021-11-23,0.60,1.67,2.02,1.07
2021-11-24,0.64,1.64,1.96,1.00
2021-11-25,,,,
2021-11-26,0.50,1.48,1.83,0.98
2021-11-29,0.51,1.52,1.87,1.01
2021-11-30,0.52,1.43,1.78,0.91
2021-12-01,0.56,1.43,1.77,0.87
2021-12-02,0.63,1.44,1.76,0.81
2021-12-03,0.60,1.35,1.69,0.75
2021-12-06,0.65,1.43,1.75,0.78
2021-12-07,0.70,1.48,1.80,0.78
2021-12-08,0.68,1.52,1.87,0.84
2021-12-09,0.70,1.49,1.87,0.79
2021-12-10,0.67,1.48,1.88,0.81
2021-12-13,0.66,1.42,1.81,0.76
2021-12-14,0.67,1.44,1.82,0.77
2021-12-15,0.69,1.47,1.86,0.78
2021-12-16,0.64,1.44,1.87,0.80
2021-12-17,0.66,1.41,1.82,0.75
2021-12-20,0.65,1.43,1.85,0.78
2021-12-21,0.70,1.48,1.89,0.78
2021-12-22,0.68,1.46,1.86,0.78
2021-12-23,0.71,1.50,1.91,0.79
2021-12-24,,,,
2021-12-27,0.76,1.48,1.88,0.72
2021-12-28,0.74,1.49,1.90,0.75
2021-12-29,0.75,1.55,1.96,0.80
2021-12-30,0.73,1.52,1.93,0.79
2021-12-31,0.73,1.52,1.90,0.79
2022-01-03,0.78,1.63,2.01,0.85
2022-01-04,0.77,1.66,2.07,0.89
2022-01-05,0.83,1.71,2.09,0.88
2022-01-06,0.88,1.73,2.09,0.85
2022-01-07,0.87,1.76,2.11,0.89
2022-01-10,0.92,1.78,2.11,0.86
2022-01-11,0.90,1.75,2.08,0.85
2022-01-12,0.92,1.74,2.08,0.82
2022-01-13,0.91,1.70,2.05,0.79
2022-01-14,0.99,1.78,2.12,0.79
2022-01-17,,,,
2022-01-18,1.06,1.87,2.18,0.81
2022-01-19,1.04,1.83,2.14,0.79
2022-01-20,1.08,1.83,2.14,0.75
2022-01-21,1.01,1.75,2.07,0.74
2022-01-24,0.99,1.75,2.10,0.76
2022-01-25,1.02,1.78,2.12,0.76
2022-01-26,1.13,1.85,2.16,0.72
2022-01-27,1.18,1.81,2.09,0.63
2022-01-28,1.15,1.78,2.07,0.63
2022-01-31,1.18,1.79,2.11,0.61
2022-02-01,1.18,1.81,2.12,0.63
2022-02-02,1.16,1.78,2.11,0.62
2022-02-03,1.19,1.82,2.14,0.63
2022-02-04,1.31,1.93,2.23,0.62
2022-02-07,1.30,1.92,2.22,0.62
2022-02-08,1.35,1.96,2.25,0.61
2022-02-09,1.36,1.94,2.25,0.58
2022-02-10,1.61,2.03,2.30,0.42
2022-02-11,1.50,1.92,2.24,0.42
2022-02-14,1.58,1.98,2.29,0.40
2022-02-15,1.58,2.05,2.37,0.47
2022-02-16,1.52,2.03,2.34,0.51
2022-02-17,1.49,1.97,2.31,0.48
2022-02-18,1.47,1.92,2.24,0.45
2022-02-21,,,,
2022-02-22,1.56,1.94,2.24,0.38
2022-02-23,1.58,1.99,2.29,0.41
2022-02-24,1.54,1.96,2.28,0.42
2022-02-25,1.55,1.97,2.29,0.42
2022-02-28,1.44,1.83,2.17,0.39
2022-03-01,1.31,1.72,2.11,0.41
2022-03-02,1.50,1.86,2.24,0.36
2022-03-03,1.53,1.86,2.24,0.33
2022-03-04,1.50,1.74,2.16,0.24
2022-03-07,1.55,1.78,2.19,0.23
2022-03-08,1.63,1.86,2.24,0.23
2022-03-09,1.68,1.94,2.29,0.26
2022-03-10,1.72,1.98,2.38,0.26
2022-03-11,1.75,2.00,2.36,0.25
2022-03-14,1.87,2.14,2.47,0.27
2022-03-15,1.85,2.15,2.49,0.30
2022-03-16,1.95,2.19,2.46,0.24
2022-03-17,1.94,2.20,2.50,0.26
2022-03-18,1.97,2.14,2.42,0.17
2022-03-21,2.14,2.32,2.55,0.18
2022-03-22,2.18,2.38,2.60,0.20
2022-03-23,2.13,2.32,2.52,0.19
2022-03-24,2.13,2.34,2.51,0.21
2022-03-25,2.30,2.48,2.60,0.18
2022-03-28,2.35,2.46,2.57,0.11
2022-03-29,2.35,2.41,2.53,0.06
2022-03-30,2.31,2.35,2.48,0.04
2022-03-31,2.28,2.32,2.44,0.04
2022-04-01,2.44,2.39,2.44,-0.05
2022-04-04,2.43,2.42,2.48,-0.01
2022-04-05,2.51,2.54,2.57,0.03
2022-04-06,2.50,2.61,2.63,0.11
2022-04-07,2.47,2.66,2.69,0.19
2022-04-08,2.53,2.72,2.76,0.19
2022-04-11,2.50,2.79,2.84,0.29
2022-04-12,2.39,2.72,2.82,0.33
2022-04-13,2.37,2.70,2.81,0.33
2022-04-14,2.47,2.83,2.92,0.36
2022-04-15,,,,
2022-04-18,2.46,2.85,2.95,0.39
2022-04-19,2.61,2.93,3.01,0.32
2022-04-20,2.60,2.85,2.90,0.25
2022-04-21,2.68,2.90,2.94,0.22
2022-04-22,2.72,2.90,2.95,0.18
2022-04-25,2.63,2.81,2.88,0.18
2022-04-26,2.54,2.77,2.86,0.23
2022-04-27,2.58,2.82,2.91,0.24
2022-04-28,2.63,2.85,2.92,0.22
2022-04-29,2.70,2.89,2.96,0.19
2022-05-02,2.73,2.99,3.07,0.26
2022-05-03,2.78,2.97,3.03,0.19
2022-05-04,2.66,2.93,3.01,0.27
2022-05-05,2.71,3.05,3.15,0.34
2022-05-06,2.72,3.12,3.23,0.40
2022-05-09,2.61,3.05,3.19,0.44
2022-05-10,2.62,2.99,3.12,0.37
2022-05-11,2.66,2.91,3.05,0.25
2022-05-12,2.56,2.84,3.00,0.28
2022-05-13,2.61,2.93,3.10,0.32
2022-05-16,2.58,2.88,3.09,0.30
2022-05-17,2.71,2.98,3.17,0.27
2022-05-18,2.68,2.89,3.07,0.21
2022-05-19,2.63,2.84,3.05,0.21
2022-05-20,2.60,2.78,2.99,0.18
2022-05-23,2.65,2.86,3.08,0.21
2022-05-24,2.50,2.76,2.98,0.26
2022-05-25,2.48,2.75,2.97,0.27
2022-05-26,2.46,2.75,2.99,0.29
2022-05-27,2.47,2.74,2.97,0.27
2022-05-30,,,,
2022-05-31,2.53,2.85,3.07,0.32
2022-06-01,2.66,2.94,3.09,0.28
2022-06-02,2.65,2.92,3.09,0.27
2022-06-03,2.66,2.96,3.11,0.30
2022-06-06,2.73,3.04,3.19,0.31
2022-06-07,2.75,2.98,3.13,0.23
2022-06-08,2.78,3.03,3.18,0.25
2022-06-09,2.83,3.04,3.18,0.21
2022-06-10,3.06,3.15,3.20,0.09
2022-06-13,3.40,3.43,3.42,0.03
2022-06-14,3.45,3.49,3.45,0.04
2022-06-15,3.20,3.33,3.39,0.13
2022-06-16,3.14,3.28,3.35,0.14
2022-06-17,3.17,3.25,3.30,0.08
2022-06-20,,,,
2022-06-21,3.21,3.31,3.39,0.10
2022-06-22,3.06,3.16,3.25,0.10
2022-06-23,3.01,3.09,3.21,0.08
2022-06-24,3.04,3.13,3.26,0.09
2022-06-27,3.08,3.20,3.31,0.12
2022-06-28,3.10,3.20,3.30,0.10
2022-06-29,3.06,3.10,3.22,0.04
2022-06-30,2.92,2.98,3.14,0.06
2022-07-01,2.84,2.88,3.11,0.04
2022-07-04,,,,
2022-07-05,2.82,2.82,3.05,0.00
2022-07-06,2.97,2.93,3.14,-0.04
2022-07-07,3.03,3.01,3.20,-0.02
2022-07-08,3.12,3.09,3.27,-0.03
2022-07-11,3.07,2.99,3.18,-0.08
2022-07-12,3.03,2.96,3.13,-0.07
2022-07-13,3.13,2.91,3.08,-0.22
2022-07-14,3.15,2.96,3.11,-0.19
2022-07-15,3.13,2.93,3.10,-0.20
2022-07-18,3.15,2.96,3.14,-0.19
2022-07-19,3.23,3.01,3.17,-0.22
2022-07-20,3.25,3.04,3.17,-0.21
2022-07-21,3.10,2.91,3.08,-0.19
2022-07-22,2.98,2.77,3.00,-0.21
2022-07-25,3.00,2.81,3.04,-0.19
2022-07-26,3.02,2.81,3.03,-0.21
2022-07-27,2.96,2.78,3.03,-0.18
2022-07-28,2.85,2.68,3.02,-0.17
2022-07-29,2.89,2.67,3.00,-0.22
2022-08-01,2.90,2.60,2.92,-0.30
2022-08-02,3.06,2.75,3.00,-0.31
2022-08-03,3.10,2.73,2.96,-0.37
2022-08-04,3.03,2.68,2.97,-0.35
2022-08-05,3.24,2.83,3.06,-0.41
2022-08-08,3.21,2.77,3.00,-0.44
2022-08-09,3.28,2.80,3.01,-0.48
2022-08-10,3.23,2.78,3.04,-0.45
2022-08-11,3.23,2.87,3.15,-0.36
2022-08-12,3.25,2.84,3.12,-0.41
2022-08-15,3.20,2.79,3.10,-0.41
2022-08-16,3.25,2.82,3.11,-0.43
2022-08-17,3.28,2.89,3.15,-0.39
2022-08-18,3.22,2.88,3.14,-0.34
2022-08-19,3.25,2.98,3.22,-0.27
2022-08-22,3.32,3.03,3.24,-0.29
2022-08-23,3.29,3.05,3.26,-0.24
2022-08-24,3.36,3.11,3.32,-0.25
2022-08-25,3.35,3.03,3.25,-0.32
2022-08-26,3.37,3.04,3.21,-0.33
2022-08-29,3.42,3.12,3.25,-0.30
2022-08-30,3.46,3.11,3.23,-0.35
2022-08-31,3.45,3.15,3.27,-0.30
2022-09-01,3.51,3.26,3.37,-0.25
2022-09-02,3.40,3.20,3.35,-0.20
2022-09-05,,,,
2022-09-06,3.50,3.33,3.49,-0.17
2022-09-07,3.45,3.27,3.42,-0.18
2022-09-08,3.48,3.29,3.45,-0.19
2022-09-09,3.56,3.33,3.47,-0.23
2022-09-12,3.58,3.37,3.53,-0.21
2022-09-13,3.75,3.42,3.51,-0.33
2022-09-14,3.78,3.41,3.47,-0.37
2022-09-15,3.87,3.45,3.48,-0.42
2022-09-16,3.85,3.45,3.52,-0.40
2022-09-19,3.95,3.49,3.52,-0.46
2022-09-20,3.96,3.57,3.59,-0.39
2022-09-21,4.02,3.51,3.50,-0.51
2022-09-22,4.11,3.70,3.65,-0.41
2022-09-23,4.20,3.69,3.61,-0.51
2022-09-26,4.27,3.88,3.72,-0.39
2022-09-27,4.30,3.97,3.87,-0.33
2022-09-28,4.07,3.72,3.70,-0.35
2022-09-29,4.16,3.76,3.71,-0.40
2022-09-30,4.22,3.83,3.79,-0.39
2022-10-03,4.12,3.67,3.73,-0.45
2022-10-04,4.10,3.62,3.70,-0.48
2022-10-05,4.15,3.76,3.78,-0.39
2022-10-06,4.23,3.83,3.81,-0.40
2022-10-07,4.30,3.89,3.86,-0.41
2022-10-10,,,,
2022-10-11,4.30,3.93,3.92,-0.37
2022-10-12,4.28,3.91,3.90,-0.37
2022-10-13,4.47,3.97,3.97,-0.50
2022-10-14,4.48,4.00,3.99,-0.48
2022-10-17,4.45,4.02,4.04,-0.43
2022-10-18,4.43,4.01,4.04,-0.42
2022-10-19,4.55,4.14,4.15,-0.41
2022-10-20,4.62,4.24,4.24,-0.38
2022-10-21,4.49,4.21,4.33,-0.28
2022-10-24,4.50,4.25,4.40,-0.25
2022-10-25,4.42,4.10,4.26,-0.32
2022-10-26,4.39,4.04,4.19,-0.35
2022-10-27,4.30,3.96,4.12,-0.34
2022-10-28,4.41,4.02,4.15,-0.39
2022-10-31,4.51,4.10,4.22,-0.41
2022-11-01,4.54,4.07,4.14,-0.47
2022-11-02,4.61,4.10,4.15,-0.51
2022-11-03,4.71,4.14,4.18,-0.57
2022-11-04,4.66,4.17,4.27,-0.49
2022-11-07,4.72,4.22,4.34,-0.50
2022-11-08,4.67,4.14,4.28,-0.53
2022-11-09,4.61,4.12,4.31,-0.49
2022-11-10,4.34,3.82,4.03,-0.52
2022-11-11,,,,
2022-11-14,4.40,3.88,4.07,-0.52
2022-11-15,4.37,3.80,3.98,-0.57
2022-11-16,4.35,3.67,3.85,-0.68
2022-11-17,4.43,3.77,3.89,-0.66
2022-11-18,4.51,3.82,3.92,-0.69
2022-11-21,4.48,3.83,3.91,-0.65
2022-11-22,4.47,3.76,3.83,-0.71
2022-11-23,4.46,3.71,3.74,-0.75
2022-11-24,,,,
2022-11-25,4.42,3.68,3.74,-0.74
2022-11-28,4.46,3.69,3.74,-0.77
2022-11-29,4.48,3.75,3.81,-0.73
2022-11-30,4.38,3.68,3.80,-0.70
2022-12-01,4.25,3.53,3.64,-0.72
2022-12-02,4.28,3.51,3.56,-0.77
2022-12-05,4.41,3.60,3.62,-0.81
2022-12-06,4.34,3.51,3.52,-0.83
2022-12-07,4.26,3.42,3.42,-0.84
2022-12-08,4.31,3.48,3.44,-0.83
2022-12-09,4.33,3.57,3.56,-0.76
2022-12-12,4.39,3.61,3.57,-0.78
2022-12-13,4.22,3.51,3.53,-0.71
2022-12-14,4.23,3.49,3.52,-0.74
2022-12-15,4.23,3.44,3.48,-0.79
2022-12-16,4.17,3.48,3.53,-0.69
2022-12-19,4.25,3.57,3.62,-0.68
2022-12-20,4.25,3.69,3.74,-0.56
2022-12-21,4.21,3.68,3.74,-0.53
2022-12-22,4.24,3.67,3.73,-0.57
2022-12-23,4.31,3.75,3.82,-0.56
2022-12-26,,,,
2022-12-27,4.32,3.84,3.93,-0.48
2022-12-28,4.31,3.88,3.98,-0.43
2022-12-29,4.34,3.83,3.92,-0.51
2022-12-30,4.41,3.88,3.97,-0.53
2023-01-02,,,,
2023-01-03,4.40,3.79,3.88,-0.61
2023-01-04,4.36,3.69,3.81,-0.67
2023-01-05,4.45,3.71,3.78,-0.74
2023-01-06,4.24,3.55,3.67,-0.69
2023-01-09,4.19,3.53,3.66,-0.66
2023-01-10,4.24,3.61,3.74,-0.63
2023-01-11,4.20,3.54,3.67,-0.66
2023-01-12,4.12,3.43,3.56,-0.69
2023-01-13,4.22,3.49,3.61,-0.73
2023-01-16,,,,
2023-01-17,4.18,3.53,3.64,-0.65
2023-01-18,4.06,3.37,3.54,-0.69
2023-01-19,4.09,3.39,3.57,-0.70
2023-01-20,4.14,3.48,3.66,-0.66
2023-01-23,4.21,3.52,3.69,-0.69
2023-01-24,4.12,3.46,3.62,-0.66
2023-01-25,4.11,3.46,3.62,-0.65
2023-01-26,4.17,3.49,3.62,-0.68
2023-01-27,4.19,3.52,3.64,-0.67
2023-01-30,4.25,3.55,3.66,-0.70
2023-01-31,4.21,3.52,3.65,-0.69
2023-02-01,4.09,3.39,3.55,-0.70
2023-02-02,4.09,3.40,3.55,-0.69
2023-02-03,4.30,3.53,3.63,-0.77
2023-02-06,4.44,3.63,3.67,-0.81
2023-02-07,4.47,3.67,3.72,-0.80
2023-02-08,4.45,3.63,3.70,-0.82
2023-02-09,4.48,3.67,3.75,-0.81
2023-02-10,4.50,3.74,3.83,-0.76
2023-02-13,4.52,3.72,3.79,-0.80
2023-02-14,4.60,3.77,3.81,-0.83
2023-02-15,4.62,3.81,3.85,-0.81
2023-02-16,4.62,3.86,3.92,-0.76
2023-02-17,4.60,3.82,3.88,-0.78
2023-02-20,,,,
2023-02-21,4.67,3.95,3.98,-0.72
2023-02-22,4.66,3.93,3.94,-0.73
2023-02-23,4.66,3.88,3.88,-0.78
2023-02-24,4.78,3.95,3.93,-0.83
2023-02-27,4.78,3.92,3.93,-0.86
2023-02-28,4.81,3.92,3.93,-0.89
2023-03-01,4.89,4.01,3.97,-0.88
2023-03-02,4.89,4.08,4.03,-0.81
2023-03-03,4.86,3.97,3.90,-0.89
2023-03-06,4.89,3.98,3.92,-0.91
2023-03-07,5.00,3.97,3.88,-1.03
2023-03-08,5.05,3.98,3.88,-1.07
2023-03-09,4.90,3.93,3.88,-0.97
2023-03-10,4.60,3.70,3.70,-0.90
2023-03-13,4.03,3.55,3.70,-0.48
2023-03-14,4.20,3.64,3.77,-0.56
2023-03-15,3.93,3.51,3.70,-0.42
2023-03-16,4.14,3.56,3.71,-0.58
2023-03-17,3.81,3.39,3.60,-0.42
2023-03-20,3.92,3.47,3.65,-0.45
2023-03-21,4.17,3.59,3.73,-0.58
2023-03-22,3.96,3.48,3.68,-0.48
2023-03-23,3.76,3.38,3.66,-0.38
2023-03-24,3.76,3.38,3.64,-0.38
2023-03-27,3.94,3.53,3.77,-0.41
2023-03-28,4.02,3.55,3.77,-0.47
2023-03-29,4.08,3.57,3.78,-0.51
2023-03-30,4.10,3.55,3.74,-0.55
2023-03-31,4.06,3.48,3.67,-0.58
2023-04-03,3.97,3.43,3.64,-0.54
2023-04-04,3.84,3.35,3.60,-0.49
2023-04-05,3.79,3.30,3.56,-0.49
2023-04-06,3.82,3.30,3.54,-0.52
2023-04-07,3.97,3.39,3.61,-0.58
2023-04-10,4.00,3.41,3.62,-0.59
2023-04-11,4.03,3.43,3.62,-0.60
2023-04-12,3.95,3.41,3.64,-0.54
2023-04-13,3.96,3.45,3.69,-0.51
2023-04-14,4.08,3.52,3.74,-0.56
2023-04-17,4.18,3.60,3.81,-0.58
2023-04-18,4.19,3.58,3.79,-0.61
2023-04-19,4.24,3.60,3.79,-0.64
2023-04-20,4.14,3.54,3.75,-0.60
2023-04-21,4.17,3.57,3.78,-0.60
2023-04-24,4.12,3.52,3.73,-0.60
2023-04-25,3.86,3.40,3.65,-0.46
2023-04-26,3.90,3.43,3.70,-0.47
2023-04-27,4.07,3.53,3.76,-0.54
2023-04-28,4.04,3.44,3.67,-0.60
2023-05-01,4.14,3.59,3.84,-0.55
2023-05-02,3.97,3.44,3.72,-0.53
2023-05-03,3.89,3.38,3.70,-0.51
2023-05-04,3.75,3.37,3.73,-0.38
2023-05-05,3.92,3.44,3.76,-0.48
2023-05-08,4.00,3.52,3.84,-0.48
2023-05-09,4.01,3.53,3.85,-0.48
2023-05-10,3.90,3.43,3.80,-0.47
2023-05-11,3.89,3.39,3.73,-0.50
2023-05-12,3.98,3.46,3.78,-0.52
2023-05-15,3.99,3.50,3.84,-0.49
2023-05-16,4.06,3.54,3.87,-0.52
2023-05-17,4.12,3.57,3.88,-0.55
2023-05-18,4.24,3.65,3.91,-0.59
2023-05-19,4.28,3.70,3.95,-0.58
2023-05-22,4.29,3.72,3.97,-0.57
2023-05-23,4.26,3.70,3.96,-0.56
2023-05-24,4.31,3.73,3.97,-0.58
2023-05-25,4.50,3.83,4.01,-0.67
2023-05-26,4.54,3.80,3.96,-0.74
2023-05-29,,,,
2023-05-30,4.46,3.69,3.90,-0.77
2023-05-31,4.40,3.64,3.85,-0.76
2023-06-01,4.33,3.61,3.84,-0.72
2023-06-02,4.50,3.69,3.88,-0.81
2023-06-05,4.46,3.69,3.89,-0.77
2023-06-06,4.51,3.70,3.87,-0.81
2023-06-07,4.56,3.79,3.95,-0.77
2023-06-08,4.52,3.73,3.89,-0.79
2023-06-09,4.59,3.75,3.89,-0.84
2023-06-12,4.55,3.73,3.87,-0.82
2023-06-13,4.67,3.84,3.94,-0.83
2023-06-14,4.74,3.83,3.90,-0.91
2023-06-15,4.62,3.72,3.85,-0.90
2023-06-16,4.70,3.77,3.86,-0.93
2023-06-19,,,,
2023-06-20,4.68,3.74,3.83,-0.94
2023-06-21,4.68,3.72,3.81,-0.96
2023-06-22,4.77,3.80,3.88,-0.97
2023-06-23,4.71,3.74,3.82,-0.97
2023-06-26,4.65,3.72,3.83,-0.93
2023-06-27,4.74,3.77,3.84,-0.97
2023-06-28,4.71,3.71,3.81,-1.00
2023-06-29,4.87,3.85,3.92,-1.02
2023-06-30,4.87,3.81,3.85,-1.06
2023-07-03,4.94,3.86,3.87,-1.08
2023-07-04,,,,
2023-07-05,4.94,3.95,3.95,-0.99
2023-07-06,4.99,4.05,4.01,-0.94
2023-07-07,4.94,4.06,4.05,-0.88
2023-07-10,4.85,4.01,4.05,-0.84
2023-07-11,4.88,3.99,4.03,-0.89
2023-07-12,4.72,3.86,3.96,-0.86
2023-07-13,4.59,3.76,3.90,-0.83
2023-07-14,4.74,3.83,3.93,-0.91
2023-07-17,4.74,3.81,3.94,-0.93
2023-07-18,4.74,3.80,3.91,-0.94
2023-07-19,4.74,3.75,3.84,-0.99
2023-07-20,4.80,3.85,3.91,-0.95
2023-07-21,4.82,3.84,3.91,-0.98
2023-07-24,4.81,3.86,3.92,-0.95
2023-07-25,4.85,3.91,3.95,-0.94
2023-07-26,4.82,3.86,3.94,-0.96
2023-07-27,4.91,4.01,4.06,-0.90
2023-07-28,4.87,3.96,4.03,-0.91
2023-07-31,4.88,3.97,4.02,-0.91
2023-08-01,4.92,4.05,4.11,-0.87
2023-08-02,4.88,4.08,4.17,-0.80
2023-08-03,4.90,4.20,4.32,-0.70
2023-08-04,4.78,4.05,4.21,-0.73
2023-08-07,4.76,4.09,4.27,-0.67
2023-08-08,4.74,4.02,4.20,-0.72
2023-08-09,4.79,4.00,4.18,-0.79
2023-08-10,4.82,4.09,4.24,-0.73
2023-08-11,4.89,4.16,4.27,-0.73
2023-08-14,4.96,4.19,4.29,-0.77
2023-08-15,4.92,4.21,4.32,-0.71
2023-08-16,4.97,4.28,4.38,-0.69
2023-08-17,4.94,4.30,4.41,-0.64
2023-08-18,4.92,4.26,4.38,-0.66
2023-08-21,4.97,4.34,4.45,-0.63
2023-08-22,5.02,4.34,4.42,-0.68
2023-08-23,4.95,4.19,4.27,-0.76
2023-08-24,4.98,4.23,4.30,-0.75
2023-08-25,5.03,4.25,4.30,-0.78
2023-08-28,4.98,4.20,4.29,-0.78
2023-08-29,4.87,4.12,4.23,-0.75
2023-08-30,4.90,4.12,4.23,-0.78
2023-08-31,4.85,4.09,4.20,-0.76
2023-09-01,4.87,4.18,4.29,-0.69
2023-09-04,,,,
2023-09-05,4.94,4.27,4.38,-0.67
2023-09-06,5.01,4.30,4.37,-0.71
2023-09-07,4.94,4.27,4.36,-0.67
2023-09-08,4.98,4.26,4.33,-0.72
2023-09-11,4.97,4.29,4.37,-0.68
2023-09-12,4.98,4.27,4.35,-0.71
2023-09-13,4.96,4.25,4.34,-0.71
2023-09-14,5.00,4.29,4.39,-0.71
2023-09-15,5.02,4.33,4.42,-0.69
2023-09-18,5.05,4.32,4.40,-0.73
2023-09-19,5.08,4.37,4.43,-0.71
2023-09-20,5.12,4.35,4.40,-0.77
2023-09-21,5.12,4.49,4.56,-0.63
2023-09-22,5.10,4.44,4.53,-0.66
2023-09-25,5.09,4.55,4.67,-0.54
2023-09-26,5.04,4.56,4.70,-0.48
2023-09-27,5.10,4.61,4.73,-0.49
2023-09-28,5.04,4.59,4.71,-0.45
2023-09-29,5.03,4.59,4.73,-0.44
2023-10-02,5.12,4.69,4.81,-0.43
2023-10-03,5.15,4.81,4.95,-0.34
2023-10-04,5.05,4.73,4.87,-0.32
2023-10-05,5.03,4.72,4.89,-0.31
2023-10-06,5.08,4.78,4.95,-0.30
2023-10-09,,,,
2023-10-10,4.96,4.66,4.85,-0.30
2023-10-11,4.99,4.58,4.73,-0.41
2023-10-12,5.06,4.70,4.86,-0.36
2023-10-13,5.04,4.63,4.78,-0.41
2023-10-16,5.09,4.71,4.87,-0.38
2023-10-17,5.19,4.83,4.94,-0.36
2023-10-18,5.19,4.91,5.00,-0.28
2023-10-19,5.14,4.98,5.11,-0.16
2023-10-20,5.07,4.93,5.09,-0.14
2023-10-23,5.05,4.86,5.01,-0.19
2023-10-24,5.02,4.83,4.96,-0.19
2023-10-25,5.08,4.95,5.09,-0.13
2023-10-26,5.02,4.86,5.01,-0.16
2023-10-27,4.99,4.84,5.03,-0.15
2023-10-30,5.03,4.88,5.04,-0.15
2023-10-31,5.07,4.88,5.04,-0.19
2023-11-01,4.95,4.77,4.96,-0.18
2023-11-02,4.98,4.67,4.82,-0.31
2023-11-03,4.83,4.57,4.77,-0.26
2023-11-06,4.93,4.67,4.84,-0.26
2023-11-07,4.91,4.58,4.75,-0.33
2023-11-08,4.93,4.49,4.64,-0.44
2023-11-09,5.03,4.62,4.77,-0.41
2023-11-10,5.04,4.61,4.73,-0.43
2023-11-13,5.02,4.63,4.75,-0.39
2023-11-14,4.80,4.44,4.61,-0.36
2023-11-15,4.90,4.53,4.68,-0.37
2023-11-16,4.83,4.45,4.63,-0.38
2023-11-17,4.88,4.44,4.59,-0.44
2023-11-20,4.89,4.42,4.57,-0.47
2023-11-21,4.86,4.41,4.57,-0.45
2023-11-22,4.89,4.42,4.55,-0.47
2023-11-23,,,,
2023-11-24,4.92,4.47,4.60,-0.45
2023-11-27,4.84,4.39,4.53,-0.45
2023-11-28,4.73,4.34,4.52,-0.39
2023-11-29,4.64,4.27,4.44,-0.37
2023-11-30,4.73,4.37,4.54,-0.36
2023-12-01,4.56,4.22,4.40,-0.34
2023-12-04,4.64,4.28,4.43,-0.36
2023-12-05,4.57,4.18,4.30,-0.39
2023-12-06,4.60,4.12,4.22,-0.48
2023-12-07,4.58,4.14,4.25,-0.44
2023-12-08,4.71,4.23,4.31,-0.48
2023-12-11,4.71,4.23,4.32,-0.48
2023-12-12,4.73,4.20,4.30,-0.53
2023-12-13,4.46,4.04,4.19,-0.42
2023-12-14,4.37,3.92,4.03,-0.45
2023-12-15,4.44,3.91,4.00,-0.53
2023-12-18,4.43,3.95,4.05,-0.48
2023-12-19,4.41,3.93,4.03,-0.48
2023-12-20,4.34,3.86,3.98,-0.48
2023-12-21,4.33,3.89,4.03,-0.44
2023-12-22,4.31,3.90,4.05,-0.41
2023-12-25,,,,
2023-12-26,4.26,3.89,4.04,-0.37
2023-12-27,4.20,3.79,3.95,-0.41
2023-12-28,4.26,3.84,3.98,-0.42
2023-12-29,4.23,3.88,4.03,-0.35
2024-01-01,,,,
2024-01-02,4.33,3.95,4.08,-0.38
2024-01-03,4.33,3.91,4.05,-0.42
2024-01-04,4.38,3.99,4.13,-0.39
2024-01-05,4.40,4.05,4.21,-0.35
2024-01-08,4.36,4.01,4.17,-0.35
2024-01-09,4.36,4.02,4.18,-0.34
2024-01-10,4.37,4.04,4.20,-0.33
2024-01-11,4.26,3.98,4.18,-0.28
2024-01-12,4.14,3.96,4.20,-0.18
2024-01-15,,,,
2024-01-16,4.22,4.07,4.30,-0.15
2024-01-17,4.34,4.10,4.31,-0.24
2024-01-18,4.34,4.14,4.37,-0.20
2024-01-19,4.39,4.15,4.36,-0.24
2024-01-22,4.37,4.11,4.32,-0.26
2024-01-23,4.31,4.14,4.38,-0.17
2024-01-24,4.34,4.18,4.41,-0.16
2024-01-25,4.28,4.14,4.38,-0.14
2024-01-26,4.34,4.15,4.38,-0.19
2024-01-29,4.29,4.08,4.31,-0.21
2024-01-30,4.36,4.06,4.28,-0.30
2024-01-31,4.27,3.99,4.22,-0.28
2024-02-01,4.20,3.87,4.10,-0.33
2024-02-02,4.36,4.03,4.22,-0.33
2024-02-05,4.46,4.17,4.35,-0.29
2024-02-06,4.39,4.09,4.29,-0.30
2024-02-07,4.41,4.09,4.31,-0.32
2024-02-08,4.46,4.15,4.36,-0.31
2024-02-09,4.48,4.17,4.37,-0.31
2024-02-12,4.46,4.17,4.37,-0.29
2024-02-13,4.64,4.31,4.46,-0.33
2024-02-14,4.56,4.27,4.45,-0.29
2024-02-15,4.56,4.24,4.42,-0.32
2024-02-16,4.64,4.30,4.45,-0.34
2024-02-19,,,,
2024-02-20,4.59,4.27,4.44,-0.32
2024-02-21,4.64,4.32,4.49,-0.32
2024-02-22,4.69,4.33,4.47,-0.36
2024-02-23,4.67,4.26,4.37,-0.41
2024-02-26,4.69,4.28,4.40,-0.41
2024-02-27,4.70,4.31,4.44,-0.39
2024-02-28,4.64,4.27,4.40,-0.37
2024-02-29,4.64,4.25,4.38,-0.39
2024-03-01,4.54,4.19,4.33,-0.35
2024-03-04,4.61,4.22,4.36,-0.39
2024-03-05,4.54,4.13,4.27,-0.41
2024-03-06,4.55,4.11,4.24,-0.44
2024-03-07,4.50,4.09,4.25,-0.41
2024-03-08,4.48,4.09,4.26,-0.39
2024-03-11,4.51,4.10,4.26,-0.41
2024-03-12,4.58,4.16,4.31,-0.42
2024-03-13,4.61,4.19,4.35,-0.42
2024-03-14,4.68,4.29,4.44,-0.39
2024-03-15,4.72,4.31,4.43,-0.41
2024-03-18,4.73,4.34,4.46,-0.39
2024-03-19,4.68,4.30,4.44,-0.38
2024-03-20,4.59,4.27,4.45,-0.32
2024-03-21,4.62,4.27,4.44,-0.35
2024-03-22,4.59,4.22,4.39,-0.37
2024-03-25,4.54,4.25,4.42,-0.29
2024-03-26,4.56,4.24,4.40,-0.32
2024-03-27,4.54,4.20,4.36,-0.34
2024-03-28,4.59,4.20,4.34,-0.39
2024-03-29,,,,
2024-04-01,4.72,4.33,4.47,-0.39
2024-04-02,4.70,4.36,4.51,-0.34
2024-04-03,4.68,4.36,4.51,-0.32
2024-04-04,4.65,4.31,4.47,-0.34
2024-04-05,4.73,4.39,4.54,-0.34
2024-04-08,4.78,4.42,4.55,-0.36
2024-04-09,4.74,4.36,4.50,-0.38
2024-04-10,4.97,4.55,4.64,-0.42
2024-04-11,4.93,4.56,4.65,-0.37
2024-04-12,4.88,4.50,4.61,-0.38
2024-04-15,4.93,4.63,4.74,-0.30
2024-04-16,4.97,4.67,4.77,-0.30
2024-04-17,4.93,4.59,4.71,-0.34
2024-04-18,4.98,4.64,4.74,-0.34
2024-04-19,4.97,4.62,4.72,-0.35
2024-04-22,4.97,4.62,4.72,-0.35
2024-04-23,4.86,4.61,4.73,-0.25
2024-04-24,4.89,4.65,4.78,-0.24
2024-04-25,4.96,4.70,4.82,-0.26
2024-04-26,4.96,4.67,4.78,-0.29
2024-04-29,4.97,4.63,4.75,-0.34
2024-04-30,5.04,4.69,4.79,-0.35
2024-05-01,4.96,4.63,4.74,-0.33
2024-05-02,4.87,4.58,4.72,-0.29
2024-05-03,4.81,4.50,4.66,-0.31
2024-05-06,4.82,4.49,4.64,-0.33
2024-05-07,4.82,4.47,4.61,-0.35
2024-05-08,4.84,4.48,4.64,-0.36
2024-05-09,4.80,4.45,4.60,-0.35
2024-05-10,4.87,4.50,4.64,-0.37
2024-05-13,4.85,4.48,4.63,-0.37
2024-05-14,4.81,4.45,4.59,-0.36
2024-05-15,4.73,4.36,4.52,-0.37
2024-05-16,4.78,4.38,4.52,-0.40
2024-05-17,4.83,4.42,4.56,-0.41
2024-05-20,4.82,4.44,4.58,-0.38
2024-05-21,4.82,4.41,4.55,-0.41
2024-05-22,4.86,4.43,4.55,-0.43
2024-05-23,4.91,4.47,4.58,-0.44
2024-05-24,4.93,4.46,4.57,-0.47
2024-05-27,,,,
2024-05-28,4.94,4.54,4.66,-0.40
2024-05-29,4.96,4.61,4.74,-0.35
2024-05-30,4.92,4.55,4.69,-0.37
2024-05-31,4.89,4.51,4.65,-0.38
2024-06-03,4.82,4.41,4.55,-0.41
2024-06-04,4.77,4.33,4.48,-0.44
2024-06-05,4.72,4.29,4.44,-0.43
2024-06-06,4.72,4.28,4.43,-0.44
2024-06-07,4.87,4.43,4.55,-0.44
2024-06-10,4.87,4.47,4.59,-0.40
2024-06-11,4.81,4.39,4.53,-0.42
2024-06-12,4.75,4.31,4.47,-0.44
2024-06-13,4.68,4.24,4.40,-0.44
2024-06-14,4.67,4.20,4.34,-0.47
2024-06-17,4.75,4.28,4.40,-0.47
2024-06-18,4.69,4.22,4.36,-0.47
2024-06-19,,,,
2024-06-20,4.70,4.25,4.39,-0.45
2024-06-21,4.70,4.25,4.39,-0.45
2024-06-24,4.71,4.25,4.38,-0.46
2024-06-25,4.65,4.23,4.36,-0.42
2024-06-26,4.71,4.32,4.45,-0.39
2024-06-27,4.70,4.29,4.43,-0.41
2024-06-28,4.71,4.36,4.51,-0.35
2024-07-01,4.77,4.48,4.64,-0.29
2024-07-02,4.74,4.43,4.60,-0.31
2024-07-03,4.71,4.36,4.53,-0.35
2024-07-04,,,,
2024-07-05,4.60,4.28,4.47,-0.32
2024-07-08,4.62,4.28,4.46,-0.34
2024-07-09,4.62,4.30,4.49,-0.32
2024-07-10,4.62,4.28,4.47,-0.34
2024-07-11,4.50,4.20,4.41,-0.30
2024-07-12,4.45,4.18,4.39,-0.27
2024-07-15,4.44,4.23,4.46,-0.21
2024-07-16,4.43,4.17,4.38,-0.26
2024-07-17,4.42,4.16,4.37,-0.26
2024-07-18,4.46,4.20,4.41,-0.26
2024-07-19,4.49,4.25,4.45,-0.24
2024-07-22,4.50,4.26,4.48,-0.24
2024-07-23,4.40,4.25,4.48,-0.15
2024-07-24,4.37,4.28,4.54,-0.09
2024-07-25,4.41,4.27,4.50,-0.14
2024-07-26,4.36,4.20,4.45,-0.16
2024-07-29,4.36,4.17,4.42,-0.19
2024-07-30,4.35,4.15,4.40,-0.20
2024-07-31,4.29,4.09,4.35,-0.20
2024-08-01,4.16,3.99,4.27,-0.17
2024-08-02,3.88,3.80,4.11,-0.08
2024-08-05,3.89,3.78,4.06,-0.11
2024-08-06,3.99,3.90,4.18,-0.09
2024-08-07,4.00,3.96,4.26,-0.04
2024-08-08,4.04,3.99,4.28,-0.05
2024-08-09,4.05,3.94,4.23,-0.11
2024-08-12,4.01,3.90,4.19,-0.11
2024-08-13,3.93,3.85,4.16,-0.08
2024-08-14,3.94,3.83,4.12,-0.11
2024-08-15,4.08,3.92,4.18,-0.16
2024-08-16,4.06,3.89,4.15,-0.17
2024-08-19,4.06,3.86,4.11,-0.20
2024-08-20,3.99,3.82,4.07,-0.17
2024-08-21,3.92,3.79,4.06,-0.13
2024-08-22,3.99,3.86,4.13,-0.13
2024-08-23,3.90,3.81,4.10,-0.09
2024-08-26,3.91,3.82,4.11,-0.09
2024-08-27,3.83,3.83,4.13,0.00
2024-08-28,3.83,3.84,4.13,0.01
2024-08-29,3.87,3.87,4.15,0.00
2024-08-30,3.91,3.91,4.20,0.00
2024-09-02,,,,
2024-09-03,3.88,3.84,4.13,-0.04
2024-09-04,3.76,3.77,4.06,0.01
2024-09-05,3.75,3.73,4.02,-0.02
2024-09-06,3.66,3.72,4.03,0.06
2024-09-09,3.68,3.70,4.00,0.02
2024-09-10,3.59,3.65,3.97,0.06
2024-09-11,3.62,3.65,3.96,0.03
2024-09-12,3.64,3.68,4.00,0.04
2024-09-13,3.57,3.66,3.98,0.09
2024-09-16,3.56,3.63,3.94,0.07
2024-09-17,3.59,3.65,3.96,0.06
2024-09-18,3.61,3.70,4.03,0.09
2024-09-19,3.59,3.73,4.06,0.14
2024-09-20,3.55,3.73,4.07,0.18
2024-09-23,3.57,3.75,4.09,0.18
2024-09-24,3.49,3.74,4.09,0.25
2024-09-25,3.53,3.79,4.14,0.26
2024-09-26,3.60,3.79,4.12,0.19
2024-09-27,3.55,3.75,4.10,0.20
2024-09-30,3.66,3.81,4.14,0.15
2024-10-01,3.61,3.74,4.08,0.13
2024-10-02,3.63,3.79,4.14,0.16
2024-10-03,3.70,3.85,4.18,0.15
2024-10-04,3.93,3.98,4.26,0.05
2024-10-07,3.99,4.03,4.30,0.04
2024-10-08,3.98,4.04,4.32,0.06
2024-10-09,3.99,4.06,4.34,0.07
2024-10-10,3.98,4.09,4.38,0.11
2024-10-11,3.95,4.08,4.39,0.13
2024-10-14,,,,
2024-10-15,3.95,4.03,4.32,0.08
2024-10-16,3.93,4.02,4.30,0.09
2024-10-17,3.96,4.09,4.39,0.13
2024-10-18,3.95,4.08,4.38,0.13
2024-10-21,4.02,4.19,4.49,0.17
2024-10-22,4.03,4.20,4.49,0.17
2024-10-23,4.07,4.24,4.51,0.17
2024-10-24,4.07,4.21,4.47,0.14
2024-10-25,4.11,4.25,4.51,0.14
2024-10-28,4.12,4.28,4.53,0.16
2024-10-29,4.11,4.28,4.52,0.17
2024-10-30,4.15,4.29,4.49,0.14
2024-10-31,4.16,4.28,4.47,0.12
2024-11-01,4.21,4.37,4.57,0.16
2024-11-04,4.17,4.31,4.50,0.14
2024-11-05,4.19,4.26,4.44,0.07
2024-11-06,4.27,4.42,4.60,0.15
2024-11-07,4.21,4.31,4.52,0.10
2024-11-08,4.26,4.30,4.47,0.04
2024-11-11,,,,
2024-11-12,4.34,4.43,4.58,0.09
2024-11-13,4.27,4.44,4.63,0.17
2024-11-14,4.34,4.43,4.58,0.09
2024-11-15,4.31,4.43,4.60,0.12
2024-11-18,4.29,4.42,4.61,0.13
2024-11-19,4.27,4.39,4.57,0.12
2024-11-20,4.31,4.41,4.59,0.10
2024-11-21,4.34,4.43,4.61,0.09
2024-11-22,4.37,4.41,4.60,0.04
2024-11-25,4.21,4.27,4.45,0.06
2024-11-26,4.21,4.30,4.48,0.09
2024-11-27,4.19,4.25,4.44,0.06
2024-11-28,,,,
2024-11-29,4.13,4.18,4.36,0.05
2024-12-02,4.17,4.19,4.36,0.02
2024-12-03,4.17,4.23,4.40,0.06
2024-12-04,4.13,4.19,4.35,0.06
2024-12-05,4.15,4.17,4.33,0.02
2024-12-06,4.10,4.15,4.34,0.05
2024-12-09,4.13,4.20,4.39,0.07
2024-12-10,4.15,4.22,4.41,0.07
2024-12-11,4.15,4.26,4.48,0.11
2024-12-12,4.18,4.32,4.55,0.14
2024-12-13,4.25,4.40,4.61,0.15
2024-12-16,4.25,4.39,4.60,0.14
2024-12-17,4.25,4.40,4.59,0.15
2024-12-18,4.35,4.50,4.65,0.15
2024-12-19,4.32,4.57,4.74,0.25
2024-12-20,4.30,4.52,4.72,0.22
2024-12-23,4.30,4.59,4.78,0.29
2024-12-24,4.29,4.59,4.76,0.30
2024-12-25,,,,
2024-12-26,4.30,4.58,4.76,0.28
2024-12-27,4.31,4.62,4.82,0.31
2024-12-30,4.24,4.55,4.77,0.31
2024-12-31,4.25,4.58,4.78,0.33
2025-01-01,,,,
2025-01-02,4.25,4.57,4.79,0.32
2025-01-03,4.28,4.60,4.82,0.32
2025-01-06,4.28,4.62,4.85,0.34
2025-01-07,4.30,4.67,4.91,0.37
2025-01-08,4.28,4.67,4.91,0.39
2025-01-09,4.27,4.68,4.92,0.41
2025-01-10,4.40,4.77,4.96,0.37
2025-01-13,4.40,4.79,4.97,0.39
2025-01-14,4.37,4.78,4.98,0.41
2025-01-15,4.27,4.66,4.88,0.39
2025-01-16,4.23,4.61,4.84,0.38
2025-01-17,4.27,4.61,4.84,0.34
2025-01-20,,,,
2025-01-21,4.29,4.57,4.80,0.28
2025-01-22,4.29,4.60,4.82,0.31
2025-01-23,4.29,4.65,4.87,0.36
2025-01-24,4.27,4.63,4.85,0.36
2025-01-27,4.17,4.53,4.76,0.36
2025-01-28,4.19,4.55,4.78,0.36
2025-01-29,4.21,4.55,4.79,0.34
2025-01-30,4.18,4.52,4.76,0.34
2025-01-31,4.22,4.58,4.83,0.36
2025-02-03,4.26,4.54,4.77,0.28
2025-02-04,4.21,4.52,4.75,0.31
2025-02-05,4.17,4.43,4.64,0.26
2025-02-06,4.21,4.45,4.65,0.24
2025-02-07,4.29,4.49,4.69,0.20
2025-02-10,4.28,4.51,4.71,0.23
2025-02-11,4.29,4.54,4.75,0.25
2025-02-12,4.36,4.62,4.83,0.26
2025-02-13,4.31,4.52,4.72,0.21
2025-02-14,4.26,4.47,4.69,0.21
2025-02-17,,,,
2025-02-18,4.29,4.55,4.77,0.26
2025-02-19,4.28,4.53,4.76,0.25
2025-02-20,4.28,4.50,4.74,0.22
2025-02-21,4.19,4.42,4.67,0.23
2025-02-24,4.13,4.40,4.66,0.27
2025-02-25,4.07,4.30,4.55,0.23
2025-02-26,4.05,4.25,4.51,0.20
2025-02-27,4.07,4.29,4.56,0.22
2025-02-28,3.99,4.24,4.51,0.25
2025-03-03,3.96,4.16,4.45,0.20
2025-03-04,3.96,4.22,4.53,0.26
2025-03-05,3.99,4.28,4.57,0.29
2025-03-06,3.96,4.29,4.58,0.33
2025-03-07,3.99,4.32,4.62,0.33
2025-03-10,3.89,4.22,4.54,0.33
2025-03-11,3.94,4.28,4.59,0.34
2025-03-12,4.01,4.32,4.63,0.31
2025-03-13,3.94,4.27,4.59,0.33
2025-03-14,4.02,4.31,4.62,0.29
2025-03-17,4.06,4.31,4.60,0.25
2025-03-18,4.04,4.29,4.58,0.25
2025-03-19,3.99,4.25,4.56,0.26
2025-03-20,3.95,4.24,4.55,0.29
2025-03-21,3.94,4.25,4.59,0.31
2025-03-24,4.04,4.34,4.66,0.30
2025-03-25,3.96,4.31,4.65,0.35
2025-03-26,3.98,4.35,4.69,0.37
2025-03-27,3.97,4.38,4.73,0.41
2025-03-28,3.89,4.27,4.64,0.38
2025-03-31,3.89,4.23,4.59,0.34
2025-04-01,3.87,4.17,4.52,0.30
2025-04-02,3.91,4.20,4.54,0.29
2025-04-03,3.71,4.06,4.49,0.35
2025-04-04,3.68,4.01,4.41,0.33
2025-04-07,3.73,4.15,4.58,0.42
2025-04-08,3.71,4.26,4.71,0.55
2025-04-09,3.91,4.34,4.72,0.43
2025-04-10,3.84,4.40,4.86,0.56
2025-04-11,3.96,4.48,4.85,0.52
2025-04-14,3.84,4.38,4.80,0.54
2025-04-15,3.84,4.35,4.79,0.51
2025-04-16,3.77,4.29,4.74,0.52
2025-04-17,3.81,4.34,4.80,0.53
2025-04-18,,,,
2025-04-21,3.75,4.42,4.91,0.67
2025-04-22,3.76,4.41,4.88,0.65
2025-04-23,3.81,4.40,4.83,0.59
2025-04-24,3.77,4.32,4.77,0.55
2025-04-25,3.74,4.29,4.74,0.55
2025-04-28,3.67,4.23,4.69,0.56
2025-04-29,3.65,4.19,4.64,0.54
2025-04-30,3.60,4.17,4.66,0.57
2025-05-01,3.70,4.25,4.74,0.55
2025-05-02,3.83,4.33,4.79,0.50
2025-05-05,3.83,4.36,4.83,0.53
2025-05-06,3.78,4.30,4.81,0.52
2025-05-07,3.78,4.26,4.77,0.48
2025-05-08,3.90,4.37,4.83,0.47
2025-05-09,3.88,4.37,4.83,0.49
2025-05-12,3.98,4.45,4.89,0.47
2025-05-13,4.02,4.49,4.94,0.47
2025-05-14,4.05,4.53,4.97,0.48
2025-05-15,3.96,4.45,4.91,0.49
2025-05-16,3.98,4.43,4.89,0.45
2025-05-19,3.97,4.46,4.92,0.49
2025-05-20,3.97,4.48,4.96,0.51
2025-05-21,4.00,4.58,5.08,0.58
2025-05-22,4.00,4.54,5.05,0.54
2025-05-23,4.00,4.51,5.04,0.51
2025-05-26,,,,
2025-05-27,3.92,4.43,4.94,0.51
2025-05-28,3.96,4.47,4.97,0.51
2025-05-29,3.92,4.43,4.92,0.51
2025-05-30,3.89,4.41,4.92,0.52
2025-06-02,3.94,4.46,4.99,0.52
2025-06-03,3.96,4.46,4.98,0.50
2025-06-04,3.87,4.37,4.89,0.50
2025-06-05,3.92,4.40,4.88,0.48
2025-06-06,4.04,4.51,4.97,0.47
2025-06-09,4.01,4.49,4.95,0.48
2025-06-10,4.01,4.47,4.93,0.46
2025-06-11,3.94,4.41,4.91,0.47
2025-06-12,3.90,4.36,4.84,0.46
2025-06-13,3.96,4.41,4.90,0.45
2025-06-16,3.97,4.46,4.96,0.49
2025-06-17,3.94,4.39,4.88,0.45
2025-06-18,3.94,4.38,4.88,0.44
2025-06-19,,,,
2025-06-20,3.90,4.38,4.89,0.48
2025-06-23,3.84,4.34,4.87,0.50
2025-06-24,3.75,4.30,4.83,0.55
2025-06-25,3.74,4.29,4.83,0.55
2025-06-26,3.70,4.26,4.81,0.56
2025-06-27,3.73,4.29,4.85,0.56
2025-06-30,3.72,4.24,4.78,0.52
2025-07-01,3.78,4.26,4.78,0.48
2025-07-02,3.78,4.30,4.82,0.52
2025-07-03,3.88,4.35,4.86,0.47
2025-07-04,,,,
2025-07-07,3.90,4.40,4.92,0.50
2025-07-08,3.90,4.42,4.94,0.52
2025-07-09,3.86,4.34,4.87,0.48
2025-07-10,3.86,4.35,4.86,0.49
2025-07-11,3.90,4.43,4.96,0.53
2025-07-14,3.90,4.43,4.97,0.53
2025-07-15,3.95,4.50,5.01,0.55
2025-07-16,3.88,4.46,5.01,0.58
2025-07-17,3.91,4.47,5.01,0.56
2025-07-18,3.88,4.44,5.00,0.56
2025-07-21,3.85,4.38,4.94,0.53
2025-07-22,3.83,4.35,4.90,0.52
2025-07-23,3.88,4.40,4.95,0.52
2025-07-24,3.91,4.43,4.96,0.52
2025-07-25,3.91,4.40,4.92,0.49
2025-07-28,3.91,4.42,4.96,0.51
2025-07-29,3.86,4.34,4.86,0.48
2025-07-30,3.94,4.38,4.89,0.44
2025-07-31,3.94,4.37,4.89,0.43
2025-08-01,3.69,4.23,4.81,0.54
2025-08-04,3.69,4.22,4.80,0.53
2025-08-05,3.72,4.22,4.78,0.50
2025-08-06,3.69,4.22,4.81,0.53
2025-08-07,3.72,4.23,4.81,0.51
2025-08-08,3.76,4.27,4.85,0.51
2025-08-11,3.76,4.27,4.84,0.51
2025-08-12,3.72,4.29,4.88,0.57
2025-08-13,3.67,4.24,4.83,0.57
2025-08-14,3.74,4.29,4.88,0.55
2025-08-15,3.75,4.33,4.92,0.58
2025-08-18,3.77,4.34,4.94,0.57
2025-08-19,3.75,4.30,4.90,0.55
2025-08-20,3.74,4.29,4.89,0.55
2025-08-21,3.79,4.33,4.92,0.54
2025-08-22,3.68,4.26,4.88,0.58
2025-08-25,3.73,4.28,4.89,0.55
2025-08-26,3.61,4.26,4.90,0.65
2025-08-27,3.59,4.24,4.91,0.65
2025-08-28,3.62,4.22,4.88,0.60
2025-08-29,3.59,4.23,4.92,0.64
2025-09-01,,,,
2025-09-02,3.66,4.28,4.97,0.62
2025-09-03,3.61,4.22,4.90,0.61
2025-09-04,3.59,4.17,4.86,0.58
2025-09-05,3.51,4.10,4.78,0.59
2025-09-08,3.49,4.05,4.69,0.56
2025-09-09,3.54,4.08,4.72,0.54
2025-09-10,3.54,4.04,4.69,0.50
2025-09-11,3.52,4.01,4.65,0.49
2025-09-12,3.56,4.06,4.68,0.50
2025-09-15,3.54,4.05,4.66,0.51
2025-09-16,3.51,4.04,4.65,0.53
2025-09-17,3.52,4.06,4.66,0.54
2025-09-18,3.57,4.11,4.72,0.54
2025-09-19,3.57,4.14,4.75,0.57
2025-09-22,3.61,4.15,4.77,0.54
2025-09-23,3.53,4.12,4.73,0.59
2025-09-24,3.57,4.16,4.76,0.59
2025-09-25,3.64,4.18,4.75,0.54
2025-09-26,3.63,4.20,4.77,0.57
2025-09-29,3.63,4.15,4.71,0.52
2025-09-30,3.60,4.16,4.73,0.56
2025-10-01,3.55,4.12,4.72,0.57
2025-10-02,3.55,4.10,4.69,0.55
2025-10-03,3.58,4.13,4.71,0.55
2025-10-06,3.60,4.18,4.76,0.58
2025-10-07,3.57,4.14,4.73,0.57
2025-10-08,3.58,4.13,4.72,0.55
2025-10-09,3.60,4.14,4.72,0.54
2025-10-10,3.52,4.05,4.63,0.53
2025-10-13,,,,
2025-10-14,3.48,4.03,4.62,0.55
2025-10-15,3.50,4.05,4.64,0.55
2025-10-16,3.41,3.99,4.58,0.58
2025-10-17,3.46,4.02,4.60,0.56
2025-10-20,3.46,4.00,4.58,0.54
2025-10-21,3.45,3.98,4.55,0.53
2025-10-22,3.45,3.97,4.54,0.52
2025-10-23,3.48,4.01,4.58,0.53
2025-10-24,3.48,4.02,4.59,0.54
2025-10-27,3.48,4.01,4.57,0.53
2025-10-28,3.47,3.99,4.55,0.52
2025-10-29,3.59,4.08,4.61,0.49
2025-10-30,3.61,4.11,4.65,0.50
2025-10-31,3.60,4.11,4.67,0.51
2025-11-03,3.60,4.13,4.69,0.53
2025-11-04,3.58,4.10,4.67,0.52
2025-11-05,3.63,4.17,4.74,0.54
2025-11-06,3.57,4.11,4.69,0.54
2025-11-07,3.55,4.11,4.70,0.56
2025-11-10,3.58,4.13,4.71,0.55
2025-11-11,,,,
2025-11-12,3.56,4.08,4.67,0.52
2025-11-13,3.58,4.11,4.70,0.53
2025-11-14,3.62,4.14,4.74,0.52
2025-11-17,3.60,4.13,4.73,0.53
2025-11-18,3.58,4.12,4.74,0.54
2025-11-19,3.58,4.13,4.75,0.55
2025-11-20,3.55,4.10,4.73,0.55
2025-11-21,3.51,4.06,4.71,0.55
2025-11-24,3.46,4.04,4.68,0.58
2025-11-25,3.43,4.01,4.67,0.58
2025-11-26,3.45,4.00,4.64,0.55
2025-11-27,,,,
2025-11-28,3.47,4.02,4.67,0.55
2025-12-01,3.54,4.09,4.74,0.55
2025-12-02,3.51,4.09,4.74,0.58
2025-12-03,3.49,4.06,4.73,0.57
2025-12-04,3.52,4.11,4.76,0.59
2025-12-05,3.56,4.14,4.79,0.58
2025-12-08,3.57,4.17,4.81,0.60
2025-12-09,3.61,4.18,4.80,0.57
2025-12-10,3.54,4.13,4.78,0.59
2025-12-11,3.52,4.14,4.79,0.62
2025-12-12,3.52,4.19,4.85,0.67
2025-12-15,3.51,4.18,4.84,0.67
2025-12-16,3.48,4.15,4.82,0.67
2025-12-17,3.49,4.16,4.83,0.67
2025-12-18,3.46,4.12,4.80,0.66
2025-12-19,3.48,4.16,4.82,0.68
2025-12-22,3.44,4.17,4.84,0.73
2025-12-23,3.48,4.18,4.83,0.70
2025-12-24,3.47,4.15,4.79,0.68
2025-12-25,,,,
2025-12-26,3.46,4.14,4.81,0.68
2025-12-29,3.45,4.12,4.80,0.67
2025-12-30,3.45,4.14,4.81,0.69
2025-12-31,3.47,4.18,4.84,0.71
2026-01-01,,,,
2026-01-02,3.47,4.19,4.86,0.72
2026-01-05,3.46,4.17,4.85,0.71
2026-01-06,3.47,4.18,4.86,0.71
2026-01-07,3.47,4.15,4.82,0.68
2026-01-08,3.49,4.19,4.85,0.70
2026-01-09,3.54,4.18,4.82,0.64
2026-01-12,3.54,4.19,4.83,0.65
2026-01-13,3.53,4.18,4.83,0.65
2026-01-14,3.51,4.15,4.79,0.64
2026-01-15,3.56,4.17,4.79,0.61
2026-01-16,3.59,4.24,4.83,0.65
2026-01-19,,,,
2026-01-20,3.60,4.30,4.91,0.70
2026-01-21,3.60,4.26,4.87,0.66
2026-01-22,3.61,4.26,4.84,0.65
2026-01-23,3.60,4.24,4.82,0.64
2026-01-26,3.56,4.22,4.80,0.66
2026-01-27,3.53,4.24,4.83,0.71
2026-01-28,3.56,4.26,4.85,0.70
2026-01-29,3.53,4.24,4.85,0.71
2026-01-30,3.52,4.26,4.87,0.74
2026-02-02,3.57,4.29,4.90,0.72
2026-02-03,3.57,4.28,4.90,0.71
2026-02-04,3.57,4.29,4.91,0.72
2026-02-05,3.47,4.21,4.85,0.74
2026-02-06,3.50,4.22,4.85,0.72
2026-02-09,3.48,4.22,4.85,0.74
2026-02-10,3.45,4.16,4.78,0.71
2026-02-11,3.52,4.18,4.82,0.66
2026-02-12,3.47,4.09,4.72,0.62
2026-02-13,3.40,4.04,4.69,0.64
2026-02-16,,,,
2026-02-17,3.43,4.05,4.68,0.62
2026-02-18,3.47,4.09,4.71,0.62
2026-02-19,3.47,4.08,4.70,0.61
2026-02-20,3.48,4.08,4.72,0.60
2026-02-23,3.43,4.03,4.70,0.60
2026-02-24,3.43,4.04,4.70,0.61
2026-02-25,3.45,4.05,4.70,0.60
2026-02-26,3.42,4.02,4.67,0.60
2026-02-27,3.38,3.97,4.64,0.59
2026-03-02,3.47,4.05,4.70,0.58
2026-03-03,3.51,4.06,4.70,0.55
2026-03-04,3.54,4.09,4.72,0.55
2026-03-05,3.57,4.13,4.74,0.56
2026-03-06,3.56,4.15,4.77,0.59
2026-03-09,3.56,4.12,4.72,0.56
2026-03-10,3.57,4.15,4.78,0.58
2026-03-11,3.64,4.21,4.86,0.57
2026-03-12,3.76,4.27,4.88,0.51
2026-03-13,3.73,4.28,4.90,0.55
2026-03-16,3.68,4.23,4.86,0.55
2026-03-17,3.68,4.20,4.85,0.52
2026-03-18,3.76,4.26,4.88,0.50
2026-03-19,3.79,4.25,4.83,0.46
2026-03-20,3.88,4.39,4.96,0.51
2026-03-23,3.83,4.34,4.91,0.51
2026-03-24,3.90,4.39,4.94,0.49
2026-03-25,3.84,4.33,4.89,0.49
2026-03-26,3.96,4.42,4.93,0.46
2026-03-27,3.88,4.44,4.98,0.56
2026-03-30,3.82,4.35,4.91,0.53
2026-03-31,3.79,4.30,4.88,0.51
2026-04-01,3.81,4.33,4.91,0.52
2026-04-02,3.79,4.31,4.88,0.52
2026-04-03,3.84,4.35,4.91,0.51
2026-04-06,3.84,4.34,4.89,0.50
2026-04-07,3.81,4.33,4.90,0.52
2026-04-08,3.79,4.29,4.89,0.50
2026-04-09,3.78,4.29,4.90,0.51
2026-04-10,3.81,4.31,4.91,0.50
2026-04-13,3.78,4.30,4.90,0.52
2026-04-14,3.76,4.26,4.87,0.50
2026-04-15,3.76,4.29,4.89,0.53
2026-04-16,3.78,4.32,4.93,0.54
2026-04-17,3.71,4.26,4.88,0.55
2026-04-20,3.72,4.26,4.88,0.54
2026-04-21,3.78,4.30,4.89,0.52
2026-04-22,3.79,4.30,4.90,0.51
2026-04-23,3.83,4.34,4.92,0.51
2026-04-24,3.78,4.31,4.91,0.53
2026-04-27,3.78,4.35,4.94,0.57
2026-04-28,3.84,4.36,4.94,0.52
2026-04-29,3.92,4.42,4.98,0.50
2026-04-30,3.88,4.40,4.98,0.52
2026-05-01,3.88,4.39,4.97,0.51
2026-05-04,3.95,4.45,5.02,0.50
2026-05-05,3.93,4.43,4.98,0.50
2026-05-06,3.87,4.36,4.94,0.49
2026-05-07,3.92,4.41,4.97,0.49
2026-05-08,3.90,4.38,4.95,0.48
2026-05-11,3.95,4.42,4.98,0.47
2026-05-12,4.00,4.46,5.03,0.46
2026-05-13,3.98,4.46,5.03,0.48
2026-05-14,4.00,4.47,5.02,0.47
2026-05-15,4.09,4.59,5.12,0.50
2026-05-18,4.07,4.61,5.14,0.54
2026-05-19,4.13,4.67,5.18,0.54
2026-05-20,4.04,4.57,5.11,0.53
2026-05-21,4.08,4.57,5.10,0.49
2026-05-22,4.13,4.56,5.07,0.43
2026-05-25,,,,
2026-05-26,4.01,4.50,5.03,0.49
2026-05-27,4.00,4.48,5.01,0.48
2026-05-28,3.99,4.45,4.98,0.46
2026-05-29,3.98,4.45,4.99,0.47
2026-06-01,4.05,4.47,4.99,0.42
2026-06-02,4.05,4.46,4.97,0.41
2026-06-03,4.08,4.49,4.99,0.41
2026-06-04,4.05,4.47,4.97,0.42
2026-06-05,4.17,4.55,5.01,0.38
2026-06-08,4.15,4.56,5.03,0.41
2026-06-09,4.13,4.53,5.01,0.40
2026-06-10,4.13,4.55,5.03,0.42
2026-06-11,4.05,4.45,4.95,0.40
2026-06-12,4.09,4.48,4.97,0.39
2026-06-15,4.07,4.47,4.97,0.40
2026-06-16,4.05,4.43,4.93,0.38
2026-06-17,4.20,4.49,4.93,0.29
2026-06-18,4.19,4.46,4.90,0.27
2026-06-19,,,,
2026-06-22,4.24,4.51,4.95,0.27
2026-06-23,4.16,4.50,4.94,0.34
2026-06-24,4.11,4.41,4.86,0.30
2026-06-25,4.09,4.40,4.86,0.31
2026-06-26,4.07,4.38,4.87,0.31
2026-06-29,4.10,4.38,4.86,0.28
2026-06-30,4.14,4.44,4.91,0.30
2026-07-01,4.17,4.48,4.97,0.31
2026-07-02,4.14,4.49,4.98,0.35
2026-07-03,,,,
2026-07-06,4.13,4.48,4.99,0.35
2026-07-07,4.19,4.55,5.05,0.36
2026-07-08,4.21,4.56,5.06,0.35
2026-07-09,4.16,4.54,5.05,0.38
2026-07-10,4.21,4.56,5.06,0.35
2026-07-13,4.26,4.62,5.10,0.36
2026-07-14,4.18,4.58,5.08,0.40
2026-07-15,4.13,4.55,5.08,0.42
2026-07-16,4.16,4.57,5.09,0.41
2026-07-17,4.18,4.55,5.06,0.37
2026-07-20,4.21,4.60,5.11,0.39
2026-07-21,4.26,4.63,5.13,0.37
2026-07-22,4.31,4.67,5.15,0.36
2026-07-23,4.37,4.71,5.17,0.34
2026-07-24,4.33,4.69,5.16,0.36
2026-07-27,4.31,4.65,5.12,0.34
2026-07-28,4.26,4.61,5.09,0.35
2026-07-29,4.22,4.67,5.20,0.45
2026-07-30,4.23,4.68,5.21,0.45
2026-07-31,4.28,4.75,5.27,0.47
2026-08-03,4.25,4.70,5.23,0.45
2026-08-04,4.20,4.63,5.18,0.43
2026-08-05,4.18,4.63,5.17,0.45
2026-08-06,4.25,4.69,5.22,0.44
2026-08-07,4.19,4.65,5.19,0.46
2026-08-10,4.25,4.72,5.25,0.47
2026-08-11,4.22,4.70,5.24,0.48
2026-08-12,4.20,4.68,5.24,0.48
2026-08-13,4.15,4.63,5.21,0.48
2026-08-14,4.17,4.68,5.25,0.51
2026-08-17,4.19,4.72,5.31,0.53
2026-08-18,4.19,4.71,5.28,0.52
2026-08-19,4.19,4.65,5.19,0.46
2026-08-20,4.19,4.69,5.23,0.50
2026-08-21,,,,0.50
