date,industry,close,amount,ret,share,share_chg,amount_yoy,exret,ret_next1,exret_next1,ret_next4,exret_next4,flow_bucket
1999-12-31,交通运输,1000.0,2.0852459832,,0.07315959900885267,,,,0.49366,-0.10929624999999998,0.16946999999999995,0.16386627717979385,
2000-12-31,交通运输,1493.66,2399.7742545145,0.49366,0.05924584713509064,-0.013913751873762037,1149.8350927653282,-0.10929624999999998,-0.17785171993626403,0.06163429435679929,-0.20133095885275096,0.5235324512468101,大幅流出
2001-12-31,交通运输,1228.01,1459.3851864834,-0.17785171993626403,0.06543801935011873,0.006192172215028088,-0.3918656374707007,0.06163429435679929,-0.15027564922109748,0.03978539910421541,-0.14179851955602948,0.43492968422650036,大幅流入
2002-12-31,交通运输,1043.47,1598.4267248255,-0.15027564922109748,0.08984410485512108,0.024406085505002353,0.09527405076458306,0.03978539910421541,0.1207509559450679,0.18372589987655288,0.7097377020901415,0.032789136723570166,大幅流入
2003-12-31,交通运输,1169.47,1995.1357682258001,0.1207509559450679,0.10409136592195437,0.014247261066833286,0.2481871938443776,0.18372589987655288,0.020068920109109323,0.1659553113442382,3.0971893250788813,-0.1886580667808167,大幅流入
2004-12-31,交通运输,1192.94,2464.2100235213,0.020068920109109323,0.09221892784683569,-0.011872438075118674,0.23510893983552328,0.1659553113442382,-0.11656914849028444,-0.0001062586367963636,0.26183211226046565,-0.3498002871002632,大幅流出
2005-12-31,交通运输,1053.88,1973.6934388592,-0.11656914849028444,0.09551667718193071,0.0032977493350950238,-0.19905632230209147,-0.0001062586367963636,0.6928492807530267,-0.2516155484667595,1.55260560974684,-0.5879352292678137,流入
2006-12-31,交通运输,1784.06,6202.0068936612,0.6928492807530267,0.10508029866608505,0.009563621484154336,2.1423354668726953,-0.2516155484667595,1.6857504792439717,-0.07008466117850332,0.3343889779491722,-0.5377839987947192,流入
2007-12-31,交通运输,4791.54,33325.8358709749,1.6857504792439717,0.10957101829594111,0.00449071962985606,4.373395489939842,-0.07008466117850332,-0.6858442170993042,-0.06561737086360375,-0.6657358594522846,-0.5232612135702712,流入
2008-12-31,交通运输,1505.29,15178.235195748,-0.6858442170993042,0.09361323137260659,-0.01595778692333452,-0.5445505026636865,-0.06561737086360375,0.7871240757594882,-0.3663162608087591,0.01899966119485295,-0.5233896366781745,大幅流出
2009-12-31,交通运输,2690.14,26096.297600066,0.7871240757594882,0.08027348062255375,-0.013339750750052837,0.7193235750739033,-0.3663162608087591,-0.11505349163984024,-0.16053180683887486,-0.3997375601269821,-0.28672511344582674,大幅流出
2010-12-31,交通运输,2380.63,21249.7223874474,-0.11505349163984024,0.06589338412009474,-0.014380096502459014,-0.18571888192317143,-0.16053180683887486,-0.3272201056022985,-0.040866804792292766,0.11758232064621572,0.08356022096201156,大幅流出
2011-12-31,交通运输,1601.64,10923.2478621954,-0.3272201056022985,0.0439595667569055,-0.021933817363189237,-0.485958090979675,-0.040866804792292766,-0.04230039209809944,-0.06586907331496765,1.2019617392173025,-0.03532479830052415,大幅流出
2012-12-31,交通运输,1533.89,6859.0367754949,-0.04230039209809944,0.03773174321517739,-0.006227823541728114,-0.3720698402135917,-0.06586907331496765,0.052741722027003224,-0.05165575076332263,0.7795083089400152,-0.06356997513134253,流出
2013-12-31,交通运输,1614.79,12392.497045874,0.052741722027003224,0.05038101649530099,0.0126492732801236,0.8067401373540302,-0.05165575076332263,0.6476136215854695,0.2752647794268923,0.8007728559131528,0.04539436861741379,流入
2014-12-31,交通运输,2660.55,26397.3394955617,0.6476136215854695,0.03815318145925703,-0.012227835036043959,1.1301065796380816,0.2752647794268923,0.32557178027099654,-0.14610005918988417,-0.23679690289601774,-0.17833598512597879,流入
2015-12-31,交通运输,3526.75,98021.130290148,0.32557178027099654,0.03971297627501509,0.0015597948157580616,2.7132958155358313,-0.14610005918988417,-0.22603813709505916,-0.09321993001872955,-0.32472956688168986,-0.1434700021790399,流入
2016-12-31,交通运输,2729.57,32347.8812011534,-0.22603813709505916,0.026415741815908125,-0.013297234459106966,-0.6699907345956747,-0.09321993001872955,0.06532164406847962,0.058694949258790916,-0.12538238623665998,-0.2857376900809886,大幅流出
2017-12-31,交通运输,2907.87,35166.5216298302,0.06532164406847962,0.03248800767219427,0.0060722658562861465,0.08713524113524618,0.058694949258790916,-0.3017088109165815,0.0023386485974216664,-0.157947225976402,-0.3633266558623993,流入
2018-12-31,交通运输,2030.54,23784.2411116139,-0.3017088109165815,0.027073278512383565,-0.005414729159810706,-0.32366807948845344,0.0023386485974216664,0.17284564697075666,-0.10986619688639465,0.16470988013040855,-0.28566038271263416,流出
2019-12-31,交通运输,2381.51,27420.9623444142,0.17284564697075666,0.02220958417476332,-0.004863694337620246,0.15290465715235624,-0.10986619688639465,0.002443827655562947,-0.2438340408146115,-0.16216182170135768,-0.2671761393299599,流出
2020-12-31,交通运输,2387.33,37535.5005079622,0.002443827655562947,0.019072089602493167,-0.0031374945722701525,0.36886153142646294,-0.2438340408146115,0.025656277096170133,-0.056309083643780525,-0.05545944632706838,0.044215209434137544,流出
2021-12-31,交通运输,2448.58,46873.3439494,0.025656277096170133,0.01974505276080368,0.0006729631583105126,0.2487736493471564,-0.056309083643780525,-0.03413815354205296,0.12461156607912002,-0.06871737905234862,-0.12095878909445588,流入
2022-12-31,交通运输,2364.99,48773.64997438,-0.03413815354205296,0.023659560671167593,0.003914507910363914,0.04054129415284291,0.12461156607912002,-0.15630932900350525,-0.08683310525642503,-0.11885039683043055,-0.24192186246133665,流入
2023-12-31,交通运输,1995.32,34814.1709675,-0.15630932900350525,0.017554252856704068,-0.006105307814463525,-0.2862094391994998,-0.08683310525642503,0.13010945612733793,0.07747582715959057,,,流出
2024-12-31,交通运输,2254.93,53640.18211157,0.13010945612733793,0.021128105810403572,0.0035738529536995037,0.5407571290910418,0.07747582715959057,0.011259773030648512,-0.20558214596025187,,,大幅流入
2025-12-31,交通运输,2280.32,62778.5383379,0.011259773030648512,0.015202393592150108,-0.0059257122182534636,0.17036400449428912,-0.20558214596025187,-0.08613264804939669,-0.030143944458017692,,,大幅流出
2026-12-31,交通运输,2083.91,43004.61322267,-0.08613264804939669,0.010374933339090658,-0.0048274602530594506,-0.31497906193353176,-0.030143944458017692,,,,,流出
2014-12-31,传媒,1010.73,23817.233218606,,0.03442404568838096,,,,0.7674057364479137,0.29573389698703295,-0.44477753702769296,-0.274220060827022,
2015-12-31,传媒,1786.37,99059.1401336244,0.7674057364479137,0.0401335229486271,0.005709477260246142,3.159137177035303,0.29573389698703295,-0.3238522814422544,-0.19103407436592482,-0.6192558092668372,-0.47947761799071875,大幅流入
2016-12-31,传媒,1207.85,55598.4535504432,-0.3238522814422544,0.045402491285886776,0.005268968337259677,-0.43873474496705234,-0.19103407436592482,-0.231005505650536,-0.23763220046022474,-0.3926232561990313,-0.4644396030275223,流入
2017-12-31,传媒,928.83,36045.7319091675,-0.231005505650536,0.033300251504588346,-0.01210223978129843,-0.3516774369189237,-0.23763220046022474,-0.3958205484318983,-0.0917730889178951,-0.21391427925454612,-0.3584166176612559,大幅流出
2018-12-31,传媒,561.18,35696.2188700347,-0.3958205484318983,0.0406325209525205,0.007332269447932152,-0.009696377923842592,-0.0917730889178951,0.21199971488648917,-0.07071212897066215,-0.03806265369400184,-0.36557931455513015,流入
2019-12-31,传媒,680.15,56653.7814240493,0.21199971488648917,0.0458866801081611,0.005254159155640599,0.5871087531796677,-0.07071212897066215,0.07861501139454541,-0.16766285707562903,-0.07301330588840695,-0.1552054904330649,大幅流入
2020-12-31,传媒,733.62,87282.3596928324,0.07861501139454541,0.044348868730966384,-0.001537811377194713,0.5406272538020098,-0.16766285707562903,-0.004743600229001443,-0.0867089609689521,-0.12138436792890045,-0.015788578982838024,中性
2021-12-31,传媒,730.14,61851.13338927,-0.004743600229001443,0.026054336840251716,-0.018294531890714668,-0.29136730942038,-0.0867089609689521,-0.2606623387295587,-0.1019126191083857,0.12264771139781426,0.13675549485784036,大幅流出
2022-12-31,传媒,539.82,55925.05751441,-0.2606623387295587,0.027128629741587026,0.0010742929013353095,-0.09581192049567289,-0.1019126191083857,0.16796339520580927,0.2374396189528895,0.2315030936238004,0.09742535680914967,中性
2023-12-31,传媒,630.49,127332.29213784,0.16796339520580927,0.06420440846050875,0.03707577871892172,1.2768379291345524,0.2374396189528895,0.022331837142540056,-0.0303017918252073,,,大幅流入
2024-12-31,传媒,644.57,100466.0444622,0.022331837142540056,0.03957214785988249,-0.02463226060062626,-0.21099319916865,-0.0303017918252073,0.2716849993018602,0.0548430803109598,,,大幅流出
2025-12-31,传媒,819.69,122030.9932098,0.2716849993018602,0.02955091402783421,-0.010021233832048275,0.21464912710596185,0.0548430803109598,-0.1889738803694081,-0.1329851767780291,,,大幅流出
2026-12-31,传媒,664.79,102172.967114,-0.1889738803694081,0.02464939557475313,-0.00490151845308108,-0.16272936549536543,-0.1329851767780291,,,,,流出
1999-12-31,公用事业,1000.0,2.66992229,,0.09367261497919076,,,,0.52945,-0.07350625,0.1915199999999998,0.22129079354262474,
2000-12-31,公用事业,1529.45,3120.2615522528,0.52945,0.07703330369450508,-0.01663931128468568,1167.6712995129158,-0.07350625,-0.22113831769590375,0.01834769659715957,-0.3881526038772109,0.22757540781839924,大幅流出
2001-12-31,公用事业,1191.23,1592.3982796516,-0.22113831769590375,0.07140225240193805,-0.005631051292567024,-0.48965871835266395,0.01834769659715957,-0.17424007118692453,0.01582097713838837,-0.33637500734534903,0.15872935990804057,流出
2002-12-31,公用事业,983.67,1267.9615095655,-0.17424007118692453,0.0712693707183211,-0.00013288168361695607,-0.2037409699771111,0.01582097713838837,0.21130053778197966,0.2742754817134646,0.2558479978041415,-0.29482050457198156,中性
2003-12-31,公用事业,1191.52,1814.5083113734,0.21130053778197966,0.09466756679699811,0.02339819607867702,0.4310436852260511,0.2742754817134646,-0.21462501678528267,-0.06873862555015381,1.852415402175373,-0.44914956564301156,大幅流入
2004-12-31,公用事业,935.79,2653.1208663207,-0.21462501678528267,0.09928859935020387,0.004621032553205756,0.4621706881643075,-0.06873862555015381,-0.15522713429295032,-0.03876424443946225,0.6187819916861685,-0.3694875065096978,流入
2005-12-31,公用事业,790.53,1969.5020672944,-0.15522713429295032,0.09531383621543496,-0.0039747631347689105,-0.257665908743287,-0.03876424443946225,0.5626731433342187,-0.38179168588556744,1.9150949363085519,-0.7587306074740929,大幅流出
2006-12-31,公用事业,1235.34,4559.5876334015,0.5626731433342187,0.07725286968024948,-0.018060966535185477,1.315096647583227,-0.38179168588556744,1.7512344779574858,-0.004600662464989247,0.638909126232454,-0.6748724226774986,大幅流出
2007-12-31,公用事业,3398.71,28434.0814835363,1.7512344779574858,0.09348756545891539,0.016234695778665903,5.2361081241735405,-0.004600662464989247,-0.5542897158039375,0.06593713043176297,-0.5396429821903017,-0.6540482223984477,大幅流入
2008-12-31,公用事业,1514.84,11825.0905260599,-0.5542897158039375,0.0729323878001424,-0.02055517765877299,-0.5841226475732378,0.06593713043176297,0.5212629716669748,-0.6321773649012725,0.09160703440627407,-0.6646381458005525,大幅流出
2009-12-31,公用事业,2304.47,19731.4165169536,0.5212629716669748,0.06069479685214833,-0.012237590947994065,0.6686059589539628,-0.6321773649012725,-0.1214422405151726,-0.16692055571420722,-0.20504931719657865,-0.08510986791702405,大幅流出
2010-12-31,公用事业,2024.61,16346.44917344,-0.1214422405151726,0.05068879652853081,-0.010006000323617523,-0.1715521711583744,-0.16692055571420722,-0.22719931246017755,0.05915398834982821,0.4086120289833597,0.30072303597177796,大幅流出
2011-12-31,公用事业,1564.62,13724.6692808873,-0.22719931246017755,0.055233619440029406,0.004544822911498596,-0.1603883427363917,0.05915398834982821,0.056876430059695116,0.033307748842826904,1.2400902455548313,-0.06997808997184249,流入
2012-12-31,公用事业,1653.61,8798.1506300622,0.056876430059695116,0.048398859957709664,-0.0068347594823197425,-0.3589535419761022,0.033307748842826904,0.10784284081494433,0.003445368024618478,0.7446193479720127,-0.13962047667560232,流出
2013-12-31,公用事业,1831.94,16599.7254842634,0.10784284081494433,0.06748527276983186,0.0190864128121222,0.886728948188745,0.003445368024618478,0.5567595008570148,0.18441065869843754,0.46379794098059973,-0.20868810872766144,大幅流入
2014-12-31,公用事业,2851.89,25256.2025140752,0.5567595008570148,0.0365038483387036,-0.030981424431128265,0.5214831436831997,0.18441065869843754,0.2289709631156882,-0.2427008763451925,-0.33915052824618064,-0.3273070555251755,流出
2015-12-31,公用事业,3504.89,109861.4570871522,0.2289709631156882,0.04451005029146433,0.008006201952760729,3.349880273011224,-0.2427008763451925,-0.17688714909740388,-0.04406894202107428,-0.43474402905654674,-0.3173704780081597,大幅流入
2016-12-31,公用事业,2884.92,35814.5378300353,-0.17688714909740388,0.02924666313355181,-0.015263387157912516,-0.6740027050467398,-0.04406894202107428,-0.07048029061464445,-0.07710698542433315,-0.3065145653952276,-0.454742621273115,大幅流出
2017-12-31,公用事业,2681.59,42581.9713989929,-0.07048029061464445,0.039338647935374955,0.010091984801823144,0.18895772440436742,-0.07710698542433315,-0.29718189581554233,0.006865563698460864,-0.01980168482131876,-0.2722051901573434,大幅流入
2018-12-31,公用事业,1884.67,25877.677024878,-0.29718189581554233,0.029456208169952078,-0.009882439765422878,-0.3922856041021616,0.006865563698460864,0.05119729183358368,-0.23151455202356763,0.16652252118408023,-0.28066251397372516,大幅流出
2019-12-31,公用事业,1981.16,30343.1806016353,0.05119729183358368,0.024576432265125944,-0.0048797759048261335,0.1725619951305637,-0.23151455202356763,0.009837670859496495,-0.23644019761067794,0.09678673100607718,-0.009820947606468252,流出
2020-12-31,公用事业,2000.65,35236.0144669955,0.009837670859496495,0.01790370225666049,-0.006672730008465456,0.16124986795538843,-0.23644019761067794,0.31381800914702707,0.23185264840707642,0.19724589508409757,0.36124262096999965,大幅流出
2021-12-31,公用事业,2628.49,93767.20897019,0.31381800914702707,0.03949874987260014,0.02159504761593965,1.6611184717845684,0.23185264840707642,-0.1635844153867808,-0.004834695765607827,-0.07931169606884549,-0.12316323256837779,大幅流入
2022-12-31,公用事业,2198.51,56360.30970463,-0.1635844153867808,0.027339765787529415,-0.012158984085070722,-0.3989336962930422,-0.004834695765607827,-0.011644249969297582,0.05783197377778264,0.11273544355040446,-0.05998190380892924,大幅流出
2023-12-31,公用事业,2172.91,37668.71465718,-0.011644249969297582,0.01899359150319748,-0.008346174284331934,-0.33164464754377476,0.05783197377778264,0.10233281636146918,0.049699187393721825,,,流出
2024-12-31,公用事业,2395.27,53498.40544923,0.10233281636146918,0.02107226199695165,0.0020786704937541707,0.4202344289183948,0.049699187393721825,0.010332864353496785,-0.2065090546374036,,,流入
2025-12-31,公用事业,2420.02,71607.37418393,0.010332864353496785,0.017340376429045855,-0.003731885567905796,0.33849548566237964,-0.2065090546374036,0.010884207568532478,0.06687291115991148,,,流出
2026-12-31,公用事业,2446.36,104068.59225186,0.010884207568532478,0.02510671824242532,0.007766341813379464,0.45332227913497314,0.06687291115991148,,,,,大幅流入
1999-12-31,农林牧渔,1000.0,1.2396662266,,0.04349294269048109,,,,0.7933399999999999,0.19038374999999996,-0.36254999999999993,-0.20455165994455649,
2000-12-31,农林牧渔,1793.34,1757.255342742,0.7933399999999999,0.043383281247208985,-0.00010966144327210353,1416.5229630652907,0.19038374999999996,-0.38746696108936396,-0.14798094679630064,-0.7261534343738499,-0.38770239371097814,流出
2001-12-31,农林牧渔,1098.48,1092.9069425755,-0.38746696108936396,0.04900533890471153,0.005622057657502545,-0.37806025340054394,-0.14798094679630064,-0.23233923239385335,-0.04227818406854045,-0.6202479790255626,-0.30587517120728236,大幅流入
2002-12-31,农林牧渔,843.26,998.4873838177,-0.23233923239385335,0.05612281364854332,0.0071174747438317865,-0.08639304507966128,-0.04227818406854045,-0.244064701278372,-0.181089757346887,-0.0970163413419349,-0.3615546917050022,大幅流入
2003-12-31,农林牧渔,637.45,763.4343775136,-0.244064701278372,0.039830335565501175,-0.01629247808304214,-0.23540908990294773,-0.181089757346887,-0.22958663424582326,-0.0837002430106944,2.130488665777708,-0.32572925132695646,大幅流出
2004-12-31,农林牧渔,491.1,1051.2070909276,-0.22958663424582326,0.03933966258760997,-0.0004906729778912031,0.37694492400412427,-0.0837002430106944,-0.15058032987171666,-0.034117440018228584,1.1734677255141521,-0.1499923266641176,流出
2005-12-31,农林牧渔,417.15,798.7148938519,-0.15058032987171666,0.038653719556644095,-0.000685943030965877,-0.24019263117117795,-0.034117440018228584,0.8253625794078872,-0.11910224981189899,3.891334052499101,-0.3327973927732796,中性
2006-12-31,农林牧渔,761.45,2496.5016468894,0.8253625794078872,0.04229810498012032,0.0036443854234762263,2.125648045511855,-0.11910224981189899,1.6206973537330094,-0.13513778668946563,2.24408693939195,-0.11749396192048317,流入
2007-12-31,农林牧渔,1995.53,10548.2426822542,1.6206973537330094,0.034681251399126305,-0.007616853580994017,3.2252095829366416,-0.13513778668946563,-0.4651095197767009,0.15511732645899956,-0.14803586014742953,-0.005514915173820647,大幅流出
2008-12-31,农林牧渔,1067.39,10966.927737956,-0.4651095197767009,0.06763958592943241,0.0329583345303061,0.03969239884916309,0.15511732645899956,0.911597447980588,-0.24184288858765934,0.512315086332081,-0.20284718113859743,大幅流入
2009-12-31,农林牧渔,2040.42,13161.7228640944,0.911597447980588,0.040486099656053605,-0.027153486273378803,0.20012852993845498,-0.24184288858765934,0.210638005900746,0.16515969070171138,-0.072102802364219,0.12344102906090783,大幅流出
2010-12-31,农林牧渔,2470.21,15471.9737688204,0.210638005900746,0.047977130809348845,0.00749103115329524,0.17552800105132427,0.16515969070171138,-0.3117508228045389,-0.025397521994533157,-0.1088611899393167,-0.23796777086703966,大幅流入
2011-12-31,农林牧渔,1700.12,12653.9947856153,-0.3117508228045389,0.050924792290485445,0.0029476614811366,-0.18213442094143018,-0.025397521994533157,-0.05051996329670838,-0.0740886445135766,1.159341693527516,-0.06482581365456995,流入
2012-12-31,农林牧渔,1614.23,9006.8280209233,-0.05051996329670838,0.0495467998193116,-0.0013779924711738445,-0.2882225594748936,-0.0740886445135766,0.1728811879348049,0.06848371514447904,1.0791584842308717,0.05751565102210423,中性
2013-12-31,农林牧渔,1893.3,12725.5930201771,0.1728811879348049,0.0517351998946402,0.0021884000753285976,0.41288286959792386,0.06848371514447904,0.16267892040352838,-0.20966992175504884,0.548956847831828,-0.14174082926223303,中性
2014-12-31,农林牧渔,2201.3,15870.339077908,0.16267892040352838,0.022938066419957506,-0.02879713347468269,0.24711980437726866,-0.20966992175504884,0.6677145323218097,0.19604269286092896,0.03322127833552881,0.17239695880781356,中性
2015-12-31,农林牧渔,3671.14,52520.5380041627,0.6677145323218097,0.021278543448095478,-0.0016595229718620284,2.3093519770647437,0.19604269286092896,-0.08577717003437624,0.047041037041953365,-0.09889026297008548,0.1485967494543393,中性
2016-12-31,农林牧渔,3356.24,28690.5840789251,-0.08577717003437624,0.023429140748466287,0.0021505973003708087,-0.4537263864918686,0.047041037041953365,-0.12621266655543106,-0.13283936136511978,0.16591781279050388,0.027450902089912233,中性
2017-12-31,农林牧渔,2932.64,20219.6761508452,-0.12621266655543106,0.018679612411843596,-0.004749528336622691,-0.29525045237061853,-0.13283936136511978,-0.22444282284903705,0.07960463666496614,0.2685225598777895,0.02929641878768282,流出
2018-12-31,农林牧渔,2274.43,17645.7510874607,-0.22444282284903705,0.02008591871858139,0.0014063063067377944,-0.12729803604084466,0.07960463666496614,0.45447430784856,0.1717624639914087,0.44861349876672413,-0.004256275667642604,流入
2019-12-31,农林牧渔,3308.1,43570.728166838,0.45447430784856,0.0352900727050611,0.015204153986479708,1.4691909089548436,0.1717624639914087,0.18288443517426933,-0.0633934332959051,-0.1347812943985973,-0.20273754568992233,大幅流入
2020-12-31,农林牧渔,3913.1,63930.9300989729,0.18288443517426933,0.03248381960324989,-0.002806253101811207,0.46729083466709653,-0.0633934332959051,-0.04931639876312899,-0.13128175950307963,-0.35323911987937945,-0.29213360955331485,流出
2021-12-31,农林牧渔,3720.12,51324.65720264,-0.04931639876312899,0.021620135859952053,-0.010863683743297839,-0.1971858203348027,-0.13128175950307963,-0.11433770953625155,0.04441201008492143,-0.1986280012472716,-0.2168516286609393,流出
2022-12-31,农林牧渔,3294.77,49155.87019327,-0.11433770953625155,0.023844971491627516,0.0022248356316754633,-0.04225623954597879,0.04441201008492143,-0.131280787429775,-0.06180456368269478,-0.23915174655590515,-0.32748929704120905,中性
2023-12-31,农林牧渔,2862.23,28059.87186519,-0.131280787429775,0.014148551355943234,-0.009696420135684282,-0.42916539255912267,-0.06180456368269478,-0.1157803530813386,-0.16841398204908598,,,大幅流出
2024-12-31,农林牧渔,2530.84,29795.86555058,-0.1157803530813386,0.011736168209791098,-0.002412383146152136,0.061867484417974294,-0.16841398204908598,0.17794882331557882,-0.038893095675321565,,,流出
2025-12-31,农林牧渔,2981.2,48871.34454698,0.17794882331557882,0.011834640226598523,9.847201680742573e-05,0.6402055669105635,-0.038893095675321565,-0.1591238427478866,-0.1031351391565076,,,流入
2026-12-31,农林牧渔,2506.82,35095.12770808,-0.1591238427478866,0.008466757010763257,-0.0033678832158352667,-0.2818874120734888,-0.1031351391565076,,,,,中性
1999-12-31,医药生物,1000.0,2.279919357,,0.07998959704249112,,,,0.7146199999999998,0.11166374999999984,-0.047100000000000024,0.06025767609281534,
2000-12-31,医药生物,1714.62,3743.4782072244,0.7146199999999998,0.0924193336942143,0.012429736651723186,1640.9344814678902,0.11166374999999984,-0.22125602174242687,0.018229992550636454,-0.5481272818467066,-0.08537250668812241,流入
2001-12-31,医药生物,1335.25,2146.7324987913,-0.22125602174242687,0.09625829020091378,0.0038389565066994785,-0.42654067154754627,0.018229992550636454,-0.13317356300318284,0.05688748532213006,-0.4913387006178617,-0.10796838221826516,流入
2002-12-31,医药生物,1157.43,1658.7098767235,-0.13317356300318284,0.09323249028186772,-0.003025799919046057,-0.2273327591316463,0.05688748532213006,-0.1767104706116137,-0.11373552668012873,-0.0186620357170629,-0.38566876717683896,流出
2003-12-31,医药生物,952.9,1714.6910552484,-0.1767104706116137,0.08945984374471064,-0.003772646537157087,0.03374983130593123,-0.11373552668012873,-0.18691363207052158,-0.04102724083539272,2.4107881204743418,-0.23361009052419543,中性
2004-12-31,医药生物,774.79,2050.8332253857,-0.18691363207052158,0.07674899437649432,-0.012710849368216315,0.1960365799474031,-0.04102724083539272,-0.12338827295138022,-0.006925383097892146,1.3763213257785982,-0.051607394314194394,大幅流出
2005-12-31,医药生物,679.19,1742.4082481116,-0.12338827295138022,0.08432365578020341,0.00757466140370909,-0.1503900821657962,-0.006925383097892146,0.6723302757696665,-0.2721345534501196,4.497106847862896,-0.16493112270291152,大幅流入
2006-12-31,医药生物,1135.83,4556.5311048579,0.6723302757696665,0.0772010830670209,-0.007122572713182507,1.6150766387821056,-0.2721345534501196,1.8614669448773147,0.10563180445483966,3.262961886902091,0.4357123766124679,流出
2007-12-31,医药生物,3250.14,21730.2546555177,1.8614669448773147,0.0714462538810294,-0.005754829185991503,3.7690346352184907,0.10563180445483966,-0.43351671004941317,0.1867101361862873,0.029651030417151475,0.2693215092747653,流出
2008-12-31,医药生物,1841.15,12433.5005675193,-0.43351671004941317,0.07668481548663071,0.005238561605601308,-0.42782536308831465,0.1867101361862873,1.0278521576188795,-0.1255881789493678,0.971517801374141,0.13496890692446623,流入
2009-12-31,医药生物,3733.58,30785.3152271637,1.0278521576188795,0.09469712689591203,0.01801231140928132,1.4759974119907815,-0.1255881789493678,0.29687859909256,0.25140028389352537,0.3276238891358963,0.6369629429375154,大幅流入
2010-12-31,医药生物,4842.0,35337.3164018415,0.29687859909256,0.1095776839331958,0.014880557037283762,0.14786274368440755,0.25140028389352537,-0.3088579099545642,-0.02250460914455843,0.1877220156959932,0.030613726619349232,大幅流入
2011-12-31,医药生物,3346.51,25330.3421932316,-0.3088579099545642,0.10193954057129916,-0.007638143361896638,-0.2831843282838652,-0.02250460914455843,0.08467029831077744,0.061101617093909225,1.6925901909750756,0.15467392545719885,大幅流出
2012-12-31,医药生物,3629.86,20847.6857424417,0.08467029831077744,0.11468367218482628,0.012744131613527124,-0.17696785999155162,0.061101617093909225,0.3655595532610072,0.26116208047068135,1.1481985531122407,0.08621271034726949,流入
2013-12-31,医药生物,4956.79,33975.9612459765,0.3655595532610072,0.1381274054486995,0.023443733263873223,0.6297233978737633,0.26116208047068135,0.1602165917862164,-0.21213225037236083,0.629201559880487,-0.1137276364385697,大幅流入
2014-12-31,医药生物,5750.95,44673.3096066536,0.1602165917862164,0.06456820726553894,-0.07355919818316056,0.31485049924654906,-0.21213225037236083,0.5668333058016504,0.09516146634076966,0.01564437179944182,0.15563956750429944,大幅流出
2015-12-31,医药生物,9010.78,139446.2070022386,0.5668333058016504,0.05649622580282924,-0.008071981462709703,2.121465775203492,0.09516146634076966,-0.13462985446320974,-0.0018116473868801386,-0.11293472929091625,0.14572171298729494,大幅流出
2016-12-31,医药生物,7797.66,70209.307568326,-0.13462985446320974,0.05733392336473818,0.0008376975619089413,-0.4965133216768034,-0.0018116473868801386,0.035645308977308554,0.029018614167619847,0.5488531174737037,0.45161794266175503,中性
2017-12-31,医药生物,8075.61,55977.4063206939,0.035645308977308554,0.05171379828687995,-0.00562012507785823,-0.20270675983781716,0.029018614167619847,-0.2767208916725795,0.027326567841423677,0.40985634521726527,0.2142294110394605,流出
2018-12-31,医药生物,5840.92,71502.22412787,-0.2767208916725795,0.08139001025865993,0.029676211971779977,0.27734078492730796,0.027326567841423677,0.3684744868958998,0.08576264303874848,0.5528272943303453,0.12918788240681592,大幅流入
2019-12-31,医药生物,7993.15,89092.4403654331,0.3684744868958998,0.07216034319941514,-0.009229667059244787,0.24600935778033817,0.08576264303874848,0.5109725202204389,0.2646946517502645,0.05473811951483467,0.03895000845275711,大幅流出
2020-12-31,医药生物,12077.43,204857.1112885626,0.5109725202204389,0.10408954534586794,0.0319292021464528,1.2993770341040625,0.2646946517502645,-0.057295302063435694,-0.13926066280338634,-0.4019994319983639,-0.3394820520539081,大幅流入
2021-12-31,医药生物,11385.45,196130.61819329,-0.057295302063435694,0.08261858612895324,-0.021470959216914692,-0.04259795054407667,-0.13926066280338634,-0.20337448234369304,-0.044624762722520056,-0.2899173945693846,-0.3073956553526022,大幅流出
2022-12-31,医药生物,9069.94,206885.59726756,-0.20337448234369304,0.10035792570606773,0.017739339577114488,0.05483579857822507,-0.044624762722520056,-0.07048117187103775,-0.0010049481239575303,-0.12679356203017877,-0.24922241455514152,大幅流入
2023-12-31,医药生物,8430.68,142832.76859103,-0.07048117187103775,0.07202017070608102,-0.02833775499998671,-0.3096050644535301,-0.0010049481239575303,-0.14333007539130882,-0.1959637043590562,,,大幅流出
2024-12-31,医药生物,7222.31,160376.27324913,-0.14333007539130882,0.0631699359938403,-0.008850234712240723,0.12282548907479307,-0.1959637043590562,0.11939393351988481,-0.09744798547101557,,,大幅流出
2025-12-31,医药生物,8084.61,247597.79675054,0.11939393351988481,0.05995805666087775,-0.0032118793329625472,0.5438555325819254,-0.09744798547101557,-0.020369566373640735,0.03561913721773826,,,流出
2026-12-31,医药生物,7919.93,187618.19835106,-0.020369566373640735,0.045263197485669274,-0.014694859175208477,-0.24224609098565886,0.03561913721773826,,,,,大幅流出
1999-12-31,商贸零售,1000.0,2.1430725659,,0.07518840982372453,,,,0.6787000000000001,0.07574375000000011,-0.16604000000000002,-0.06633705449639116,
2000-12-31,商贸零售,1678.7,3434.4698123221,0.6787000000000001,0.08479050606869867,0.009602096244974143,1601.5914693559469,0.07574375000000011,-0.22325013403228688,0.016235880260776436,-0.5438017513552154,-0.0763736448515775,流入
2001-12-31,商贸零售,1303.93,1693.8641846892,-0.22325013403228688,0.07595192709969703,-0.008838578969001643,-0.5068047537899448,0.016235880260776436,-0.2014602010844141,-0.011399152759101194,-0.4270858098210794,-0.007568295939785812,大幅流出
2002-12-31,商贸零售,1041.24,1170.8417817775,-0.2014602010844141,0.06581048112934826,-0.010141445970348772,-0.3087746984907572,-0.011399152759101194,-0.19907033921094075,-0.13609539527945577,0.6584841150935423,0.37246287422658636,大幅流出
2003-12-31,商贸零售,833.96,964.6980008968001,-0.19907033921094075,0.050330776589115805,-0.015479704540232453,-0.17606459223529347,-0.13609539527945577,-0.08170655666938464,0.06417983456574422,5.063528226773466,0.8625884757552884,大幅流出
2004-12-31,商贸零售,765.82,1422.9512310396,-0.08170655666938464,0.05325156364606137,0.0029207870569455674,0.4750224730607919,0.06417983456574422,-0.0245227338016768,0.09194015605181127,1.741740879057742,0.8123054213569679,中性
2005-12-31,商贸零售,747.04,1175.6511243288,-0.0245227338016768,0.056895507027674104,0.003643943381612731,-0.17379380355159746,0.09194015605181127,1.3116298993360465,0.3671650701162603,4.894985542942816,0.5666382113623708,流入
2006-12-31,商贸零售,1726.88,3442.3619185538,1.3116298993360465,0.05832376917995586,0.0014282621522817562,1.9280471453800594,0.3671650701162603,1.9282521078476789,0.17241696742520385,1.6635898267395532,0.14476643180602786,流入
2007-12-31,商贸零售,5056.74,18452.0275192642,1.9282521078476789,0.06066786899924084,0.0023440998192849824,4.360281096479315,0.17241696742520385,-0.5847759623789239,0.03545088385677653,-0.3932889569169069,-0.06913501419769906,中性
2008-12-31,商贸零售,2099.68,9072.0940438683,-0.5847759623789239,0.05595301613198097,-0.004714852867259874,-0.5083416153375615,0.03545088385677653,1.0973624552312735,-0.05607788133697378,0.2883439381239047,-0.2285232777517215,流出
2009-12-31,商贸零售,4403.79,18327.0190984323,1.0973624552312735,0.05637480208929934,0.0004217859573183713,1.0201531211880766,-0.05607788133697378,0.04448668079086415,-0.0009916344081704609,-0.30449453765960677,-0.1599263800189647,流入
2010-12-31,商贸零售,4599.7,19074.271330644002,0.04448668079086415,0.05914751565618057,0.0027727135668812325,0.04077325549770494,-0.0009916344081704609,-0.33300432636911104,-0.046651025559105275,-0.11556405852555589,-0.19620405090216325,中性
2011-12-31,商贸零售,3067.98,14146.1229938906,-0.33300432636911104,0.0569297196169589,-0.0022177960392216756,-0.2583662700045598,-0.046651025559105275,-0.1182765207074361,-0.14184520192430433,0.929461730519756,-0.170843530223627,流出
2012-12-31,商贸零售,2705.11,9208.1907298905,-0.1182765207074361,0.050654501421817544,-0.0062752181951413535,-0.349066119821854,-0.14184520192430433,0.1322497051875895,0.027852232397263643,0.8936124593824285,-0.035569967095120184,流出
2013-12-31,商贸零售,3062.86,15021.990837521,0.1322497051875895,0.06107107916797003,0.010416577746152483,0.6313726852723036,0.027852232397263643,0.3282161117387017,-0.04413273041987553,0.44502197292726403,-0.19550765922228197,流入
2014-12-31,商贸零售,4068.14,22671.1673072483,0.3282161117387017,0.032767588578843425,-0.028303490589126602,0.5091985844260842,-0.04413273041987553,0.4550998736523326,-0.016571965808548084,-0.2677636462855259,-0.17764184728700688,中性
2015-12-31,商贸零售,5919.55,75982.3497190887,0.4550998736523326,0.030784028329219885,-0.0019835602496235394,2.35149702215801,-0.016571965808548084,-0.13465888454358854,-0.0018406774672589388,-0.45250399101283034,-0.32661869668833493,流出
2016-12-31,商贸零售,5122.43,33437.8248886453,-0.13465888454358854,0.027305805398855815,-0.00347822293036407,-0.5599264169604264,-0.0018406774672589388,-0.135976479912854,-0.14260317472254272,-0.36869220272409775,-0.4929995805744477,流出
2017-12-31,商贸零售,4425.9,22250.0957855526,-0.135976479912854,0.02055538191115607,-0.006750423487699747,-0.334583040025782,-0.14260317472254272,-0.32695271018323946,-0.022905250669236266,-0.3029553311190943,-0.48434822672486827,大幅流出
2018-12-31,商贸零售,2978.84,15467.0042698685,-0.32695271018323946,0.01760588081769415,-0.002949501093461919,-0.30485673325004237,-0.022905250669236266,0.08798391320111176,-0.19472793065603955,-0.037632098400719856,-0.4258265680643112,中性
2019-12-31,商贸零售,3240.93,16362.0522344906,0.08798391320111176,0.013252429721811666,-0.004353451095882484,0.0578682173357743,-0.19472793065603955,-0.0021907292042715465,-0.24846859767444598,-0.392359600485046,-0.46065130958831185,中性
2020-12-31,商贸零售,3233.83,25718.1912337256,-0.0021907292042715465,0.013067619746261862,-0.00018480997554980345,0.571819406584744,-0.24846859767444598,-0.04600736587884946,-0.1279727266188001,-0.3076692343134921,-0.22187321030527318,中性
2021-12-31,商贸零售,3085.05,20582.07097577,-0.04600736587884946,0.008670046621420674,-0.004397573124841188,-0.19970767816751978,-0.1279727266188001,-0.07076384499440869,0.0879858746267643,-0.2147323382116984,-0.2279541633419483,流出
2022-12-31,商贸零售,2866.74,32741.61084224,-0.07076384499440869,0.015882594979064475,0.007212548357643801,0.5907831083074524,0.0879858746267643,-0.31304548023190104,-0.2435692564848208,-0.37580317712802686,-0.4361268731721681,流入
2023-12-31,商贸零售,1969.32,33459.80933,-0.31304548023190104,0.01687134684506044,0.0009887518659959654,0.021935343719663658,-0.2435692564848208,0.1368797351370017,0.08424610616925433,,,流入
2024-12-31,商贸零售,2238.88,40757.11405239,0.1368797351370017,0.016053648297361795,-0.0008176985476986455,0.21809164094211564,0.08424610616925433,0.08205442006717645,-0.13478749892372394,,,流出
2025-12-31,商贸零售,2422.59,65971.05500858,0.08205442006717645,0.015975490517662276,-7.815777969951906e-05,0.61863901658443,-0.13478749892372394,-0.2613649028519064,-0.2053761992605274,,,中性
2026-12-31,商贸零售,1789.41,32962.06665512,-0.2613649028519064,0.007952152539887456,-0.00802333797777482,-0.500355623374023,-0.2053761992605274,,,,,大幅流出
2014-12-31,国防军工,1472.61,18627.4899046342,,0.026923092101061162,,,,0.28499059493009016,-0.18668124453079055,-0.3986051975743747,-0.36713019495544685,
2015-12-31,国防军工,1892.29,68165.5219042733,0.28499059493009016,0.027617063240807278,0.0006939711397461155,2.659404581790426,-0.18668124453079055,-0.18581718446961082,-0.052998977393281216,-0.4047476866653631,-0.23030691547845863,流入
2016-12-31,国防军工,1540.67,21480.8588670953,-0.18581718446961082,0.017541576163477367,-0.01007548707732991,-0.6848720839068546,-0.052998977393281216,-0.16645355592047617,-0.1730802507301649,0.1549715383566888,0.0838159358563814,大幅流出
2017-12-31,国防军工,1284.22,20083.8533082451,-0.16645355592047617,0.018554134731710786,0.0010125585682334189,-0.06503490235160725,-0.1730802507301649,-0.31038295619130685,-0.006335496677303654,0.5403824889816385,0.34963688187688013,中性
2018-12-31,国防军工,885.62,15863.528406155,-0.31038295619130685,0.018057238854647648,-0.0004968958770631381,-0.21013521844224559,-0.006335496677303654,0.27186603735236337,-0.010845806504787947,0.6684582552336216,0.23016695501920376,中性
2019-12-31,国防军工,1126.39,26782.9163495616,0.27186603735236337,0.02169279938610195,0.0036355605314543037,0.6883328641546047,-0.010845806504787947,0.5797636697768977,0.33348580130672334,0.22278251760047582,0.24564968146010044,流入
2020-12-31,国防军工,1779.43,59596.851432674,0.5797636697768977,0.030281639385874803,0.008588839999772852,1.2251815543474045,0.33348580130672334,0.11169869002995347,0.029733329290002816,-0.17120650994981532,-0.0489438572031128,大幅流入
2021-12-31,国防军工,1978.19,71209.89441249,0.11169869002995347,0.029996646362241718,-0.0002849930236330858,0.19486000855154484,0.029733329290002816,-0.2530444497242429,-0.09429473010306991,0.0012587264115176946,0.04014512387194454,中性
2022-12-31,国防军工,1477.62,55774.13415437,-0.2530444497242429,0.027055418481092094,-0.002941227881149623,-0.21676426268387528,-0.09429473010306991,-0.06787266008852066,0.0016035636585595564,0.07797674638946422,-0.012141021297884616,流出
2023-12-31,国防军工,1377.33,61175.82768575,-0.06787266008852066,0.030846517899746188,0.003791099418654093,0.09684943770582533,0.0016035636585595564,0.07075283338052607,0.018119204412778714,,,流入
2024-12-31,国防军工,1474.78,82474.34270862,0.07075283338052607,0.032485472099382615,0.001638954199636427,0.3481524619867329,0.018119204412778714,0.34303421527278655,0.12619229628188616,,,流入
2025-12-31,国防军工,1980.68,151254.41413009,0.34303421527278655,0.03662763098718901,0.004142158887806398,0.8339571939902384,0.12619229628188616,-0.1958115394712927,-0.1398228358799137,,,流入
2026-12-31,国防军工,1592.84,152620.36530691,-0.1958115394712927,0.03681991297185178,0.00019228198466277047,0.009030818602392632,-0.1398228358799137,,,,,流入
1999-12-31,基础化工,1000.0,3.3234942405,,0.11660279310073646,,,,0.5874699999999999,-0.015486250000000035,-0.006550000000000008,0.05828944746172013,
2000-12-31,基础化工,1587.47,5515.9002975983,0.5874699999999999,0.13617705299952215,0.019574259898785695,1658.6689804308087,-0.015486250000000035,-0.2104732687861819,0.029012745506881432,-0.44896596471114414,0.10331855634209769,大幅流入
2001-12-31,基础化工,1253.35,3486.9702806633,-0.2104732687861819,0.1563538062553367,0.020176753255814556,-0.36783297512074764,0.029012745506881432,-0.20762755814417355,-0.017566509818860654,-0.3724498344436908,0.0889615513917022,大幅流入
2002-12-31,基础化工,993.12,2531.6013312231,-0.20762755814417355,0.14229582871783059,-0.014057977537506122,-0.2739825328417963,-0.017566509818860654,0.00033228612856461837,0.0633072300600496,0.5004027710649268,0.053021962639077394,大幅流出
2003-12-31,基础化工,993.45,2655.3403306493,0.00033228612856461837,0.13853593645445494,-0.0037598922633756415,0.04887775887146417,0.0633072300600496,-0.11948261110272285,0.02640378013240602,3.273722884896069,0.08291782515951529,中性
2004-12-31,基础化工,874.75,3981.3768687022,-0.11948261110272285,0.14899635286007315,0.010460416405618206,0.49938477668836123,0.02640378013240602,-0.10084024006859105,0.015622649784897025,0.7141811946270369,0.02699617707997594,大幅流入
2005-12-31,基础化工,786.54,3396.1508373588,-0.10084024006859105,0.16435634673875285,0.0153599938786797,-0.14699086538224782,0.015622649784897025,0.8944745340351412,-0.04999029518464493,3.020164263737382,-0.03399792722065057,大幅流入
2006-12-31,基础化工,1490.08,7537.3538175933,0.8944745340351412,0.12770501611569585,-0.036651330623057005,1.21938134628176,-0.04999029518464493,1.849330237302695,0.09349509688021995,0.6466498443036618,-0.2572089309679364,大幅流出
2007-12-31,基础化工,4245.73,35822.7686148056,1.849330237302695,0.11778060872953898,-0.009924407386156867,3.7526982919642107,0.09349509688021995,-0.6468263408177156,-0.02659949458201516,-0.6015926589773725,-0.3371913701488545,大幅流出
2008-12-31,基础化工,1499.48,21625.5600600609,-0.6468263408177156,0.133377730108689,0.015597121379150022,-0.39631801515411,-0.02659949458201516,1.1087443647131003,-0.044695971855146954,0.13119881558940416,-0.33324370514388285,大幅流入
2009-12-31,基础化工,3162.02,41686.7587164916,1.1087443647131003,0.12823049726551627,-0.005147232843172728,0.927661461747789,-0.044695971855146954,-0.22402767850930738,-0.269505993708342,-0.42850772607383886,-0.32929610820016997,流出
2010-12-31,基础化工,2453.64,43180.4976709563,-0.22402767850930738,0.13389864901058454,0.005668151745068267,0.035832456167280924,-0.269505993708342,-0.31060383756378274,-0.024250536753776974,-0.06182243523907342,-0.17227864754278988,流入
2011-12-31,基础化工,1691.53,39482.0214493493,-0.31060383756378274,0.1588916208344113,0.02499297182382676,-0.0856515422723958,-0.024250536753776974,0.0027667259818033862,-0.020801955235064826,1.109433471472572,-0.08520751051357406,大幅流入
2012-12-31,基础化工,1696.21,24302.3062666671,0.0027667259818033862,0.133687631310931,-0.025203989523480297,-0.38447158036616624,-0.020801955235064826,0.0653574734260498,-0.039039999364276046,0.9536378160723027,-0.008296483468036511,大幅流出
2013-12-31,基础化工,1807.07,30832.1526681997,0.0653574734260498,0.1253464242446107,-0.0083412070663203,0.2686924578219516,-0.039039999364276046,0.2738576812187685,-0.0984911609398087,0.7639604442550648,-0.014141748087486306,大幅流出
2014-12-31,基础化工,2301.95,44463.5714698985,0.2738576812187685,0.0642650639433913,-0.0610813603012194,0.442116998718622,-0.0984911609398087,0.5500640761093856,0.07839223664850486,-0.054553747909381264,0.0791392621508427,大幅流出
2015-12-31,基础化工,3568.17,151272.50322598,0.5500640761093856,0.06128761537326707,-0.00297744857012424,2.402167172477144,0.07839223664850486,-0.07129424887267144,0.06152395820365816,-0.24232589814947147,-0.03983652487011017,流出
2016-12-31,基础化工,3313.78,98944.3328118087,-0.07129424887267144,0.08079935540293845,0.019511740029671383,-0.3459199081012121,0.06152395820365816,-0.0380773618043444,-0.04470405661403311,0.10120768427596281,-0.0018612275512242685,大幅流入
2017-12-31,基础化工,3187.6,84599.5004938432,-0.0380773618043444,0.07815584521092858,-0.002643510192009868,-0.14497881698034443,-0.04470405661403311,-0.31723867486510227,-0.013191215351099073,0.5705985694566447,0.3478303117731884,中性
2018-12-31,基础化工,2176.37,62505.0231603616,-0.31723867486510227,0.0711486186379578,-0.007007226572970787,-0.26116557668197515,-0.013191215351099073,0.24221065351939264,-0.040501190337758675,0.8615217081654316,0.32211228718687906,流出
2019-12-31,基础化工,2703.51,78202.9695029466,0.24221065351939264,0.06334042591491863,-0.007808192723039162,0.25114695665835796,-0.040501190337758675,0.3497860189161497,0.10350815044597525,0.27843803056027155,0.2712545623761712,大幅流出
2020-12-31,基础化工,3649.16,127302.8565955632,0.3497860189161497,0.06468360498160657,0.0013431790666879329,0.6278519524858526,0.10350815044597525,0.3719431321180764,0.28997777137812575,-0.10103147025616856,0.032784672246338666,流入
2021-12-31,基础化工,5006.44,226957.43042456,0.3719431321180764,0.09560415495482759,0.030920549973221023,0.782814906861014,0.28997777137812575,-0.19077028786922434,-0.032020568248051356,-0.12664687882007955,-0.10649875646118102,大幅流入
2022-12-31,基础化工,4051.36,131800.46418392,-0.19077028786922434,0.06393495423216267,-0.03166920072266492,-0.4192723105061321,-0.032020568248051356,-0.14688647762726592,-0.0774102538801857,0.05299454997827898,-0.04770848151340651,大幅流出
2023-12-31,基础化工,3456.27,69240.01010764,-0.14688647762726592,0.034912698233283246,-0.02902225599887942,-0.4746603470908909,-0.0774102538801857,-0.05086118850668497,-0.10349481747443233,,,大幅流出
2024-12-31,基础化工,3280.48,105098.28487353,-0.05086118850668497,0.041396721559991106,0.006484023326707861,0.5178837309547615,-0.10349481747443233,0.33285068038823606,0.11600876139733568,,,大幅流入
2025-12-31,基础化工,4372.39,195956.77943704,0.33285068038823606,0.04745271500298011,0.006055993442989002,0.8645097745681058,0.11600876139733568,-0.024318507726895366,0.03167019586448363,,,大幅流入
2026-12-31,基础化工,4266.06,213817.82436469,-0.024318507726895366,0.05158390015059235,0.004131185147612244,0.09114787954243075,0.03167019586448363,,,,,大幅流入
1999-12-31,家用电器,1000.0,1.3229478426999999,,0.046414828016132295,,,,0.19526,-0.40769625,-0.4106599999999999,-0.4781544398841283,
2000-12-31,家用电器,1195.26,2088.1082085849,0.19526,0.05155140717699596,0.005136579160863665,1577.3753079208977,-0.40769625,-0.2696651774509311,-0.030179163157867783,-0.6039104462627377,-0.16370549271074414,流入
2001-12-31,家用电器,872.94,894.2883815672,-0.2696651774509311,0.04009939319625021,-0.011452013980745752,-0.5717231617161954,-0.030179163157867783,-0.2678878273420854,-0.07782677901677248,-0.5231745595344468,-0.14142078420456874,大幅流出
2002-12-31,家用电器,639.09,692.0727055357,-0.2678878273420854,0.0388999081145273,-0.0011994850817229064,-0.22611909111144446,-0.07782677901677248,-0.07784506094603261,-0.014870117014547629,0.11982662848738036,-0.2785343518543585,中性
2003-12-31,家用电器,589.34,595.3834952098,-0.07784506094603261,0.03106268869054805,-0.00783721942397925,-0.13970961367571577,-0.014870117014547629,-0.19667763939321958,-0.05079124815809072,2.6742118301829163,-0.07005073661090237,流出
2004-12-31,家用电器,473.43,879.1620385962,-0.19667763939321958,0.03290116500992276,0.0018384763193747093,0.47663152517589125,-0.05079124815809072,-0.12079927338782925,-0.004336383534341182,1.037851424709038,0.04415392870662258,中性
2005-12-31,家用电器,416.24,540.608737984,-0.12079927338782925,0.02616270049395062,-0.00673846451597214,-0.38508635012583603,-0.004336383534341182,0.7193686334806841,-0.225096195739102,4.883576782625408,0.4523901985851188,大幅流出
2006-12-31,家用电器,715.67,1256.7800600008,0.7193686334806841,0.021293562926774555,-0.004869137567176066,1.3247498083133018,-0.225096195739102,2.0256403090810013,0.26980516865852633,2.421213687872902,0.7886472371407458,流出
2007-12-31,家用电器,2165.36,7005.9429242113,2.0256403090810013,0.02303463004802403,0.0017410671212494747,4.574517886770769,0.26980516865852633,-0.5544482210810212,0.06577862515467925,-0.14927310008497435,0.46313510772288946,中性
2008-12-31,家用电器,964.78,3395.8801308414,-0.5544482210810212,0.020944418656205114,-0.0020902113918189157,-0.5152857841439389,0.06577862515467925,1.5383818072513944,0.3849414706831471,1.211903231824872,0.5579899535790959,流出
2009-12-31,家用电器,2448.98,6787.113323831,1.5383818072513944,0.020877490678303974,-6.692797790113988e-05,0.9986315954413125,0.3849414706831471,-0.00021233329794445588,-0.04569064849697907,0.2140932143177976,0.4499445096212159,中性
2010-12-31,家用电器,2448.46,8017.4558890551,-0.00021233329794445588,0.0248613742302581,0.003983883551954125,0.18127626673096864,-0.04569064849697907,-0.24763729037844195,0.03871601043156381,0.47279922890306575,0.2769951887561057,流入
2011-12-31,家用电器,1842.13,6904.0222381001,-0.24763729037844195,0.027784577471441103,0.0029232032411830033,-0.13887618046954087,0.03871601043156381,0.15844158664155072,0.1348729054246825,1.7940481942099642,0.17485662625263446,中性
2012-12-31,家用电器,2134.0,5398.6027570629,0.15844158664155072,0.029697856946618948,0.0019132794751778454,-0.21804962804573358,0.1348729054246825,0.3932942830365511,0.28889681024622527,1.3667900656044991,0.15336645668410911,流入
2013-12-31,家用电器,2973.29,8988.8618281834,0.3932942830365511,0.036543724348957474,0.006845867402338526,0.6650348678504685,0.28889681024622527,0.21282821386410355,-0.15952062829447367,1.429665454765597,0.27397814772067963,中性
2014-12-31,家用电器,3606.09,14030.315436565299,0.21282821386410355,0.020278603109676767,-0.016265121239280707,0.5608556127289752,-0.15952062829447367,0.4273076933742641,-0.044364146086616596,0.37420863040023994,0.5006452018198532,流入
2015-12-31,家用电器,5147.0,44656.848483193,0.4273076933742641,0.018092592475525002,-0.0021860106341517645,2.182882714583162,-0.044364146086616596,-0.01870409947542262,0.11411410760090698,0.5114513308723527,1.0212121765546938,流出
2016-12-31,家用电器,5050.73,22979.0896214762,-0.01870409947542262,0.018765052796839307,0.0006724603213143047,-0.4854296619224131,0.11411410760090698,0.43030809407748993,0.42368139926780124,1.018918057389724,0.9311777349926634,中性
2017-12-31,家用电器,7224.1,24217.2344871065,0.43030809407748993,0.02237269037006668,0.003607637573227372,0.05388137154368078,0.42368139926780124,-0.31402942927146626,-0.009981969757463072,0.13571240708185095,-0.019771397878254243,流入
2018-12-31,家用电器,4955.52,21252.1550182417,-0.31402942927146626,0.024191039314525587,0.0018183489444589078,-0.12243674935069226,-0.009981969757463072,0.5698534159886346,0.2871415721314833,0.3087990765853025,-0.060121772735147315,流入
2019-12-31,家用电器,7779.44,23423.2631416805,0.5698534159886346,0.01897165124471848,-0.005219388069807106,0.10215943378802006,0.2871415721314833,0.31076401386218033,0.0644861453920059,-0.13483232726263078,-0.19150805700823248,流出
2020-12-31,家用电器,10197.01,35474.963225308304,0.31076401386218033,0.018025114041964364,-0.0009465372027541163,0.5145184089309238,0.0644861453920059,-0.19540139707620174,-0.2773667578161524,-0.17205435711056488,-0.08726375252723233,中性
2021-12-31,家用电器,8204.5,34200.85088465,-0.19540139707620174,0.014406857891572242,-0.0036182561503921226,-0.03591581850462178,-0.2773667578161524,-0.2094850386982754,-0.05073531907710241,0.12303248217441634,0.10458291152733828,流出
2022-12-31,家用电器,6485.78,30758.09687929,-0.2094850386982754,0.014920414191422487,0.0005135562998502454,-0.10066281733666382,-0.05073531907710241,0.03773485995516346,0.10721108370224368,0.34579803816965704,0.16747202928655408,流出
2023-12-31,家用电器,6730.52,29996.80791868,0.03773485995516346,0.015125207249371551,0.00020479305794906394,-0.024750847349160554,0.10721108370224368,0.2543711332853924,0.20173750431764503,,,流入
2024-12-31,家用电器,8442.57,49472.53596918,0.2543711332853924,0.019486529193575807,0.004361321944204256,0.6492600180425139,0.20173750431764503,0.09136435943083687,-0.1254775595600635,,,大幅流入
2025-12-31,家用电器,9213.92,71584.37430375,0.09136435943083687,0.017334806799036522,-0.002151722394539285,0.4469517865092878,-0.1254775595600635,-0.05267790473544387,0.003310798855935125,,,中性
2026-12-31,家用电器,8728.55,45727.77028751,-0.05267790473544387,0.011031899438827496,-0.006302907360209026,-0.3612045822531619,0.003310798855935125,,,,,流出
2014-12-31,建筑材料,4460.91,11396.758236396001,,0.01647221247859495,,,,0.26845419432357986,-0.20321764513730084,-0.062144271011968455,-0.0475423424834422,
2015-12-31,建筑材料,5658.46,38937.1654244678,0.26845419432357986,0.015775279494748346,-0.0006969329838466022,2.4165123640265014,-0.20321764513730084,0.0002686243253464671,0.13308683140167607,0.11663420789402065,0.46737798835871414,中性
2016-12-31,建筑材料,5659.98,22938.0675788526,0.0002686243253464671,0.018731553610912173,0.002956274116163827,-0.41089528914607376,0.13308683140167607,0.06049137982819719,0.05386468501850848,0.3813087678755049,0.2834796023905588,中性
2017-12-31,建筑材料,6002.36,34170.1137689604,0.06049137982819719,0.031567492798152436,0.012835939187240263,0.48966837121288354,0.05386468501850848,-0.3029924896207492,0.0010549698932539875,0.3606031627559827,0.172366091242861,大幅流入
2018-12-31,建筑材料,4183.69,19211.3925363857,-0.3029924896207492,0.02186806710828051,-0.009699425689871925,-0.43777206402405855,0.0010549698932539875,0.5102529107080116,0.22754106685086029,0.4419495708334032,0.05100682003548079,大幅流出
2019-12-31,建筑材料,6318.43,17962.3365029224,0.5102529107080116,0.01454857854827784,-0.007319488560002672,-0.06501642351524661,0.22754106685086029,0.23736117991336458,-0.008916688556809854,-0.2614241195993309,-0.27820078478364146,流出
2020-12-31,建筑材料,7818.18,32083.0753632703,0.23736117991336458,0.016301668547673558,0.0017530899993957183,0.7861304044744131,-0.008916688556809854,0.044594777812738906,-0.03737058292721175,-0.4383680089227929,-0.35306630072133954,流入
2021-12-31,建筑材料,8166.83,33058.47344639,0.044594777812738906,0.013925639764366619,-0.002376028783306939,0.030402262628362875,-0.03737058292721175,-0.26132048787595674,-0.10257076825478376,-0.3433376230434574,-0.3249255659197842,流出
2022-12-31,建筑材料,6032.67,30153.23088011,-0.26132048787595674,0.014627000353970444,0.0007013605896038257,-0.08788193353789764,-0.10257076825478376,-0.2264387079021395,-0.15696248415505926,-0.03924796151621099,-0.14490948971737946,中性
2023-12-31,建筑材料,4666.64,19247.52599345,-0.2264387079021395,0.009705126641401919,-0.004921873712568525,-0.36167616432286664,-0.15696248415505926,-0.05907890902233737,-0.11171253799008472,,,流出
2024-12-31,建筑材料,4390.94,21900.81085743,-0.05907890902233737,0.008626418310194527,-0.0010787083312073925,0.13785069649382065,-0.11171253799008472,0.2213444046149573,0.004502485624056918,,,流出
2025-12-31,建筑材料,5362.85,32233.99192761,0.2213444046149573,0.007805754088955565,-0.0008206642212389616,0.471817282814184,0.004502485624056918,0.08074997436064768,0.13673867795202668,,,中性
2026-12-31,建筑材料,5795.9,49093.4749916,0.08074997436064768,0.011843881208392394,0.004038127119436829,0.5230342894498594,0.13673867795202668,,,,,流入
2014-12-31,建筑装饰,2834.02,22399.2744927871,,0.03237461049522441,,,,0.1408352799203958,-0.3308365595404849,-0.24691780580235856,-0.28917975085160885,
2015-12-31,建筑装饰,3233.15,101136.8619714531,0.1408352799203958,0.040975305917335274,0.008600695422110866,3.5151847218989474,-0.3308365595404849,-0.004370350896184871,0.12844785618014473,-0.3538468676058952,-0.26052610815698657,大幅流入
2016-12-31,建筑装饰,3219.02,43773.2960548098,-0.004370350896184871,0.035745898775402206,-0.005229407141933068,-0.5671875199453464,0.12844785618014473,-0.06255319942094184,-0.06917989423063055,-0.40242682555560394,-0.5580009089139197,流出
2017-12-31,建筑装饰,3017.66,49720.5280465686,-0.06255319942094184,0.04593348508122754,0.010187586305825336,0.13586438600173278,-0.06917989423063055,-0.2927466977724462,0.011300761741556975,-0.2580973336956451,-0.4862611044018577,大幅流入
2018-12-31,建筑装饰,2134.25,23481.7876934428,-0.2927466977724462,0.026728999895767533,-0.01920448518546001,-0.5277244909497021,0.011300761741556975,-0.021150286986060585,-0.3038621308432119,-0.06593416891179582,-0.46701267168347704,大幅流出
2019-12-31,建筑装饰,2089.11,27309.0652673416,-0.021150286986060585,0.022118953236252143,-0.00461004665951539,0.16298919076623597,-0.3038621308432119,-0.07922512457457975,-0.32550299304475416,-0.09699824327105819,-0.22228930393086904,流出
2020-12-31,建筑装饰,1923.6,30813.2794543442,-0.07922512457457975,0.015656475036885532,-0.006462478199366611,0.1283168849866576,-0.32550299304475416,0.16386462882096064,0.08189926808100999,0.03530359742150121,0.1565365599448665,大幅流出
2021-12-31,建筑装饰,2238.81,41440.93814056,0.16386462882096064,0.017456691609753026,0.0018002165728674933,0.3449051472097515,0.08189926808100999,-0.10955820279523498,0.049191516825938,-0.050843975147511565,-0.091170979304584,流入
2022-12-31,建筑装饰,1993.53,59793.68855477,-0.10955820279523498,0.029005260070911136,0.01154856846115811,0.44286522549177976,0.049191516825938,-0.05370373157163422,0.015772492175446004,-0.018931242569713187,-0.15425107174242167,大幅流入
2023-12-31,建筑装饰,1886.47,51173.95697864,-0.05370373157163422,0.025803302377062194,-0.003201957693848942,-0.14415788328954604,0.015772492175446004,0.05568071583433598,0.0030470868665886247,,,中性
2024-12-31,建筑装饰,1991.51,58676.08624428,0.05568071583433598,0.023111676916587335,-0.002691625460474859,0.1466005309843712,0.0030470868665886247,0.06701949776802518,-0.1498224212228752,,,大幅流出
2025-12-31,建筑装饰,2124.98,65902.69974433,0.06701949776802518,0.015958937669209024,-0.0071527392473783105,0.12316113705955445,-0.1498224212228752,-0.0796195728900978,-0.023630869298718805,,,大幅流出
2026-12-31,建筑装饰,1955.79,64535.501941790004,-0.0796195728900978,0.015569295488928407,-0.00038964218028061763,-0.02074570249540697,-0.023630869298718805,,,,,流入
1999-12-31,房地产,1000.0,2.1408573081,,0.07511068883845232,,,,0.5985100000000001,-0.004446249999999874,-0.13680999999999988,-0.07454475261733967,
2000-12-31,房地产,1598.51,4114.0105972808,0.5985100000000001,0.10156707136103182,0.026456382522579508,1920.66501789508,-0.004446249999999874,-0.20373347680027032,0.035752537492793,-0.5510256426296989,-0.09148944138671893,大幅流入
2001-12-31,房地产,1272.84,2318.9523496724,-0.20373347680027032,0.10398053244292807,0.0024134610818962454,-0.43632805632412885,0.035752537492793,-0.16846579302976006,0.02159525529555284,-0.45758304264479427,-0.05403555532922843,中性
2002-12-31,房地产,1058.41,1950.5465417673,-0.16846579302976006,0.10963599726003491,0.0056554648171068395,-0.15886734712644912,0.02159525529555284,-0.1844464810423182,-0.12147153711083322,0.6531117430863276,0.47208801624015295,流入
2003-12-31,房地产,863.19,1464.2795962859,-0.1844464810423182,0.0763952336960946,-0.033240763563940304,-0.24929779170550626,-0.12147153711083322,-0.16856080353108815,-0.02267441229595929,4.376939028487354,0.5027846633944351,大幅流出
2004-12-31,房地产,717.69,1779.2714953835,-0.16856080353108815,0.06658625201849973,-0.009808981677594877,0.2151173176875285,-0.02267441229595929,-0.038010840334963714,0.07845204951852436,1.3198038150176268,0.5052662246390894,大幅流出
2005-12-31,房地产,690.41,1416.4197651437,-0.038010840334963714,0.0685474789537406,0.0019612269352408673,-0.2039327506686054,0.07845204951852436,1.53424776582031,0.5897829366005238,4.2177112150751,0.4100989455323915,流入
2006-12-31,房地产,1749.67,6013.4885084493,1.53424776582031,0.10188624090998016,0.03333876195623957,3.2455553476685726,0.5897829366005238,1.6526830773803058,-0.10315206304216917,0.5614430149685371,-0.36766062021221724,大幅流入
2007-12-31,房地产,4641.32,32472.8756994227,1.6526830773803058,0.10676659607755487,0.004880355167574707,4.40000627818552,-0.10315206304216917,-0.641287392379754,-0.021060546144053505,-0.5408741478717262,-0.24815229296948932,流入
2008-12-31,房地产,1664.9,18007.0873428703,-0.641287392379754,0.11106045017981288,0.004293854102258007,-0.4454729692082543,-0.021060546144053505,1.16370953210403,0.01026919553578276,0.6860472100426451,-0.006385156680098469,流入
2009-12-31,房地产,3602.36,41550.3665478204,1.16370953210403,0.12781094832119141,0.016750498141378536,1.3074451607117785,0.01026919553578276,-0.24160550305910566,-0.2870838182581403,-0.3138053942415527,-0.23659751652688948,大幅流入
2010-12-31,房地产,2732.01,32719.8123399769,-0.24160550305910566,0.10146105081020323,-0.02634989751098818,-0.21252650557680153,-0.2870838182581403,-0.22000651534950466,0.0663467854605011,0.4954520664272827,0.3711286285908456,大幅流出
2011-12-31,房地产,2130.95,24516.2221215125,-0.22000651534950466,0.09866319217269387,-0.002797858637509365,-0.25072241042291354,0.0663467854605011,0.3172997958656938,0.29373111464882556,1.7772026560923537,0.25605628742338643,流出
2012-12-31,房地产,2807.1,21397.4321533402,0.3172997958656938,0.11770784177137744,0.019044649598683572,-0.12721331829652593,0.29373111464882556,-0.11940436749670469,-0.22380184028703054,0.7353104627551569,-0.07191613798020136,大幅流入
2013-12-31,房地产,2471.92,27053.1306167686,-0.11940436749670469,0.10998301753130059,-0.007724824240076852,0.26431669103554234,-0.22380184028703054,0.652800252435354,0.2804514102767768,0.9864680086734202,0.19737763481500942,流出
2014-12-31,房地产,4085.59,39101.3093256531,0.652800252435354,0.056514761657969786,-0.0534682558733308,0.44535247619055807,0.2804514102767768,0.448525182409395,-0.02314665705148572,-0.14413095782983604,-0.049770808851901605,大幅流出
2015-12-31,房地产,5918.08,137484.4597223727,0.448525182409395,0.0557014295894793,-0.0008133320684904841,2.5161088488710432,-0.02314665705148572,-0.17689689899426841,-0.04407869191793881,-0.2747124067265057,-0.08094149355635363,中性
2016-12-31,房地产,4871.19,60542.0053077626,-0.17689689899426841,0.04943946626000879,-0.006261963329470516,-0.5596447378124245,-0.04407869191793881,0.008047314927153382,0.0014206201174646726,-0.21448147167324608,-0.37970060113763254,大幅流出
2017-12-31,房地产,4910.39,42604.6120467732,0.008047314927153382,0.039359564122268056,-0.01007990213774073,-0.2962801309571008,0.0014206201174646726,-0.28789159313211377,0.016155866381889428,-0.3133763305969586,-0.5049777826204062,大幅流出
2018-12-31,房地产,3496.73,35201.0962059267,-0.28789159313211377,0.040068929550958234,0.0007093654286901771,-0.17377263834062384,0.016155866381889428,0.2275211411804745,-0.055190702676676806,-0.14345116723338652,-0.4899080472474174,中性
2019-12-31,房地产,4292.31,38900.0104821095,0.2275211411804745,0.031507029051355606,-0.008561900499602627,0.10507951952814554,-0.055190702676676806,-0.10854295239626222,-0.3548208208664366,-0.48636748044759115,-0.5650852429733743,大幅流出
2020-12-31,房地产,3826.41,43312.1640776254,-0.10854295239626222,0.022007258807995148,-0.009499770243360458,0.11342294104381012,-0.3548208208664366,-0.11886337324019114,-0.20082873398014178,-0.4362104426864868,-0.37586799743419225,大幅流出
2021-12-31,房地产,3371.59,38957.71767571,-0.11886337324019114,0.016410653180147915,-0.0055966056278472336,-0.1005363388010635,-0.20082873398014178,-0.11165948410097315,0.047090235520199836,-0.3483519645033945,-0.37396563243041886,流出
2022-12-31,房地产,2995.12,58815.71990576,-0.11165948410097315,0.02853085824537817,0.012120205065230254,0.5097321766986209,0.047090235520199836,-0.26391263121344044,-0.1944364074663602,-0.37638224845749085,-0.45825027705364313,大幅流入
2023-12-31,房地产,2204.67,39746.96019071,-0.26391263121344044,0.02004149948377121,-0.008489358761606957,-0.32421195805481484,-0.1944364074663602,-0.021490744646591176,-0.07412437361433853,,,大幅流出
2024-12-31,房地产,2157.29,47074.12291757,-0.021490744646591176,0.018541828360419264,-0.0014996711233519477,0.1843452352507844,-0.07412437361433853,0.018449072679148415,-0.19839284631175197,,,流出
2025-12-31,房地产,2197.09,50479.5919447,0.018449072679148415,0.012224091949766955,-0.006317736410652308,0.0723426973476109,-0.19839284631175197,-0.14987096568643077,-0.09388226209505177,,,大幅流出
2026-12-31,房地产,1867.81,33034.2331358,-0.14987096568643077,0.007969562821488993,-0.004254529128277963,-0.34559231041350835,-0.09388226209505177,,,,,流出
1999-12-31,有色金属,1000.0,0.8739785717,,0.03066301163653612,,,,0.75339,0.15043375000000003,0.03103999999999987,0.19993559114157594,
2000-12-31,有色金属,1753.39,1401.2614516147,0.75339,0.03459447137683179,0.00393145974029567,1602.3132813417467,0.15043375000000003,-0.3054768191902544,-0.06599080489719106,-0.533218508147075,-0.01986941460061482,中性
2001-12-31,有色金属,1217.77,793.3378346973,-0.3054768191902544,0.03557282687184088,0.0009783554950090895,-0.43384024888208994,-0.06599080489719106,-0.23294218120006238,-0.042881132874749484,-0.3838163199947445,0.08430471293880677,中性
2002-12-31,有色金属,934.1,639.3461990283,-0.23294218120006238,0.03593626536148698,0.0003634384896461021,-0.19410600242928766,-0.042881132874749484,0.1037790386468258,0.16675398257831078,0.9606144952360558,0.6950337176789055,流入
2003-12-31,有色金属,1031.04,786.1233613681,0.1037790386468258,0.041014078225228165,0.005077812863741184,0.22957384053096241,0.16675398257831078,-0.20618986654252014,-0.060303475307391274,5.439885940409682,1.7162091094761758,流入
2004-12-31,有色金属,818.45,1486.2833193133,-0.20618986654252014,0.05562166084684945,0.014607582621621283,0.8906489647206299,-0.060303475307391274,-0.08318162380108751,0.03328126605240056,0.8417985215956992,1.4490065866449566,大幅流入
2005-12-31,有色金属,750.37,1098.0807969384,-0.08318162380108751,0.05314149955398655,-0.0024801612928628952,-0.2611901225899912,0.03328126605240056,1.4406759332062848,0.4962111039864987,4.625451443954316,2.9031730270908187,流出
2006-12-31,有色金属,1831.41,6353.8174549835,1.4406759332062848,0.107652417562102,0.05451091800811545,4.786293206018005,0.4962111039864987,2.625501662653365,0.8696665222308899,1.814246946341889,2.0665837168709795,大幅流入
2007-12-31,有色金属,6639.78,27555.9074108906,2.625501662653365,0.0906002432097925,-0.017052174352309504,3.3369057430627986,0.8696665222308899,-0.7729713936305118,-0.15274454739481136,-0.548293768769447,0.42411890314349787,大幅流出
2008-12-31,有色金属,1507.42,14802.343261257,-0.7729713936305118,0.09129488156574232,0.0006946383559498226,-0.46282504725622486,-0.15274454739481136,1.8002613737379098,0.6468210371696625,1.260935903729551,0.8704338525368565,中性
2009-12-31,有色金属,4221.17,42867.6872994809,1.8002613737379098,0.13186309102176513,0.04056820945602281,1.8960068377606736,0.6468210371696625,0.22099796975719999,0.17551965455816537,-0.4318826296974535,-0.3193935338693089,大幅流入
2010-12-31,有色金属,5154.04,42622.6501299889,0.22099796975719999,0.1321688164213772,0.00030572539961207235,-0.005716127576002261,0.17551965455816537,-0.4180817378212043,-0.13172843701119852,-0.356068249373307,-0.4143064384451661,流出
2011-12-31,有色金属,2999.23,35112.3880412702,-0.4180817378212043,0.14130644892135255,0.009137632499975346,-0.17620354590374354,-0.13172843701119852,0.1363516635936557,0.11278298237678748,0.27672435925220823,-0.5398898284129247,大幅流入
2012-12-31,有色金属,3408.18,25481.384976296,0.1363516635936557,0.14017377456374808,-0.001132674357604474,-0.27429074472673753,0.11278298237678748,-0.2963634549818378,-0.40076092777216366,0.05418434472357685,-0.5571257827574964,中性
2013-12-31,有色金属,2398.12,19722.3639687163,-0.2963634549818378,0.08018018812157386,-0.059993586442174215,-0.22600894782355885,-0.40076092777216366,0.3839382516304439,0.011589409471866707,0.728833419511951,-0.15206207259305615,大幅流出
2014-12-31,有色金属,3318.85,33443.7209014917,0.3839382516304439,0.04833761191887905,-0.03184257620269481,0.6957257737733811,0.011589409471866707,0.1537701312201516,-0.3179017082407291,-0.2634165448875363,-0.25089185643061823,流出
2015-12-31,有色金属,3829.19,102070.9650987185,0.1537701312201516,0.041353755086628696,-0.0069838568322503555,2.0520217950439177,-0.3179017082407291,-0.06172062498857467,0.07109758208775493,-0.20662855590869092,0.0543219972780215,大幅流出
2016-12-31,有色金属,3592.85,73346.0529647551,-0.06172062498857467,0.05989543445781574,0.018541679371187045,-0.2814209908388927,0.07109758208775493,0.15394464004898611,0.1473179452392974,0.13957443255354388,0.08418709988992648,大幅流入
2017-12-31,有色金属,4145.95,78374.1740455951,0.15394464004898611,0.07240468063623717,0.012509246178421432,0.06855339691225315,0.1473179452392974,-0.4103619194635728,-0.10631445994956962,0.3872381480722152,0.2499812431818071,大幅流入
2018-12-31,有色金属,2444.61,50513.0381528428,-0.4103619194635728,0.05749830503319236,-0.014906375603044815,-0.3554887337829392,-0.10631445994956962,0.24272174293650095,-0.03999010092065036,0.8748307500991973,0.3366307539595273,大幅流出
2019-12-31,有色金属,3037.97,56743.8365520377,0.24272174293650095,0.04595962017934845,-0.011538684853843906,0.12335029978481393,-0.03999010092065036,0.347715744395106,0.10143787592493156,0.3774658735932215,0.367974929088667,大幅流出
2020-12-31,有色金属,4094.32,83499.3381780631,0.347715744395106,0.04242668508291473,-0.003532935096433723,0.4715137934229898,0.10143787592493156,0.4047314328142402,0.32276607207428953,0.054629340159049376,0.21617919903000762,流出
2021-12-31,有色金属,5751.42,182768.11485369,0.4047314328142402,0.0769897294862175,0.034563044403302774,1.1888570477521072,0.32276607207428953,-0.20311331810231226,-0.04436359848113927,0.4620024272266673,0.5910556717339891,大幅流入
2022-12-31,有色金属,4583.23,120802.43264732,-0.20311331810231226,0.05859993020709409,-0.01838979927912341,-0.3390398935611658,-0.04436359848113927,-0.08695396041656211,-0.017477736669481894,0.8321053056468909,0.7558312025254351,大幅流出
2023-12-31,有色金属,4184.7,72221.71863541,-0.08695396041656211,0.03641615685334712,-0.022183773353746973,-0.40215013015292755,-0.017477736669481894,0.03185174564484905,-0.020781883322898306,,,大幅流出
2024-12-31,有色金属,4317.99,99602.86370618,0.03185174564484905,0.03923215322099849,0.002815996367651369,0.37912619068227404,-0.020781883322898306,0.9473389238974617,0.7304970049065613,,,流入
2025-12-31,有色金属,8408.59,207478.22318384,0.9473389238974617,0.05024273731356532,0.011010584092566833,1.0830547984632566,0.7304970049065613,-0.0013831094154906909,0.054605594175888304,,,大幅流入
2026-12-31,有色金属,8396.96,273452.78089043,-0.0013831094154906909,0.06597093103564093,0.01572819372207561,0.3179830475419678,0.054605594175888304,,,,,大幅流入
2014-12-31,机械设备,1330.34,44067.372070447,,0.06369242034103648,,,,0.4676999864696243,-0.003971852991256408,-0.28869311604552217,-0.18394832926520718,
2015-12-31,机械设备,1952.54,173870.243920076,0.4676999864696243,0.07044302438964092,0.006750604048604447,2.9455550842043285,-0.003971852991256408,-0.16836018724328317,-0.03554198016695356,-0.3994540444754012,-0.21637845950668502,大幅流入
2016-12-31,机械设备,1623.81,83756.5564427304,-0.16836018724328317,0.06839680029187858,-0.002046224097762339,-0.5182812506938721,-0.03554198016695356,-0.10191463286960911,-0.10854132767929782,-0.05359617196593192,-0.13525033208563098,流出
2017-12-31,机械设备,1458.32,68870.54320908341,-0.10191463286960911,0.06362490893233368,-0.004771891359544908,-0.1777295278826977,-0.10854132767929782,-0.3511163530637994,-0.04706889354979621,0.21007734927862218,0.03438334976881295,流出
2018-12-31,机械设备,946.28,41646.6531218522,-0.3511163530637994,0.04740581941569566,-0.016219089516638016,-0.39529077046165395,-0.04706889354979621,0.23915754322187932,-0.04355430063527199,0.4781460032971216,0.03270039792968578,大幅流出
2019-12-31,机械设备,1172.59,60483.8057052702,0.23915754322187932,0.048988804883971185,0.0015829854682755246,0.4523089173169128,-0.04355430063527199,0.31058596781483727,0.06430809934466283,0.23239154350625546,0.19052140722827574,流入
2020-12-31,机械设备,1536.78,92793.2847562035,0.31058596781483727,0.04714901406482023,-0.0018397908191509563,0.5341839633632386,0.06430809934466283,0.14829708871796887,0.06633172797801822,-0.012291935085047867,0.11606349743477616,中性
2021-12-31,机械设备,1764.68,132515.55077198,0.14829708871796887,0.05582120499967437,0.008672190934854142,0.42807263607640467,0.06633172797801822,-0.20736904141260737,-0.04861932179143438,0.21876487521816965,0.2560484339734817,流入
2022-12-31,机械设备,1398.74,105538.44406131,-0.20736904141260737,0.05119553737972903,-0.004625667619945338,-0.20357691269826594,-0.04861932179143438,0.03313696612665673,0.10261318987373695,0.5797574960321429,0.430336514745776,大幅流出
2023-12-31,机械设备,1445.09,112333.2064277,0.03313696612665673,0.056641461078508176,0.005445923698779144,0.06438186981838334,0.10261318987373695,0.05037748513933393,-0.0022561438284134233,,,大幅流入
2024-12-31,机械设备,1517.89,168927.66035917,0.05037748513933393,0.06653820590968153,0.009896744831173351,0.5038087644003588,-0.0022561438284134233,0.4169208572426195,0.20007893825171913,,,大幅流入
2025-12-31,机械设备,2150.73,323555.99052297,0.4169208572426195,0.0783520235936847,0.011813817684003178,0.9153523457024912,0.20007893825171913,0.02740464865417791,0.08339335224555691,,,大幅流入
2026-12-31,机械设备,2209.67,309239.91606701,0.02740464865417791,0.07460463598100521,-0.0037473876126794953,-0.04424604975732516,0.08339335224555691,,,,,流出
2014-12-31,汽车,3934.4,23678.3444806924,,0.034223303972680565,,,,0.4689965433102887,-0.002675296150591977,-0.13199725498169976,-0.01780572608291144,
2015-12-31,汽车,5779.62,80797.5489065518,0.4689965433102887,0.032734892296255924,-0.0014884116764246405,2.4122972141247065,-0.002675296150591977,-0.09532114568085792,0.03749706139547168,-0.32283437319408537,-0.149782912537278,中性
2016-12-31,汽车,5228.7,48816.5032203863,-0.09532114568085792,0.03986425377929212,0.007129361483036195,-0.3958170281025961,0.03749706139547168,-0.005215445521831286,-0.011842140331519995,0.09170539522252183,-0.006601667083383442,流入
2017-12-31,汽车,5201.43,45762.118149348,-0.005215445521831286,0.0422765737590254,0.0024123199797332837,-0.06256869848397406,-0.011842140331519995,-0.34343632424160275,-0.03938886472759956,0.28615015486125894,0.095781860707966,中性
2018-12-31,汽车,3415.07,28812.3159213613,-0.34343632424160275,0.03279666775430142,-0.009479906004723981,-0.3703893725519827,-0.03938886472759956,0.14602628935863682,-0.1366855544985145,0.5645096586599978,0.09213309386745995,大幅流出
2019-12-31,汽车,3913.76,35890.1491693499,0.14602628935863682,0.029069194545750982,-0.0037274732085504393,0.24565304876242622,-0.1366855544985145,0.45849515555373843,0.212217287083564,0.4100174767998037,0.3945049071208434,中性
2020-12-31,汽车,5708.2,73474.6341384127,0.45849515555373843,0.03733305235935131,0.008263857813600329,1.0472089372411935,0.212217287083564,0.17196664447636723,0.09000128373641657,0.12473634420658004,0.2778049433934874,大幅流入
2021-12-31,汽车,6689.82,108864.82112924,0.17196664447636723,0.04585850839472301,0.0085254560353717,0.48166537208145455,0.09000128373641657,-0.20133725571091599,-0.042587536089743,0.1923938162760732,0.20233483459769305,流入
2022-12-31,汽车,5342.91,104024.29547141,-0.20133725571091599,0.050461040567480624,0.004602532172757613,-0.044463634878741165,-0.042587536089743,0.032858498458705254,0.10233472220578547,0.2031645676232614,0.0823455520625579,流入
2023-12-31,汽车,5518.47,105136.28337806,0.032858498458705254,0.053012576532569654,0.00255153596508903,0.010689694187408616,0.10233472220578547,0.1634057990711193,0.11077217010337194,,,流入
2024-12-31,汽车,6420.22,135404.40267066,0.1634057990711193,0.05333387088190224,0.00032129434933258344,0.2878941343566306,0.11077217010337194,0.24246521147250388,0.0256232924816035,,,中性
2025-12-31,汽车,7976.9,215771.13108805,0.24246521147250388,0.05225094032881683,-0.0010829305530854066,0.5935311321660901,0.0256232924816035,-0.19412303024984645,-0.13813432665846745,,,中性
2026-12-31,汽车,6428.4,129459.43652298,-0.19412303024984645,0.03123230098798144,-0.02101863934083539,-0.40001502578140846,-0.13813432665846745,,,,,大幅流出
2014-12-31,煤炭,1287.49,2002.21411734,,0.002893884004939327,,,,0.5426993607717341,0.07102752131085338,,,
2015-12-31,煤炭,1986.21,8767.31372183,0.5426993607717341,0.0035520516933443677,0.0006581676884050407,3.378809262157053,0.07102752131085338,-0.2698959324542721,-0.13707772537794252,,,中性
2016-12-31,煤炭,1450.14,2043.34228017,-0.2698959324542721,0.0016686224911873096,-0.001883429202157058,-0.7669363336363543,-0.13707772537794252,0.04211317527962821,0.035486480469939505,,,流出
2017-12-31,煤炭,1511.21,89.53603686,0.04211317527962821,8.271638244648293e-05,-0.0015859061087408267,-0.9561815767583731,0.035486480469939505,,,,,中性
2018-12-31,煤炭,,0.0,,0.0,-8.271638244648293e-05,-1.0,,,,,,中性
2019-12-31,煤炭,,0.0,,0.0,0.0,,,,,,,流入
2020-12-31,煤炭,,0.0,,0.0,0.0,,,,,,,流入
2021-12-31,煤炭,2408.54,2883.7722544900003,,0.0012147679366873011,0.0012147679366873011,inf,,0.10946465493618551,0.2682143745573585,0.1425220257915584,0.02009458636293629,流入
2022-12-31,煤炭,2672.19,36692.04396876,0.10946465493618551,0.017798906599855335,0.016584138663168033,11.723627502702723,0.2682143745573585,0.041183448781710874,0.1106596725287911,0.27461370636070054,0.04061268981407433,大幅流入
2023-12-31,煤炭,2782.24,18403.50812622,0.041183448781710874,0.009279549853410536,-0.008519356746444799,-0.49843328047113034,0.1106596725287911,0.044090373224452195,-0.008543255743295161,,,大幅流出
2024-12-31,煤炭,2904.91,24091.56032383,0.044090373224452195,0.009489323406860867,0.0002097735534503306,0.3090743437935113,-0.008543255743295161,-0.05270387034365953,-0.2695457893345599,,,中性
2025-12-31,煤炭,2751.81,24005.04763912,-0.05270387034365953,0.005813040444554309,-0.0036762829623065577,-0.0035909954999646665,-0.2695457893345599,0.23773443660717875,0.2937231401985577,,,流出
2026-12-31,煤炭,3406.01,26403.40853731,0.23773443660717875,0.006369865532355574,0.0005568250878012649,0.09991069104489059,0.2937231401985577,,,,,流入
2021-12-31,环保,2293.17,1651.71639312,,0.0006957734306996508,,,,-0.22838690546274376,-0.06963718584157078,-0.1459420801772221,-0.14515204610809518,
2022-12-31,环保,1769.44,18861.18718006,-0.22838690546274376,0.009149354265085438,0.008453580834385787,10.419143903047587,-0.06963718584157078,-0.07037819875214757,-0.0009019750050673486,0.0843317659824576,-0.048413836187134275,流入
2023-12-31,环保,1644.91,16777.80571,-0.07037819875214757,0.00845982643357895,-0.0006895278315064875,-0.11045866043164787,-0.0009019750050673486,0.018566365333057666,-0.03406726363468969,,,中性
2024-12-31,环保,1675.45,24726.68264471,0.018566365333057666,0.009739489067562591,0.0012796626339836407,0.47377333318219716,-0.03406726363468969,0.16893968784505642,-0.047902231145843965,,,流入
2025-12-31,环保,1958.5,39103.99001629,0.16893968784505642,0.009469386560920601,-0.00027010250664199,0.5814491000739181,-0.047902231145843965,-0.02034209854480462,0.035646605046574374,,,中性
2026-12-31,环保,1918.66,34371.51821531,-0.02034209854480462,0.00829218503607417,-0.0011772015248464312,-0.12102273448332346,0.035646605046574374,,,,,中性
2014-12-31,电力设备,4423.94,27526.1271394382,,0.039784665564427106,,,,0.6046600993684363,0.13298825990755564,-0.2086036429065493,-0.05545890916629411,
2015-12-31,电力设备,7098.92,114525.0556384831,0.6046600993684363,0.046399493701033065,0.006614828136605959,3.1605945892183556,0.13298825990755564,-0.17183036292844556,-0.039012155852115954,-0.3866066951029171,-0.19882104189700006,大幅流入
2016-12-31,电力设备,5879.11,60950.5617796798,-0.17183036292844556,0.049773099310417,0.003373605609383934,-0.46779714325500854,-0.039012155852115954,-0.08458933409988922,-0.09121602890957793,0.4421655658764675,0.41800809473992045,流入
2017-12-31,电力设备,5381.8,44748.5031847086,-0.08458933409988922,0.04134016238759416,-0.008432936922822841,-0.26582295752313767,-0.09121602890957793,-0.3494574305994277,-0.045409971085424494,1.329493849641384,1.1792811426317382,大幅流出
2018-12-31,电力设备,3501.09,32741.6847778601,-0.3494574305994277,0.03726941493722214,-0.004070747450372017,-0.26831776601080715,-0.045409971085424494,0.2437355223658917,-0.038976321491259625,1.6700970269259003,1.064723382763714,流出
2019-12-31,电力设备,4354.43,48361.55327962,0.2437355223658917,0.039170397263786016,0.0019009823265638756,0.4770636760977567,-0.038976321491259625,0.9471320012033719,0.7008541327331975,0.5846413881954698,0.7351085614537173,流入
2020-12-31,电力设备,8478.65,106462.0985398019,0.9471320012033719,0.054094248248797154,0.014923850985011138,1.2013788085806998,0.7008541327331975,0.4786398778107366,0.39667451707078594,-0.16109993925919805,-0.002133280927395668,大幅流入
2021-12-31,电力设备,12536.87,214658.86927303,0.4786398778107366,0.0904234761647444,0.03632922791594725,1.0162938004906756,0.39667451707078594,-0.2543394005042726,-0.09558968088309963,-0.195315098585213,-0.1415842370733322,大幅流入
2022-12-31,电力设备,9348.25,220284.96597492,-0.2543394005042726,0.10685781195722292,0.01643433579247852,0.02620947702251253,-0.09558968088309963,-0.26187147327039817,-0.19239524952331793,-0.01074104778969324,-0.07678201279150883,大幅流入
2023-12-31,电力设备,6900.21,149858.12280876,-0.26187147327039817,0.07556254557581644,-0.03129526638140648,-0.3197078967893717,-0.19239524952331793,0.03080051186847932,-0.021833117099268037,,,大幅流出
2024-12-31,电力设备,7112.74,193637.77132627,0.03080051186847932,0.07627116762882329,0.000708622053006841,0.2921406440769245,-0.021833117099268037,0.41833245697157495,0.20149053798067457,,,流入
2025-12-31,电力设备,10088.23,380000.9084556,0.41833245697157495,0.0920206734445273,0.015749505815704015,0.9624317397008115,0.20149053798067457,-0.08330400873096666,-0.027315305139587666,,,大幅流入
2026-12-31,电力设备,9247.84,409101.14146918,-0.08330400873096666,0.09869632008342755,0.006675646638900246,0.07657937748583077,-0.027315305139587666,,,,,大幅流入
1999-12-31,电子,1000.0,1.8661368622999999,,0.06547228751017431,,,,0.70149,0.09853374999999998,-0.21337999999999996,-0.07297329947834116,
2000-12-31,电子,1701.49,2443.2695514398,0.70149,0.06031966301918222,-0.005152624490992089,1308.266003367239,0.09853374999999998,-0.3490822749472521,-0.10959626065418876,-0.5689954099054357,-0.09016093317748604,流出
2001-12-31,电子,1107.53,1088.2693595033,-0.3490822749472521,0.04879739226140781,-0.011522270757774414,-0.5545848149001853,-0.10959626065418876,-0.240291459373561,-0.0502304110482481,-0.5148483562522007,-0.1323096953921635,大幅流出
2002-12-31,电子,841.4,1050.5103835071,-0.240291459373561,0.05904691380676773,0.010249521545359921,-0.034696351290670946,-0.0502304110482481,-0.06510577608747325,-0.002130832155988277,-0.09381982410268583,-0.5664692921016913,大幅流入
2003-12-31,电子,786.62,977.0083914193,-0.06510577608747325,0.0509730413336646,-0.008073872473103129,-0.06996788726867753,-0.002130832155988277,-0.06772011899010955,0.07816627224501932,1.2419719813887267,-0.7579304170411373,大幅流出
2004-12-31,电子,733.35,1644.1327947694,-0.06772011899010955,0.06152891276482751,0.010555871431162912,0.6828236166743344,0.07816627224501932,-0.267307561191791,-0.15084467133830293,-0.17357332787891191,-0.7835899164053426,大幅流入
2005-12-31,电子,537.32,980.3398521848,-0.267307561191791,0.047443439465371426,-0.014085473299456086,-0.4037343848966295,-0.15084467133830293,0.4190054343780243,-0.5254593948417619,1.7652423137050541,-0.6691582663590702,大幅流出
2006-12-31,电子,762.46,2315.7861083417,0.4190054343780243,0.039236250472411985,-0.008207188992959441,1.3622278571871833,-0.5254593948417619,1.3130131416730055,-0.4428219987494695,1.7162211788159376,-0.0599380224770059,大幅流出
2007-12-31,电子,1763.58,10924.3395217145,1.3130131416730055,0.035917808940761485,-0.0033184415316504998,3.7173352851387715,-0.4428219987494695,-0.6563467492260062,-0.03611990299030576,-0.31166150670794635,0.47208812049638205,流出
2008-12-31,电子,606.06,5245.1701843515,-0.6563467492260062,0.03235009365212282,-0.0035677152886386676,-0.5198638623483293,-0.03611990299030576,1.4516054516054515,0.2981651150372042,0.9881199881199884,0.479908982666683,流出
2009-12-31,电子,1485.82,13766.9634382828,1.4516054516054515,0.042347849098394924,0.009997755446272107,1.6246933758899407,0.2981651150372042,0.3938498606829901,0.3483715454839555,0.15790607206794913,0.5087318957609084,流入
2010-12-31,电子,2071.01,25347.4234850813,0.3938498606829901,0.07859996858800408,0.03625211948960916,0.8411775115633611,0.3483715454839555,-0.41384155556950475,-0.127488254759499,-0.01505545603352965,-0.08998012624083561,大幅流入
2011-12-31,电子,1213.94,14410.748221678201,-0.41384155556950475,0.05799467854796976,-0.02060529004003432,-0.4314708857821421,-0.127488254759499,-0.007430350758686588,-0.0309990319755548,1.889714483417632,0.30170192035844895,大幅流出
2012-12-31,电子,1204.92,12980.012239938,-0.007430350758686588,0.07140339158363275,0.013408713035662989,-0.0992825604702422,-0.0309990319755548,0.4278458320884373,0.32344835929811144,1.54152972811473,0.3511250630028584,大幅流入
2013-12-31,电子,1720.44,23239.8411597833,0.4278458320884373,0.09448029856170455,0.0230769069780718,0.7904329156390923,0.32344835929811144,0.18564437004487222,-0.186704472113705,1.0197798237660136,0.1516884852907272,大幅流入
2014-12-31,电子,2039.83,36933.5778427167,0.18564437004487222,0.053381648465357236,-0.04109865009634731,0.5892353819797402,-0.186704472113705,0.7197217415176755,0.24804990205679484,-0.018217204374874254,0.24667147672107503,大幅流出
2015-12-31,电子,3507.94,112485.9381120388,0.7197217415176755,0.045573351156971934,-0.007808297308385302,2.045627980886802,0.24804990205679484,-0.12702611789255225,0.005792089183777355,-0.007970489803132197,0.4533514182673776,大幅流出
2016-12-31,电子,3062.34,84937.4340893588,-0.12702611789255225,0.06936112184467322,0.023787770687701285,-0.24490620325574386,0.005792089183777355,0.13472377332366747,0.12809707851397875,0.5460693456637734,0.6100629324036334,大幅流入
2017-12-31,电子,3474.91,82609.7568088202,0.13472377332366747,0.07631765351300718,0.0069565316683339595,-0.027404610293380816,0.12809707851397875,-0.4236771599839996,-0.11962970046999638,0.5810222423026784,0.5391501880568398,流入
2018-12-31,电子,2002.67,80927.1861304923,-0.4236771599839996,0.09211831645385017,0.015800662940842994,-0.020367699207997858,-0.11962970046999638,0.7376702102692905,0.45495836641213916,0.7410257306495828,0.3870964660404923,大幅流入
2019-12-31,电子,3479.98,151551.5591223085,0.7376702102692905,0.12274905114076648,0.03063073468691631,0.8726903327385787,0.45495836641213916,0.3605221869091202,0.11424431843894575,0.07458376197564374,0.08872447802391271,大幅流入
2020-12-31,电子,4734.59,266660.8506953844,0.3605221869091202,0.13549252225531414,0.012743471114547655,0.7595388146431263,0.11424431843894575,0.16037713930878916,0.0784117785688385,-0.0638576941192372,0.10666845205908128,大幅流入
2021-12-31,电子,5493.91,248984.68115097,0.16037713930878916,0.1048829729593191,-0.030609549295995034,-0.06628708150566298,0.0784117785688385,-0.365351816829908,-0.20660209720873504,0.19299187645957086,0.2949728187605781,大幅流出
2022-12-31,电子,3486.7,152433.33035072,-0.365351816829908,0.07394373046994496,-0.030939242489374144,-0.38778028573455414,-0.20660209720873504,0.07251269108325942,0.14198891483033965,1.439578971520349,1.2096477499228142,大幅流出
2023-12-31,电子,3739.53,202712.24878872,0.07251269108325942,0.10221303490783157,0.02826930443788661,0.329842025509236,0.14198891483033965,0.1852425304784291,0.13260890151068172,,,大幅流入
2024-12-31,电子,4432.25,349372.06448194,0.1852425304784291,0.1376126936001097,0.035399658692278124,0.7234876854732073,0.13260890151068172,0.47875007050595064,0.26190815151505026,,,大幅流入
2025-12-31,电子,6554.19,640170.26624525,0.47875007050595064,0.15502304786182708,0.017410354261717387,0.832345317003278,0.26190815151505026,0.29780796711721824,0.3537966707085972,,,大幅流入
2026-12-31,电子,8506.08,1001877.27831772,0.29780796711721824,0.24170453348052626,0.08668148561869918,0.5650168887005127,0.3537966707085972,,,,,大幅流入
2021-12-31,石油石化,2428.91,1612.8009427299999,,0.0006793805823039726,,,,-0.13925176313655097,0.01949795648462202,0.06497976458576071,0.030496853643621653,
2022-12-31,石油石化,2090.68,26358.19126197,-0.13925176313655097,0.012786068413424008,0.012106687831120035,15.343114989350948,0.01949795648462202,0.04317255629747274,0.11264878004455296,0.3060678822201392,0.12358396103863706,大幅流入
2023-12-31,石油石化,2180.94,18872.87847986,0.04317255629747274,0.009516219164850665,-0.0032698492485733425,-0.2839843109003434,0.11264878004455296,0.0617440186341669,0.009110389666419541,,,流出
2024-12-31,石油石化,2315.6,23240.41965585,0.0617440186341669,0.009154071187634338,-0.0003621479772163271,0.23141892110685602,0.009110389666419541,0.11709276213508368,-0.0997491568558167,,,中性
2025-12-31,石油石化,2586.74,26031.13687528,0.11709276213508368,0.006303676366262732,-0.002850394821371606,0.12008032818493142,-0.0997491568558167,0.05560280507511406,0.11159150866649306,,,流出
2026-12-31,石油石化,2730.57,39061.90576699,0.05560280507511406,0.009423748711143523,0.0031200723448807912,0.5005839335463076,0.11159150866649306,,,,,流入
1999-12-31,社会服务,1000.0,0.5546250364,,0.019458685253538544,,,,0.7541900000000001,0.15123375000000017,-0.15977,-0.0320668645024369,
2000-12-31,社会服务,1754.19,906.8884095128,0.7541900000000001,0.022389344321660308,0.002930659068121764,1634.137885947768,0.15123375000000017,-0.26802683859787146,-0.028540824304808143,-0.5615184216076936,-0.10765923299741756,中性
2001-12-31,社会服务,1284.02,478.9508076648,-0.26802683859787146,0.021475887592943353,-0.0009134567287169548,-0.47187459599125026,-0.028540824304808143,-0.14340898116851752,0.046652067156795374,-0.3443170667123564,0.11238935660936861,流出
2002-12-31,社会服务,1099.88,323.2772273936,-0.14340898116851752,0.018170712904211614,-0.0033051746887317393,-0.3250304160258357,0.046652067156795374,-0.23607120776812018,-0.1730962638366352,0.6020656798923519,0.22062394984381106,流出
2003-12-31,社会服务,840.23,298.8501660203,-0.23607120776812018,0.015591782014273043,-0.002578930889938571,-0.07556072405792857,-0.1730962638366352,-0.08456017995072784,0.06132621128440102,3.613486783380742,-0.3445072309047365,中性
2004-12-31,社会服务,769.18,387.3006642008,-0.08456017995072784,0.014494077885425982,-0.0010977041288470612,0.2959693794330762,0.06132621128440102,0.09455524064588272,0.2110181304993708,0.5717517356145512,-0.4243166222940433,流出
2005-12-31,社会服务,841.91,325.0430752428,0.09455524064588272,0.01573042392345075,0.0012363460380247684,-0.16074743658513813,0.2110181304993708,1.0929553040111175,0.14849047479133137,2.3534225748595468,-0.4381794095224943,中性
2006-12-31,社会服务,1762.08,918.2452836617,1.0929553040111175,0.015557784812286023,-0.0001726391111647272,1.8249956808825756,0.14849047479133137,1.1998944429310816,-0.5559406974913934,0.7386554526468724,-0.4914171717493074,中性
2007-12-31,社会服务,3876.39,4066.8890545725,1.1998944429310816,0.013371402797858473,-0.00218638201442755,3.4289789742833285,-0.5559406974913934,-0.6881221961670523,-0.06789534993135182,-0.40129089178333444,0.19557224089593103,流出
2008-12-31,社会服务,1208.96,2600.0320752298,-0.6881221961670523,0.016035948916042,0.0026645461181835275,-0.360682811765784,-0.06789534993135182,1.3352964531498146,0.1818561165815673,1.0203315246161988,0.319671890407404,流入
2009-12-31,社会服务,2823.28,4525.9444926498,1.3352964531498146,0.013922025380663915,-0.002113923535378086,0.7407264070962591,0.1818561165815673,0.08513856223966454,0.039660247040629926,0.03354963021733581,0.2174172438002382,中性
2010-12-31,社会服务,3063.65,4793.5882991438,0.08513856223966454,0.014864465019818883,0.0009424396391549683,0.059135459334213714,0.039660247040629926,-0.24246242227408488,0.043890878535920885,0.3071532322556427,0.17103466505885118,流出
2011-12-31,社会服务,2320.83,2708.4801387047,-0.24246242227408488,0.010900019387018837,-0.0039644456328000455,-0.43497856518289835,0.043890878535920885,0.05242520994644151,0.028856528729573297,2.0791225552927193,0.47267312148674323,流出
2012-12-31,社会服务,2442.5,2114.3289661582,0.05242520994644151,0.011630979718392968,0.0007309603313741305,-0.21936700367706818,0.028856528729573297,0.19467758444216998,0.09028011165184413,1.3057236438075743,0.31814810438658064,流入
2013-12-31,社会服务,2918.0,3083.6603488524,0.19467758444216998,0.012536451881032624,0.0009054721626396561,0.4584581672054113,0.09028011165184413,0.3723989033584647,5.0061199887485586e-05,0.8495339273474982,0.15058395349049017,流出
2014-12-31,社会服务,4004.66,4774.6658214036,0.3723989033584647,0.006901024685535179,-0.005635427195497445,0.5483760470508745,5.0061199887485586e-05,0.7844511144516639,0.31277927499078323,0.20471151108958072,0.37829897685504255,大幅流入
2015-12-31,社会服务,7146.12,15917.6897731822,0.7844511144516639,0.006449005785224767,-0.00045201890031041237,2.3337809112896,0.31277927499078323,-0.21191779595080973,-0.07909958887448013,-0.13637330467442474,0.04625049412994369,中性
2016-12-31,社会服务,5631.73,9083.9059976125,-0.21191779595080973,0.00741804738371412,0.000969041598489353,-0.429320075522713,-0.07909958887448013,-0.04169056400075999,-0.048317258810448696,1.1848970032299135,0.985362462626236,中性
2017-12-31,社会服务,5396.94,5090.2995770692,-0.04169056400075999,0.004702588827361085,-0.0027154585563530353,-0.4396353750900692,-0.048317258810448696,-0.1060749239383798,0.1979725355756234,1.0458537615760042,0.7009690005406023,中性
2018-12-31,社会服务,4824.46,5306.3096247384,-0.1060749239383798,0.006040100151580414,0.001337511324219329,0.042435625722753834,0.1979725355756234,0.2792271052097022,-0.003484738647449137,1.2374960099161352,0.6135606683498046,流入
2019-12-31,社会服务,6171.58,6161.2173898678,0.2792271052097022,0.004990272570326443,-0.0010498275812539709,0.1611115493795836,-0.003484738647449137,0.9937763101183166,0.7474984416481422,0.3640639836152168,0.3752580232543816,中性
2020-12-31,社会服务,12304.75,13342.5772938747,0.9937763101183166,0.0067794708005289445,0.0017891982302025017,1.1655748287370504,0.7474984416481422,-0.10267579593246512,-0.18464115667241576,-0.35078323411690615,-0.29463142824416844,流入
2021-12-31,社会服务,11041.35,15732.263032500001,-0.10267579593246512,0.00662710055333123,-0.00015237024719771432,0.17910225933053847,-0.18464115667241576,-0.022337848179797004,0.13641187144137598,-0.20621844249118093,-0.2384553992039115,中性
2022-12-31,社会服务,10794.71,24683.19867468,-0.022337848179797004,0.011973547948714875,0.005346447395383645,0.5689541055656766,0.13641187144137598,-0.22013375069825858,-0.15065752695117834,-0.3242912500660045,-0.4047721830345055,流入
2023-12-31,社会服务,8418.43,24715.25472028,-0.22013375069825858,0.01246210433052283,0.0004885563818079544,0.0012986990066601312,-0.15065752695117834,-0.05107603199171351,-0.10370966095946087,,,流入
2024-12-31,社会服务,7988.45,29302.5496571,-0.05107603199171351,0.01154185808657563,-0.0009202462439471988,0.1856058126342479,-0.10370966095946087,0.09713649080860498,-0.1197054281822954,,,流出
2025-12-31,社会服务,8764.42,36551.14766151,0.09713649080860498,0.008851192584386946,-0.002690665502188685,0.2473708973872062,-0.1197054281822954,-0.16776238473281746,-0.11177368114143846,,,流出
2026-12-31,社会服务,7294.08,20476.02800459,-0.16776238473281746,0.004939875275636423,-0.003911317308750523,-0.43979794576594977,-0.11177368114143846,,,,,流出
1999-12-31,纺织服饰,1000.0,1.3196192246,,0.04629804545550801,,,,0.62459,0.021633750000000007,-0.09175000000000004,-0.023780115685730536,
2000-12-31,纺织服饰,1624.59,1872.0529775784,0.62459,0.04621741579640361,-8.062965910440173e-05,1417.6311798737643,0.021633750000000007,-0.16260102548950806,0.07688498880355527,-0.5494432441415987,-0.09051069107471998,中性
2001-12-31,纺织服饰,1360.43,1131.7540878911,-0.16260102548950806,0.05074722327520088,0.0045298074787972695,-0.3954476174306327,0.07688498880355527,-0.19057209852767143,-0.0005110502023585317,-0.5926214505707754,-0.26218654455804513,流入
2002-12-31,纺织服饰,1101.17,757.9679901454,-0.19057209852767143,0.042603739368085855,-0.008143483907115022,-0.330271480125342,-0.0005110502023585317,-0.17519547390502832,-0.11222052997354334,-0.17724783639220093,-0.49044429121528543,大幅流出
2003-12-31,纺织服饰,908.25,721.9411553763,-0.17519547390502832,0.037665527416822935,-0.0049382119512629205,-0.047530812959778124,-0.11222052997354334,-0.19408753096614362,-0.04820113973101475,1.846264794935315,-0.37005468536363006,流出
2004-12-31,纺织服饰,731.97,1169.7883859869,-0.19408753096614362,0.04377736870384086,0.006111841287017923,0.6203375819143695,-0.04820113973101475,-0.24285148298427528,-0.1263885931307872,0.3179228656912164,-0.342525542205087,流入
2005-12-31,纺织服饰,554.21,850.1011129414,-0.24285148298427528,0.0411405499851876,-0.002636818718653261,-0.2732864139147644,-0.1263885931307872,0.6347413435340394,-0.3097234856857467,2.8138972591616884,-0.2190719276545982,流出
2006-12-31,纺织服饰,905.99,2019.7648991185001,0.6347413435340394,0.03422077764079331,-0.0069197723443942885,1.3759113690958413,-0.3097234856857467,1.853364827426351,0.09752968700387599,1.5081402664488563,0.16479067004824666,流出
2007-12-31,纺织服饰,2585.12,13409.0612666471,1.853364827426351,0.044087251196565536,0.009866473555772227,5.638921823277209,0.09752968700387599,-0.6268335705885995,-0.006606724352898996,-0.3453379340224052,0.09431551941760238,流入
2008-12-31,纺织服饰,964.68,6210.5114578264,-0.6268335705885995,0.03830392918187191,-0.005783322014693629,-0.5368421894473661,-0.006606724352898996,1.19108927312684,0.037648936558592805,0.5763465605174773,-0.036138064255973726,大幅流出
2009-12-31,纺织服饰,2113.7,10737.9971458496,1.19108927312684,0.033030601467781216,-0.005273327714090691,0.7290036768739434,0.037648936558592805,0.07505795524435821,0.029579640045323596,-0.22188106164545582,-0.09231465121595234,流出
2010-12-31,纺织服饰,2272.35,11491.7110930949,0.07505795524435821,0.035634711806953503,0.0026041103391722872,0.07019129703686144,0.029579640045323596,-0.2552291680418949,0.03112413276811088,-0.035421479965674255,-0.15337114517566602,中性
2011-12-31,纺织服饰,1692.38,9418.705306515,-0.2552291680418949,0.03790467907611412,0.002269967269160615,-0.1803913942655173,0.03112413276811088,-0.10146066486250138,-0.1250293460793696,1.450011226793037,0.16595086511439877,中性
2012-12-31,纺织服饰,1520.67,5175.5192899504,-0.10146066486250138,0.028470668877484707,-0.009434010198629411,-0.4505062934318108,-0.1250293460793696,0.08156930826543562,-0.022828164524890227,1.3568098272472,0.3287968379590642,大幅流出
2013-12-31,纺织服饰,1644.71,7197.2631612459,0.08156930826543562,0.029260078312342938,0.0007894094348582306,0.39063594550236447,-0.022828164524890227,0.3326726292173088,-0.03967621294126844,0.6593867611919426,0.026524469527738324,流出
2014-12-31,纺织服饰,2191.86,10937.635018578,0.3326726292173088,0.015808622443526703,-0.013451455868816235,0.5196936354185795,-0.03967621294126844,0.8917038496984298,0.42003201023754905,-0.18226072833118911,0.027015650266693707,流入
2015-12-31,纺织服饰,4146.35,46022.4870579821,0.8917038496984298,0.01864587697816551,0.0028372545346388063,3.2077183028882486,0.42003201023754905,-0.1356421913249003,-0.0028239842485706934,-0.5370603060523111,-0.4299308046945212,流入
2016-12-31,纺织服饰,3583.93,25180.893335681,-0.1356421913249003,0.020563077158375163,0.0019172001802096536,-0.45285674579132396,-0.0028239842485706934,-0.23848680080247098,-0.2451134956121597,-0.5023256592623182,-0.6095782569744543,中性
2017-12-31,纺织服饰,2729.21,14700.3642910626,-0.23848680080247098,0.0135806877034713,-0.006982389454903863,-0.41620958021245524,-0.2451134956121597,-0.34326416801931703,-0.039216708505313835,-0.3243172932826716,-0.5076707781974923,大幅流出
2018-12-31,纺织服饰,1792.37,8927.9450214287,-0.34326416801931703,0.010162558518226615,-0.003418129185244685,-0.39267185189032117,-0.039216708505313835,0.07093401474026018,-0.21177782911689114,-0.12197258378571384,-0.4813459745480006,流出
2019-12-31,纺织服饰,1919.51,10234.7956900905,0.07093401474026018,0.008289663708205856,-0.0018728948100207587,0.14637754438732742,-0.21177782911689114,-0.0707888992503295,-0.3170667677205039,-0.17736297284202746,-0.2940592601799894,中性
2020-12-31,纺织服饰,1783.63,18632.6686793887,-0.0707888992503295,0.009467408767108032,0.0011777450589021757,0.820521800687156,-0.3170667677205039,0.033891558226762264,-0.04807380251318839,-0.16180485863099411,-0.07572555186482956,流入
2021-12-31,纺织服饰,1844.08,19377.57385594,0.033891558226762264,0.008162661033420957,-0.0013047477336870748,0.03997844803494588,-0.04807380251318839,-0.14659342327881653,0.01215629634235646,-0.08239881133139554,-0.11158406104552857,中性
2022-12-31,纺织服饰,1573.75,18046.80766045,-0.14659342327881653,0.00875430772533108,0.0005916466919101224,-0.06867558371256421,0.01215629634235646,0.003374106433677415,0.07285033018075764,-0.026713264495631373,-0.15632380332148876,中性
2023-12-31,纺织服饰,1579.06,15846.42379452,0.003374106433677415,0.007990198313875619,-0.0007641094114554606,-0.12192648735056844,0.07285033018075764,-0.05321520398211588,-0.10584883294986323,,,中性
2024-12-31,纺织服饰,1495.03,20265.47810265,-0.05321520398211588,0.007982283966907911,-7.914346967707528e-06,0.2788676085804416,-0.10584883294986323,0.13183681932804037,-0.08500509966286002,,,中性
2025-12-31,纺织服饰,1692.13,34471.07128902,0.13183681932804037,0.008347483186979166,0.0003651992200712547,0.7009749838821921,-0.08500509966286002,-0.09480359074066413,-0.03881488714928514,,,流入
2026-12-31,纺织服饰,1531.71,20887.73576548,-0.09480359074066413,0.005039200446922194,-0.0033082827400569715,-0.39405028667811304,-0.03881488714928514,,,,,中性
1999-12-31,综合,1000.0,2.2790950563,,0.07996067694905344,,,,0.5048299999999999,-0.09812625000000008,-0.26673,-0.22243421671454688,
2000-12-31,综合,1504.83,2201.3483222744,0.5048299999999999,0.05434708950110928,-0.02561358744794416,964.8870156333811,-0.09812625000000008,-0.26371749632848884,-0.024231482035425522,-0.6292072858728228,-0.21815771527396516,大幅流出
2001-12-31,综合,1107.98,954.9639962418,-0.26371749632848884,0.042820053981306075,-0.011527035519803205,-0.5661913262072285,-0.024231482035425522,-0.21592447517103197,-0.025863426845719073,-0.6061300745500822,-0.2800138216655753,大幅流出
2002-12-31,综合,868.74,710.7551045088,-0.21592447517103197,0.039950005304605025,-0.0028700486767010494,-0.25572575792811936,-0.025863426845719073,-0.15593848562285617,-0.0929635416913712,-0.13031516909547164,-0.41846442605946876,流出
2003-12-31,综合,733.27,731.559439687,-0.15593848562285617,0.03816733805430991,-0.0017826672502951127,0.029270750285469882,-0.0929635416913712,-0.23905246362185817,-0.0931660723867293,2.1119096649256077,-0.1893520722996796,流入
2004-12-31,综合,557.98,710.7493836348,-0.23905246362185817,0.026598603812567442,-0.01156873424174247,-0.028446158880956696,-0.0931660723867293,-0.21789311444854664,-0.10143022459505857,0.39377755475106674,-0.14089212206401142,大幅流出
2005-12-31,综合,436.4,481.2624923564,-0.21789311444854664,0.023290645455429807,-0.003307958357137635,-0.32288018331411716,-0.10143022459505857,0.7312786434463796,-0.21318618577340653,3.0428047662694793,0.06617336619455048,大幅流出
2006-12-31,综合,755.53,1218.6760407176,0.7312786434463796,0.020647968396599298,-0.0026426770588305094,1.5322481183825705,-0.21318618577340653,2.0202242134660438,0.26438907304356873,1.7090651595568684,0.5103997445979703,中性
2007-12-31,综合,2281.87,9974.0345678541,2.0202242134660438,0.032793329726217624,0.012145361329618326,7.184319896845622,0.26438907304356873,-0.6591830384728314,-0.03895619223713098,-0.3461941302528187,0.212791123885539,大幅流入
2008-12-31,综合,777.7,6514.6389862062,-0.6591830384728314,0.0401796650835644,0.007386335357346778,-0.3468401435861661,-0.03895619223713098,1.2685868586858686,0.11514652211762133,0.8592644978783592,0.19334174294816822,大幅流入
2009-12-31,综合,1764.28,10779.7194146866,1.2685868586858686,0.03315894119590447,-0.007020723887659931,0.6546917546023792,0.11514652211762133,0.16012197610356638,0.11464366090453176,-0.07913709841975194,0.09066308488961519,流出
2010-12-31,综合,2046.78,10183.9078736441,0.16012197610356638,0.03157933742033688,-0.0015796037755675882,-0.05527152592030815,0.11464366090453176,-0.27109899451821884,0.015254306291786923,0.15572264728011798,0.06034039366253095,流出
2011-12-31,综合,1491.9,6422.4312866592,-0.27109899451821884,0.02584646072755052,-0.005732876692786361,-0.36935493070588177,0.015254306291786923,-0.030799651451169696,-0.05436833266803791,1.714183256250418,0.2952050025522162,大幅流出
2012-12-31,综合,1445.95,3270.6679456784,-0.030799651451169696,0.017992031112786223,-0.007854429614764298,-0.4907430224325957,-0.05436833266803791,0.1235934852519105,0.019196012461584644,1.4395380199868595,0.3750768157276256,大幅流出
2013-12-31,综合,1624.66,6285.038535315,0.1235934852519105,0.02555147916914233,0.007559448056356107,0.9216376103295809,0.019196012461584644,0.4560031021875346,0.08365426002895737,0.705039823716962,0.05057022017841889,流入
2014-12-31,综合,2365.51,10689.5883875112,0.4560031021875346,0.01545011024849886,-0.01010136892064347,0.7007991800603093,0.08365426002895737,0.7118042198088359,0.2401323803479552,-0.28921881539287525,-0.1168007498287831,大幅流入
2015-12-31,综合,4049.29,33743.4400728981,0.7118042198088359,0.013671056751598009,-0.0017790534969008513,2.156664115553883,0.2401323803479552,-0.12887197508699055,0.00394623198933905,-0.476290905319204,-0.30308860007234467,流出
2016-12-31,综合,3527.45,22538.7372402023,-0.12887197508699055,0.018405454752707225,0.004734398001109216,-0.33205573612203043,0.00394623198933905,-0.2146990035294617,-0.22132569833915042,-0.3203475598520176,-0.38618293509873797,流入
2017-12-31,综合,2770.11,13507.1648371626,-0.2146990035294617,0.012478370180549758,-0.005927084572157466,-0.40071332776044355,-0.22132569833915042,-0.39303493363079456,-0.08898747411679137,-0.01504633390009797,-0.16749690425074068,流出
2018-12-31,综合,1681.36,6434.2507254134,-0.39303493363079456,0.007324020181689234,-0.005154349998860525,-0.5236416521910886,-0.08898747411679137,0.26127063805490813,-0.02144120580224318,0.794226102678784,0.15545321847352672,流出
2019-12-31,综合,2120.65,8785.2094837698,0.26127063805490813,0.007115572643731833,-0.00020844753795740047,0.3653819005017638,-0.02144120580224318,0.13052130243085847,-0.11575656603931597,0.2485228585575176,0.11835349882259064,中性
2020-12-31,综合,2397.44,10403.1267263974,0.13052130243085847,0.005285912333308441,-0.0018296603104233922,0.18416376360934983,-0.11575656603931597,0.13805976374799767,0.05609440300804701,0.13995345034703657,0.23893047425602762,中性
2021-12-31,综合,2728.43,10147.8753707,0.13805976374799767,0.004274718160087585,-0.001011194173220856,-0.0245360229102769,0.05609440300804701,0.10566882786071119,0.2644185474818842,0.437889189020792,0.4296386188750467,中性
2022-12-31,综合,3016.74,6804.61525508,0.10566882786071119,0.0033008439507005408,-0.0009738742093870442,-0.32945419543415044,0.2644185474818842,-0.1223373575448995,-0.052861133797819274,0.39633843155194004,0.2773244312085616,流出
2023-12-31,综合,2647.68,3290.20510626,-0.1223373575448995,0.0016590109941042334,-0.0016418329565963073,-0.5164744834318604,-0.052861133797819274,0.03221310732414784,-0.020420521643599518,,,中性
2024-12-31,综合,2732.97,4593.66469109,0.03221310732414784,0.0018093792718487031,0.00015036827774446968,0.3961636258937218,-0.020420521643599518,0.4355005726370944,0.21865865364619402,,,中性
2025-12-31,综合,3923.18,8885.04301339,0.4355005726370944,0.0021515939132847385,0.00034221464143603534,0.9341949425746459,0.21865865364619402,0.07371825916730823,0.12970696275868723,,,流入
2026-12-31,综合,4212.39,7998.18450203,0.07371825916730823,0.0019295751042487177,-0.00022201880903602073,-0.09981476848491122,0.12970696275868723,,,,,流入
2021-12-31,美容护理,7668.61,508.79804675,,0.00021432744991519226,,,,-0.06742421377537766,0.09132550584579532,-0.4294168043491584,-0.4568744489436341,
2022-12-31,美容护理,7151.56,7743.85141637,-0.06742421377537766,0.0037564570728324323,0.00354212962291724,14.219892186761818,0.09132550584579532,-0.32028116942317486,-0.2508049456760946,-0.5159168069623971,-0.5783762728970582,中性
2023-12-31,美容护理,4861.05,7643.30180652,-0.32028116942317486,0.0038539608683202256,9.750379548779334e-05,-0.012984444618532431,-0.2508049456760946,-0.10338301395788974,-0.1560166429256371,,,中性
2024-12-31,美容护理,4358.5,8492.60111279,-0.10338301395788974,0.0033451149465407062,-0.0005088459217795194,0.11111680890914433,-0.1560166429256371,0.003918779396581362,-0.21292313959431902,,,流出
2025-12-31,美容护理,4375.58,13232.35655838,0.003918779396581362,0.003204335396746841,-0.0001407795497938651,0.5581040935093311,-0.21292313959431902,-0.20880203310189738,-0.15281332951051838,,,中性
2026-12-31,美容护理,3461.95,6296.00376097,-0.20880203310189738,0.0015189212139755713,-0.0016854141827712698,-0.5241963339490905,-0.15281332951051838,,,,,中性
2014-12-31,计算机,3376.28,36977.6345513781,,0.05344532547342611,,,,1.0029085265440068,0.531236687083126,-0.06541519068323719,0.18450038708573324,
2015-12-31,计算机,6762.38,163895.01864226742,1.0029085265440068,0.0664015908372739,0.012956265363847787,3.4322742822974677,0.531236687083126,-0.30324826466421584,-0.17043005758788624,-0.30920178990237174,-0.0734804463429527,大幅流入
2016-12-31,计算机,4711.7,92765.4950517144,-0.30324826466421584,0.07575362823527422,0.00935203739800032,-0.4339944202075291,-0.17043005758788624,-0.11264511747352335,-0.11927181228321206,0.08813167222021782,-0.049287160879408126,大幅流入
2017-12-31,计算机,4180.95,62182.493266336496,-0.11264511747352335,0.05744626493281824,-0.018307363302455977,-0.3296807909916145,-0.11927181228321206,-0.24528635836352974,0.05876110115047345,0.24304524091414648,0.005755700074929041,大幅流出
2018-12-31,计算机,3155.42,69371.4312132916,-0.24528635836352974,0.07896455763404683,0.02151829270122859,0.11561032003274385,0.05876110115047345,0.4804495122677803,0.197737668410629,0.22755449353810292,-0.1412022442242391,大幅流入
2019-12-31,计算机,4671.44,106742.5515540424,0.4804495122677803,0.08645603513078176,0.007491477496734927,0.5387105280536648,0.197737668410629,0.09750954737725426,-0.14876832109292018,-0.09647132361755655,-0.16887336816842768,大幅流入
2020-12-31,计算机,5126.95,149006.94488020628,0.09750954737725426,0.07571162674509226,-0.010744408385689505,0.3959470024919347,-0.14876832109292018,0.013684549293439652,-0.068280811446511,-0.14036805508148084,-0.03186442297949428,大幅流出
2021-12-31,计算机,5197.11,112907.32932084,0.013684549293439652,0.04756138535641981,-0.028150241388672448,-0.2422680069602693,-0.068280811446511,-0.25469154972667496,-0.09594183010550197,0.002722667020709962,0.003316000697360108,大幅流出
2022-12-31,计算机,3873.45,117016.2332867,-0.25469154972667496,0.05676328657815142,0.00920190122173161,0.03639182673592467,-0.09594183010550197,0.08966941615355828,0.1591456399006385,0.1223715292568643,-0.012030021224786441,流入
2023-12-31,计算机,4220.78,231662.22419976,0.08966941615355828,0.11681040070566073,0.060047114127509314,0.9797443285682195,0.1591456399006385,0.04418851491904352,-0.008445114048703836,,,大幅流入
2024-12-31,计算机,4407.29,249110.51696772,0.04418851491904352,0.09812109418329251,-0.01868930652236822,0.07531781596344556,-0.008445114048703836,0.1824182207206697,-0.034423698270230674,,,大幅流出
2025-12-31,计算机,5211.26,386748.54850679,0.1824182207206697,0.09365467580571987,-0.00446641837757264,0.5525179475136544,-0.034423698270230674,-0.16575837705276653,-0.10976967346138752,,,大幅流出
2026-12-31,计算机,4347.45,252237.22487751,-0.16575837705276653,0.06085264341737775,-0.032802032388342124,-0.3478004614331952,-0.10976967346138752,,,,,大幅流出
1999-12-31,轻工制造,1000.0,0.9721319565000001,,0.034106664007135544,,,,0.6054200000000001,0.002463750000000098,-0.18322000000000005,-0.11040931810116449,
2000-12-31,轻工制造,1605.42,1249.6683544964,0.6054200000000001,0.03085192707637935,-0.0032547369307561955,1284.492515846947,0.002463750000000098,-0.24100235452404983,-0.0015163402309865126,-0.5719936216068069,-0.12399586237825069,流出
2001-12-31,轻工制造,1218.51,659.8564388944,-0.24100235452404983,0.02958759539057671,-0.0012643316858026374,-0.4719747551258803,-0.0015163402309865126,-0.17575563598164967,0.014305412343663226,-0.5494661512831245,-0.19687992196710205,流出
2002-12-31,轻工制造,1004.35,553.530055447,-0.17575563598164967,0.031112725763184683,0.0015251303726079718,-0.16113563069196013,0.014305412343663226,-0.18675760442076972,-0.12378266048928474,-0.04313237417235024,-0.3617284451738822,流入
2003-12-31,轻工制造,816.78,508.41282448559997,-0.18675760442076972,0.026525205049080926,-0.0045875207141037565,-0.08150818644340074,-0.12378266048928474,-0.15873307377751655,-0.012846682542387688,2.1919243860035755,-0.30289523631373594,流出
2004-12-31,轻工制造,687.13,699.3483195045,-0.15873307377751655,0.026171938106165166,-0.00035326694291576075,0.37555208252680083,-0.012846682542387688,-0.20105365796865216,-0.08459076811516408,0.2966396460640638,-0.32067872500121064,中性
2005-12-31,轻工制造,548.98,639.8751640787,-0.20105365796865216,0.030966688281320393,0.0047947501751552275,-0.08504082124332224,-0.08459076811516408,0.7505737913949506,-0.19389103782483552,2.5572516302961863,-0.2293928648095589,大幅流入
2006-12-31,轻工制造,961.03,1691.4083013114,0.7505737913949506,0.028657447906056236,-0.002309240375264157,1.64334107067073,-0.19389103782483552,1.7128185384431287,-0.043016601979346314,1.0685098279970457,-0.07036369262637403,中性
2007-12-31,轻工制造,2607.1,8419.9786721301,1.7128185384431287,0.027683795860584136,-0.0009736520454721002,3.9780875886690614,-0.043016601979346314,-0.6582563001035633,-0.03802945386786283,-0.47275900425760414,-0.05012088824332653,中性
2008-12-31,轻工制造,890.96,4745.2175648425,-0.6582563001035633,0.02926658758953737,0.0015827917289532346,-0.4364335410315182,-0.03802945386786283,1.191860465116279,0.03842012854803167,0.5031987968034481,-0.06118547784365981,中性
2009-12-31,轻工制造,1952.86,10247.5983845222,1.191860465116279,0.031522111027181714,0.0022555234376443432,1.159563443507217,0.03842012854803167,0.017942914494638806,-0.027535400704395807,-0.16686808066118405,0.0039061888409127406,流入
2010-12-31,轻工制造,1987.9,11023.4935605219,0.017942914494638806,0.03418281341679756,0.0026607023896158474,0.07571483062525153,-0.027535400704395807,-0.3085316162784849,-0.02217831546847915,0.05439408420946719,-0.05444789957987853,中性
2011-12-31,轻工制造,1374.57,8772.6368363529,-0.3085316162784849,0.03530463828221104,0.0011218248654134774,-0.2041872398991481,-0.02217831546847915,-0.02566620834151767,-0.04923488955838588,1.8950435408891508,0.379799300299295,中性
2012-12-31,轻工制造,1339.29,6395.4562821236,-0.02566620834151767,0.03518157462620827,-0.00012306365600276564,-0.2709767426343821,-0.04923488955838588,0.21481531259099973,0.11041783980067388,1.5446766570346973,0.4356290618096078,中性
2013-12-31,轻工制造,1626.99,10005.0572556755,0.21481531259099973,0.04067501107877554,0.005493436452567266,0.5644008518424799,0.11041783980067388,0.28828695935439064,-0.08406188280418658,0.830263246854621,0.12109062761873741,中性
2014-12-31,轻工制造,2096.03,15580.3295419499,0.28828695935439064,0.02251890347923067,-0.01815610759954487,0.5572454153734858,-0.08406188280418658,0.8985606122049778,0.42688877274409714,-0.0995596437073898,0.14791039933017402,中性
2015-12-31,轻工制造,3979.44,50932.6695028813,0.8985606122049778,0.02063522313611199,-0.001883680343118678,2.2690367277370824,0.42688877274409714,-0.14358301670586815,-0.010764809629538546,-0.4343299559737048,-0.2679250523755618,流出
2016-12-31,轻工制造,3408.06,34720.4310247616,-0.14358301670586815,0.028353199889161403,0.007717976753049412,-0.3183072600819118,-0.010764809629538546,-0.1262419088865806,-0.13286860369626932,-0.2354125220800102,-0.32560217703385097,大幅流入
2017-12-31,轻工制造,2977.82,24736.3699441427,-0.1262419088865806,0.02285228505073006,-0.005500914838431344,-0.28755579311496904,-0.13286860369626932,-0.3661974195888268,-0.062149960074823596,-0.023020195982295752,-0.19542515276654085,流出
2018-12-31,轻工制造,1887.35,17153.255229945302,-0.3661974195888268,0.01952531737527434,-0.0033269676754557193,-0.3065572972639422,-0.062149960074823596,0.19270405595146656,-0.09000778790568476,0.23250589450817313,-0.17786289052106785,中性
2019-12-31,轻工制造,2251.05,25169.1981493834,0.19270405595146656,0.020385769758510995,0.0008604523832366553,0.46731321909349677,-0.09000778790568476,0.1575753537238178,-0.08870251474635663,-0.04156726860798296,-0.09929331557662924,流入
2020-12-31,轻工制造,2605.76,32058.6141456247,0.1575753537238178,0.01628923960631379,-0.004096530152197204,0.27372409543408827,-0.08870251474635663,0.11647657497236885,0.034511214232418194,-0.22179325801301739,-0.12304306454494475,流出
2021-12-31,轻工制造,2909.27,39273.17982818,0.11647657497236885,0.016543539300909446,0.0002542996945956548,0.22504296816398517,0.034511214232418194,-0.20042828613363484,-0.04167856651246185,-0.16307183589010307,-0.1659623631495264,中性
2022-12-31,轻工制造,2326.17,26806.57656524,-0.20042828613363484,0.013003575187929278,-0.0035399641129801682,-0.31743299924990387,-0.04167856651246185,-0.07251834560672699,-0.0030421218596467653,-0.1108603412476303,-0.2119843987994697,流出
2023-12-31,轻工制造,2157.48,28608.65709059,-0.07251834560672699,0.014425263807883799,0.0014216886199545208,0.06722531394354747,-0.0030421218596467653,-0.06009789198509374,-0.1127315209528411,,,流入
2024-12-31,轻工制造,2027.82,30348.74794221,-0.06009789198509374,0.0119539407305251,-0.0024713230773586985,0.06082392634194478,-0.1127315209528411,0.20072294385103207,-0.01611897513986832,,,大幅流出
2025-12-31,轻工制造,2434.85,50578.72574623,0.20072294385103207,0.012248098100739018,0.0002941573702139183,0.6665836047846805,-0.01611897513986832,-0.1505472616382939,-0.0945585580469149,,,流入
2026-12-31,轻工制造,2068.29,36565.51464087,-0.1505472616382939,0.008821490265341733,-0.003426607835397286,-0.27705741690031604,-0.0945585580469149,,,,,中性
2014-12-31,通信,1988.74,15657.6665189584,,0.02263068185438896,,,,0.7268974325452295,0.25522559308434883,-0.03356899343302795,0.16556738767310494,
2015-12-31,通信,3434.35,58373.7790600125,0.7268974325452295,0.023649967063542922,0.0010192852091539632,2.7281276229336706,0.25522559308434883,-0.15954110675964883,-0.02672289968331923,-0.3286415187735671,-0.1485681276082408,流入
2016-12-31,通信,2886.43,34606.687290904,-0.15954110675964883,0.028260315131483593,0.004610348067940671,-0.4071535568165665,-0.02672289968331923,-0.030525597364218005,-0.03715229217390671,-0.2677459699351795,-0.413514870490259,流入
2017-12-31,通信,2798.32,35296.4835624256,-0.030525597364218005,0.03260807084783889,0.0043477557163553,0.019932455993928677,-0.03715229217390671,-0.31316647131135833,-0.009119011797355137,-0.22167228908773845,-0.42224897017754726,流入
2018-12-31,通信,1921.98,37532.2463831022,-0.31316647131135833,0.042722446125428505,0.010114375277589613,0.06334236714324293,-0.009119011797355137,0.19963787344301176,-0.08307397041413955,-0.0435488402584835,-0.4153181018019977,大幅流入
2019-12-31,通信,2305.68,61015.9395925158,0.19963787344301176,0.049419806254841485,0.00669736012941298,0.6256937826131943,-0.08307397041413955,-0.08330731064154606,-0.32958517911172047,0.002606606294021739,-0.15382945007342191,大幅流入
2020-12-31,通信,2113.6,62154.1295638057,-0.08330731064154606,0.03158101296543035,-0.017838793289411133,0.018653977614556005,-0.32958517911172047,0.030474072672218133,-0.051491288067732524,0.40888058289174856,0.559422500077215,大幅流出
2021-12-31,通信,2178.01,39046.87469925,0.030474072672218133,0.01644820992318067,-0.015132803042249683,-0.37177344492990494,-0.051491288067732524,-0.15598183663068588,0.0027678829904871083,1.5259388157079166,1.6809382575579719,大幅流出
2022-12-31,通信,1838.28,39855.82255032,-0.15598183663068588,0.019333620760880372,0.0028854108376997027,0.020717352087734175,0.0027678829904871083,0.25752877690014575,0.327005000647226,2.8255978414604956,2.567236357919389,中性
2023-12-31,通信,2311.69,98166.37979584,0.25752877690014575,0.049498161382964166,0.030164540622083794,1.4630373560073928,0.327005000647226,0.2881528232591739,0.23551919429142654,,,大幅流入
2024-12-31,通信,2977.81,111054.09975861,0.2881528232591739,0.04374263244480901,-0.005755528938155154,0.13128445797403376,0.23551919429142654,0.8475053814716187,0.6306634624807184,,,大幅流出
2025-12-31,通信,5501.52,230972.32907465,0.8475053814716187,0.05593204857030928,0.012189416125500264,1.0798181208680933,0.6306634624807184,0.27828672803152577,0.33427543162290474,,,大幅流入
2026-12-31,通信,7032.52,312746.89468247,0.27828672803152577,0.0754507003129554,0.019518651742646116,0.35404485868690583,0.33427543162290474,,,,,大幅流入
1999-12-31,钢铁,1000.0,1.0090941669,,0.03540346089015608,,,,0.60751,0.004553750000000023,0.52573,0.5765042198850564,
2000-12-31,钢铁,1607.51,2300.6307774599,0.60751,0.05679818387052805,0.02139472298037197,2278.8970135042805,0.004553750000000023,-0.18322125523324895,0.05626475905981437,-0.1280178661408016,0.6707496707924285,大幅流入
2001-12-31,钢铁,1312.98,1331.4478653096,-0.18322125523324895,0.059701381088943184,0.0029031972184151364,-0.4212683415547295,0.05626475905981437,-0.14332282289143783,0.04673822543387507,-0.12333013450319126,0.4831029219322332,中性
2002-12-31,钢铁,1124.8,1053.0929414797001,-0.14332282289143783,0.059192073797952216,-0.0005093072909909679,-0.20906182741535606,0.04673822543387507,0.35644559032716927,0.4194205342586542,1.1683854907539117,0.6640836552303864,中性
2003-12-31,钢铁,1525.73,2231.3809984426,0.35644559032716927,0.11641688737139497,0.05722481357344275,1.1188832538439466,0.4194205342586542,-0.08127912540226645,0.06460726583286241,3.3895119057762515,0.16070139271899292,大幅流入
2004-12-31,钢铁,1401.72,2938.1551628908,-0.08127912540226645,0.10995552991958374,-0.006461357451811228,0.3167429340580994,0.06460726583286241,-0.17883029420997065,-0.06236740435648258,0.39109807950232583,-0.006353915995164314,流出
2005-12-31,钢铁,1151.05,2253.303686204,-0.17883029420997065,0.10904838438962657,-0.0009071455299571735,-0.23308894143391212,-0.06236740435648258,1.1189348855392902,0.17447005631950407,2.3230268016159163,-0.14356836249645522,中性
2006-12-31,钢铁,2439.0,4804.0676912874,1.1189348855392902,0.08139508331222862,-0.02765330107739794,1.1320107541209916,0.17447005631950407,1.7458835588355885,-0.009951581586886471,0.12405494054940559,-0.5104997359964552,大幅流出
2007-12-31,钢铁,6697.21,27855.6779000397,1.7458835588355885,0.09158584962873748,0.01019076631650885,4.798352498354348,-0.009951581586886471,-0.708844429247403,-0.08861758301170253,-0.7062343871552482,-0.5036141701180994,大幅流入
2008-12-31,钢铁,1949.93,11623.4019889024,-0.708844429247403,0.07168845426962123,-0.01989739535911625,-0.5827277285940389,-0.08861758301170253,0.9615934930997521,-0.19184684346849523,-0.0393039750144878,-0.49424106778428306,大幅流出
2009-12-31,钢铁,3824.97,18972.4785166763,0.9615934930997521,0.058360266652016594,-0.013328187617604632,0.6322655393653707,-0.19184684346849523,-0.2832440515873327,-0.3287223667863673,-0.5948072795342186,-0.5475668869167531,大幅流出
2010-12-31,钢铁,2741.57,9722.2771957939,-0.2832440515873327,0.03014786424517805,-0.028212402406838543,-0.48755892978093085,-0.3287223667863673,-0.28237834525472627,0.003974955555279491,0.008163205754366876,-0.04899118700796852,大幅流出
2011-12-31,钢铁,1967.41,10499.8339409648,-0.28237834525472627,0.04225557790936151,0.01210771366418346,0.07997681299472625,0.003974955555279491,-0.047839545392165395,-0.0714082266090336,0.4301187856115399,-0.48251853417130763,大幅流入
2012-12-31,钢铁,1873.29,4363.1666005526,-0.047839545392165395,0.02400189518814916,-0.01825368272121235,-0.5844537518322236,-0.0714082266090336,-0.17265879815725282,-0.2770562709475787,0.3797970415685772,-0.41403878168982833,大幅流出
2013-12-31,钢铁,1549.85,3267.8480244126,-0.17265879815725282,0.013285256765655869,-0.010716638422493293,-0.2510375322366276,-0.2770562709475787,0.7833661322063425,0.4110172900477653,0.9970384230732006,-0.03481587257568933,大幅流出
2014-12-31,钢铁,2763.95,8923.4975900208,0.7833661322063425,0.012897505177010332,-0.00038775158864553724,1.7306954066888744,0.4110172900477653,0.017974275945657592,-0.4536975635152231,-0.21186345628538872,-0.31059085793551394,大幅流入
2015-12-31,钢铁,2813.63,37887.6532420432,0.017974275945657592,0.015350072681915291,0.002452567504904959,3.2458299405395916,-0.4536975635152231,-0.08134331806243178,0.05147488901389782,-0.24197566844254578,-0.12121378952246699,流入
2016-12-31,钢铁,2584.76,13246.3712195607,-0.08134331806243178,0.010817175936738477,-0.004532896745176814,-0.6503776273780542,0.05147488901389782,0.1974457976756061,0.19081910286591738,-0.1344109317692939,-0.3290998557162077,流出
2017-12-31,钢铁,3095.11,21120.9755662407,0.1974457976756061,0.019512262926174678,0.0086950869894362,0.5944725703483005,0.19081910286591738,-0.29618979616233354,0.007857663351669653,-0.030939126557699013,-0.29090005221939574,大幅流入
2018-12-31,钢铁,2178.37,14671.7616741693,-0.29618979616233354,0.016700666975585803,-0.002811595950588875,-0.3053464018196054,0.007857663351669653,-0.020919311228119963,-0.3036311550852713,0.04939932151103824,-0.35207522722419954,中性
2019-12-31,钢铁,2132.8,10014.0847577002,-0.020919311228119963,0.008110899083914274,-0.008589767891671528,-0.317458599717393,-0.3036311550852713,0.04901537884471119,-0.19726248962546325,-0.015847711927982056,-0.08102777910353866,大幅流出
2020-12-31,钢铁,2237.34,12302.5171876177,0.04901537884471119,0.006251007898207864,-0.0018598911857064101,0.22852137617048207,-0.19726248962546325,0.3405874833507647,0.2586221226108141,-0.06035291909142109,0.0863483169292131,中性
2021-12-31,钢铁,2999.35,35519.35199926,0.3405874833507647,0.014962266827219262,0.008711258929011399,1.8871613392265525,0.2586221226108141,-0.23784153233200522,-0.07909181271083224,-0.1130111524163569,-0.09491111444626738,大幅流入
2022-12-31,钢铁,2285.98,23771.355923799998,-0.23784153233200522,0.011531223068408765,-0.003431043758810497,-0.33074916669945875,-0.07909181271083224,-0.08179424141943503,-0.012318017672354811,-0.036557625176073374,-0.13134155319965168,流出
2023-12-31,钢铁,2099.0,11293.6875585,-0.08179424141943503,0.005694584750318938,-0.005836638318089827,-0.5249035185581188,-0.012318017672354811,0.001576941400666998,-0.05105668756708036,,,流出
2024-12-31,钢铁,2102.31,15242.21602328,0.001576941400666998,0.006003692385962759,0.00030910763564382087,0.3496226050461444,-0.05105668756708036,0.2654603745403865,0.04861845554948613,,,中性
2025-12-31,钢铁,2660.39,28418.27544906,0.2654603745403865,0.006881743666305279,0.0008780512803425204,0.8644451309216268,0.04861845554948613,-0.1721476926315315,-0.11615898904015251,,,流入
2026-12-31,钢铁,2202.41,21447.61605123,-0.1721476926315315,0.005174272482390827,-0.0017074711839144526,-0.2452879102507456,-0.11615898904015251,,,,,中性
2014-12-31,银行,3429.09,33195.8197988774,,0.04797931006222476,,,,-0.01364501952413033,-0.48531685898501103,-0.09357001420201878,-0.27315191678435924,
2015-12-31,银行,3382.3,103980.6641487762,-0.01364501952413033,0.0421274641108245,-0.0058518459514002585,2.132342107493082,-0.48531685898501103,-0.04934512018448989,0.08347308689183972,0.12971350855926433,0.33683252625761645,大幅流出
2016-12-31,银行,3215.4,20163.6375384099,-0.04934512018448989,0.016465914412508643,-0.025661549698315855,-0.8060828164209488,0.08347308689183972,0.13279529763015474,0.12616860282046602,0.1497356471978602,-0.11012287232728418,大幅流出
2017-12-31,银行,3642.39,31743.8285944979,0.13279529763015474,0.02932600948647895,0.012860095073970308,0.5743106140461405,0.12616860282046602,-0.14665096269207856,0.15739649682192464,-0.031578167082602325,-0.3108138382379374,大幅流入
2018-12-31,银行,3108.23,33456.4608978072,-0.14665096269207856,0.038083034883240906,0.008757025396761955,0.053951661760363256,0.15739649682192464,0.22932665858060708,-0.053385185276544234,0.016083108392879495,-0.3723250022623382,大幅流入
2019-12-31,银行,3821.03,35926.8616544416,0.22932665858060708,0.02909892979054902,-0.008984105092691885,0.07383927320287231,-0.053385185276544234,-0.03249647346396134,-0.27877434193413575,-0.23871312185457855,-0.34320401244657534,大幅流出
2020-12-31,银行,3696.86,42271.7956259629,-0.03249647346396134,0.021478639232894364,-0.007620290557654657,0.17660696424166744,-0.27877434193413575,-0.04584701611637987,-0.1278123768563305,0.057478508788539356,0.1759377451938334,大幅流出
2021-12-31,银行,3527.37,46628.82541038,-0.04584701611637987,0.019642051117499622,-0.0018365881153947425,0.10307179337659966,-0.1278123768563305,-0.1046530417846725,0.05409667783650049,0.1858693587573743,0.150279377794401,中性
2022-12-31,银行,3158.22,39488.80465141,-0.1046530417846725,0.019155584418485926,-0.0004864666990136955,-0.1531246111419433,0.05409667783650049,-0.07894320218350837,-0.009466978436428145,0.28738339950985037,0.12177974905145425,流出
2023-12-31,银行,2908.9,35857.36669197,-0.07894320218350837,0.01808026054315664,-0.0010753238753292878,-0.09196120245970363,-0.009466978436428145,0.3439272577262882,0.2912936287585408,,,中性
2024-12-31,银行,3909.35,54538.53350271,0.3439272577262882,0.021481953662885696,0.0034016931197290573,0.5209854636348272,0.2912936287585408,0.06999884891350217,-0.14684307007739822,,,流入
2025-12-31,银行,4183.0,71697.02528097,0.06999884891350217,0.017362086256946505,-0.004119867405939191,0.3146122690924098,-0.14684307007739822,-0.028008606263447255,0.02798009732793174,,,流出
2026-12-31,银行,4065.84,44782.65958404,-0.028008606263447255,0.010803889934456617,-0.006558196322489888,-0.3753902702581676,0.02798009732793174,,,,,大幅流出
2014-12-31,非银金融,2370.52,61170.4633153721,,0.08841223515008462,,,,-0.1689629279651722,-0.6406347674260529,-0.3794104247169397,-0.5659660300284052,
2015-12-31,非银金融,1969.99,198119.2238139435,-0.1689629279651722,0.08026742817245741,-0.008144806977627206,2.2388053494464257,-0.6406347674260529,-0.14690429900659396,-0.01408609193026436,0.08659942436256043,0.4159562702738829,大幅流出
2016-12-31,非银金融,1680.59,56940.4828413542,-0.14690429900659396,0.04649841157314279,-0.033769016599314625,-0.7125948620976439,-0.01408609193026436,0.17296306654210736,0.16633637173241864,0.3514956057098998,0.17018956815733222,大幅流出
2017-12-31,非银金融,1971.27,53096.3899107243,0.17296306654210736,0.04905221906627786,0.0025538074931350727,-0.06751071889116556,0.16633637173241864,-0.2537196832498846,0.05032777626411861,-0.04995256864863758,-0.25496592795520673,流入
2018-12-31,非银金融,1471.12,46761.5698194081,-0.2537196832498846,0.05322805959862725,0.004175840532349394,-0.11930792473777407,0.05032777626411861,0.4550750448637775,0.17236320100662617,0.001359508401762013,-0.32943979161491765,流入
2019-12-31,非银金融,2140.59,90145.090899996,0.4550750448637775,0.07301293656796067,0.019784876969333412,0.9277601510841886,0.17236320100662617,0.061067275844510105,-0.18521059262566433,-0.33020802675897765,-0.403574692400759,大幅流入
2020-12-31,非银金融,2271.31,133414.9189231947,0.061067275844510105,0.06778919299271845,-0.005223743575242218,0.48000204549353476,-0.18521059262566433,-0.1754538129977854,-0.25741917373773604,-0.17831559760666757,-0.08569056011385585,流出
2021-12-31,非银金融,1872.8,112578.78911973,-0.1754538129977854,0.04742299020347393,-0.020366202789244517,-0.1561754110532405,-0.25741917373773604,-0.21341307133703546,-0.05466335171586248,0.09682827851345575,0.08819474820824745,大幅流出
2022-12-31,非银金融,1473.12,69735.17323513,-0.21341307133703546,0.033827764847158416,-0.013595225356315514,-0.38056561293295565,-0.05466335171586248,-0.026725589225589208,0.04275063452149101,0.1809085478440317,0.039314657742126315,大幅流出
2023-12-31,非银金融,1433.75,88973.6263175,-0.026725589225589208,0.04486292479615096,0.011035159948992547,0.27587875945331963,0.04275063452149101,0.30169136878814284,0.24905773982039547,,,大幅流入
2024-12-31,非银金融,1866.3,124052.9556412,0.30169136878814284,0.04886269713680246,0.003999772340651499,0.39426660208858233,0.24905773982039547,0.1006483416385362,-0.11619357735236419,,,大幅流入
2025-12-31,非银金融,2054.14,147322.35545242,0.1006483416385362,0.0356754472436997,-0.013187249893102763,0.18757634343289964,-0.11619357735236419,-0.1531151722862122,-0.09712646869483318,,,大幅流出
2026-12-31,非银金融,1739.62,84642.05522272,-0.1531151722862122,0.020420034382646838,-0.01525541286105286,-0.42546360351904333,-0.09712646869483318,,,,,大幅流出
1999-12-31,食品饮料,1000.0,2.4228916783,,0.08500569479783668,,,,0.5048699999999999,-0.09808625000000004,-0.02866999999999991,-0.021896604413276972,
2000-12-31,食品饮料,1504.87,1956.9799893455,0.5048699999999999,0.04831410166063778,-0.0366915931371989,806.7042844600453,-0.09808625000000004,-0.14381308684471072,0.0956729274483526,-0.43527347877225264,0.10704397343199887,大幅流出
2001-12-31,食品饮料,1288.45,1177.7148817399,-0.14381308684471072,0.05280807968588694,0.00449397802524916,-0.3981977903955065,0.0956729274483526,-0.1632892234855835,0.026771824839729397,-0.2988008847840429,0.1917987271460458,流入
2002-12-31,食品饮料,1078.06,833.986389286,-0.1632892234855835,0.04687656896811154,-0.005931510717775396,-0.29186053244575794,0.026771824839729397,-0.09900191083984189,-0.03602696690835691,1.271376361241489,1.0496888873312555,大幅流出
2003-12-31,食品饮料,971.33,944.4117957431,-0.09900191083984189,0.04927239307584773,0.002395824107736186,0.13240672494863914,-0.03602696690835691,-0.12507592682198632,0.02081046441314255,4.666117591343828,0.04565067966191812,流入
2004-12-31,食品饮料,849.84,1403.4133247061,-0.12507592682198632,0.052520390265039005,0.0032479971891912762,0.4860184201763804,0.02081046441314255,0.06309422950202381,0.17955711935551188,1.6748093758825189,0.058396054462647125,流入
2005-12-31,食品饮料,903.46,1022.1832684061,0.06309422950202381,0.04946844699729553,-0.0030519432677434746,-0.27164488863595226,0.17955711935551188,1.7103358200695102,0.7658709908497241,4.2804994133663925,-0.15181953403850482,流出
2006-12-31,食品饮料,2448.68,3635.2182396863,1.7103358200695102,0.061591324371640326,0.012122877374344795,2.5563272771571874,0.7658709908497241,1.247606873907575,-0.5082282665149,1.3537701945538012,-0.44155892171671435,大幅流入
2007-12-31,食品饮料,5503.67,14150.3541103862,1.247606873907575,0.046524525750111824,-0.015066798621528502,2.8925734790567352,-0.5082282665149,-0.5869737829484689,0.033253063287231543,-0.06141538282636836,0.34292977453990203,大幅流出
2008-12-31,食品饮料,2273.16,7892.0213899233,-0.5869737829484689,0.04867480407599794,0.0021502783258861152,-0.4422739298000574,0.033253063287231543,1.0987172042443123,-0.054723132323935,1.2555517429481429,0.2594087471269248,中性
2009-12-31,食品饮料,4770.72,15067.9905517095,1.0987172042443123,0.046349871775313314,-0.002324932300684625,0.9092688434611478,-0.054723132323935,0.2081258174866687,0.16264750228763408,-0.004416524130529521,0.0951121130563485,中性
2010-12-31,食品饮料,5763.63,15903.8821616668,0.2081258174866687,0.04931643798313726,0.0029665662078239424,0.055474657160736296,0.16264750228763408,-0.10374885271955347,0.1826044480904523,-0.043828281829333036,-0.25781880533221707,流入
2011-12-31,食品饮料,5165.66,13458.107738046,-0.10374885271955347,0.054160867994197,0.00484443001105974,-0.15378474254014918,0.1826044480904523,-0.007439514021441607,-0.03100819523830982,0.3504256958452551,-0.5016205459161389,流入
2012-12-31,食品饮料,5127.23,16185.4841729854,-0.007439514021441607,0.08903677770182805,0.034875909707631055,0.2026567544283453,-0.03100819523830982,-0.07364210304589414,-0.17803957583622,0.4616352299389732,-0.3791458718537362,大幅流入
2013-12-31,食品饮料,4749.65,15584.5410576181,-0.07364210304589414,0.06335809620846095,-0.025678681493367106,-0.03712852262833832,-0.17803957583622,0.16030023264872173,-0.2120486095098555,1.4275157116840194,0.1570866614835975,大幅流出
2014-12-31,食品饮料,5511.02,17614.8392270057,0.16030023264872173,0.025459465622154235,-0.037898630586306714,0.13027641698791914,-0.2120486095098555,0.26579834585974993,-0.20587349360113077,0.6328392929076649,0.5925747019499567,流出
2015-12-31,食品饮料,6975.84,50305.464800987,0.26579834585974993,0.020381112972597485,-0.00507835264955675,1.855857164104148,-0.20587349360113077,0.07429929585540962,0.20711750293173922,1.2299335993944815,1.8997926338203759,大幅流出
2016-12-31,食品饮料,7494.14,34715.0119491857,0.07429929585540962,0.028348774594645083,0.007967661622047598,-0.3099156903425613,0.20711750293173922,0.5385154267200774,0.5318887319103887,2.839459898000304,2.85183615908771,大幅流入
2017-12-31,食品饮料,11529.85,32879.9899748218,0.5385154267200774,0.030375633331263852,0.002026858736618769,-0.05285960946952628,0.5318887319103887,-0.2195379818471186,0.0845094776668846,1.3455959964787048,1.1572395905764543,中性
2018-12-31,食品饮料,8998.61,36769.308386978,-0.2195379818471186,0.041854004170109434,0.011478370838845581,0.11828830894214049,0.0845094776668846,0.7286736507082758,0.4459618068511245,1.5510940022959099,1.0042323710039882,大幅流入
2019-12-31,食品饮料,15555.66,51395.9039730595,0.7286736507082758,0.0416280669215916,-0.00022593724851783376,0.3977936009060634,0.4459618068511245,0.8497093662371125,0.603431497766938,0.2552967858644379,0.2753285276168622,中性
2020-12-31,食品饮料,28773.45,88464.5724924001,0.8497093662371125,0.044949560559700265,0.003321493638108665,0.7212377962798573,0.603431497766938,-0.06009289814047336,-0.142058258880424,-0.3758711590024832,-0.3103825397979023,大幅流入
2021-12-31,食品饮料,27044.37,131912.99850971,-0.06009289814047336,0.0555673842732823,0.010617823713582032,0.4911392752284258,-0.142058258880424,-0.15116159111859506,0.007588128502577923,-0.4003258349149933,-0.44839906412986386,大幅流入
2022-12-31,食品饮料,22956.3,85592.65489188,-0.15116159111859506,0.041520054629589714,-0.014047329643692583,-0.3511431332858408,0.007588128502577923,-0.14938513610642823,-0.07990891235934801,-0.3920718931186645,-0.49825919002463165,大幅流出
2023-12-31,食品饮料,19526.97,66111.23669646,-0.14938513610642823,0.03333508549499748,-0.008184969134592233,-0.2276061914428147,-0.07990891235934801,-0.08033145951471221,-0.13296508848245958,,,流出
2024-12-31,食品饮料,17958.34,69572.10433528,-0.08033145951471221,0.02740346367189486,-0.005931621823102622,0.05234915895931702,-0.13296508848245958,-0.09692042805738177,-0.31376234704828215,,,大幅流出
2025-12-31,食品饮料,16217.81,78254.18225306,-0.09692042805738177,0.018949961409417886,-0.008453502262476972,0.12479251563154636,-0.31376234704828215,-0.13947814162331407,-0.08348943803193506,,,大幅流出
2026-12-31,食品饮料,13955.78,50251.55556792,-0.13947814162331407,0.012123270043222837,-0.006826691366195049,-0.3578419182068062,-0.08348943803193506,,,,,大幅流出
