date,industry,close,amount,ret,share,share_chg,amount_yoy,exret,ret_next1,exret_next1,ret_next4,exret_next4,flow_bucket
1999-12-31,交通运输,1000.0,2.0852459832,,0.07315959900885267,,,,0.32447000000000004,-0.04571999999999998,0.49366000000000027,-0.07884855707150983,
2000-03-31,交通运输,1324.47,820.3716386375,0.32447000000000004,0.06677522712599375,-0.006384371882858925,,-0.04571999999999998,0.1256200593444925,0.045602610569019736,0.14499384659524198,-0.02167950411492053,大幅流出
2000-06-30,交通运输,1490.85,699.9934274331,0.1256200593444925,0.06384510807257478,-0.0029301190534189725,,0.045602610569019736,-0.053338699399671285,-0.052186228234332596,0.05142703826676058,-0.06360260622063467,流出
2000-09-30,交通运输,1411.33,511.7192991155,-0.053338699399671285,0.05268494907024809,-0.01116015900232669,,-0.052186228234332596,0.05833504566614489,-0.02598523301829439,-0.08703846726137755,0.01839807969584126,大幅流出
2000-12-31,交通运输,1493.66,367.6898893284,0.05833504566614489,0.04874558523330724,-0.003939363836940844,175.3292639289233,-0.02598523301829439,0.015297992849778286,0.01350509732164553,-0.17785171993626406,0.07204296882925426,大幅流出
2001-03-31,交通运输,1516.51,356.9241780253,0.015297992849778286,0.06112031927496512,0.012374734041657877,-0.5649237964660854,0.01350509732164553,0.03363644156649137,0.0007963275674261125,-0.19009436139557284,0.07814013108427582,大幅流入
2001-06-30,交通运输,1567.52,511.5371217796,0.03363644156649137,0.060034190865851454,-0.0010861284091136653,-0.26922582165460573,0.0007963275674261125,-0.1780072981524956,0.03081419436635191,-0.13650862508931316,0.10892001934224373,流出
2001-09-30,交通运输,1288.49,338.8494619978,-0.1780072981524956,0.08112592087365735,0.02109173000780589,-0.33782160926215454,0.03081419436635191,-0.046938664638452754,0.025321731547709267,-0.04030299032200505,0.07722810332869379,大幅流入
2001-12-31,交通运输,1228.01,252.0744246807,-0.046938664638452754,0.06696094514117037,-0.01416497573248697,-0.31443743220374154,0.025321731547709267,0.00017915163557291613,0.019269329917107593,-0.1502756492210977,0.05065651520818391,大幅流出
2002-03-31,交通运输,1228.23,370.3757249839,0.00017915163557291613,0.07341048664621545,0.006449541505045078,0.037687407541347584,0.019269329917107593,0.10202486504970554,0.029368122868775562,-0.049909218957361515,0.07010100483444281,流入
2002-06-30,交通运输,1353.54,539.2462363068,0.10202486504970554,0.09258955893284714,0.019179072286631682,0.054168335683639324,0.029368122868775562,-0.0864252257044491,0.0013544711188530623,-0.16555107348138953,0.05472207374552246,大幅流入
2002-09-30,交通运输,1236.56,425.8312017964,-0.0864252257044491,0.10549803325892335,0.01290847432607621,0.2566972934995091,0.0013544711188530623,-0.15615093485152354,3.04987461262618e-05,-0.12513747816523266,0.09760852418106301,大幅流入
2002-12-31,交通运输,1043.47,262.9735617384,-0.15615093485152354,0.09113925070490136,-0.014358782554021982,0.043237774206986046,3.04987461262618e-05,0.11831677000776253,0.03813293721888114,0.12075095594506796,0.20111427699362683,大幅流出
2003-03-31,交通运输,1166.93,370.7368734921,0.11831677000776253,0.09339737106792217,0.00225812036302081,0.0009750868748639174,0.03813293721888114,-0.03210989519508456,0.014574583422301182,0.14043687282013498,0.07484702428048912,流入
2003-06-30,交通运输,1129.46,674.4662807323,-0.03210989519508456,0.10039863084136623,0.007001259773444055,0.25075751172896,0.014574583422301182,-0.04217944858605005,0.04207092141702615,-0.009411577213889726,0.12441212183070212,流入
2003-09-30,交通运输,1081.82,396.9999609526,-0.04217944858605005,0.1275294864792615,0.02713085563789526,-0.06770579685606248,0.04207092141702615,0.08102087223382837,0.09433453094692434,0.11162670314839833,0.148362322043044,大幅流入
2003-12-31,交通运输,1169.47,552.9326530488,0.08102087223382837,0.10302811418025154,-0.02450137229900995,1.1026168919552628,0.09433453094692434,0.13795993056683797,-0.0710008866348702,0.020068920109109437,0.14788157396192178,大幅流出
2004-03-31,交通运输,1330.81,999.1770017015,0.13795993056683797,0.09550902769100325,-0.007519086489248289,1.695110934852266,-0.0710008866348702,-0.15928644960587912,0.061360299959922815,-0.11405835543766571,0.31240375521486113,大幅流出
2004-06-30,交通运输,1118.83,532.1572130743,-0.15928644960587912,0.08719258826061198,-0.008316439430391273,-0.21099508118254373,0.061360299959922815,0.07485498243701016,0.06426723780212748,-0.0038611764074970236,0.2796634107456684,大幅流出
2004-09-30,交通运输,1202.58,448.3281380124,0.07485498243701016,0.08680694652783673,-0.00038564173277524927,0.12929013125502142,0.06426723780212748,-0.008016098721082887,0.09387640095105115,-0.06102712501455203,0.1491709857241412,中性
2004-12-31,交通运输,1192.94,484.5476707331,-0.008016098721082887,0.09706852752509453,0.010261580997257796,-0.12367687445954578,0.09387640095105115,-0.011668650560799465,0.06214957416166142,-0.11656914849028457,-0.008121469594235672,大幅流入
2005-03-31,交通运输,1179.02,432.7364393283,-0.011668650560799465,0.1001564011634642,0.0030878736383696814,-0.5669071259732836,0.06214957416166142,-0.05471493274075079,0.034882699839886094,-0.07923529711116033,-0.16417244272621379,流入
2005-06-30,交通运输,1114.51,571.5559182929,-0.05471493274075079,0.11554821739965829,0.01539181623619408,0.07403583800169056,0.034882699839886094,0.013171707746004957,-0.044260373103646854,0.2990372450673389,-0.21405715248346374,大幅流入
2005-09-30,交通运输,1129.19,616.8762795221,0.013171707746004957,0.08732386224303013,-0.02822435515662816,0.37594816657489893,-0.044260373103646854,-0.06669382477705255,-0.055847623635245536,0.2692195290429422,-0.20744770958372447,大幅流出
2005-12-31,交通运输,1053.88,352.5248017159,-0.06669382477705255,0.08137643554393365,-0.005947426699096481,-0.2724662133190219,-0.055847623635245536,0.030098303412152916,-0.10495705188037774,0.6928492807530268,-0.14615410059575143,流出
2006-03-31,交通运输,1085.6,752.1055429055,0.030098303412152916,0.10218026066433054,0.0208038251203969,0.7380222106391816,-0.10495705188037774,0.3336311717022846,-0.02688222124347267,1.4935151068533536,-0.09138923712151062,大幅流入
2006-06-30,交通运输,1447.79,1739.6309115422,0.3336311717022846,0.09491120721980446,-0.00726905344452608,2.043675790704887,-0.02688222124347267,-0.01008433543538767,-0.0362230119762442,1.2966037892235753,-0.13587708521435812,大幅流出
2006-09-30,交通运输,1433.19,1209.3178145318,-0.01008433543538767,0.09134193017420604,-0.0035692770455984235,0.9603895540750409,-0.0362230119762442,0.2448175050063146,0.017170279765893137,2.4025076926297277,-0.045005080908221085,流出
2006-12-31,交通运输,1784.06,2500.9526246817,0.2448175050063146,0.12447179778241298,0.03312986760820694,6.094401904513996,0.017170279765893137,0.5173032297120053,-0.04754984890434477,1.6857504792439717,-0.055925718732489124,大幅流入
2007-03-31,交通运输,2706.96,5970.6750473633,0.5173032297120053,0.12232599978490505,-0.0021457979975079283,6.938613275335878,-0.04754984890434477,0.22831515796317636,-0.0745284936479732,0.24892868753140046,-0.09585231127670783,流出
2007-06-30,交通运输,3325.0,11666.866697411,0.22831515796317636,0.10557236782203032,-0.01675363196287473,5.706518388471384,-0.0745284936479732,0.46659849624060135,0.06512871138081555,-0.29483007518797,-0.02351860441146418,大幅流出
2007-09-30,交通运输,4876.44,9294.3797820068,0.46659849624060135,0.10300784643723561,-0.00256452138479471,6.68563868845777,0.06512871138081555,-0.017410241897777845,0.005538649053661915,-0.5732850193993979,0.006125890547721122,中性
2007-12-31,交通运输,4791.54,6393.9143441938,-0.017410241897777845,0.11710829316789471,0.014100446730659105,1.556591548793358,0.005538649053661915,-0.2944230873581354,-0.0878306719879049,-0.6858442170993042,-0.14272343657729036,大幅流入
2008-03-31,交通运输,3380.8,6048.4734395604,-0.2944230873581354,0.09797428884374346,-0.019134004324151258,0.013030083127946623,-0.0878306719879049,-0.30646888310459064,-0.00048883675615502,-0.36252662091812593,-0.07110650447491736,大幅流出
2008-06-30,交通运输,2344.69,4010.7038805394,-0.30646888310459064,0.09092675740279692,-0.007047531440946539,-0.6562312757520905,-0.00048883675615502,-0.1125266026638917,0.09746440447037144,0.027901343034686815,-0.14003907139564206,大幅流出
2008-09-30,交通运输,2080.85,2443.5159095267,-0.1125266026638917,0.08733708293898104,-0.0035896744638158756,-0.7370974753735415,0.09746440447037144,-0.27659850541845876,-0.14322379977702102,0.06748684431842757,-0.2675818106842552,流出
2008-12-31,交通运输,1505.29,2675.5419661215,-0.27659850541845876,0.09449123554223161,0.0071541526032505715,-0.5815486692355971,-0.14322379977702102,0.43173076284304024,-0.011627995258600865,0.7871240757594878,-0.19733394031268414,流入
2009-03-31,交通运输,2155.17,4993.486479677,0.43173076284304024,0.08980188934936503,-0.004689346192866581,-0.17442202076695834,-0.011627995258600865,0.1182922924873675,-0.07466189371073167,0.2998046557812143,-0.16943556372044025,大幅流出
2009-06-30,交通运输,2410.11,6753.0351629129,0.1182922924873675,0.08726980204283004,-0.002532087306534994,0.6837531176708771,-0.07466189371073167,-0.07834912099447744,-0.06530300944581968,-0.1267286555385441,-0.12656731359039397,大幅流出
2009-09-30,交通运输,2221.28,7996.9495053504,-0.07834912099447744,0.07904450198867405,-0.00822530005415599,2.2727225037382217,-0.06530300944581968,0.211076496434488,-0.06104847381066303,0.054702693942231276,-0.19383684031675893,大幅流出
2009-12-31,交通运输,2690.14,6352.8264521257,0.211076496434488,0.06986082276333913,-0.009183679225334918,1.374407328521495,-0.06104847381066303,0.041321269525006254,0.02272498886065822,-0.11505349163984022,-0.1675342918481093,大幅流出
2010-03-31,交通运输,2801.3,6675.8262557679,0.041321269525006254,0.09759025641048953,0.0277294336471504,0.33690684513472857,0.02272498886065822,-0.2486773997786743,-0.026902052736852144,-0.13521579266768996,-0.194430724294894,大幅流入
2010-06-30,交通运输,2104.68,4261.1093953074,-0.2486773997786743,0.06515135992103499,-0.03243889648945454,-0.3690082618392019,-0.026902052736852144,0.11313358800387707,-0.137290954442019,0.046268316323621855,-0.19527887434841756,大幅流出
2010-09-30,交通运输,2342.79,4249.8144051945,0.11313358800387707,0.05635691498788009,-0.008794444933154899,-0.46857055901739275,-0.137290954442019,0.016151682395776135,-0.03041346186467995,-0.21706170847579148,-0.09304465301799957,大幅流出
2010-12-31,交通运输,2380.63,6062.9723311776,0.016151682395776135,0.05352786622388104,-0.002829048763999052,-0.045626009640340914,-0.03041346186467995,0.01759618252311368,-0.010318598767230326,-0.3272201056022984,-0.053465862025407256,中性
2011-03-31,交通运输,2422.52,4045.5591431787,0.01759618252311368,0.05231274897095544,-0.0012151172529255988,-0.39399873690790777,-0.010318598767230326,-0.09100440863233328,-0.027926586691840075,-0.319316249195053,-0.058597139723324795,流出
2011-06-30,交通运输,2202.06,3155.9978440944,-0.09100440863233328,0.045039297170377954,-0.0072734518005774865,-0.2593483172316622,-0.027926586691840075,-0.16702542165063616,-0.02768977125459604,-0.2580856107463011,-0.05834656644961363,大幅流出
2011-09-30,交通运输,1834.26,2321.5936751668,-0.16702542165063616,0.03776609387970788,-0.007273203290670077,-0.4537188089133628,-0.02768977125459604,-0.12681953485329223,0.011898503183860154,-0.23799788470554872,-0.1025178339714338,流出
2011-12-31,交通运输,1601.64,1400.0971997555,-0.12681953485329223,0.035351684766163884,-0.002414409113543993,-0.7690741235027932,0.011898503183860154,0.029550960265727566,-0.015683783073267267,-0.04230039209809935,-0.05877441238362387,流出
2012-03-31,交通运输,1648.97,1799.2094354036,0.029550960265727566,0.03554811476996253,0.00019643000379864634,-0.5552630991843776,-0.015683783073267267,-0.009236068576141454,-0.02766784983460488,-0.060286118000933885,-0.0776741180663118,中性
2012-06-30,交通运输,1633.74,1932.7248424443999,-0.009236068576141454,0.03855936231094665,0.0030112475409841202,-0.38760261003949226,-0.02766784983460488,-0.14447219263775135,-0.07329909385450913,-0.1990279971109234,-0.10226700566309241,流入
2012-09-30,交通运输,1397.71,1511.5184540919,-0.14447219263775135,0.03520531222356154,-0.0033540500873851103,-0.34893066333698486,-0.07329909385450913,0.09743079751879868,0.06121859499662219,0.16000457891837366,0.02912940724013802,中性
2012-12-31,交通运输,1533.89,1615.5840435549999,0.09743079751879868,0.0423891510019158,0.007183838778354261,0.15390848852289007,0.06121859499662219,0.010215856417344016,-0.03544874382590076,0.0527417220270032,-0.02882294619811116,流入
2013-03-31,交通运输,1549.56,2398.7462845445,0.010215856417344016,0.04088155371507902,-0.001507597286836783,0.3332223794204434,-0.03544874382590076,-0.15551511396783602,-0.05359410404056976,0.01170009551098388,-0.004432665540022245,中性
2013-06-30,交通运输,1308.58,1975.2521914983001,-0.15551511396783602,0.03706519844283567,-0.0038163552722433464,0.022003830095190358,-0.05359410404056976,0.2390148099466598,0.062337198528428284,0.1668984700973575,-0.013529533134417043,流出
2013-09-30,交通运输,1621.35,4169.9217398975,0.2390148099466598,0.06021660275147273,0.02315140430863706,1.7587633671351588,0.062337198528428284,-0.00404601104018254,0.0014592346481369159,0.21637524285317788,-0.011270730962506442,大幅流入
2013-12-31,交通运输,1614.79,3848.5768299337,-0.00404601104018254,0.05942828696526503,-0.0007883157862077009,1.38215823267549,0.0014592346481369159,-0.029167879414660702,-0.011224864405457294,0.6476136215854694,0.1661690796006858,中性
2014-03-31,交通运输,1567.69,2756.3059656122,-0.029167879414660702,0.0307394206236217,-0.028688866341643332,0.1490610671797652,-0.011224864405457294,-0.02596814421218485,-0.062241765356986334,1.1652431284246245,0.1157721480891168,流出
2014-06-30,交通运输,1526.98,2767.8337440835,-0.02596814421218485,0.0300719506088549,-0.0006674700147667988,0.4012558781084039,-0.062241765356986334,0.29154933266971406,0.06476971896562086,2.0231699170912516,0.3187066254933283,中性
2014-09-30,交通运输,1972.17,6044.7965805703,0.29154933266971406,0.032693940757955745,0.002621990149100844,0.44961871172164636,0.06476971896562086,0.34904698884984575,0.18118359646025436,0.6896515006312847,0.2676155838657704,流入
2014-12-31,交通运输,2660.55,14828.4032052957,0.34904698884984575,0.04558655523406246,0.012892614476106713,2.852957563419918,0.18118359646025436,0.27583770273063823,-0.05395557443762816,0.32557178027099637,-0.14290196303280542,大幅流入
2015-03-31,交通运输,3394.43,15702.629459535201,0.27583770273063823,0.03916680933258795,-0.006419745901474511,4.696983446483057,-0.05395557443762816,0.35996912589153407,0.10831588622509664,-0.15879543840939425,-0.11382889520378903,大幅流出
2015-06-30,交通运输,4616.32,42759.877275301,0.35996912589153407,0.044967602341271666,0.005800793008683719,14.448860455113746,0.10831588622509664,-0.278152294468321,0.023517030169062703,-0.4255467558574796,-0.2528612329319446,大幅流入
2015-09-30,交通运输,3332.28,23483.0448205047,-0.278152294468321,0.04118254239439012,-0.0037850599468815457,2.8848362401451033,0.023517030169062703,0.05835944158354023,-0.20134293494837757,-0.20299014488578399,-0.290883292067897,大幅流出
2015-12-31,交通运输,3526.75,16075.5787348071,0.05835944158354023,0.029431667309219308,-0.011750875085170812,0.08410720373896985,-0.20134293494837757,-0.1903565605727653,-0.021865413723970578,-0.22603813709505907,-0.10260293220062001,大幅流出
2016-03-31,交通运输,2855.41,9210.1786880424,-0.1903565605727653,0.029550363559865237,0.00011869625064592909,-0.41346264892917983,-0.021865413723970578,-0.07128573479815503,-0.06556898518307634,0.009641347477245007,-0.05257882190299236,中性
2016-06-30,交通运输,2651.86,7200.9288525516,-0.07128573479815503,0.023827803376996137,-0.0057225601828691,-0.8315961290957444,-0.06556898518307634,0.0015083752535955952,-0.028569980655524383,0.06960774701530231,0.037907973462274425,流出
2016-09-30,交通运输,2655.86,7615.5589854147,0.0015083752535955952,0.024682728511830183,0.0008549251348340461,-0.6756996784861127,-0.028569980655524383,0.027753721958235777,0.010711636515563443,0.09298682912502912,0.036973196263070246,中性
2016-12-31,交通运输,2729.57,8321.2146751447,0.027753721958235777,0.027540373286697103,0.00285764477486692,-0.4823692003618213,0.010711636515563443,0.05618833735716611,0.03265929354946041,0.06532164406847951,0.06358390931702469,流入
2017-03-31,交通运输,2882.94,8479.540517652,0.05618833735716611,0.032883510831782495,0.005343137545085391,-0.07932942401421483,0.03265929354946041,-0.016125899255621134,0.023677138901390747,-0.04381985056921062,0.011284354670873046,大幅流入
2017-06-30,交通运输,2836.45,9823.7914216278,-0.016125899255621134,0.039907639242355075,0.00702412841057258,0.36423947837601633,0.023677138901390747,0.023398967018632533,-0.029444885421576555,-0.13659680234095425,0.009221094653402396,流入
2017-09-30,交通运输,2902.82,9171.9702123927,0.023398967018632533,0.02922284809931804,-0.010684791143037036,0.20437255229180606,-0.029444885421576555,0.001739687614113139,0.03664842778127054,-0.21611398571044707,0.034361366135067614,大幅流出
2017-12-31,交通运输,2907.87,7691.2194781577,0.001739687614113139,0.029072394659260772,-0.0001504534400572667,-0.07570952337869408,0.03664842778127054,-0.05201745607609687,-0.01811960662074534,-0.3017088109165815,-0.001679392730621019,中性
2018-03-31,交通运输,2756.61,7622.7037534472,-0.05201745607609687,0.027790818352255213,-0.0012815763070055594,-0.1010475464349877,-0.01811960662074534,-0.11158996013219136,0.02158859466381932,-0.07574158114495694,-0.03859531790557462,中性
2018-06-30,交通运输,2449.0,6476.1038959623,-0.11158996013219136,0.027404383440957057,-0.00038643491129815646,-0.34077347349774956,0.02158859466381932,-0.07085340955492037,-0.005267805495596634,0.0014046549612086623,-0.029710135692021335,流出
2018-09-30,交通运输,2275.48,4973.4970938693,-0.07085340955492037,0.02636863522644618,-0.0010357482145108773,-0.45775040926873445,-0.005267805495596634,-0.10764322252887304,0.0005279797083082849,0.022676534181799005,-0.05708231515857521,流出
2018-12-31,交通运输,2030.54,4711.9363683351,-0.10764322252887304,0.026280433066308152,-8.820216013802687e-05,-0.38736160348608806,0.0005279797083082849,0.254749967988811,-0.054427605142268354,0.17284564697075677,-0.09835036439645531,中性
2019-03-31,交通运输,2547.82,7734.3999538326,0.254749967988811,0.023145427809092005,-0.0031350052572161474,0.014653094754585982,-0.054427605142268354,-0.03743592561483944,0.031029989094207955,-0.20480253707090765,-0.13245550631590888,流出
2019-06-30,交通运输,2452.44,9142.3951066252,-0.03743592561483944,0.0264178909972207,0.0032724631881286964,0.41171223524151146,0.031029989094207955,-0.05111643913816444,-0.033329510714534286,-0.12738741824468666,-0.22088034961301548,大幅流入
2019-09-30,交通运输,2327.08,5526.0287376772,-0.05111643913816444,0.019096794906203043,-0.007321096091017658,0.11109519788178646,-0.033329510714534286,0.02338982759509789,-0.04326146086987227,-0.012367430427832048,-0.2068235724319626,大幅流出
2019-12-31,交通运输,2381.51,5018.1385462792,0.02338982759509789,0.01893334523085631,-0.00016344967534673294,0.06498436184364098,-0.04326146086987227,-0.14927084076909192,-0.09019413733872828,0.0024438276555629815,-0.19466844340438905,流出
2020-03-31,交通运输,2026.02,8334.6230435454,-0.14927084076909192,0.017285659507382888,-0.001647685723473423,0.07760435111910313,-0.09019413733872828,0.05627288970493893,-0.07405818319436072,0.1852005409620833,-0.0987161002124558,流出
2020-06-30,交通运输,2140.03,6682.1680286287,0.05627288970493893,0.017899962096777824,0.0006143025893949362,-0.26910093572893734,-0.07405818319436072,0.07395690714616143,-0.01588896526219466,0.1367270552281976,-0.0634422800850256,流入
2020-09-30,交通运输,2298.3,13215.0652208681,0.07395690714616143,0.020123886382947636,0.002223924286169812,1.3914217330731606,-0.01588896526219466,0.038737327589957626,-0.02859980428933631,0.025122916938606653,-0.06941318293477411,流入
2020-12-31,交通运输,2387.33,9303.64421492,0.038737327589957626,0.02040614040039074,0.00028225401744310513,0.8540030589267753,-0.02859980428933631,0.005826592888289461,0.018205941681077246,0.025656277096170188,-0.05737196754219086,中性
2021-03-31,交通运输,2401.24,10585.32772291,0.005826592888289461,0.02030655582208146,-9.958457830928219e-05,0.27004276829383644,0.018205941681077246,0.013072412586830229,-0.0378193187231689,-0.052914327597408044,-0.04198581228292416,中性
2021-06-30,交通运输,2432.63,11694.96508812,0.013072412586830229,0.023849278169882242,0.003542722347800783,0.7501752482150639,-0.0378193187231689,-0.03148444276359341,-0.0221630381322772,-0.0006207273609222718,0.03459141687299627,流入
2021-09-30,交通运输,2356.04,14059.486482280001,-0.03148444276359341,0.018585521762322615,-0.005263756407559626,0.06389838016678584,-0.0221630381322772,0.03927777117536202,-0.016030489127707735,-0.03424390078266921,0.11391973197493467,流出
2021-12-31,交通运输,2448.58,10533.56465609,0.03927777117536202,0.01738765263947711,-0.0011978691228455053,0.13219770799033914,-0.016030489127707735,-0.07122495487180325,0.03482572611902214,-0.034138153542053074,0.1320574355562883,流出
2022-03-31,交通运输,2274.18,10268.06880833,-0.07122495487180325,0.019448494531434428,0.002060841891957318,-0.02997157224460345,0.03482572611902214,0.06900948913454519,0.03909095198494644,0.046891626872103305,0.03398221918418992,中性
2022-06-30,交通运输,2431.12,14331.39798248,0.06900948913454519,0.02819992693640188,0.008751432404967452,0.2254331564476535,0.03909095198494644,-0.06406923557866329,0.052813573276134604,-0.10372585475007419,-0.04637058820646435,大幅流入
2022-09-30,交通运输,2275.36,12416.28206679,-0.06406923557866329,0.022278218350238584,-0.005921708586163296,-0.11687513747824496,0.052813573276134604,0.039391568806694144,-8.735666487291738e-06,-0.07710867730820638,-0.0927735496745623,流出
2022-12-31,交通运输,2364.99,11757.90111678,0.039391568806694144,0.025124792293948612,0.0028465739437100283,0.11623192154444584,-8.735666487291738e-06,0.006693474391012311,-0.054825870883796694,-0.15630932900350533,-0.09383597909505718,流入
2023-03-31,交通运输,2380.82,9362.51584947,0.006693474391012311,0.019458319066052877,-0.005666473227895735,-0.0881911658135136,-0.054825870883796694,-0.08479011433035688,-0.041658865156101205,-0.13635218118127376,0.006183087113790422,大幅流出
2023-06-30,交通运输,2178.95,9378.13111701,-0.08479011433035688,0.017347681735087026,-0.0021106373309658505,-0.3456234256787316,-0.041658865156101205,-0.03627435232566145,0.0015843776686484679,-0.05369099795773194,0.14003633115140543,中性
2023-09-30,交通运输,2099.91,8004.06284203,-0.03627435232566145,0.017083614668986356,-0.00026406706610066985,-0.3553575217626074,0.0015843776686484679,-0.049806896486039864,-0.0011797995602755643,0.09278969098675671,0.08063044792839065,中性
2023-12-31,交通运输,1995.32,8069.46115899,-0.049806896486039864,0.016369600977155476,-0.0007140136918308802,-0.31369884141363746,-0.0011797995602755643,0.03050638494076141,0.0494989882124135,0.1301094561273379,0.05176253850201032,中性
2024-03-31,交通运输,2056.19,10136.01001216,0.03050638494076141,0.019769329595541608,0.0033997286183861317,0.0826160590941789,0.0494989882124135,0.0028061609092544515,0.08582993030905085,0.044446281715211096,-0.050329954340017254,流入
2024-06-30,交通运输,2061.96,12026.92350329,0.0028061609092544515,0.024692909532743623,0.004923579937202015,0.28244352240668036,0.08582993030905085,0.11290228714427064,-0.050606945495312694,0.07364837339230644,-0.12498732613395251,流入
2024-09-30,交通运输,2294.76,11076.65497491,0.11290228714427064,0.025745185093870696,0.0010522755611270737,0.3838790616117558,-0.050606945495312694,-0.017356934930014667,-0.02786223399917983,-0.029388694242535263,-0.20898776106727268,流入
2024-12-31,交通运输,2254.93,20400.59362121,-0.017356934930014667,0.018398945480537544,-0.0073462396133331526,1.5281234049292336,-0.02786223399917983,-0.047606799324147464,-0.05237378631556632,0.01125977303064846,-0.18382886129073217,大幅流出
2025-03-31,交通运输,2147.58,11471.73508964,-0.047606799324147464,0.013475209239270217,-0.004923736241267327,0.13178016555602778,-0.05237378631556632,0.030844019780404075,0.0004684837913516045,0.04026858137997172,-0.15392840365012272,大幅流出
2025-06-30,交通运输,2213.82,16535.94554161,0.030844019780404075,0.022409358531178265,0.008934149291908049,0.37491067745517315,0.0004684837913516045,0.00609805675258146,-0.14174783051668283,-0.12044791356117492,-0.24925918932822325,大幅流入
2025-09-30,交通运输,2227.32,17674.71856415,0.00609805675258146,0.012884625154022234,-0.009524733377156031,0.5956729359346693,-0.14174783051668283,0.023795413321839654,0.003057536163674348,-0.06438679668839692,-0.05033966796247534,大幅流出
2025-12-31,交通运输,2280.32,17096.1391425,0.023795413321839654,0.014630547987817285,0.0017459228337950508,-0.161978349261094,0.003057536163674348,-0.02028662643839474,-0.017657467497662508,,,流入
2026-03-31,交通运输,2234.06,18187.44586832,-0.02028662643839474,0.012708337951234461,-0.0019222100365828242,0.5854136907977316,-0.017657467497662508,-0.12841642570029443,-0.11225891069568275,,,流出
2026-06-30,交通运输,1947.17,15944.13815103,-0.12841642570029443,0.009301730685635638,-0.003406607265598823,-0.03578914729071969,-0.11225891069568275,0.07022499319525255,0.08565836392207424,,,流出
2026-09-30,交通运输,2083.91,8873.02920332,0.07022499319525255,0.008874783198218628,-0.00042694748741700997,-0.49798186765375996,0.08565836392207424,,,,,中性
2014-03-31,传媒,860.69,2528.6357517695,,0.028200351828613582,,,,0.06106728322624866,0.024793662081447176,0.8484123203476284,-0.0668251649226606,
2014-06-30,传媒,913.25,4619.8389367972,0.06106728322624866,0.05019361030090794,0.021993258472294355,,0.024793662081447176,0.09674240350396945,-0.13003721020012374,1.1164084314262255,-0.12286194380788253,大幅流入
2014-09-30,传媒,1001.6,7689.8324659431,0.09674240350396945,0.041591296535644376,-0.008602313765263561,,-0.13003721020012374,0.00911541533546334,-0.15874797705412805,0.41461661341853057,0.043271010355739964,大幅流出
2014-12-31,传媒,1010.73,8978.9260640962,0.00911541533546334,0.02760366731984356,-0.013987629215800816,,-0.15874797705412805,0.5740207572744453,0.24422748010617895,0.7674057364479139,0.24147379699628405,大幅流出
2015-03-31,传媒,1590.91,15742.5531384232,0.5740207572744453,0.039266390305500234,0.011662722985656675,5.225710099766961,0.24422748010617895,0.2149084486237436,-0.03674479104269385,-0.10957250881570928,-0.04063758112227764,大幅流入
2015-06-30,传媒,1932.81,34730.4921757128,0.2149084486237436,0.03652365396699111,-0.002742736338509126,6.517684631618444,-0.03674479104269385,-0.2669326007212296,0.03473672391615412,-0.3107392863240566,-0.0576724946488393,大幅流出
2015-09-30,传媒,1416.88,22319.9319566882,-0.2669326007212296,0.03914277518405977,0.0026191212170686637,1.9025251272429156,0.03473672391615412,0.26077720060979037,0.0010748240778725715,-0.08607644966405051,-0.14219041828254436,流入
2015-12-31,传媒,1786.37,26266.1628628002,0.26077720060979037,0.04808890427029364,0.008946129086233871,1.9253123007471937,0.0010748240778725715,-0.2070007893101653,-0.03850964246137059,-0.3238522814422544,-0.21533150058306516,大幅流入
2016-03-31,传媒,1416.59,15510.8288707394,-0.2070007893101653,0.049765661207016657,0.0016767569367230131,-0.014719611593257076,-0.03850964246137059,-0.0595655764900217,-0.05384882687494301,-0.19252571315624142,-0.2463413835523378,流入
2016-06-30,传媒,1332.21,12709.556074599599,-0.0595655764900217,0.042055797155551196,-0.007709864051465461,-0.6340519446053963,-0.05384882687494301,-0.027991082486995222,-0.0580694383961152,-0.2049301536544539,-0.23069765090907468,大幅流出
2016-09-30,传媒,1294.92,14024.0443748793,-0.027991082486995222,0.04545322025683917,0.0033974231012879746,-0.371680684238064,-0.0580694383961152,-0.06723967503784034,-0.08428176048051267,-0.20727921415994824,-0.2516364107028104,流入
2016-12-31,传媒,1207.85,13354.024230224899,-0.06723967503784034,0.04419725082667649,-0.001255969430162679,-0.4915883107868142,-0.08428176048051267,-0.05297843275241132,-0.07650747656011703,-0.23100550565053604,-0.2319955285879694,流出
2017-03-31,传媒,1143.86,9935.8796585747,-0.05297843275241132,0.03853116872263024,-0.005666082104046254,-0.35942303655232977,-0.07650747656011703,-0.07401255398387907,-0.03420951582686719,-0.20272585805955273,-0.15527474732297403,大幅流出
2017-06-30,传媒,1059.2,7432.374393704,-0.07401255398387907,0.030192875977094875,-0.008338292745535363,-0.4152136903854725,-0.03420951582686719,-0.03086291540785502,-0.0837067678480641,-0.3089784743202418,-0.1815409971353847,大幅流出
2017-09-30,传媒,1026.51,10426.8828482437,-0.03086291540785502,0.0332211298737005,0.003028253896605628,-0.2564995824656009,-0.0837067678480641,-0.09515737791156442,-0.06024863774440702,-0.38904638045416023,-0.17605960759607228,流入
2017-12-31,传媒,928.83,8250.5950086451,-0.09515737791156442,0.03118680398423799,-0.002034325889462514,-0.38216414270306076,-0.06024863774440702,-0.018151868479700295,0.015745980975651233,-0.39582054843189834,-0.12062207268292623,中性
2018-03-31,传媒,911.97,11752.1307191518,-0.018151868479700295,0.04284586422766434,0.011659060243426354,0.18279720799654298,0.015745980975651233,-0.19741877474039726,-0.06424021994438658,-0.21234251126681797,-0.15949964570415595,大幅流入
2018-06-30,传媒,731.93,8443.789109079,-0.19741877474039726,0.03573087123942663,-0.007114992988237714,0.13608231526008363,-0.06424021994438658,-0.14315576626180093,-0.0775701622024772,-0.1735821731586354,-0.18215039756109253,流出
2018-09-30,传媒,627.15,7081.0756753926,-0.14315576626180093,0.03754265820833619,0.0018117869689095595,-0.3208827817044734,-0.0775701622024772,-0.1051901458981106,0.0029810563390707256,-0.03873076616439455,-0.10056528133167861,流入
2018-12-31,传媒,561.18,8419.2233664113,-0.1051901458981106,0.04695751785575349,0.009414859647417305,0.020438326883031932,0.0029810563390707256,0.2800171068106492,-0.02916046632043018,0.21199971488648917,-0.048039087364871606,大幅流入
2019-03-31,传媒,718.32,16232.9463010514,0.2800171068106492,0.04857758701160441,0.0016200691558509173,0.38127686706185626,-0.02916046632043018,-0.1579240449938747,-0.0894581302848273,-0.11840126962913476,-0.029103408918176282,流入
2019-06-30,传媒,604.88,13957.3007870216,-0.1579240449938747,0.04033105619552124,-0.008246530816083168,0.6529665303950234,-0.0894581302848273,-0.003339505356434347,0.014447423067195802,0.3188731649252744,0.2042786131486623,大幅流出
2019-09-30,传媒,602.86,11581.914195689,-0.003339505356434347,0.04002466337322807,-0.0003063928222931736,0.6356150854222946,0.014447423067195802,0.1282055535281823,0.06155426506321214,0.3462827190392462,0.10109389179845345,流入
2019-12-31,传媒,680.15,14881.6201402873,0.1282055535281823,0.056148081427412865,0.016123418054184796,0.7675763538544296,0.06155426506321214,-0.06892597221201202,-0.009849268781648372,0.07861501139454531,-0.13228198208573783,大幅流入
2020-03-31,传媒,633.27,25049.2586057179,-0.06892597221201202,0.05195111439456688,-0.004196967032845986,0.5431122694033352,-0.009849268781648372,0.2597470273343123,0.12941595443501266,0.05978492586100708,-0.1874496862200023,流出
2020-06-30,传媒,797.76,20678.7019463421,0.2597470273343123,0.0553933961948051,0.0034422818002382213,0.4815688407009535,0.12941595443501266,0.017373646209386306,-0.07247222619896979,-0.1484657039711191,-0.3083911973887976,大幅流入
2020-09-30,传媒,811.62,28396.6452774924,0.017373646209386306,0.04324237933527088,-0.012151016859534222,1.4518093294165615,-0.07247222619896979,-0.09610408812005622,-0.16344121999935016,-0.25410906581897935,-0.32856134170047585,大幅流出
2020-12-31,传媒,733.62,13157.75386328,-0.09610408812005622,0.028859548633350676,-0.014382830701920202,-0.11583861573918786,-0.16344121999935016,-0.08518033859491292,-0.07280098980212514,-0.0047436002290013705,-0.076363430828549,大幅流出
2021-03-31,传媒,671.13,13396.22066408,-0.08518033859491292,0.025698883382826235,-0.0031606652505244415,-0.4652049038680093,-0.07280098980212514,0.012203298913772365,-0.03868843239622676,-0.11251173394126322,-0.08172970164069933,流出
2021-06-30,传媒,679.32,12546.64973652,0.012203298913772365,0.02558609943780919,-0.0001127839450170455,-0.39325738293068224,-0.03868843239622676,-0.108844138255903,-0.09952273362458679,-0.16438497320850268,-0.11820939680162135,中性
2021-09-30,传媒,605.38,14069.02442403,-0.108844138255903,0.018598130161938474,-0.006987969275870715,-0.5045532918924999,-0.09952273362458679,0.20608543394231726,0.1507771736392475,-0.21834219828867812,-0.06922956042483369,大幅流出
2021-12-31,传媒,730.14,21839.23856464,0.20608543394231726,0.0360498185059404,0.017451688344001924,0.6597999013789011,0.1507771736392475,-0.18423863916509164,-0.07818795817426626,-0.26066233872955863,-0.10917821546193465,大幅流入
2022-03-31,传媒,595.62,19623.37424379,-0.18423863916509164,0.037168146590430946,0.0011183280844905483,0.4648440583251363,-0.07818795817426626,-0.046959470803532466,-0.07687800795313121,0.21668177697189486,0.2378648111417102,流出
2022-06-30,传媒,567.65,13312.31239955,-0.046959470803532466,0.02619466973709036,-0.010973476853340585,0.06102526802843289,-0.07687800795313121,-0.16638773892363246,-0.049504930068834566,0.35756187791773125,0.48379960477833767,大幅流出
2022-09-30,传媒,473.2,11153.37256904,-0.16638773892363246,0.02001221203722813,-0.006182457699862233,-0.20723909257062945,-0.049504930068834566,0.1407861369399832,0.10138583246680177,0.3748098055790365,0.3769702072744453,流出
2022-12-31,传媒,539.82,11835.99830203,0.1407861369399832,0.02529167374146717,0.005279461704239041,-0.4580397907647882,0.10138583246680177,0.34244748249416457,0.28092813721935556,0.1679633952058094,0.2724407965713033,流入
2023-03-31,传媒,724.68,22997.21758575,0.34244748249416457,0.04779561440638815,0.022503940664920983,0.1719298271563916,0.28092813721935556,0.06339349781972747,0.10652474699398315,-0.14282165921510176,-0.002427623221476748,大幅流入
2023-06-30,传媒,770.62,51161.2209009,0.06339349781972747,0.0946381071338938,0.046842492727505645,2.843150563581232,0.10652474699398315,-0.1557966312839013,-0.11793790128959139,-0.3563753860527886,-0.20530646570355648,大幅流入
2023-09-30,传媒,650.56,24008.879981269998,-0.1557966312839013,0.05124378235515354,-0.04339432477874026,1.1526116726267044,-0.11793790128959139,-0.030850344318740675,0.017776752607023626,-0.06176217412690591,-0.038578239484436366,大幅流出
2023-12-31,传媒,630.49,29164.97366992,-0.030850344318740675,0.05916367550192056,0.00791989314676702,1.464090727768852,0.017776752607023626,-0.014766292883313104,0.004226310388338983,0.02233183714254005,-0.012381557693782607,大幅流入
2024-03-31,传媒,621.18,27285.2026654,-0.014766292883313104,0.053217209131238195,-0.005946466370682364,0.18645669040880009,0.004226310388338983,-0.20153578672848438,-0.11851201732868798,0.08021829421423754,0.019115089333255817,大幅流出
2024-06-30,传媒,495.99,15110.70182425,-0.20153578672848438,0.031024325798729765,-0.02219288333250843,-0.7046454021588022,-0.11851201732868798,0.2306296497913265,0.06712041715174316,0.4654932559124176,0.21725749082781917,大幅流出
2024-09-30,传媒,610.38,12528.60225052,0.2306296497913265,0.029119908910924905,-0.00190441688780486,-0.4781679836671301,0.06712041715174316,0.05601428618237825,0.045508987113213085,0.4328942625905174,0.20389854003223368,流出
2024-12-31,传媒,644.57,45541.53772203,0.05601428618237825,0.04107313175320119,0.011953222842276283,0.5615147895367505,0.045508987113213085,0.04101959445832093,0.03625260746690207,0.27168499930186024,0.05530895193851584,大幅流入
2025-03-31,传媒,671.01,33108.26918992,0.04101959445832093,0.038890442587639636,-0.002182689165561552,0.21341481666559692,0.03625260746690207,0.08324764161487908,0.0528721056258266,0.16372334242410716,-0.027163111493915405,流出
2025-06-30,传媒,726.87,21117.6888478,0.08324764161487908,0.02861849414957249,-0.010271948438067145,0.3975319673047779,0.0528721056258266,0.20325505248531384,0.05540916521604955,-0.08378389533203996,-0.19704509484691354,大幅流出
2025-09-30,传媒,874.61,37150.19661478,0.20325505248531384,0.02708197904494813,-0.00153651510462436,1.965230747367535,0.05540916521604955,-0.0627937023358982,-0.08353157949406351,-0.23990121311212997,-0.2288066886425852,中性
2025-12-31,传媒,819.69,30654.8385573,-0.0627937023358982,0.02623382290194584,-0.0008481561430022898,-0.3268817854942301,-0.08353157949406351,-0.04735936756578707,-0.044730208625054835,,,流出
2026-03-31,传媒,780.87,50072.20601852,-0.04735936756578707,0.034987568933777254,0.008753746031831412,0.5123776398968258,-0.044730208625054835,-0.14714357063275574,-0.13098605562814405,,,大幅流入
2026-06-30,传媒,665.97,32111.21434251,-0.14714357063275574,0.018733522312302152,-0.0162540466214751,0.520583742564958,-0.13098605562814405,-0.0017718515849063365,0.013661519141915346,,,大幅流出
2026-09-30,传媒,664.79,19989.54675297,-0.0017718515849063365,0.019993498229092438,0.001259975916790286,-0.46192621911946297,0.013661519141915346,,,,,流入
1999-12-31,公用事业,1000.0,2.66992229,,0.09367261497919076,,,,0.3896700000000002,0.019480000000000164,0.5294500000000002,-0.039343804192538155,
2000-03-31,公用事业,1389.67,837.2868422414,0.3896700000000002,0.0681520623422974,-0.02552055263689336,,0.019480000000000164,0.12207934257773423,0.04206189380226147,0.1105298380190979,-0.05087470104563279,大幅流出
2000-06-30,公用事业,1559.32,925.6366283148,0.12207934257773423,0.08442560780521073,0.016273545462913333,,0.04206189380226147,-0.07841238488571944,-0.07725991372038075,-0.008734576610317363,-0.11766240197256413,流入
2000-09-30,公用事业,1437.05,744.8002047212,-0.07841238488571944,0.07668219846519796,-0.007743409340012775,,-0.07725991372038075,0.06429838906092344,-0.020021889623515837,-0.13931317629866752,-0.035170696983267254,大幅流出
2000-12-31,公用事业,1529.45,612.5378769754,0.06429838906092344,0.08120570664934838,0.0045235081841504265,228.42161248273632,-0.020021889623515837,0.009035927947955047,0.0072430324198222915,-0.22113831769590375,0.01937120525965398,流入
2001-03-31,公用事业,1543.27,431.7625739346,0.009035927947955047,0.07393577682482723,-0.007269929824521154,-0.48433135199069854,0.0072430324198222915,0.0015745786544156815,-0.03126553534464958,-0.22901371762556133,0.030180090856549432,流出
2001-06-30,公用事业,1545.7,657.2653208447,0.0015745786544156815,0.07713690764772452,0.0032011308228972885,-0.2899315987081158,-0.03126553534464958,-0.1998123827392121,0.009009109779635427,-0.16817623083392644,0.07188380003469107,中性
2001-09-30,公用事业,1236.85,241.3505466703,-0.1998123827392121,0.05778313837817404,-0.01935376926955048,-0.6759526311346217,0.009009109779635427,-0.03688401988923462,0.0353763762969274,-0.04574523992400052,0.06841307998534388,大幅流出
2001-12-31,公用事业,1191.23,262.019838202,-0.03688401988923462,0.06960284064504618,0.011819702266872144,-0.5722389617833822,0.0353763762969274,-0.001166861143524045,0.017923317138010632,-0.1742400711869246,0.021185752148812367,大幅流入
2002-03-31,公用事业,1189.84,349.0632666847,-0.001166861143524045,0.06918624129255613,-0.00041659935249005464,-0.19153885084636046,0.017923317138010632,0.08060747663551404,0.007950734454584066,-0.0837507564042224,0.03139958160671581,中性
2002-06-30,公用事业,1285.75,427.8136217802,0.08060747663551404,0.07345637647354145,0.004270135180985318,-0.3491005713942351,0.007950734454584066,-0.08203772117441188,0.005741975648890285,-0.11286019832782408,0.11838732743948314,流入
2002-09-30,公用事业,1180.27,258.181708803,-0.08203772117441188,0.06396351978727836,-0.009492856686263082,0.06973741043848736,0.005741975648890285,-0.16657205554661225,-0.010390621948962453,-0.11887110576393528,0.10754633407234877,大幅流出
2002-12-31,公用事业,983.67,232.9029122976,-0.16657205554661225,0.08071760816362349,0.016754088376345122,-0.11112489078766918,-0.010390621948962453,0.10828834873484006,0.02810451594595867,0.2113005377819798,0.2971677935590507,大幅流入
2003-03-31,公用事业,1090.19,294.17215063140003,0.10828834873484006,0.07410890978168382,-0.0066086983819396705,-0.1572526280826958,0.02810451594595867,0.046276337152239666,0.09296081576962541,0.21329309569891472,0.13698905649062518,流出
2003-06-30,公用事业,1140.64,705.1840594363,0.046276337152239666,0.1049711691764498,0.030862259394765987,0.6483441001759549,0.09296081576962541,-0.08825746949081226,-0.00400709948773606,-0.037505260204797636,0.09297232092843141,大幅流入
2003-09-30,公用事业,1039.97,202.9434792866,-0.08825746949081226,0.06519214167082713,-0.03977902750562268,-0.21395097961237963,-0.00400709948773606,0.14572535746223436,0.15903901617533034,0.017606277104146997,0.04618860129877225,大幅流出
2003-12-31,公用事业,1191.52,612.2086220191001,0.14572535746223436,0.11407302401790247,0.04888088234707534,1.6286001148703053,0.15903901617533034,0.11011145427688995,-0.09884936292481822,-0.21462501678528276,-0.10986871840354162,大幅流入
2004-03-31,公用事业,1322.72,997.5043696005,0.11011145427688995,0.09534914464187459,-0.018723879376027874,2.390886484187895,-0.09884936292481822,-0.16999818555703405,0.05064856400876788,-0.366336034837305,-0.04236574463981817,大幅流出
2004-06-30,公用事业,1097.86,675.3531551574,-0.16999818555703405,0.11065487442697262,0.015305729785098032,-0.042302295237282905,0.05064856400876788,-0.03605195562275698,-0.046639700257639666,-0.26057056455285743,-0.03554130250556614,大幅流入
2004-09-30,公用事业,1058.28,466.7648206407,-0.03605195562275698,0.09037672497217178,-0.020278149454800845,1.2999744671841729,-0.046639700257639666,-0.11574441546660619,-0.013851915794472147,-0.21615262501417393,-0.024351981001387784,大幅流出
2004-12-31,公用事业,935.79,513.4985209221,-0.11574441546660619,0.1028681971307581,0.012491472158586314,-0.16123605180771272,-0.013851915794472147,-0.10432896269462166,-0.03051073797216078,-0.15522713429295038,-0.04643082289085079,大幅流入
2005-03-31,公用事业,838.16,430.74444703620003,-0.10432896269462166,0.0996953566084187,-0.00317284052233939,-0.5681778845653449,-0.03051073797216078,-0.03146177340841849,0.05813585917221839,-0.047270210938245835,-0.1392926451932745,流出
2005-06-30,公用事业,811.79,466.1674080689,-0.03146177340841849,0.0942424201870951,-0.0054529364213236065,-0.3097427553140646,0.05813585917221839,0.021852942263393293,-0.03557913858625852,0.2847904014585052,-0.23083526195217569,大幅流出
2005-09-30,公用事业,829.53,678.9589277085,0.021852942263393293,0.09611216679919109,0.0018697466120959905,0.45460604073917543,-0.03557913858625852,-0.04701457451810065,-0.03616837337629364,0.2001856472942508,-0.2595440504321485,流出
2005-12-31,公用事业,790.53,393.6312844808,-0.04701457451810065,0.09086541058589825,-0.005246756213292833,-0.23343248628263225,-0.03616837337629364,0.010132442791544793,-0.12492291250098586,0.5626731433342184,-0.22164426809609897,中性
2006-03-31,公用事业,798.54,626.650707251,0.010132442791544793,0.08513609986841916,-0.005729310717479091,0.4548085565879294,-0.12492291250098586,0.3061086482831168,-0.0544047446626405,1.4136924887920455,-0.1146299090535028,流出
2006-06-30,公用事业,1042.98,1520.6831248892,0.3061086482831168,0.08296580051803562,-0.002170299350383542,2.262096617154414,-0.0544047446626405,-0.04543711288807073,-0.07157578942892726,1.3639667107710598,-0.08582724656193047,流出
2006-09-30,公用事业,995.59,834.3487808379,-0.04543711288807073,0.06301985066658039,-0.01994594985145523,0.22886487943216816,-0.07157578942892726,0.24081198083548427,0.013164755595062805,2.487198545586035,-0.008801395788290565,大幅流出
2006-12-31,公用事业,1235.34,1577.9050204234,0.24081198083548427,0.07853194526105522,0.015512094594474835,3.0085864173744676,0.013164755595062805,0.5602425243252871,-0.0046105542910629405,1.7512344779574855,-0.019830951602409642,大幅流入
2007-03-31,公用事业,1927.43,4347.5702621856,0.5602425243252871,0.08907215260221402,0.010540207341158792,5.937788806235584,-0.0046105542910629405,0.27920080106670553,-0.02364285054444404,0.2687827832917407,-0.08803413512231505,大幅流入
2007-06-30,公用事业,2465.57,10915.3188767444,0.27920080106670553,0.09877168302661164,0.009699530424397626,6.177904915292404,-0.02364285054444404,0.408120637418528,0.006650852558742204,-0.22750925749421028,0.01326968071441637,大幅流入
2007-09-30,公用事业,3471.82,8592.85009993,0.408120637418528,0.09523292616741563,-0.00353875685919601,9.298870565017877,0.006650852558742204,-0.0210581193725482,0.0018907715788915591,-0.5347368239136823,0.06504451689640665,流出
2007-12-31,公用事业,3398.71,4578.3422446763,-0.0210581193725482,0.08385502478609028,-0.011377901381325356,1.9015322122796663,0.0018907715788915591,-0.2804652353392906,-0.07387281996906009,-0.5542897158039375,0.1386972351347672,大幅流出
2008-03-31,公用事业,2445.49,5019.9799944379,-0.2804652353392906,0.08131456224111623,-0.0025404625449740453,0.15466333876206706,-0.07387281996906009,-0.22116631022821587,0.08481373612021975,-0.21113968979631886,0.020681073224495198,流出
2008-06-30,公用事业,1904.63,3513.1386160182,-0.22116631022821587,0.07964644415935372,-0.0016681180817625096,-0.6781460390036698,0.08481373612021975,-0.15190351931871293,0.058087487815550204,0.09229089114421146,-0.1668933576325894,中性
2008-09-30,公用事业,1615.31,1648.0566381823,-0.15190351931871293,0.058905472534838445,-0.020740971624515277,-0.808206052821086,0.058087487815550204,-0.06219858726807859,0.07117611837335916,0.23128687372702447,-0.2369874941113411,大幅流出
2008-12-31,公用事业,1514.84,1643.9152774215,-0.06219858726807859,0.05805761511395182,-0.0008478574208866246,-0.6409365683980821,0.07117611837335916,0.27350083177101214,-0.16985792633062896,0.5212629716669748,-0.36850987778093747,流出
2009-03-31,公用事业,1929.15,3061.5722169234,0.27350083177101214,0.05505871910902407,-0.0029988960049277535,-0.3901226259236892,-0.16985792633062896,0.07840758883446064,-0.11454659736363854,0.19529844750278622,-0.25296961186542494,流出
2009-06-30,公用事业,2080.41,4990.8764511906,0.07840758883446064,0.06449733925681966,0.009438620147795597,0.42063180440266024,-0.11454659736363854,-0.043981715142688116,-0.03093560359403036,-0.12551852759792528,-0.14726962271663271,大幅流入
2009-09-30,公用事业,1988.91,6413.2488650681,-0.043981715142688116,0.06339067944965408,-0.0011066598071655803,2.891400766506119,-0.03093560359403036,0.15865976841586593,-0.1134652018292851,0.002348019769622641,-0.2561037041167038,中性
2009-12-31,公用事业,2304.47,5265.7189837715,0.15865976841586593,0.0579061089452113,-0.00548457050444278,2.2031571554166955,-0.1134652018292851,0.0006248725303432678,-0.017971408134004767,-0.12144224051517263,-0.18690684476710454,大幅流出
2010-03-31,公用事业,2305.91,3823.9403945614,0.0006248725303432678,0.055900095255062905,-0.0020060136901483977,0.24901198587571138,-0.017971408134004767,-0.2110359901297102,0.010739356912111975,-0.09818683296399248,-0.17269218687331703,流出
2010-06-30,公用事业,1819.28,3534.0152498837,-0.2110359901297102,0.054034261538828496,-0.0018658337162344094,-0.29190488194901276,0.010739356912111975,0.09580713249197492,-0.15461740995392115,0.07223187194934264,-0.18055348205411287,中性
2010-09-30,公用事业,1993.58,3464.8165000559,0.09580713249197492,0.04594703446427748,-0.008087227074551014,-0.4597408313704806,-0.15461740995392115,0.015564963532940679,-0.031000180727515404,-0.1740185997050532,-0.046694815715698425,大幅流出
2010-12-31,公用事业,2024.61,5523.677028939,0.015564963532940679,0.04876661625990695,0.0028195817956294666,0.04898819058945314,-0.031000180727515404,0.027111394293221958,-0.0008033869971220478,-0.22719931246017752,0.0712594125363187,大幅流入
2011-03-31,公用事业,2079.5,4144.7247425325,0.027111394293221958,0.05359505011202185,0.0048284338521148995,0.08388842787072104,-0.0008033869971220478,-0.06194277470545806,0.0011350472350351443,-0.26023082471748027,0.005622705952997398,流入
2011-06-30,公用事业,1950.69,4388.109774648,-0.06194277470545806,0.06262278680780363,0.009027736695781781,0.24167822275028583,0.0011350472350351443,-0.15585767087543378,-0.016522020479393662,-0.14329288610696725,0.07269444920495048,大幅流入
2011-09-30,公用事业,1646.66,2911.8035398906,-0.15585767087543378,0.04736722322388015,-0.015255563583923479,-0.15960815245378168,-0.016522020479393662,-0.04982206405693956,0.08889597398021282,-0.07443552403046179,0.07235078970658819,大幅流出
2011-12-31,公用事业,1564.62,2280.0312238162,-0.04982206405693956,0.057569535240436814,0.010202312016556664,-0.5872258258636542,0.08889597398021282,-0.016790019301811343,-0.062024762640806176,0.05687643005969493,0.032834168896541595,大幅流入
2012-03-31,公用事业,1538.35,2337.6127659379,-0.016790019301811343,0.04618568870090962,-0.011383846539527197,-0.4360028925564845,-0.062024762640806176,0.08633925959632083,0.0679074783378574,0.20265869275522477,0.18169734262936982,大幅流出
2012-06-30,公用事业,1671.17,2542.7872178352,0.08633925959632083,0.05073058071119202,0.004544892010282402,-0.4205278927783491,0.0679074783378574,-0.08801019644919439,-0.016837097665952164,0.014965563048642595,0.12726934973162132,流入
2012-09-30,公用事业,1524.09,1903.9663494497,-0.08801019644919439,0.04434595529685539,-0.006384625414336632,-0.34612128759166416,-0.016837097665952164,0.08498185802675695,0.048769655504580456,0.17308689119408985,0.005993935498605254,大幅流出
2012-12-31,公用事业,1653.61,2013.7842968394,0.08498185802675695,0.05283699537919219,0.008491040082336802,-0.11677336880113842,0.048769655504580456,0.11883092143854967,0.07316632119530489,0.10784284081494458,-0.011872785040510389,大幅流入
2013-03-31,公用事业,1850.11,4085.0170648580997,0.11883092143854967,0.06962047034320804,0.016783474964015846,0.7475165794703829,0.07316632119530489,-0.083200458351125,0.01872055157614126,-0.06122879180156849,-0.11052374147220738,大幅流入
2013-06-30,公用事业,1696.18,3667.9083043071,-0.083200458351125,0.06882753997409477,-0.000792930369113265,0.44247551607160074,0.01872055157614126,0.054068554044971684,-0.12260905737325983,0.04088009527290728,-0.14411794788637053,中性
2013-09-30,公用事业,1787.89,4119.8265129998,0.054068554044971684,0.05949319244163852,-0.009334347532456252,1.163812671474234,-0.12260905737325983,0.024637981083847516,0.03014322677216697,0.23536682905547854,-0.0008689188219854022,大幅流出
2013-12-31,公用事业,1831.94,4726.9736020984,0.024637981083847516,0.07299216206827697,0.013498969626638449,1.3473088004099072,0.03014322677216697,-0.051917639223992174,-0.033974624214788765,0.5567595008570148,0.08952617580532933,大幅流入
2014-03-31,公用事业,1736.83,3289.9206448626,-0.051917639223992174,0.0366905038056275,-0.036301658262649465,-0.19463723342441375,-0.033974624214788765,0.016518599978120996,-0.019755021166680486,0.9255079656615791,-0.04938445659967607,大幅流出
2014-06-30,公用事业,1765.52,2572.7228958677,0.016518599978120996,0.027952110931584055,-0.008738392874043446,-0.2985858199217687,-0.019755021166680486,0.2510195296569848,0.024239915952891627,1.5204189134079484,0.0463197096743535,流出
2014-09-30,公用事业,2208.7,6039.222171346,0.2510195296569848,0.03266379095845287,0.0047116800268688155,0.46589235063410883,0.024239915952891627,0.2912074976230363,0.12334410523344494,0.3941775705165937,0.015095564338796412,大幅流入
2014-12-31,公用事业,2851.89,13354.3368019989,0.2912074976230363,0.0410548731249216,0.008391082166468729,1.825134626533695,0.12334410523344494,0.17265392423971493,-0.15713935292855147,0.22897096311568807,-0.20615449354068063,大幅流入
2015-03-31,公用事业,3344.28,15318.9486289247,0.17265392423971493,0.03820980057327055,-0.0028450725516510483,3.656327699832553,-0.15713935292855147,0.33058535768536124,0.0789321180189238,-0.1530703170787137,-0.08018248735017701,大幅流出
2015-06-30,公用事业,4449.85,45972.5350199655,0.33058535768536124,0.04834613205478248,0.010136331481511926,16.869213623358522,0.0789321180189238,-0.30799465150510696,-0.006325326867723247,-0.39294358236794513,-0.1820487299172724,大幅流入
2015-09-30,公用事业,3079.32,28009.794655140002,-0.30799465150510696,0.04912116655486899,0.0007750345000865147,3.6379804982232136,-0.006325326867723247,0.1382025901822479,-0.1214997863496699,-0.06711871452138786,-0.14939260790577022,中性
2015-12-31,公用事业,3504.89,20560.178783122,0.1382025901822479,0.037642211938080955,-0.011478954616788037,0.5395881568633583,-0.1214997863496699,-0.19188048697676674,-0.02338934012797203,-0.17688714909740375,-0.044112405347288455,大幅流出
2016-03-31,公用事业,2832.37,9161.2349763099,-0.19188048697676674,0.02939333028997413,-0.008248881648106825,-0.40196711940061103,-0.02338934012797203,-0.04627220313730196,-0.04055545352222327,0.04646991741898153,-0.01742268694370304,大幅流出
2016-06-30,公用事业,2701.31,7241.9086901848,-0.04627220313730196,0.023963405260244732,-0.005429925029729398,-0.8424731486519137,-0.04055545352222327,0.06342478279057207,0.03334642688145209,0.07974279146043983,0.04854067985859605,流出
2016-09-30,公用事业,2872.64,9545.6754861669,0.06342478279057207,0.03093841396781723,0.006975008707572498,-0.6592022325156461,0.03334642688145209,0.004274813412053158,-0.012767272030619177,-0.01652486910994738,-0.07076645962872409,大幅流入
2016-12-31,公用事业,2884.92,9865.7186773737,0.004274813412053158,0.03265215304779846,0.0017137390799812323,-0.5201540423630684,-0.012767272030619177,0.02740803904441025,0.003878995236704548,-0.07048029061464428,-0.07372735987575295,中性
2017-03-31,公用事业,2963.99,8776.145259265,0.02740803904441025,0.03403373886752162,0.001381585819723155,-0.04203469489001266,0.003878995236704548,-0.01594809699088051,0.02385494116613137,-0.15906261492110285,-0.11108177061126885,流入
2017-06-30,公用事业,2916.72,15999.6342830361,-0.01594809699088051,0.06499604944495253,0.030962310577430915,1.209311794378316,0.02385494116613137,-0.03138799747661747,-0.08423184991682656,-0.2693025041827807,-0.1420120811905199,大幅流入
2017-09-30,公用事业,2825.17,9981.5916565818,-0.03138799747661747,0.03180238596671333,-0.0331936634782392,0.04566635132805508,-0.08423184991682656,-0.05082172046283939,-0.015912980295681993,-0.27718685955181466,-0.04084697031167233,大幅流出
2017-12-31,公用事业,2681.59,7824.60020011,-0.05082172046283939,0.029576566591884287,-0.002225819374829043,-0.2068899939286587,-0.015912980295681993,-0.0705029478779381,-0.036605098422586566,-0.2971818958155423,0.004967574009320062,流出
2018-03-31,公用事业,2492.53,7858.0764431968,-0.0705029478779381,0.028648939024064707,-0.0009276275678195799,-0.1046095739013655,-0.036605098422586566,-0.14494910793450844,-0.011770553138497758,-0.10929457218167876,-0.09370321942416389,中性
2018-06-30,公用事业,2131.24,5768.4709930598,-0.14494910793450844,0.024409952882381823,-0.004238986141682884,-0.6394623220122022,-0.011770553138497758,-0.04183949250201757,0.02374611155730616,-0.01855257971884898,-0.07316312998672254,流出
2018-09-30,公用事业,2042.07,6172.625266002,-0.04183949250201757,0.03272620873336522,0.0083162558509834,-0.3815990997856731,0.02374611155730616,-0.07707865058494556,0.03109255165223576,-0.03544932348058571,-0.13137143018341393,大幅流入
2018-12-31,公用事业,1884.67,6078.5043226194,-0.07707865058494556,0.033902352134332396,0.0011761434009671737,-0.2231546446892012,0.03109255165223576,0.1779834135418934,-0.13119415958918595,0.05119729183358361,-0.2088042597866463,中性
2019-03-31,公用事业,2220.11,9846.8530266438,0.1779834135418934,0.02946700807242169,-0.0044353440619107065,0.25308694790934494,-0.13119415958918595,-0.05783947642233955,0.01062643828670784,-0.17665340906531665,-0.1059693221037222,流出
2019-06-30,公用事业,2091.7,9308.3660914519,-0.05783947642233955,0.02689748122874283,-0.0025695268436788585,0.6136626330705384,0.01062643828670784,-0.05833532533346075,-0.0405483969098306,-0.10568915236410564,-0.2099948957345009,流出
2019-09-30,公用事业,1969.68,6289.7605714603,-0.05833532533346075,0.021736091747649573,-0.005161389481093258,0.018976578102588793,-0.0405483969098306,0.005828357905852677,-0.060822930559117486,0.005056658949677198,-0.20260329478566588,流出
2019-12-31,公用事业,1981.16,4898.2009120793,0.005828357905852677,0.018480822724046966,-0.0032552690236026076,-0.19417661778209838,-0.060822930559117486,-0.07734862403844212,-0.018271920608078467,0.009837670859496654,-0.19912322572650032,流出
2020-03-31,公用事业,1827.92,8065.9146011505,-0.07734862403844212,0.016728369439466196,-0.0017524532845807697,-0.18086371561293768,-0.018271920608078467,0.023365355157775047,-0.10696571774152461,0.22035428246312763,-0.08030945569394524,流出
2020-06-30,公用事业,1870.63,5530.1199479836,0.023365355157775047,0.014813895285996822,-0.0019144741534693737,-0.405897888667911,-0.10696571774152461,0.058274485066528436,-0.031571387341827656,0.1256314717501589,-0.08030262194726372,流出
2020-09-30,公用事业,1979.64,12834.9171596014,0.058274485066528436,0.019544997344886093,0.004731102058889271,1.040605045896287,-0.031571387341827656,0.010613040754884784,-0.056724091124409154,0.33171687781616865,0.19787831665299102,大幅流入
2020-12-31,公用事业,2000.65,8805.06275826,0.010613040754884784,0.019312577171766918,-0.0002324201731191758,0.7976115958302383,-0.056724091124409154,0.11499262739609617,0.12737197618888396,0.31381800914702696,0.1959045946178678,中性
2021-03-31,公用事业,2230.71,16225.21066824,0.11499262739609617,0.031125927773266025,0.011813350601499108,1.0115772941515746,0.12737197618888396,-0.056067350753795986,-0.10695908206379512,0.011606170232795733,0.023202121402361536,大幅流入
2021-06-30,公用事业,2105.64,18008.49353262,-0.056067350753795986,0.03672431413380315,0.005598386360537125,2.25643814275426,-0.10695908206379512,0.25202788700822576,0.26134929163954196,0.09820767082692186,0.1398181078166787,大幅流入
2021-09-30,公用事业,2636.32,31241.64781898,0.25202788700822576,0.04129897106571349,0.004574656931910337,1.4341137095387562,0.26134929163954196,-0.0029700491594345513,-0.058278309462504306,-0.16266993384718115,-0.03174520778621661,大幅流入
2021-12-31,公用事业,2628.49,28291.85695035,-0.0029700491594345513,0.04670109286261914,0.005402121796905655,2.2131351845061533,-0.058278309462504306,-0.1414842742411042,-0.035433593250278825,-0.16358441538678098,-0.01650861963463957,大幅流入
2022-03-31,公用事业,2256.6,13173.81919523,-0.1414842742411042,0.02495220429071187,-0.021748888571907272,-0.18806482919712963,-0.035433593250278825,0.02474076043605411,-0.0051777767135446386,-0.010741823982983179,-0.027407299604689295,大幅流出
2022-06-30,公用事业,2312.43,12554.68594797,0.02474076043605411,0.024703886311372932,-0.0002483179793389377,-0.30284640826680753,-0.0051777767135446386,-0.04538948205999749,0.0714933267948004,0.014958290629338124,0.07003722330323325,流出
2022-09-30,公用事业,2207.47,19679.67500721,-0.04538948205999749,0.03531073911771279,0.01060685280633986,-0.37008204172719217,0.0714933267948004,-0.004058945308429873,-0.04345924978161131,-0.014283319818615688,-0.036345042633806154,大幅流入
2022-12-31,公用事业,2198.51,10952.12955422,-0.004058945308429873,0.023402984724330726,-0.011907754393382066,-0.6128875678454004,-0.04345924978161131,0.0153967914633093,-0.046122553811499704,-0.011644249969297377,0.05502333178206234,大幅流出
2023-03-31,公用事业,2232.36,9022.51296923,0.0153967914633093,0.018751683730694656,-0.00465130099363607,-0.31511789895394293,-0.046122553811499704,0.05136268343815509,0.09449393261241076,0.03366392517335929,0.19555604799828727,大幅流出
2023-06-30,公用事业,2347.02,11850.21954376,0.05136268343815509,0.02192055480683012,0.0031688710761354627,-0.05611183004732245,0.09449393261241076,-0.07289243380968202,-0.0350337038153721,0.034724885173539374,0.24031088686856786,流入
2023-09-30,公用事业,2175.94,9138.87094654,-0.07289243380968202,0.01950571264139243,-0.0024148421654376882,-0.535618807567106,-0.0350337038153721,-0.0013925016314788596,0.04723459529428544,0.14902065314300944,0.1131140285831608,流出
2023-12-31,公用事业,2172.91,7657.11119765,-0.0013925016314788596,0.015533113360809337,-0.0039725992805830935,-0.30085640790291657,0.04723459529428544,0.06194458122977964,0.08093718450143172,0.10233281636146932,0.007133027133727875,大幅流出
2024-03-31,公用事业,2307.51,10098.65052577,0.06194458122977964,0.01969646344810509,0.004163350087295752,0.11927248652454292,0.08093718450143172,0.05244180956962263,0.13546557896941902,-0.006660859541237209,-0.1128353760727653,流入
2024-06-30,公用事业,2428.52,14143.99654071,0.05244180956962263,0.029039548386222854,0.009343084938117766,0.1935640929249991,0.13546557896941902,0.02951591916064089,-0.13399331347894244,-0.0255587765387975,-0.21708067572672746,大幅流入
2024-09-30,公用事业,2500.2,10639.32508238,0.02951591916064089,0.024728710440126336,-0.0043108379460965185,0.16418375361871984,-0.13399331347894244,-0.04196864250859922,-0.05247394157776438,-0.0331453483721303,-0.21016646106950773,大幅流出
2024-12-31,公用事业,2395.27,18616.43330037,-0.04196864250859922,0.016789841888691846,-0.00793886855143449,1.4312606699617296,-0.05247394157776438,-0.043055688920247026,-0.047822675911665884,0.010332864353496576,-0.18278448774267578,大幅流出
2025-03-31,公用事业,2292.14,11845.12249617,-0.043055688920247026,0.013913806660757404,-0.002876035227934441,0.17294112376136872,-0.047822675911665884,0.03241948572076736,0.00204394973171489,0.1530796548203861,-0.06039678417209563,大幅流出
2025-06-30,公用事业,2366.45,16589.7699832,0.03241948572076736,0.022482300910330138,0.008568494249572733,0.1729195447305465,0.00204394973171489,0.02150055991041433,-0.12634532735884996,0.0398952016733928,-0.11178913152508664,大幅流入
2025-09-30,公用事业,2417.33,22722.58679774,0.02150055991041433,0.016564451216352034,-0.0059178496939781035,1.1357169389787076,-0.12634532735884996,0.0011127980044098873,-0.019625079153755418,0.012009117497404336,0.026361358239997582,流出
2025-12-31,公用事业,2420.02,20449.89490682,0.0011127980044098873,0.017500627848557552,0.0009361766322055175,0.09848619103711775,-0.019625079153755418,0.09214799877686963,0.09477715771760187,,,中性
2026-03-31,公用事业,2643.02,36439.18081913,0.09214799877686963,0.025461597404518907,0.007960969555961355,2.076302573562429,0.09477715771760187,-0.06892115837186241,-0.05276364336725073,,,大幅流入
2026-06-30,公用事业,2460.86,47067.091049,-0.06892115837186241,0.027458706199545026,0.0019971087950261188,1.837115348595161,-0.05276364336725073,-0.005892249051144716,0.009541121675676967,,,大幅流入
2026-09-30,公用事业,2446.36,20562.32038373,-0.005892249051144716,0.02056638508409676,-0.006892321115448265,-0.09507132410755559,0.009541121675676967,,,,,大幅流出
1999-12-31,农林牧渔,1000.0,1.2396662266,,0.04349294269048109,,,,0.5379400000000001,0.16775000000000007,0.79334,0.15659183270667223,
2000-03-31,农林牧渔,1537.94,457.9124654991,0.5379400000000001,0.03727238662017839,-0.006220556070302696,,0.16775000000000007,0.042706477495870976,-0.037310971279601785,0.14354266096206603,-0.030462379113314314,流出
2000-06-30,农林牧渔,1603.62,496.8123331464,0.042706477495870976,0.04531333560921384,0.00804094898903545,,-0.037310971279601785,0.07421957820431291,0.0753720493696516,0.09752310397725157,-0.025209548670380916,流入
2000-09-30,农林牧渔,1722.64,434.8887641683,0.07421957820431291,0.04477472792414369,-0.0005386076850701499,,0.0753720493696516,0.04104165699159412,-0.04327862169284516,-0.2776610319045188,-0.16983552869126245,中性
2000-12-31,农林牧渔,1793.34,367.6417799282,0.04104165699159412,0.04873920724757514,0.003964479323431448,295.5651334525112,-0.04327862169284516,-0.019315913323742273,-0.02110880885187503,-0.38746696108936396,-0.17128692109846658,流入
2001-03-31,农林牧渔,1758.7,287.9913408863,-0.019315913323742273,0.04931613991739241,0.0005769326698172664,-0.3710777439255668,-0.02110880885187503,0.0007448683686814839,-0.032095245630383774,-0.3939045886165918,-0.16233325502679585,中性
2001-06-30,农林牧渔,1760.01,402.0459526599,0.0007448683686814839,0.04718426567921092,-0.0021318742381814873,-0.1907488485366855,-0.032095245630383774,-0.2929983352367317,-0.08417684271788417,-0.37126493599468186,-0.1644410624408977,流出
2001-09-30,农林牧渔,1244.33,194.677456984,-0.2929983352367317,0.046608862466694295,-0.0005754032125166245,-0.5523511458009048,-0.08417684271788417,-0.11721167214484896,-0.044951275958686934,-0.19915938697933816,-0.09830611310902317,中性
2001-12-31,农林牧渔,1098.48,208.1921920453,-0.11721167214484896,0.0553040871481664,0.008695224681472102,-0.43370910649502437,-0.044951275958686934,-0.029622751438351136,-0.010532573156816459,-0.2323392323938533,-0.053605154706949085,流入
2002-03-31,农林牧渔,1065.94,314.7694895988,-0.029622751438351136,0.06238902782797989,0.007084940679813495,0.09298247867484366,-0.010532573156816459,0.03812597331932377,-0.034530768861606206,-0.16450269245923782,-0.06654029633962451,流入
2002-06-30,农林牧渔,1106.58,332.004375678,0.03812597331932377,0.05700575477046432,-0.00538327305751557,-0.17421286427213423,-0.034530768861606206,-0.09946863308572351,-0.011688936262421346,-0.2899202949628585,-0.10182362380745402,大幅流出
2002-09-30,农林牧渔,996.51,181.0821752127,-0.09946863308572351,0.044862408537929534,-0.01214334623253479,-0.0698349052937205,-0.011688936262421346,-0.15378671563757518,0.0023947179600746216,-0.3132833589226399,-0.13195816912103228,大幅流出
2002-12-31,农林牧渔,843.26,170.6313433282,-0.15378671563757518,0.05913603129873908,0.014273622760809547,-0.18041430059455466,0.0023947179600746216,0.056127410288641766,-0.02405642250023962,-0.24406470127837193,-0.1818140371077347,大幅流入
2003-03-31,农林牧渔,890.59,208.5436833635,0.056127410288641766,0.05253707729556909,-0.006598954003169989,-0.33747173644654593,-0.02405642250023962,-0.11770848538609235,-0.07102400676870661,-0.11551892565602578,-0.1392122074536873,流出
2003-06-30,农林牧渔,785.76,267.5837509512,-0.11770848538609235,0.03983155718582248,-0.012705520109746613,-0.1940354689459859,-0.07102400676870661,-0.12909794339238434,-0.04484757338930814,-0.25636326613724286,-0.10820210970969868,大幅流出
2003-09-30,农林牧渔,684.32,115.0725693717,-0.12909794339238434,0.03696510610381204,-0.002866451082010439,-0.3645284565610326,-0.04484757338930814,-0.06849134907645549,-0.05517769036335952,-0.16176642506429745,-0.09331197994601935,流出
2003-12-31,农林牧渔,637.45,172.2343738272,-0.06849134907645549,0.032092484744008734,-0.004872621359803306,0.009394701276638662,-0.05517769036335952,0.23572044866264008,0.02675963146093191,-0.2295866342458232,-0.08063334269677346,中性
2004-03-31,农林牧渔,787.71,459.8198037517,0.23572044866264008,0.04395311570883494,0.011860630964826209,1.204908805366287,0.02675963146093191,-0.2582041614299678,-0.03755741186416589,-0.44083482499904786,-0.13082698891048816,大幅流入
2004-06-30,农林牧渔,584.32,238.5987883756,-0.2582041614299678,0.03909379672621278,-0.0048593189826221656,-0.1083210862863121,-0.03755741186416589,-0.018311883899233328,-0.028899628534116012,-0.3376916757940855,-0.12560537725941892,流出
2004-09-30,农林牧渔,573.62,177.5078372749,-0.018311883899233328,0.0343697217107707,-0.004724075015442079,0.5425729888895208,-0.028899628534116012,-0.14385830340643624,-0.0419658037343022,-0.26336250479411455,-0.06858380102602753,大幅流出
2004-12-31,农林牧渔,491.1,175.2806615254,-0.14385830340643624,0.03511364669683223,0.000743924986061531,0.017686874173307165,-0.0419658037343022,-0.10311545510079423,-0.029297230378333344,-0.15058032987171663,-0.02966360947938189,中性
2005-03-31,农林牧渔,440.46,149.9932789432,-0.10311545510079423,0.03471578922490818,-0.0003978574719240499,-0.6737998717771723,-0.029297230378333344,-0.12137310993052719,-0.03177547734989031,0.017708759024655962,-0.06083247555814212,中性
2005-06-30,农林牧渔,387.0,149.5740853078,-0.12137310993052719,0.03023854424974013,-0.004477244975168049,-0.37311464854405774,-0.03177547734989031,0.0918604651162791,0.03442838426662729,0.7436434108527128,0.11048328883798678,流出
2005-09-30,农林牧渔,422.55,264.23023711,0.0918604651162791,0.03740394239783733,0.007165398148097198,0.4885553289728619,0.03442838426662729,-0.012779552715655007,-0.0019333515738479967,0.635214767483138,0.07118797700165631,流入
2005-12-31,农林牧渔,417.15,234.9172924909,-0.012779552715655007,0.054228048118859215,0.016824105721021887,0.34023508609851993,-0.0019333515738479967,0.07457749011147063,-0.06047786518106002,0.8253625794078869,-0.06157077891178391,大幅流入
2006-03-31,农林牧渔,448.26,325.9779158836,0.07457749011147063,0.04428701361131517,-0.009941034507544043,1.17328348430227,-0.06047786518106002,0.5053540356043367,0.14484064265857938,1.7551197965466472,0.05583598108433529,大幅流出
2006-06-30,农林牧渔,674.79,782.3836665788,0.5053540356043367,0.042685478748030144,-0.0016015348632850285,4.23074344709364,0.14484064265857938,0.02396301071444462,-0.0021756658264119114,1.0318024866995659,-0.25546173974342434,中性
2006-09-30,农林牧渔,690.96,609.4294302729,0.02396301071444462,0.046031291193411594,0.0033458124453814506,1.306433347441581,-0.0021756658264119114,0.10201748292231105,-0.12562974231811042,1.6756831075604954,-0.2933936244471111,中性
2006-12-31,农林牧渔,761.45,778.7106341541,0.10201748292231105,0.038756236975012605,-0.007275054218398989,2.314828916582482,-0.12562974231811042,0.6219187077286754,0.05706562911232538,1.6206973537330096,-0.10918042201976504,流出
2007-03-31,农林牧渔,1235.01,1959.7397707487,0.6219187077286754,0.04015075764020031,0.0013945206651877068,5.0118789502552765,0.05706562911232538,0.110144857126663,-0.19269879448448657,0.6012259010048503,0.009228549010894808,流出
2007-06-30,农林牧渔,1371.04,4183.8823240293,0.110144857126663,0.03785955347673002,-0.002291204163470291,4.347609494871668,-0.19269879448448657,0.3484581047963591,-0.053011680063426714,0.14780021005951688,0.37734006317984903,流出
2007-09-30,农林牧渔,1848.79,2758.8234228788,0.3484581047963591,0.030575516188987625,-0.007284037287742396,3.526895627018554,-0.053011680063426714,0.0793708317331876,0.10231972268462736,-0.3905040594118316,0.3468701071421471,大幅流出
2007-12-31,农林牧渔,1995.53,1645.7971645974,0.0793708317331876,0.03014374082467695,-0.0004317753643106742,1.1134900339266602,0.10231972268462736,-0.009020160057728988,0.1975722553125015,-0.46510951977670084,0.3203623420506665,中性
2008-03-31,农林牧渔,1977.53,3565.0019386843,-0.009020160057728988,0.057746559220163564,0.027602818395486613,0.8191200647636623,0.1975722553125015,-0.2042194050153474,0.10176064133308821,-0.2593386699569665,0.024085350897259553,大幅流入
2008-06-30,农林牧渔,1573.68,3160.3511178226,-0.2042194050153474,0.0716483908952327,0.013901831675069136,-0.24463670986352826,0.10176064133308821,-0.2839522647552235,-0.07396125762096037,-0.025793045600122105,-0.20643817574622994,大幅流入
2008-09-30,农林牧渔,1126.83,2284.8084854453,-0.2839522647552235,0.08166450130937582,0.010016110414143117,-0.1718177877940702,-0.07396125762096037,-0.0527497492966994,0.08062495634473835,0.3740670731166192,-0.12335367218728209,大幅流入
2008-12-31,农林牧渔,1067.39,1956.7661960038,-0.0527497492966994,0.0691064680983872,-0.012558033210988612,0.18894736125181621,0.08062495634473835,0.3722069721470127,-0.0711517859546284,0.911597447980588,-0.15169726097303876,大幅流出
2009-03-31,农林牧渔,1464.68,2786.9427040119,0.3722069721470127,0.050119835379004676,-0.01898663271938253,-0.21824931600445374,-0.0711517859546284,0.04670644782478073,-0.14624773837331845,0.43763825545511614,-0.07448899055395473,大幅流出
2009-06-30,农林牧渔,1533.09,2843.3945556478,0.04670644782478073,0.03674532621476959,-0.013374509164235084,-0.10029156582866483,-0.14624773837331845,0.0099472307561852,0.022993342304842956,0.11397243475595037,0.11963961029597373,大幅流出
2009-09-30,农林牧渔,1548.34,3757.9768368137,0.0099472307561852,0.03714508980607799,0.0003997635913083955,0.6447666667700096,0.022993342304842956,0.31781133342805856,0.04568636318290753,0.5045790976142192,0.21886494751986227,中性
2009-12-31,农林牧渔,2040.42,3773.408767621,0.31781133342805856,0.04149545766989963,0.00435036786382164,0.9283902059056586,0.04568636318290753,0.0319836112172982,0.013387330552950168,0.21063800590074597,0.18168948270497406,中性
2010-03-31,农林牧渔,2105.68,3679.9589738393997,0.0319836112172982,0.05379530953592194,0.01229985186602231,0.3204286433811403,0.013387330552950168,-0.1889460886744424,0.032829258367379766,0.10777990957790391,0.06858242608382772,流入
2010-06-30,农林牧渔,1707.82,3306.7600597411,-0.1889460886744424,0.05055958315971693,-0.003235726376205006,0.16296208458756545,0.032829258367379766,0.3640781815413803,0.1136536390954842,0.278419271351782,0.033648574046485705,中性
2010-09-30,农林牧渔,2329.6,3399.0643966292,0.3640781815413803,0.0450750938688097,-0.005484489290907231,-0.0955068260848605,0.1136536390954842,0.06035800137362646,0.013792857113170374,-0.17222269917582395,-0.05088496409125504,大幅流出
2010-12-31,农林牧渔,2470.21,5086.1903386107,0.06035800137362646,0.044904198990707016,-0.0001708948781026856,0.3479033552512154,0.013792857113170374,-0.0556956695989409,-0.0836104508892849,-0.31175082280453886,-0.044751133571299326,流入
2011-03-31,农林牧渔,2332.63,3794.0712222662,-0.0556956695989409,0.04906078205851869,0.004156583067811671,0.031009108861815404,-0.0836104508892849,-0.06401358123662992,-0.0009357592961367206,-0.2786382752515401,-0.015447335206361242,中性
2011-06-30,农林牧渔,2183.31,3271.9788189659002,-0.06401358123662992,0.046694463571433135,-0.0023663184870855516,-0.010518223320358788,-0.0009357592961367206,-0.11675849970915708,0.02257715068688304,-0.23533075926002267,-0.04039652825401552,流出
2011-09-30,农林牧渔,1928.39,3427.0003233968,-0.11675849970915708,0.05574809120286479,0.009053627631431652,0.008218710653232542,0.02257715068688304,-0.11837335808627936,0.020344679950873024,-0.17715296179714698,-0.04130069600615951,流入
2011-12-31,农林牧渔,1700.12,2160.9444209864,-0.11837335808627936,0.05456265892200365,-0.00118543228086114,-0.5751349679971542,0.020344679950873024,-0.010263981366021135,-0.05549872470501597,-0.05051996329670853,-0.07818056817416282,流出
2012-03-31,农林牧渔,1682.67,2499.7757779081,-0.010263981366021135,0.04938964553190876,-0.005173013390094884,-0.34113630676258555,-0.05549872470501597,-0.007820903682837499,-0.026252684941300924,-0.037036376710822896,-0.06488237142326536,流出
2012-06-30,农林牧渔,1669.51,2052.1516383719,-0.007820903682837499,0.04094201968289816,-0.008447625849010605,-0.37281023138759906,-0.026252684941300924,-0.049559451575612035,0.02161364720763019,-0.12764224233457727,-0.03895539139164687,大幅流出
2012-09-30,农林牧渔,1586.77,2363.5099329524,-0.049559451575612035,0.05504934783152784,0.01410732814862968,-0.310326901104661,0.02161364720763019,0.017305595643981153,-0.018906606878195342,0.11924223422424164,-0.01907640464273454,大幅流入
2012-12-31,农林牧渔,1614.23,2091.3906716909,0.017305595643981153,0.05487320535255438,-0.0001761424789734553,-0.032186736789718506,-0.018906606878195342,0.003791281292009119,-0.04187331895123566,0.1728811879348047,0.07137909255696405,流出
2013-03-31,农林牧渔,1620.35,2954.3400845659,0.003791281292009119,0.05035047417810865,-0.004522731174445731,0.18184203186343195,-0.04187331895123566,-0.10117567192273269,0.0007453380045335661,0.028753047181164573,0.0045753517139023375,大幅流出
2013-06-30,农林牧渔,1456.41,2195.4534072501,-0.10117567192273269,0.04119722866881057,-0.00915324550929808,0.06983000973158604,0.0007453380045335661,0.21942310201110948,0.042745490592877966,0.16913506498856762,-0.01102661315885264,大幅流出
2013-09-30,农林牧渔,1775.98,3105.7813695851,0.21942310201110948,0.0448496673632604,0.003652438694449825,0.31405471425520304,0.042745490592877966,0.06605930246962233,0.07156454815794178,0.2453011858241646,0.016800628025657897,流入
2013-12-31,农林牧渔,1893.3,4470.018158776,0.06605930246962233,0.06902435201852578,0.02417468465526538,1.1373424962070655,0.07156454815794178,-0.11955844293033324,-0.10161542792112983,0.16267892040352827,-0.2148230438194415,大幅流入
2014-03-31,农林牧渔,1666.94,2498.9794715594,-0.11955844293033324,0.027869613194048466,-0.04115473882447731,-0.15413276737685022,-0.10161542792112983,0.021476477857631293,-0.014797143287170189,0.8123507744729862,-0.08876837072671942,大幅流出
2014-06-30,农林牧渔,1702.74,1848.4970072009,0.021476477857631293,0.020083543970076185,-0.007786069223972281,-0.15803405296757256,-0.014797143287170189,0.2988653581873921,0.07208574448329894,1.2971915853271787,-0.03522841307920499,流出
2014-09-30,农林牧渔,2211.63,4408.2438020781,0.2988653581873921,0.023842466787884806,0.0037589228178086208,0.4193670698291927,0.07208574448329894,-0.004670763192758276,-0.17253415558234966,0.29064536111374867,-0.07182458166637366,大幅流入
2014-12-31,农林牧渔,2201.3,7114.6187970696,-0.004670763192758276,0.021872278374928684,-0.001970188412956122,0.5916308489936328,-0.17253415558234966,0.37240721391904774,0.042613936750781345,0.6677145323218098,0.15134149921447967,流入
2015-03-31,农林牧渔,3021.08,7057.8798224224,0.37240721391904774,0.017604353080450278,-0.004267925294478406,1.8243048423355712,0.042613936750781345,0.2947422775960915,0.04308903792965407,0.07413573953685453,0.1621772220888236,大幅流出
2015-06-30,农林牧渔,3911.52,19812.9061662857,0.2947422775960915,0.02083586161799135,0.0032315085375410717,9.718386932250182,0.04308903792965407,-0.2702504397267559,0.03141888491062783,-0.1887808320039268,0.09583457810199461,流入
2015-09-30,农林牧渔,2854.43,13886.8505395104,-0.2702504397267559,0.024353562982964795,0.0035177013649734454,2.1502002073850743,0.03141888491062783,0.2861201711024619,0.026417794570544106,0.12772427419835158,0.04586872989652896,大幅流入
2015-12-31,农林牧渔,3671.14,11762.9014759442,0.2861201711024619,0.02153588424667491,-0.0028176787362898838,0.6533424785582544,0.026417794570544106,-0.11606476462352289,0.05242638222527182,-0.08577717003437635,0.04502426412052243,流出
2016-03-31,农林牧渔,3245.05,7217.5465050802,-0.11606476462352289,0.023157110242850998,0.0016212259961760865,0.022622471149274848,0.05242638222527182,-0.02217223155267256,-0.01645548193759387,-0.007010677801574784,-0.0700240056766342,流入
2016-06-30,农林牧渔,3173.1,7247.9053825573,-0.02217223155267256,0.023983248256848375,0.0008261380139973767,-0.6341826220884962,-0.01645548193759387,0.014468500835145504,-0.015609855073974475,-0.10020799848728378,-0.12457007980264789,流入
2016-09-30,农林牧渔,3219.01,6824.0277169961,0.014468500835145504,0.02211730272438393,-0.0018659455324644449,-0.5085978856342837,-0.015609855073974475,0.04263111950568632,0.025589034063013986,-0.09467507090689387,-0.13926810265467204,流出
2016-12-31,农林牧渔,3356.24,7401.1044742915,0.04263111950568632,0.024495123357971483,0.002377820633587553,-0.3708096178968108,0.025589034063013986,-0.03990775391509538,-0.06343679772280109,-0.12621266655543104,-0.12615046404646849,流入
2017-03-31,农林牧渔,3222.3,6012.2182721198,-0.03990775391509538,0.02331527802275734,-0.0011798453352141434,-0.16699971827157734,-0.06343679772280109,-0.11394655991062286,-0.07414352175361097,-0.15738137355305218,-0.1045229862588811,中性
2017-06-30,农林牧渔,2855.13,4108.2401092128,-0.11394655991062286,0.016689092547149308,-0.006626185475608032,-0.4331824310097053,-0.07414352175361097,0.020706587791098796,-0.03213726464911029,-0.1550612406440338,-0.011851656804695706,流出
2017-09-30,农林牧渔,2914.25,5730.6744618213,0.020706587791098796,0.018258523024657514,0.0015694304775082067,-0.16022110409247992,-0.03213726464911029,0.006310371450630514,0.041219111617787914,-0.21901689971690827,0.03018068493956539,流入
2017-12-31,农林牧渔,2932.64,4368.5433076913005,0.006310371450630514,0.01651285800489152,-0.0017456650197659948,-0.40974440735624174,0.041219111617787914,-0.07415502755196679,-0.04025717809661526,-0.22444282284903705,0.09574918121818676,中性
2018-03-31,农林牧渔,2715.17,4616.2255018741,-0.07415502755196679,0.01682981374392459,0.00031695573903307156,-0.23219262958553533,-0.04025717809661526,-0.11150683014323237,0.021671724652778307,0.24331073192470473,0.34158200596076665,流入
2018-06-30,农林牧渔,2412.41,5600.8035095169,-0.11150683014323237,0.02370044851318003,0.006870634769255438,0.36330968021002463,0.021671724652778307,-0.05655340510112283,0.009032198958200899,0.3383794628607909,0.3458171710583521,大幅流入
2018-09-30,农林牧渔,2275.98,3947.0781083216,-0.05655340510112283,0.02092673643600175,-0.0027737120771782788,-0.311236725342246,0.009032198958200899,-0.0006810253165669966,0.10749017692061433,0.4038919498413872,0.34365939472626056,流出
2018-12-31,农林牧渔,2274.43,3481.6439677481,-0.0006810253165669966,0.019418579561049858,-0.0015081568749518923,-0.20301946838473983,0.10749017692061433,0.48424000738646633,0.17506243425538698,0.45447430784856,0.1752401324876285,中性
2019-03-31,农林牧渔,3375.8,9426.9061816857,0.48424000738646633,0.028210304327896916,0.008791724766847059,1.0421242805098134,0.17506243425538698,-0.04356893180875654,0.024896982900290854,0.1333461697967887,0.21580054232247767,大幅流入
2019-06-30,农林牧渔,3228.72,14974.5745218783,-0.04356893180875654,0.043270573283587695,0.015060268955690778,1.6736475393992065,0.024896982900290854,-0.010372531529522444,0.007414396894107705,0.19856165910949222,0.045261003549132484,大幅流入
2019-09-30,农林牧渔,3195.23,10884.6428916088,-0.010372531529522444,0.0376150401663829,-0.005655533117204792,1.7576456793851571,0.007414396894107705,0.035324530628467965,-0.0313267578365022,0.22272575057194588,-0.04571401455809327,大幅流出
2019-12-31,农林牧渔,3308.1,8284.6045716652,0.035324530628467965,0.03125766198160695,-0.006357378184775955,1.379509406593236,-0.0313267578365022,0.1565400078594963,0.21561671128985993,0.18288443517426897,-0.07962365165778179,大幅流出
2020-03-31,农林牧渔,3825.95,13970.8594778489,0.1565400078594963,0.028974978076136398,-0.00228268390547055,0.48201957339843404,0.21561671128985993,0.011466433173460189,-0.11886463972583947,0.027242906990420437,-0.2301954374622735,流出
2020-06-30,农林牧渔,3869.82,14606.7242114204,0.011466433173460189,0.03912799088893434,0.01015301281279794,-0.024564992475776815,-0.11886463972583947,0.009579256916342205,-0.08026661549201389,-0.0672873673710924,-0.24211127327240123,大幅流入
2020-09-30,农林牧渔,3906.89,21941.4750907736,0.009579256916342205,0.03341245347043382,-0.005715537418500519,1.0158194723768794,-0.08026661549201389,0.0015894995763894304,-0.06574763230290451,-0.13713977101991612,-0.22269858545610874,大幅流出
2020-12-31,农林牧渔,3913.1,13411.87131893,0.0015894995763894304,0.029416916946067108,-0.003995536524366711,0.6188909443911119,-0.06574763230290451,0.004364825841404407,0.016744174634192192,-0.049316398763129106,-0.12787317549957963,流出
2021-03-31,农林牧渔,3930.18,16362.70740607,0.004364825841404407,0.03138969713924002,0.0019727801931729155,0.17120263302436234,0.016744174634192192,-0.08161203812548024,-0.13250376943547937,-0.05410948099069248,-0.0518687386118342,流入
2021-06-30,农林牧渔,3609.43,10671.73785664,-0.08161203812548024,0.021762633986621333,-0.00962706315261869,-0.2693955398777088,-0.13250376943547937,-0.06602981634219252,-0.0567084117108763,-0.023122764536228746,0.00393621029492618,大幅流出
2021-09-30,农林牧渔,3371.1,11672.8571544,-0.06602981634219252,0.015430587805963927,-0.006332046180657407,-0.4680003460975857,-0.0567084117108763,0.10353297143365658,0.04822471113058683,-0.024152353831093792,0.11736513110168405,流出
2021-12-31,农林牧渔,3720.12,12617.35478553,0.10353297143365658,0.020827344721618176,0.005396756915654249,-0.059239796931140454,0.04822471113058683,-0.0006989021859509226,0.10535177880487447,-0.11433770953625152,0.02560972946757634,大幅流入
2022-03-31,农林牧渔,3717.52,12513.82242213,-0.0006989021859509226,0.023702120767509677,0.0028747760458915014,-0.23522299142941316,0.10535177880487447,-0.05152628634143197,-0.08144482349103072,-0.09726645720803134,-0.11199941161058605,流入
2022-06-30,农林牧渔,3525.97,14850.70393464,-0.05152628634143197,0.029221766531286705,0.005519645763777028,0.39159189760267865,-0.08144482349103072,-0.06701418333111175,0.049868625523686136,-0.15548061951746614,-0.10050878580108777,大幅流入
2022-09-30,农林牧渔,3289.68,11699.12865248,-0.06701418333111175,0.02099144826329356,-0.008230318267993145,0.0022506484687081496,0.049868625523686136,0.0015472629556674278,-0.03785304151751401,-0.14469188492497756,-0.15800219345666253,大幅流出
2022-12-31,农林牧渔,3294.77,10092.21518402,0.0015472629556674278,0.021565482458639502,0.0005740341953459419,-0.20013224993925938,-0.03785304151751401,0.01856275248348127,-0.042956592791327734,-0.1312807874297752,-0.06722427264373655,中性
2023-03-31,农林牧渔,3355.93,8749.92606123,0.01856275248348127,0.01818516046767737,-0.0033803219909621304,-0.30077910920677264,-0.042956592791327734,-0.11269007398843234,-0.06955882481417666,-0.19799578656289027,-0.06499290501335599,流出
2023-06-30,农林牧渔,2977.75,6518.12142824,-0.11269007398843234,0.012057231300878797,-0.006127929166798574,-0.5610900697416665,-0.06955882481417666,-0.0550952900680044,-0.01723656007369448,-0.16720678364537,0.00932643454450374,大幅流出
2023-09-30,农林牧渔,2813.69,6821.11471235,-0.0550952900680044,0.014558768172937884,0.002501536872059087,-0.4169553207790352,-0.01723656007369448,0.017251367421428743,0.06587846434719305,-0.03757698964704729,-0.046428159765036954,流入
2023-12-31,农林牧渔,2862.23,5970.70966337,0.017251367421428743,0.012112101764183524,-0.0024466664087543603,-0.4083846257237942,0.06587846434719305,-0.05965977576924297,-0.04066717249759089,-0.11578035308133879,-0.17327924626625704,流出
2024-03-31,农林牧渔,2691.47,6149.64228216,-0.05965977576924297,0.011994296081480688,-0.00011780568270283558,-0.2971778002321167,-0.04066717249759089,-0.07862617825946416,0.004397591140332238,-0.06786997440060634,-0.14984642781194024,流出
2024-06-30,农林牧渔,2479.85,6908.76897067,-0.07862617825946416,0.01418464224277415,0.0021903461612934622,0.05993253527580911,0.004397591140332238,0.09198540234288366,-0.07152383029669968,0.07734742020686719,-0.12433298171503655,流入
2024-09-30,农林牧渔,2707.96,5062.71100368,0.09198540234288366,0.011767129351031948,-0.0024175128917422028,-0.25778832094500836,-0.07152383029669968,-0.06540716997296858,-0.07591246904213375,0.09463950723053488,-0.09303037761672475,流出
2024-12-31,农林牧渔,2530.84,11674.74329407,-0.06540716997296858,0.010529250734328624,-0.0012378786167033234,0.9553359570796007,-0.07591246904213375,-0.008708571067313597,-0.013475558058732455,0.17794882331557874,-0.033262298874851846,流出
2025-03-31,农林牧渔,2508.8,7539.45671276,-0.008708571067313597,0.008856180513321951,-0.0016730702210066735,0.22599923163528168,-0.013475558058732455,0.0649154974489794,0.034539961459926924,0.11275111607142844,-0.07978053847141188,流出
2025-06-30,农林牧渔,2671.66,12651.52334045,0.0649154974489794,0.017145225943584617,0.008289045430262666,0.8312268646063985,0.034539961459926924,0.10951243795991994,-0.03833344930934435,-0.16605406376559884,-0.275724726567033,大幅流入
2025-09-30,农林牧渔,2964.24,13816.02255741,0.10951243795991994,0.01007168918280903,-0.007073536760775587,1.7289771324824512,-0.03833344930934435,0.005721534018837904,-0.015016343139327402,-0.15431274120853886,-0.14098665399382537,大幅流出
2025-12-31,农林牧渔,2981.2,14864.34193636,0.005721534018837904,0.012720618742895791,0.002648929560086761,0.27320503431626686,-0.015016343139327402,-0.06357507044143285,-0.06094591150070061,,,流入
2026-03-31,农林牧渔,2791.67,15849.85154648,-0.06357507044143285,0.011074961893380466,-0.001645656849515325,1.1022538029371853,-0.06094591150070061,-0.20190423653225487,-0.18574672152764318,,,中性
2026-06-30,农林牧渔,2228.02,11547.0585438,-0.20190423653225487,0.006736496370533332,-0.004338465522847134,-0.08729895736102833,-0.18574672152764318,0.125133526629025,0.14056689735584668,,,流出
2026-09-30,农林牧渔,2506.82,7698.2176178,0.125133526629025,0.007699739379322559,0.0009632430087892271,-0.44280507752419773,0.14056689735584668,,,,,流入
1999-12-31,医药生物,1000.0,2.279919357,,0.07998959704249112,,,,0.35769000000000006,-0.012499999999999956,0.71462,0.07315479262811328,
2000-03-31,医药生物,1357.69,1084.4653991127,0.35769000000000006,0.0882714856602087,0.008281888617717587,,-0.012499999999999956,0.1459611546081947,0.06594370583272194,0.24905538083067558,0.07288137787359343,流入
2000-06-30,医药生物,1555.86,1033.1117797047,0.1459611546081947,0.09422821792508974,0.00595673226488104,,0.06594370583272194,-0.007198591132878129,-0.00604611996753944,0.13758307302713632,0.017428498728453316,流入
2000-09-30,医药生物,1544.66,867.0416077501,-0.007198591132878129,0.0892677743932218,-0.004960443531867947,,-0.00604611996753944,0.11003068636463675,0.025710407680197472,-0.07817254282495828,0.03725893737856599,大幅流出
2000-12-31,医药生物,1714.62,758.8594206568999,0.11003068636463675,0.10060392641553094,0.011336152022309143,331.84485187030236,0.025710407680197472,-0.01095869638753777,-0.012751591915670525,-0.22125602174242684,0.021366816526835967,大幅流入
2001-03-31,医药生物,1695.83,615.398292893,-0.01095869638753777,0.10538187788506301,0.0047779514695320685,-0.4325330311169785,-0.012751591915670525,0.04368952076564292,0.010849406766577661,-0.22709233826503825,0.03530302958899227,大幅流入
2001-06-30,医药生物,1769.92,755.8475002255,0.04368952076564292,0.08870654965597059,-0.016675328229092415,-0.2683778124749018,0.010849406766577661,-0.19549471162538423,0.013326780893463286,-0.22382367564635686,-0.0009562221437741131,大幅流出
2001-09-30,医药生物,1423.91,396.9955243549,-0.19549471162538423,0.09504700791356378,0.00634045825759319,-0.5421263284179982,0.013326780893463286,-0.062265171253801155,0.009995224932360866,-0.0726942011784451,0.03414555717871168,流入
2001-12-31,医药生物,1335.25,378.4911813179,-0.062265171253801155,0.10054223970062733,0.0054952317870635425,-0.5012367626796246,0.009995224932360866,-0.01837109155588834,0.0007190867256463354,-0.13317356300318278,0.05745130360451476,中性
2002-03-31,医药生物,1310.72,438.21674358170003,-0.01837109155588834,0.08685694615717812,-0.013685293543449203,-0.28791361847684993,0.0007190867256463354,0.04810333251953125,-0.024553409661398726,-0.08084869384765621,0.015163317402736787,大幅流出
2002-06-30,医药生物,1373.77,489.6900014191,0.04810333251953125,0.08408066332691806,-0.00277628283026006,-0.35213121526100755,-0.024553409661398726,-0.03884929791740965,0.048930398905892514,-0.1442308392234507,0.06414661309563136,流出
2002-09-30,医药生物,1320.4,432.9021850029,-0.03884929791740965,0.10724984199991197,0.02316917867299391,0.09044600869580766,0.048930398905892514,-0.1234247197818843,0.032756713815765504,-0.19827325053014244,-0.0010117400468014866,大幅流入
2002-12-31,医药生物,1157.43,297.9009467198,-0.1234247197818843,0.10324410137978803,-0.004005740620123946,-0.2129249995138226,0.032756713815765504,0.04088368195052827,-0.039300150838353115,-0.17671047061161368,-0.11640311740088014,大幅流出
2003-03-31,医药生物,1204.75,378.4638373807,0.04088368195052827,0.09534397569544215,-0.00790012568434588,-0.13635468538380902,-0.039300150838353115,-0.024170989831915235,0.022513488785470506,-0.0743390744967834,-0.11580435209550213,大幅流出
2003-06-30,医药生物,1175.63,702.5509809373,-0.024170989831915235,0.1045792185574946,0.009235242862052448,0.43468516592403006,0.022513488785470506,-0.09954662606432307,-0.015296256061246877,-0.27119076580216567,-0.14482305414676974,大幅流入
2003-09-30,医药生物,1058.6,277.5778380705,-0.09954662606432307,0.0891671602743079,-0.015412058283186689,-0.3587977892312082,-0.015296256061246877,-0.09984885698091817,-0.08653519826782219,-0.2046854335915359,-0.15582637342166417,大幅流出
2003-12-31,医药生物,952.9,356.0983988599,-0.09984885698091817,0.06635192603447956,-0.02281523423982834,0.19535839943079947,-0.08653519826782219,0.17031168013432696,-0.03864913706738121,-0.18691363207052145,-0.055378056920150596,大幅流出
2004-03-31,医药生物,1115.19,659.6957765997,0.17031168013432696,0.06305879947957578,-0.003293126554903783,0.7430880085277645,-0.03864913706738121,-0.23169146064796142,-0.011044711082159486,-0.36006420430599273,-0.02240631804825395,流出
2004-06-30,医药生物,856.81,495.5600539495,-0.23169146064796142,0.08119623803049444,0.018137438550918664,-0.2946276250467198,-0.011044711082159486,-0.017378415284602156,-0.02796615991948484,-0.22426208844434584,0.009221352485361628,大幅流入
2004-09-30,医药生物,841.92,448.8793066092,-0.017378415284602156,0.08691366582304393,0.0057174277925494815,0.6171294860189538,-0.02796615991948484,-0.0797344165716457,0.022158083100488335,-0.1692678639300646,0.03291070009094443,流入
2004-12-31,医药生物,774.79,446.6980882273,-0.0797344165716457,0.08948619153796869,0.0025725257149247643,0.2544231865615456,0.022158083100488335,-0.07891170510719037,-0.005093480384729482,-0.12338827295138032,-0.007734379150231158,流入
2005-03-31,医药生物,713.65,327.7469139849,-0.07891170510719037,0.07585668414731142,-0.01362950739065727,-0.5031847624154564,-0.005093480384729482,-0.06864709591536466,0.020950536665272218,0.02125691865760545,-0.06447290922054838,大幅流出
2005-06-30,医药生物,664.66,381.9949277756,-0.06864709591536466,0.07722574738096295,0.0013690632336515324,-0.2291652147278862,0.020950536665272218,0.05228236993349977,-0.005149710916152038,0.5280444136851925,-0.05341959971874405,中性
2005-09-30,医药生物,699.41,589.7195017935,0.05228236993349977,0.08347959914512978,0.006253851764166832,0.31375960778454237,-0.005149710916152038,-0.02891008135428419,-0.01806388021247718,0.472898585951016,-0.05977793738149481,流入
2005-12-31,医药生物,679.19,442.9469045576,-0.02891008135428419,0.10224937381048585,0.018769774665356065,-0.008397581652042296,-0.01806388021247718,0.07307233616513797,-0.06198301912739268,0.6723302757696664,-0.16223917051669276,大幅流入
2006-03-31,医药生物,728.82,590.9132057438,0.07307233616513797,0.0802808408506613,-0.021968532959824552,0.8029558190470851,-0.06198301912739268,0.39352652232375607,0.03301312937799877,1.5237644411514495,-0.05815863742242205,大幅流出
2006-06-30,医药生物,1015.63,1491.4926338242,0.39352652232375607,0.08137321859279151,0.00109237774213021,2.904482822610582,0.03301312937799877,0.014306391106997607,-0.011832285433858926,1.3172513612240673,-0.109543417098835,流入
2006-09-30,医药生物,1030.16,1054.1298975427,0.014306391106997607,0.07962031017724361,-0.0017529084155478991,0.7875106628436057,-0.011832285433858926,0.10257629882736641,-0.12507092641305506,1.9887493204939035,-0.18289744504914884,流出
2006-12-31,医药生物,1135.83,1419.9953677472,0.10257629882736641,0.07067282063717133,-0.008947489540072281,2.2057913784620347,-0.12507092641305506,0.619406073091924,0.054552994475573935,1.861466944877314,0.007283893685156051,大幅流出
2007-03-31,医药生物,1839.37,3707.9451861795,0.619406073091924,0.07596764158976248,0.0052948209525911505,5.274940465262068,0.054552994475573935,0.2794978715538472,-0.023345780057302368,0.38844821868357116,-0.0521168638074804,流入
2007-06-30,医药生物,2353.47,8651.564110211,0.2794978715538472,0.07828718131165051,0.002319539721888031,4.8006080043642685,-0.023345780057302368,0.30823422435807557,-0.09323556050171022,-0.11360671689037884,0.08974188440497755,流入
2007-09-30,医药生物,3078.89,5827.2344179343,0.30823422435807557,0.0645821326602545,-0.013705048651396004,4.528004121236163,-0.09323556050171022,0.05562069447105933,0.07856958542249909,-0.454748302147852,0.21949628472821056,大幅流出
2007-12-31,医药生物,3250.14,3543.5109411929,0.05562069447105933,0.06490148222296592,0.0003193495627114157,1.4954383807706528,0.07856958542249909,-0.21422769480699289,-0.007635279436762399,-0.43351671004941317,0.39082609694434456,中性
2008-03-31,医药生物,2553.87,4613.0652936103,-0.21422769480699289,0.0747232828328452,0.009821800609879278,0.24410288231995003,-0.007635279436762399,-0.1831612415667203,0.12281880478171531,-0.08530191434959482,0.15685462061298455,大幅流入
2008-06-30,医药生物,2086.1,3420.0073218426,-0.1831612415667203,0.07753506250557418,0.002811779672728984,-0.6046949108536178,0.12281880478171531,-0.1952590959206174,0.014731911213645726,0.2920138056660755,-0.010041407100703668,大幅流入
2008-09-30,医药生物,1678.77,2046.8495191111,-0.1952590959206174,0.07315928065671809,-0.004375781848856092,-0.6487442631771301,0.014731911213645726,0.09672557884641741,0.23010028448785516,0.7682827308088662,0.0872274091100228,大幅流出
2008-12-31,医药生物,1841.15,2353.5784329553,0.09672557884641741,0.08312055534598049,0.009961274689262403,-0.33580607707592325,0.23010028448785516,0.2687830975205714,-0.1745756605810697,1.0278521576188795,-0.12888282201583798,大幅流入
2009-03-31,医药生物,2336.02,4353.7672765343,0.2687830975205714,0.07829730365976872,-0.004823251686211769,-0.05620948340687071,-0.1745756605810697,0.15378721072593549,-0.03916697547216369,0.6836200032533968,0.09209188414656262,大幅流出
2009-06-30,医药生物,2695.27,7314.771050469501,0.15378721072593549,0.09452914225427242,0.016231838594503695,1.138817365609766,-0.03916697547216369,0.10138872914401897,0.11443484069267673,0.31653229546576045,0.27754539794288713,大幅流入
2009-09-30,医药生物,2968.54,9057.8328993361,0.10138872914401897,0.0895306254148066,-0.004998516839465825,3.425255894370637,0.11443484069267673,0.2577159142204586,-0.014409056024692446,0.5585405620271245,0.20760516436500762,大幅流出
2009-12-31,医药生物,3733.58,10058.9440008238,0.2577159142204586,0.11061629171260737,0.021085666297800773,3.2738936846022852,-0.014409056024692446,0.05340450720220269,0.034808226537854654,0.29687859909256004,0.22525263398584208,大幅流入
2010-03-31,医药生物,3932.97,6210.241376843,0.05340450720220269,0.09078412545765495,-0.01983216625495242,0.42640637002226156,0.034808226537854654,-0.09777852360938422,0.12399682343243795,0.1334945346646429,0.0570847555892756,大幅流出
2010-06-30,医药生物,3548.41,8029.6269142335,-0.09777852360938422,0.12277110596995518,0.03198698051230023,0.0977277154447802,0.12399682343243795,0.30384876606705546,0.053424223621159395,0.17237579648349544,-0.06305967920661804,大幅流入
2010-09-30,医药生物,4626.59,8712.577917049,0.30384876606705546,0.11553775440081596,-0.007233351569139221,-0.03811673124510884,0.053424223621159395,0.04655912886164537,-6.015398810711725e-06,-0.19533608986316056,-0.08012573054557648,大幅流出
2010-12-31,医药生物,4842.0,12384.870193716,0.04655912886164537,0.10934169557732437,-0.006196058823491585,0.2312296591671763,-6.015398810711725e-06,-0.07930607187112759,-0.10722085316147159,-0.30885790995456425,-0.04550620672093199,流出
2011-03-31,医药生物,4458.0,7673.254991053,-0.07930607187112759,0.09922214653910337,-0.010119549038221001,0.23558079717566938,-0.10722085316147159,-0.0668304172274563,-0.0037525952869631035,-0.2724113952445043,-0.012115589567562342,大幅流出
2011-06-30,医药生物,4160.07,6593.0454308575,-0.0668304172274563,0.09408945984353195,-0.005132686695571417,-0.17891011608889118,-0.0037525952869631035,-0.10509919304242477,0.03423645735361536,-0.10676983800753345,0.11771944640827654,流出
2011-09-30,医药生物,3722.85,6597.3662748678,-0.10509919304242477,0.10732143042971323,0.01323197058618128,-0.24277678344110976,0.03423645735361536,-0.10108921928092718,0.0376288187562252,-0.02306297594584793,0.13468768275189089,大幅流入
2011-12-31,医药生物,3346.51,4466.6754964533,-0.10108921928092718,0.11278110129135364,0.005459670861640412,-0.6393441815224142,0.0376288187562252,-0.030754427747115676,-0.0759891710861105,0.08467029831077758,0.051795851411873976,流入
2012-03-31,医药生物,3243.59,5128.9313817069,-0.030754427747115676,0.10133552982578727,-0.011445571465566379,-0.33158335182563026,-0.0759891710861105,0.14561334817285787,0.12718156691439444,0.37112273746065305,0.34267531412560276,大幅流出
2012-06-30,医药生物,3715.9,5844.7294152968,0.14561334817285787,0.11660689312030718,0.015271363294519918,-0.11350081285021163,0.12718156691439444,-0.021235770607389903,0.04993732817585232,0.16062864985602404,0.2765396045853936,大幅流入
2012-09-30,医药生物,3636.99,5943.0424543008,-0.021235770607389903,0.13842150891054897,0.021814615790241784,-0.09917955033959536,0.04993732817585232,-0.001960412318977922,-0.03817261484115442,0.40035578871539373,0.22099155088258163,大幅流入
2012-12-31,医药生物,3629.86,3930.9824911372,-0.001960412318977922,0.10313979707056276,-0.03528171183998621,-0.11993103276507533,-0.03817261484115442,0.22521529755968528,0.1795506973164405,0.36555955326100703,0.24246812958999603,大幅流出
2013-03-31,医药生物,4447.36,7809.2778197529,0.22521529755968528,0.13309261288749719,0.02995281581693443,0.5225935460173743,0.1795506973164405,-0.030260649014246632,0.07166036091301962,0.11025867031227521,0.06818780560374056,大幅流入
2013-06-30,医药生物,4312.78,8857.8146267434,-0.030260649014246632,0.16621505766362749,0.0331224447761303,0.5155217628314439,0.07166036091301962,0.18092738326555025,0.0042497718473187285,0.16194194927633668,-0.02456329109211402,大幅流入
2013-09-30,医药生物,5093.08,9206.6633875384,0.18092738326555025,0.13295069463043582,-0.03326436303319166,0.5491498602497473,0.0042497718473187285,-0.02675983884015176,-0.021254593151832306,0.1482737361282367,-0.08672078964275884,大幅流出
2013-12-31,医药生物,4956.79,8102.2054119418,-0.02675983884015176,0.12511123190457277,-0.007839462725863056,1.0611146018098645,-0.021254593151832306,-0.0038472479164942675,0.014095767092709141,0.1602165917862164,-0.23904785009556911,大幅流出
2014-03-31,医药生物,4937.72,9025.1926306107,-0.0038472479164942675,0.10065253855804562,-0.024458693346527144,0.1557013130948226,0.014095767092709141,0.014881362248162944,-0.02139225889663854,0.5781048743144607,-0.23074925097824694,流出
2014-06-30,医药生物,5011.2,5940.8003154112,0.014881362248162944,0.0645455869753735,-0.03610695158267212,-0.3293153485652305,-0.02139225889663854,0.16703583971902947,-0.059743773985063725,0.9221424010217114,-0.22613395864096886,大幅流出
2014-09-30,医药生物,5848.25,12318.338733294,0.16703583971902947,0.06662507685986506,0.0020794898844915533,0.33798078791143626,-0.059743773985063725,-0.016637455649125887,-0.18450084803871727,0.22963963578848362,-0.13725140615342848,中性
2014-12-31,医药生物,5750.95,17388.9779273377,-0.016637455649125887,0.05345846021137144,-0.013166616648493619,1.1462030451249943,-0.18450084803871727,0.354948312887436,0.025155035719169605,0.5668333058016504,0.050871573693600555,流出
2015-03-31,医药生物,7792.24,21069.207382827,0.354948312887436,0.052552576017823566,-0.0009058841935478748,1.3344883865820965,0.025155035719169605,0.2361323573195897,-0.01552088234684773,-0.058666057513628835,0.007174421160307463,中性
2015-06-30,医药生物,9632.24,51434.3650888889,0.2361323573195897,0.054089960574533975,0.0015373845567104097,7.657817525942008,-0.01552088234684773,-0.2534197652882403,0.048249559349143434,-0.22418461334019898,0.04811274593352892,中性
2015-09-30,医药生物,7191.24,33424.8878009056,-0.2534197652882403,0.058617690738578754,0.004527730164044778,1.7134249613192427,0.048249559349143434,0.25302173199615097,-0.006680644535766833,0.10957637347661889,0.03755027235432818,大幅流入
2015-12-31,医药生物,9010.78,33517.7467296171,0.25302173199615097,0.06136532855049348,0.002747637811914727,0.9275282808268399,-0.006680644535766833,-0.18596392321197497,-0.01747277636318026,-0.13462985446320958,0.0029588663265456305,中性
2016-03-31,医药生物,7335.1,18367.5411280249,-0.18596392321197497,0.058931269025061316,-0.0024340595254321654,-0.1282281865526732,-0.01747277636318026,0.018778203432809448,0.024494953047888138,0.07060844432932083,0.004023860026204119,大幅流出
2016-06-30,医药生物,7472.84,16748.9479053397,0.018778203432809448,0.05542210534666936,-0.0035091636783919564,-0.6743626974612371,0.024494953047888138,0.06776406292654458,0.0376857070174246,0.0444717135653915,0.01305461926386528,流出
2016-09-30,医药生物,7979.23,19319.0735423974,0.06776406292654458,0.06261489777182916,0.0071927924251598,-0.42201530615537386,0.0376857070174246,-0.02275532852167439,-0.039797413964346724,-0.02263376290694704,-0.07614409713500725,大幅流入
2016-12-31,医药生物,7797.66,15773.744992564,-0.02275532852167439,0.05220569858892958,-0.010409199182899578,-0.529391246977055,-0.039797413964346724,0.007099565767166194,-0.016429478040539507,0.035645308977308617,0.02990627817899926,大幅流出
2017-03-31,医药生物,7853.02,12655.180056925301,0.007099565767166194,0.049076568431244756,-0.0031291301576848243,-0.31100303689445774,-0.016429478040539507,-0.006093197266784034,0.03370984089022785,0.08962411912869178,0.14500235344651985,流出
2017-06-30,医药生物,7805.17,11670.9889688893,-0.006093197266784034,0.04741159470736841,-0.001664973723876348,-0.303180770825104,0.03370984089022785,-0.0008379061570727986,-0.05368175859728189,0.06682621903174432,0.22539686234083559,中性
2017-09-30,医药生物,7798.63,13715.4151860819,-0.0008379061570727986,0.04369873487600362,-0.0037128598313647884,-0.29005833763289846,-0.05368175859728189,0.03551649456378869,0.07042523473094608,-0.08676652181216449,0.1924782222199992,中性
2017-12-31,医药生物,8075.61,17935.8221087974,0.03551649456378869,0.06779643987095714,0.02409770499495352,0.1370680911383213,0.07042523473094608,0.05959054486286486,0.09348839431821639,-0.2767208916725795,0.03414547075608305,大幅流入
2018-03-31,医药生物,8556.84,17136.3368400266,0.05959054486286486,0.06247557818692253,-0.00532086168403461,0.3540966436624562,0.09348839431821639,-0.026888430775847127,0.10629012402016355,-0.10257992436460181,-0.04904300008137135,流出
2018-06-30,医药生物,8326.76,23128.9884658762,-0.026888430775847127,0.09787299257436655,0.035397414387444016,0.9817505206739416,0.10629012402016355,-0.14468893062847976,-0.07910332656915603,-0.14859681316622542,-0.14756136699969674,大幅流入
2018-09-30,医药生物,7121.97,16551.2218044289,-0.14468893062847976,0.08775176140164387,-0.010121231172722678,0.20676053767768643,-0.07910332656915603,-0.17987298458151324,-0.07170178234433192,0.05874357797070202,0.001001195034747348,大幅流出
2018-12-31,医药生物,5840.92,14685.677017538299,-0.17987298458151324,0.08190814173265333,-0.005843619668990538,-0.1812097082332751,-0.07170178234433192,0.31470384802394147,0.005526274892862115,0.3684744868959,0.07120206514259009,大幅流出
2019-03-31,医药生物,7679.08,22268.9717276034,0.31470384802394147,0.06664057723683511,-0.015267564495818217,0.2995176236025032,0.005526274892862115,-0.07678654213786018,-0.008320627428812788,0.1282458315319024,0.2176453358084856,大幅流出
2019-06-30,医药生物,7089.43,24383.0378595759,-0.07678654213786018,0.07045729580081132,0.0038167185639762097,0.05421981145219079,-0.008320627428812788,0.06360313875727663,0.08139006718090679,0.5816320917196449,0.4290793405017299,大幅流入
2019-09-30,医药生物,7540.34,21285.9642052976,0.06360313875727663,0.07355982245221046,0.0031025266513991373,0.286066035294249,0.08139006718090679,0.06005166875764223,-0.006599619707327933,0.5305861539400084,0.24147658195584984,大幅流入
2019-12-31,医药生物,7993.15,21154.4665729562,0.06005166875764223,0.07981541663439458,0.006255594182184118,0.4404828968860326,-0.006599619707327933,0.08391435166361205,0.1429910550939757,0.5109725202204392,0.22364322608082457,大幅流入
2020-03-31,医药生物,8663.89,44299.5211160798,0.08391435166361205,0.09187535349252447,0.012059936858129894,0.9892935182619382,0.1429910550939757,0.2942073364274018,0.16387626352810217,0.3373796297044402,0.04033478279433584,大幅流入
2020-06-30,医药生物,11212.87,44559.6430247254,0.2942073364274018,0.11936484053847116,0.027489487045946684,0.8274852904444632,0.16387626352810217,0.029276179961062576,-0.060569692447293516,0.17756203362742987,-0.02690010468169121,大幅流入
2020-09-30,医药生物,11541.14,73230.3494626674,0.029276179961062576,0.11151509339834062,-0.007849747140130536,2.4403115948321474,-0.060569692447293516,0.046467679969223186,-0.020869451910070752,-0.012403454078193384,-0.09617357857343574,大幅流出
2020-12-31,医药生物,12077.43,42767.59768509,0.046467679969223186,0.09380427526987896,-0.01771081812846166,1.021681687770088,-0.020869451910070752,-0.040614600954010927,-0.02823525216122314,-0.057295302063435714,-0.12897930545014127,大幅流出
2021-03-31,医药生物,11586.91,44961.10976618,-0.040614600954010927,0.08625196207327937,-0.007552313196599589,0.01493444248227016,-0.02823525216122314,0.13954885297288055,0.08865712166288142,-0.11997245167175731,-0.10219239405774223,大幅流出
2021-06-30,医药生物,13203.85,52912.76075914,0.13954885297288055,0.10790379796542159,0.021651835892142215,0.18745926060896845,0.08865712166288142,-0.13676768518273086,-0.12744628055141466,-0.26053688886196075,-0.2350041133700589,大幅流入
2021-09-30,医药生物,11397.99,54834.05486884,-0.13676768518273086,0.07248625484050748,-0.0354175431249141,-0.25121134514325605,-0.12744628055141466,-0.001100193981570352,-0.05640845428464011,-0.2802704687405411,-0.1608984394458319,大幅流出
2021-12-31,医药生物,11385.45,43422.69279913,-0.001100193981570352,0.07167741630801885,-0.0008088385324886288,0.015317556970668722,-0.05640845428464011,-0.10440079223921772,0.0016498887516076671,-0.203374482343693,-0.0518475828764792,流出
2022-03-31,医药生物,10196.8,61145.14364335,-0.10440079223921772,0.11581350047116343,0.04413608416314457,0.3599562813581554,0.0016498887516076671,-0.042468225325592246,-0.07238676247519099,-0.09394025576651499,-0.09400831650818249,大幅流入
2022-06-30,医药生物,9763.76,47770.44770754,-0.042468225325592246,0.09399802703955888,-0.021815473431604546,-0.09718474292067125,-0.07238676247519099,-0.15980421476971995,-0.042921405914922064,-0.12275086646947492,-0.05239884566514554,大幅流出
2022-09-30,医药生物,8203.47,35668.80305938,-0.15980421476971995,0.0639996239271942,-0.02999840311236468,-0.3495136709350095,-0.042921405914922064,0.1056223768722262,0.06622207239904476,0.027733385993975682,0.012060466755311482,大幅流出
2022-12-31,医药生物,9069.94,62301.20285729,0.1056223768722262,0.1331279082810692,0.06912828435387501,0.43476138491664984,0.06622207239904476,0.018629671199588804,-0.0428896740752202,-0.07048117187103782,-0.0046745003328618456,大幅流入
2023-03-31,医药生物,9238.91,35598.29678039,0.018629671199588804,0.07398470967609452,-0.05914319860497469,-0.41780663746528646,-0.0428896740752202,-0.07291552791400713,-0.029784278739751452,-0.1977300352530763,-0.06596364786248418,大幅流出
2023-06-30,医药生物,8565.25,33123.53415117,-0.07291552791400713,0.06127196572817659,-0.01271274394791793,-0.30661034717617175,-0.029784278739751452,-0.0156761332126909,0.02218259678161902,-0.2232882869735268,-0.05599189771231269,大幅流出
2023-09-30,医药生物,8430.98,31319.8108105,-0.0156761332126909,0.06684799831686901,0.005576032588692416,-0.12192705882616728,0.02218259678161902,-3.558305202944201e-05,0.04859151387373486,-0.07185285696324739,-0.06472324867763368,大幅流入
2023-12-31,医药生物,8430.68,42791.12684897,-3.558305202944201e-05,0.08680550758957452,0.01995750927270551,-0.31315729253270885,0.04859151387373486,-0.12081824953621767,-0.10182564626456558,-0.1433300753913088,-0.18615172187154513,大幅流入
2024-03-31,医药生物,7412.1,36543.62213254,-0.12081824953621767,0.07127488130797124,-0.015530626281603274,0.026555353419907002,-0.10182564626456558,-0.10245004789465884,-0.019426278494862434,-0.0032433453407265693,-0.07741045877580903,大幅流出
2024-06-30,医药生物,6652.73,33091.00084974,-0.10245004789465884,0.06794032489747262,-0.0033345564104986236,-0.000982180865167659,-0.019426278494862434,0.17623742433557354,0.01272819169599021,0.16553805730880428,-0.041108638867846437,大幅流出
2024-09-30,医药生物,7825.19,31501.78573014,0.17623742433557354,0.07321879269932742,0.0052784678018548,0.005810217716225585,0.01272819169599021,-0.07704349670742805,-0.08754879577659322,0.13851932029765412,-0.0520952162455112,大幅流入
2024-12-31,医药生物,7222.31,59239.86453671,-0.07704349670742805,0.05342741775671476,-0.019791374942612662,0.3843959927906393,-0.08754879577659322,0.022949721072620832,0.018182734081201975,0.11939393351988487,-0.0788320678012816,大幅流出
2025-03-31,医药生物,7388.06,40352.7215551,0.022949721072620832,0.04740009789975423,-0.006027319856960527,0.10423431505352121,0.018182734081201975,0.04953262426130811,0.01915708827225564,0.0844511279009645,-0.10103028800515829,大幅流出
2025-06-30,医药生物,7754.01,52753.45961863,0.04953262426130811,0.07149099441451195,0.024090896514757723,0.5941935349182552,0.01915708827225564,0.14897066163185224,0.0011247743625879547,-0.06432413680147434,-0.1869897385834348,大幅流入
2025-09-30,医药生物,8909.13,97227.57363797,0.14897066163185224,0.07087755521614345,-0.0006134391983685095,2.0864146709291296,0.0011247743625879547,-0.09254775718841224,-0.11328563434657754,-0.111032165879272,-0.10096938823980271,中性
2025-12-31,医药生物,8084.61,57264.04193884,-0.09254775718841224,0.049005468812537194,-0.02187208640360625,-0.033352922281677744,-0.11328563434657754,-0.008982498846573872,-0.006353339905841641,,,大幅流出
2026-03-31,医药生物,8011.99,59487.41483439,-0.008982498846573872,0.041566373697228653,-0.00743909511530854,0.47418594191131214,-0.006353339905841641,-0.09445218978056635,-0.07829467477595467,,,大幅流出
2026-06-30,医药生物,7255.24,66181.25967745,-0.09445218978056635,0.03860981685711178,-0.002956556840116871,0.25453875737996046,-0.07829467477595467,0.09161516366102296,0.10704853438784465,,,中性
2026-09-30,医药生物,7919.93,61949.52383922,0.09161516366102296,0.06196176984295746,0.023351952985845678,-0.3628399689383277,0.10704853438784465,,,,,大幅流入
1999-12-31,商贸零售,1000.0,2.1430725659,,0.07518840982372453,,,,0.44036999999999993,0.07017999999999991,0.6787,0.06386921412187858,
2000-03-31,商贸零售,1440.37,1188.5815961467,0.44036999999999993,0.09674616027961266,0.021557750455888133,,0.07017999999999991,0.05447211480383518,-0.02554533397163758,0.17478842241923953,0.0002737997128424932,大幅流入
2000-06-30,商贸零售,1518.83,789.5038664851,0.05447211480383518,0.07200918994953603,-0.02473697033007663,,-0.02554533397163758,0.02280702909476373,0.02395950026010242,0.17409453329207356,0.04806181771589813,大幅流出
2000-09-30,商贸零售,1553.47,812.6807772541,0.02280702909476373,0.08367096068881681,0.011661770739280777,,0.02395950026010242,0.08061307910677384,-0.0037071995776654376,-0.08043927465609245,0.03366377574394769,大幅流入
2000-12-31,商贸零售,1678.7,643.7035724362,0.08061307910677384,0.08533742228399525,0.0016664615951784423,299.36480457014846,-0.0037071995776654376,0.008000238279621152,0.006207342751488397,-0.2232501340322868,0.021999927917053092,中性
2001-03-31,商贸零售,1692.13,422.2534754379,0.008000238279621152,0.0723074221996211,-0.01303000008437416,-0.6447417015316266,0.006207342751488397,0.053849290539143,0.021009176540077744,-0.25889854798390194,-0.0037768112822756167,大幅流出
2001-06-30,商贸零售,1783.25,682.6151531708,0.053849290539143,0.0801119735959943,0.007804551396373205,-0.1353871942263849,0.021009176540077744,-0.19892892191223888,0.009892570606608642,-0.243387074162344,-0.021104937367263606,流入
2001-09-30,商贸零售,1428.51,291.6759324338,-0.19892892191223888,0.06983183173986658,-0.010280141856127717,-0.6410940918040171,0.009892570606608642,-0.0872097500192508,-0.014949353833088777,-0.11644300704930306,-0.008153617650460241,流出
2001-12-31,商贸零售,1303.93,297.3196236467,-0.0872097500192508,0.07897986094233228,0.009148029202465699,-0.538110962284323,-0.014949353833088777,-0.03826125635578603,-0.019171078074251356,-0.20146020108441404,-0.012089610460653544,流入
2002-03-31,商贸零售,1254.04,313.4549044854,-0.03826125635578603,0.06212846989612093,-0.016851391046211348,-0.2576617536177054,-0.019171078074251356,0.07590666964371162,0.003249927462781646,-0.1216308889668591,-0.015242053449045412,大幅流出
2002-06-30,商贸零售,1349.23,368.1037858938,0.07590666964371162,0.0632040891204795,0.0010756192243585733,-0.46074477810237646,0.003249927462781646,-0.0645256924319797,0.02325400439132247,-0.2515582962133958,-0.05431407926249472,中性
2002-09-30,商贸零售,1262.17,289.1487272044,-0.0645256924319797,0.07163547882517574,0.00843138970469623,-0.008664428389111634,0.02325400439132247,-0.17503981238660404,-0.018858378788954244,-0.2592440004119889,-0.06645398460232473,大幅流入
2002-12-31,商贸零售,1041.24,200.1343641939,-0.17503981238660404,0.06936094971812684,-0.002274529107048895,-0.32687132541336605,-0.018858378788954244,0.05788290883946057,-0.02230092394942082,-0.1990703392109408,-0.13862824969769705,流出
2003-03-31,商贸零售,1101.51,241.5468596893,0.05788290883946057,0.06085135657587512,-0.00850959314225172,-0.22940475254056625,-0.02230092394942082,-0.08324027925302535,-0.03655580063563961,-0.05142032301113936,-0.08026783603139566,大幅流出
2003-06-30,商贸零售,1009.82,300.6338757328,-0.08324027925302535,0.04475128019051626,-0.01610007638535886,-0.1832904543406828,-0.03655580063563961,-0.07413202352894577,0.01011834647413043,-0.18017072349527644,-0.03298429461836943,大幅流出
2003-09-30,商贸零售,934.96,189.0978785376,-0.07413202352894577,0.06074447787438744,0.015993197683871183,-0.346018637654503,0.01011834647413043,-0.10802601180799176,-0.09471235309489578,-0.09658167194318482,-0.03340308124897756,流入
2003-12-31,商贸零售,833.96,233.4193869371,-0.10802601180799176,0.04349310737327244,-0.017251370501115006,0.16631338089920344,-0.09471235309489578,0.2529018178329894,0.0439410006312812,-0.08170655666938464,0.07685594495017233,流出
2004-03-31,商贸零售,1044.87,544.944013304,0.2529018178329894,0.052089942790984126,0.008596835417711689,1.2560591928413296,0.0439410006312812,-0.20767176777972374,0.012974981786078199,-0.31074679146688106,0.046199893063510994,流入
2004-06-30,商贸零售,827.88,334.4696895147,-0.20767176777972374,0.054801996866738284,0.0027120540757541584,0.11254824061135715,0.012974981786078199,0.020268637966855074,0.00968089333197239,-0.16069961830216933,0.08899600218574004,中性
2004-09-30,商贸零售,844.66,263.1382588178,0.020268637966855074,0.05094979954613746,-0.0038521973206008253,0.3915452719660095,0.00968089333197239,-0.09333933180214515,0.008553167869988887,-0.09480737811663859,0.1248638281801595,流出
2004-12-31,商贸零售,765.82,280.3992694031,-0.09333933180214515,0.05617186057027499,0.005222061024137532,0.2012681255077573,0.008553167869988887,-0.05959624977148692,0.014221974950973965,-0.024522733801676723,0.1018349849010411,流入
2005-03-31,商贸零售,720.18,258.1923344512,-0.05959624977148692,0.059758348677003935,0.003586488106728944,-0.5262039252697213,0.014221974950973965,-0.03518564803243618,0.054411984548200704,0.23255297286789414,0.14415933768315461,流入
2005-06-30,商贸零售,694.84,276.0208198652,-0.03518564803243618,0.05580156320640489,-0.003956785470599043,-0.17475087125026667,0.054411984548200704,0.10036843014219099,0.04293634929253918,0.9967762362558285,0.3048710023975035,流出
2005-09-30,商贸零售,764.58,417.5153125111,0.10036843014219099,0.059102693432012236,0.0033011302256073446,0.5866765797830729,0.04293634929253918,-0.022940699468989578,-0.012094498327182568,0.8598969368803788,0.24964893139811292,中性
2005-12-31,商贸零售,747.04,223.9226575013,-0.022940699468989578,0.051690058731430795,-0.007412634700581441,-0.20141497523165663,-0.012094498327182568,0.1882362390233454,0.053180883730814754,1.3116298993360465,0.2481504286455956,大幅流出
2006-03-31,商贸零售,887.66,366.0803079088,0.1882362390233454,0.0497352820213154,-0.0019547767101153954,0.4178589332906455,0.053180883730814754,0.5630308902057095,0.20251749725995222,2.0440709280580402,0.18497795217395407,中性
2006-06-30,商贸零售,1387.44,1045.8136799944,0.5630308902057095,0.057057757617827276,0.0073224755965118765,2.7888941874208726,0.20251749725995222,0.024938015337600206,-0.0012006612032563271,1.699186991869919,0.0673028462814223,流入
2006-09-30,商贸零售,1422.04,875.4713751526,0.024938015337600206,0.06612591351733711,0.009068155899509836,1.0968605196469885,-0.0012006612032563271,0.2143680909116481,-0.013279134328773368,2.559070068352508,0.015139361217450959,大幅流入
2006-12-31,商贸零售,1726.88,1154.996555498,0.2143680909116481,0.05748389484731951,-0.008642018670017605,4.158015577281609,-0.013279134328773368,0.5647294542759194,-0.0001236243404306725,1.9282521078476789,0.05151637992830399,流出
2007-03-31,商贸零售,2702.1,2936.6023712208,0.5647294542759194,0.06016452380689233,0.0026806289595728214,7.021743611383714,-0.0001236243404306725,0.3859442655712224,0.08310061396007284,0.48745790311239423,0.05314462658473699,中性
2007-06-30,商贸零售,3744.96,7494.5362442301,0.3859442655712224,0.06781734612661486,0.00765282231972253,6.166225100698846,0.08310061396007284,0.3514536870887808,-0.05001609777100502,-0.19445067504058788,0.027331776700463942,大幅流入
2007-09-30,商贸零售,5061.14,5006.6661202903,0.3514536870887808,0.055487930015489455,-0.012329416111125403,4.718823324654798,-0.05001609777100502,-0.0008693693515691159,0.022079521599870644,-0.5372643317513447,0.06661902182089166,大幅流出
2007-12-31,商贸零售,5056.74,3014.222783523,-0.0008693693515691159,0.05520725902853289,-0.00028067098695656184,1.609724478549079,0.022079521599870644,-0.20516775630149064,0.001424659068739842,-0.584775962378924,0.07480019460991176,中性
2008-03-31,商贸零售,4019.26,3541.7548307177,-0.20516775630149064,0.05736999827574336,0.0021627392472104642,0.2060723186181066,0.001424659068739842,-0.2494265113478601,0.05655353500057553,-0.3188820827714554,-0.07649932783141926,中性
2008-06-30,商贸零售,3016.75,2223.1329984620997,-0.2494265113478601,0.050400697943855606,-0.006969300331887751,-0.7033661688975557,0.05655353500057553,-0.22367779895583006,-0.01368679182156693,0.12785945139637023,-0.08230066978038193,大幅流出
2008-09-30,商贸零售,2341.97,1604.3332363999,-0.22367779895583006,0.05734269393660803,0.006941995992752421,-0.6795605702768779,-0.01368679182156693,-0.10345563777503552,0.02991906786640222,0.4368843324209961,-0.06763566982618134,流入
2008-12-31,商贸零售,2099.68,1702.8729782886,-0.10345563777503552,0.06013980484231454,0.002797110905706515,-0.43505404192509767,0.02991906786640222,0.3038129619751584,-0.1395457961264827,1.0973624552312735,-0.061655553818793674,中性
2009-03-31,商贸零售,2737.59,3502.784755178,0.3038129619751584,0.06299339955747399,0.0028535947151594465,-0.011003041543618863,-0.1395457961264827,0.2428705540274474,0.04991636782934822,0.6324175643540486,0.08636346905348209,流入
2009-06-30,商贸零售,3402.47,4280.8035101119,0.2428705540274474,0.05532103208397524,-0.0076723674734987465,0.9255723850409483,0.04991636782934822,-0.010971441335265286,0.002074670213392471,0.08818593551155483,0.08674524463747092,大幅流出
2009-09-30,商贸零售,3365.14,5348.4739070829,-0.010971441335265286,0.05286609051388042,-0.0024549415700948207,2.3337674404133124,0.002074670213392471,0.30864986300718544,0.03652489276203441,0.4384810141628579,0.14628938579344378,流出
2009-12-31,商贸零售,4403.79,5194.9569260595,0.30864986300718544,0.05712795207134722,0.004261861557466801,2.0507013689773093,0.03652489276203441,0.014782721246926034,-0.003813559417422001,0.044486680790864215,-0.000655812761661325,中性
2010-03-31,商贸零售,4468.89,4482.7842047244,0.014782721246926034,0.06553137292840241,0.008403420857055192,0.2797772395513922,-0.003813559417422001,-0.17149001206116066,0.05028533498066151,0.006073096451243923,-0.047443301043703826,流入
2010-06-30,商贸零售,3702.52,3928.7674043935,-0.17149001206116066,0.060069929087376996,-0.005461443841025419,-0.08223598791367981,0.05028533498066151,0.3074041463651782,0.05697960391928214,0.1437615461901624,-0.08853711762844316,流出
2010-09-30,商贸零售,4840.69,4516.0814641939,0.3074041463651782,0.05988789036171297,-0.00018203872566402435,-0.15563176662162947,0.05697960391928214,-0.049784224976191394,-0.09634936923664747,-0.24749570825646758,-0.138100116686201,流入
2010-12-31,商贸零售,4599.7,6146.6382573322,-0.049784224976191394,0.054266523479443794,-0.005621366882269177,0.1831933055111148,-0.09634936923664747,-0.0225384264191143,-0.050453207709458305,-0.33300432636911104,-0.06436373450147212,流出
2011-03-31,商贸零售,4496.03,4817.7032881275,-0.0225384264191143,0.06229727308604767,0.008030749606603875,0.07471229220673359,-0.050453207709458305,-0.05810237031336529,0.004975451627127911,-0.2906119398669493,-0.020215336690885148,大幅流入
2011-06-30,商贸零售,4234.8,4084.7896511942,-0.05810237031336529,0.05829410033434646,-0.0040031727517012075,0.039712772669163954,0.004975451627127911,-0.13983186927363755,-0.0004962188775974319,-0.27269056389912155,-0.07648296915966385,流出
2011-09-30,商贸零售,3642.64,3179.1416752472,-0.13983186927363755,0.05171609668330583,-0.00657800365104063,-0.29603978571837775,-0.0004962188775974319,-0.15775920760766915,-0.01904116957051677,-0.2445341839984187,-0.10869534677540268,流出
2011-12-31,商贸零售,3067.98,2064.4883793217,-0.15775920760766915,0.05212719688456945,0.0004111002012636214,-0.6641272362402304,-0.01904116957051677,0.039586307603048265,-0.005648435735946568,-0.11827652070743608,-0.13974263423408245,流入
2012-03-31,商贸零售,3189.43,2695.4364104968,0.039586307603048265,0.05325543596539787,0.0011282390808284165,-0.44051423483482377,-0.005648435735946568,-0.03430707054238524,-0.05273885180084867,-0.15687756119432,-0.17948907161072125,流入
2012-06-30,商贸零售,3080.01,2969.3600048307,-0.03430707054238524,0.0592410392537266,0.005985603288328728,-0.27306905412801397,-0.05273885180084867,-0.10653212164895576,-0.03535902286571353,-0.23729793085087394,-0.15502677713165353,流入
2012-09-30,商贸零售,2751.89,1941.2967506827,-0.10653212164895576,0.045215430907477795,-0.014025608346248802,-0.3893645049550204,-0.03535902286571353,-0.01699922598650372,-0.053211428508680214,0.2139475051691746,0.0909047103412378,大幅流出
2012-12-31,商贸零售,2705.11,1602.0975638803,-0.01699922598650372,0.04203529728214448,-0.0031801336253333146,-0.2239735617176597,-0.053211428508680214,-0.005925821870460091,-0.05159042211370487,0.13224970518758927,0.06274709013058832,流出
2013-03-31,商贸零售,2689.08,2552.4493193127,-0.005925821870460091,0.04350109664570623,0.001465799363561747,-0.05304784435917953,-0.05159042211370487,-0.12641870081961115,-0.024497690892344895,0.07379475508352297,0.07651457858948639,中性
2013-06-30,商贸零售,2349.13,2235.2863016481,-0.12641870081961115,0.041944684685702505,-0.001556411960003723,-0.24721613478607274,-0.024497690892344895,0.4220796635350108,0.2454020521167793,0.20841332748719732,0.04486893645040523,中性
2013-09-30,商贸零售,3340.65,4937.58984228,0.4220796635350108,0.0713022700732005,0.029357585387497998,1.543449290039551,0.2454020521167793,-0.08315447592534386,-0.07764923023702441,0.06802269019502198,-0.13577705668476367,大幅流入
2013-12-31,商贸零售,3062.86,5296.6653742802,-0.08315447592534386,0.08178912978258751,0.010486859709387009,2.30608166050238,-0.07764923023702441,-0.05724714809034692,-0.039304133081143514,0.3282161117387018,-0.08893303884816697,流入
2014-03-31,商贸零售,2887.52,4130.8211285379,-0.05724714809034692,0.046068560520953275,-0.035720569261634236,0.6183753766559446,-0.039304133081143514,-0.016900315841968272,-0.053173936986769754,0.9691880922036904,0.01274653770413543,大幅流出
2014-06-30,商贸零售,2838.72,2752.4561775163,-0.016900315841968272,0.029904876476139486,-0.01616368404481379,0.2313662797856746,-0.053173936986769754,0.25686577048810744,0.030086156784014245,1.4271819693382937,0.026940173999139352,大幅流出
2014-09-30,商贸零售,3567.89,5981.6056121397005,0.25686577048810744,0.03235216552188768,0.0024472890457481952,0.2114423844848181,0.030086156784014245,0.1402089189969422,-0.027654473392649176,0.34393997572795115,-0.005446041575680321,流入
2014-12-31,商贸零售,4068.14,9806.284389054399,0.1402089189969422,0.0301471924355889,-0.0022049730862987796,0.8514071960581504,-0.027654473392649176,0.3977075518541642,0.06791427468589778,0.45509987365233273,-0.0029197079145469504,中性
2015-03-31,商贸零售,5686.07,11696.8890099869,0.3977075518541642,0.029175357083931406,-0.0009718353516574955,1.8316135330040306,0.06791427468589778,0.21174906394047222,-0.03990417572596522,-0.15470087424178722,-0.0845827027542716,中性
2015-06-30,商贸零售,6890.09,29710.5822079298,0.21174906394047222,0.031244562220143646,0.0020692051362122404,9.794207170535,-0.03990417572596522,-0.3040685970720267,-0.002399272434642996,-0.3429911655725832,-0.09654580981575618,中性
2015-09-30,商贸零售,4795.03,18066.0695261721,-0.3040685970720267,0.03168271746055424,0.0004381552404105933,2.020270926840599,-0.002399272434642996,0.23451782366325147,-0.025184552868666332,0.0005380571133028532,-0.0674453622965929,中性
2015-12-31,商贸零售,5919.55,16508.8089749999,0.23451782366325147,0.030224838647433073,-0.0014578788131211669,0.6834927807546294,-0.025184552868666332,-0.18804132070849977,-0.01955017385970506,-0.13465888454358857,0.005113482545762069,流出
2016-03-31,商贸零售,4806.43,9045.7230177871,-0.18804132070849977,0.029022716376229718,-0.0012021222712033548,-0.22665565091164086,-0.01955017385970506,-0.058167912567123614,-0.052451162952044925,0.031075039062256185,-0.03231525582915607,流出
2016-06-30,商贸零售,4526.85,7579.6983727581,-0.058167912567123614,0.02508114802703828,-0.003941568349191439,-0.744882199893913,-0.052451162952044925,0.05981201055921881,0.02973365465009883,0.00936633641494633,-0.017755750951222015,流出
2016-09-30,商贸零售,4797.61,7834.4181978606,0.05981201055921881,0.025392071389150297,0.0003109233621120186,-0.5663462832072592,0.02973365465009883,0.06770454455447616,0.05066245911180383,-0.01251039580124258,-0.06138208571425661,中性
2016-12-31,商贸零售,5122.43,8977.9853002395,0.06770454455447616,0.0297140593271349,0.0043219879379846025,-0.45617001724138295,0.05066245911180383,-0.03253143527583591,-0.05606047908354161,-0.1359764799128539,-0.13423058057319842,大幅流入
2017-03-31,商贸零售,4955.79,6847.5232961148995,-0.03253143527583591,0.026554576395965784,-0.0031594829311691157,-0.24300984203802845,-0.05606047908354161,-0.07799765526787861,-0.038194617110866726,-0.12576602317693023,-0.07107324544978481,流出
2017-06-30,商贸零售,4569.25,4470.2091896903,-0.07799765526787861,0.018159536173301693,-0.008395040222664091,-0.41023917181764047,-0.038194617110866726,0.03684193248344925,-0.01600191995675984,-0.1907074465174808,-0.0470382671796448,大幅流出
2017-09-30,商贸零售,4737.59,5488.9767558803,0.03684193248344925,0.017488449072920933,-0.00067108710038076,-0.2993765947573218,-0.01600191995675984,-0.06579083458045132,-0.03088209441329392,-0.2802500849588081,-0.04344523713770591,中性
2017-12-31,商贸零售,4425.9,5443.3865438671,-0.06579083458045132,0.02057570744608636,0.003087258373165428,-0.3936962066843782,-0.03088209441329392,-0.021098533631577543,0.012799315823773985,-0.3269527101832394,-0.030964993278138633,流入
2018-03-31,商贸零售,4332.52,5091.6272031403,-0.021098533631577543,0.018563031084066837,-0.0020126763620195234,-0.2564279107996388,0.012799315823773985,-0.14648749457590504,-0.013308939779894363,-0.1221852409221423,-0.07426454326362036,流出
2018-06-30,商贸零售,3697.86,4503.3401418579,-0.14648749457590504,0.019056405208303078,0.0004933741242362406,0.007411499274801114,-0.013308939779894363,-0.0778774750801815,-0.01229187102085777,-0.05628660901169864,-0.07486351201031934,中性
2018-09-30,商贸零售,3409.88,3064.6387613687,-0.0778774750801815,0.016248193187640925,-0.0028082120206621534,-0.4416739407603474,-0.01229187102085777,-0.12640914049761276,-0.018237938260431436,-0.0463594026769269,-0.11054854370181974,大幅流出
2018-12-31,商贸零售,2978.84,2807.3981635016,-0.12640914049761276,0.015658029684396876,-0.0005901635032440483,-0.48425522588238545,-0.018237938260431436,0.27672181117481975,-0.0324557619562596,0.0879839132011118,-0.1574382667338725,中性
2019-03-31,商贸零售,3803.15,5054.5047869074,0.27672181117481975,0.015125759768617112,-0.0005322699157797647,-0.007290874754146248,-0.0324557619562596,-0.08241326269013849,-0.013947347981091096,-0.16304116324625642,-0.09327357077313561,流入
2019-06-30,商贸零售,3489.72,5192.4321548739,-0.08241326269013849,0.015004066776606225,-0.00012169299201088626,0.153017980278902,-0.013947347981091096,-0.06817738958999564,-0.05039046116636549,0.07275368797496652,-0.03836436723939284,中性
2019-09-30,商贸零售,3251.8,3103.3183738166,-0.06817738958999564,0.010724416633840711,-0.004279650142765514,0.012621263209052769,-0.05039046116636549,-0.003342764007626675,-0.06999405247259684,0.11187342394981237,-0.11294946860062631,中性
2019-12-31,商贸零售,3240.93,3011.7969188927,-0.003342764007626675,0.011363454855766382,0.0006390382219256703,0.07280718426350985,-0.06999405247259684,-0.01784981471367786,0.04122688871668579,-0.00219072920427162,-0.21112556445190875,中性
2020-03-31,商贸零售,3183.08,4771.1128611043,-0.01784981471367786,0.009895088471003274,-0.0014683663847631073,-0.056067199013672964,0.04122688871668579,0.1760967364942132,0.04576566359491355,-0.026772811239428384,-0.26483738800182316,中性
2020-06-30,商贸零售,3743.61,6468.0813011448,0.1760967364942132,0.017326473927823258,0.007431385456819983,0.24567468735696552,0.04576566359491355,-0.0341969382494437,-0.12404281065779979,-0.1716551670713563,-0.33207399976961227,大幅流入
2020-09-30,商贸零售,3615.59,10364.571214326501,-0.0341969382494437,0.015783157331354793,-0.0015433165964684643,2.3398349656209096,-0.12404281065779979,-0.10558719323817145,-0.1729243251174654,-0.17047840048235566,-0.25541177614346877,流出
2020-12-31,商贸零售,3233.83,4114.42585715,-0.10558719323817145,0.009024372575786734,-0.00675878475556806,0.36610334891460306,-0.1729243251174654,-0.04204611868898478,-0.029666769896196994,-0.046007365878849474,-0.12375961542417716,大幅流出
2021-03-31,商贸零售,3097.86,4731.41927821,-0.04204611868898478,0.009076604164337655,5.2231588550921346e-05,-0.00831956485831531,-0.029666769896196994,0.0010136029388028156,-0.04987812837119631,-0.14232082792637515,-0.12650667951224867,中性
2021-06-30,商贸零售,3101.0,4906.54304124,0.0010136029388028156,0.01000580240824333,0.0009291982439056743,-0.24142217563474655,-0.04987812837119631,-0.03282489519509835,-0.023503490563782134,-0.04284746855852954,-0.0004911509297328383,中性
2021-09-30,商贸零售,2999.21,5484.61309478,-0.03282489519509835,0.007250221845543733,-0.0027555805626995958,-0.4708306806557655,-0.023503490563782134,0.028620870162476164,-0.02668739014059359,-0.13118454526358608,0.018239424064945824,中性
2021-12-31,商贸零售,3085.05,5459.49556154,0.028620870162476164,0.009011936178313754,0.001761714332770021,0.3269155287006944,-0.02668739014059359,-0.1387595014667511,-0.0327088204759257,-0.07076384499440866,0.10971776302520736,中性
2022-03-31,商贸零售,2656.97,7157.5612322,-0.1387595014667511,0.013556959257023998,0.004545023078710244,0.5127725554070666,-0.0327088204759257,0.11711084430761365,0.0871923071580149,0.02385800366583,0.0180851819219063,流入
2022-06-30,商贸零售,2968.13,9795.91825957,0.11711084430761365,0.01927545236916489,0.005718493112140894,0.9965010348904102,0.0871923071580149,-0.1220869705841725,-0.005204161729374615,-0.260507457557452,-0.20405190172738832,大幅流入
2022-09-30,商贸零售,2605.76,6778.32289418,-0.1220869705841725,0.012162171950721778,-0.007113280418443113,0.23587986555173646,-0.005204161729374615,0.10015504113962903,0.060754736666447595,-0.1665924720618937,-0.17807210290208492,大幅流出
2022-12-31,商贸零售,2866.74,9009.80845629,0.10015504113962903,0.019252548888125134,0.007090376937403355,0.6503005368775383,0.060754736666447595,-0.051061484473652885,-0.1125808297484619,-0.313045480231901,-0.25966448348018295,大幅流入
2023-03-31,商贸零售,2720.36,8211.55627588,-0.051061484473652885,0.017066254905615683,-0.002186293982509451,0.14725616861485613,-0.1125808297484619,-0.19315458248173045,-0.15002333330747478,-0.3238983075769384,-0.2050038281656752,流出
2023-06-30,商贸零售,2194.91,9455.89758141,-0.19315458248173045,0.01749153426361771,0.00042527935800202796,-0.0347104446107257,-0.15002333330747478,-0.01059268944968128,0.02726604054462864,-0.3234073378862914,-0.16714373086045337,流入
2023-09-30,商贸零售,2171.66,7993.28609882,-0.01059268944968128,0.017060613134388263,-0.00043092112922944736,0.17924245032398667,0.02726604054462864,-0.09317296446036671,-0.044545867534602414,-0.128127791643259,-0.09888116321981634,流出
2023-12-31,商贸零售,1969.32,7799.06937389,-0.09317296446036671,0.01582108781842286,-0.0012395253159654049,-0.13438011343679002,-0.044545867534602414,-0.06605325696179387,-0.047060653690141785,0.13687973513700166,0.10530653950319016,中性
2024-03-31,商贸零售,1839.24,7179.27954148,-0.06605325696179387,0.014002506246913378,-0.00181858157150948,-0.12571024294531497,-0.047060653690141785,-0.1925686696679063,-0.10954490026810991,0.11718970879276223,0.05898632099479941,大幅流出
2024-06-30,商贸零售,1485.06,5740.69603294,-0.1925686696679063,0.011786429651572181,-0.0022160765953411973,-0.39289782027398124,-0.10954490026810991,0.27497205500114474,0.11146282236156141,0.46975879762433814,0.22716548042104068,流出
2024-09-30,商贸零售,1893.41,5946.05852683,0.27497205500114474,0.013820271345363478,0.0020338416937912968,-0.25611839069443787,0.11146282236156141,0.1824591609846784,0.17195386191551323,0.21328713802081944,-0.001182371201690217,流入
2024-12-31,商贸零售,2238.88,21891.07995114,0.1824591609846784,0.01974318953701231,0.005922918191648833,1.8068836038858342,0.17195386191551323,-0.08222861430715356,-0.08699560129857242,0.08205442006717648,-0.11890674039276079,大幅流入
2025-03-31,商贸零售,2054.78,15509.2732291,-0.08222861430715356,0.018217880754574936,-0.0015253087824373748,1.1602826773204016,-0.08699560129857242,0.062245106532085925,0.03186957054303345,0.008842795822423656,-0.17169498859229007,中性
2025-06-30,商贸零售,2182.68,14861.43258685,0.062245106532085925,0.020140074257479216,0.0019221935029042798,1.5887858373924337,0.03186957054303345,0.05249051624608292,-0.09535537102318137,-0.21666025253358245,-0.32494021011088725,中性
2025-09-30,商贸零售,2297.25,17381.41167022,0.05249051624608292,0.012670808488729248,-0.0074692657687499674,1.9231820695660873,-0.09535537102318137,0.05456088801828285,0.03382301086011755,-0.2210643160300358,-0.20751426716091123,大幅流出
2025-12-31,商贸零售,2422.59,18218.93752241,0.05456088801828285,0.015591417306965479,0.0029206088182362304,-0.16774606081226107,0.03382301086011755,-0.14432487544322414,-0.1416957165024919,,,流入
2026-03-31,商贸零售,2072.95,14939.74878847,-0.14432487544322414,0.010439034589300468,-0.005152382717665011,-0.03672154279682183,-0.1416957165024919,-0.1751947707373549,-0.15903725573274322,,,大幅流出
2026-06-30,商贸零售,1709.78,11552.28761021,-0.1751947707373549,0.006739546981800143,-0.003699487607500325,-0.2226666209533572,-0.15903725573274322,0.04657324334124868,0.06200661406807036,,,流出
2026-09-30,商贸零售,1789.41,6470.03025644,0.04657324334124868,0.006471309233416603,-0.0002682377483835402,-0.6277615202265037,0.06200661406807036,,,,,中性
2014-03-31,国防军工,862.86,917.6012929031,,0.010233454652434628,,,,0.1496071205062235,0.11333349936142201,1.137496233456181,0.0753882278123735,
2014-06-30,国防军工,991.95,1657.4758727747999,0.1496071205062235,0.01800813820121877,0.007774683548784142,,0.11333349936142201,0.368496395987701,0.14171678228360782,1.5964816775039068,0.10579143562009943,流入
2014-09-30,国防军工,1357.48,6985.711653364,0.368496395987701,0.03778298242183298,0.019774844220614207,,0.14171678228360782,0.08481156260129064,-0.08305182978830075,0.26011432949288404,-0.06456800676165797,大幅流入
2014-12-31,国防军工,1472.61,9066.7010855923,0.08481156260129064,0.02787351167261743,-0.009909470749215547,,-0.08305182978830075,0.25244294144410273,-0.07735033572416367,0.2849905949300904,-0.13641101974971864,流出
2015-03-31,国防军工,1844.36,10073.4969347914,0.25244294144410273,0.025126157041029894,-0.002747354631587536,9.97807622188603,-0.07735033572416367,0.39646272961894646,0.14480948995250903,-0.16000130126439507,-0.07598010680656384,流出
2015-06-30,国防军工,2575.58,25121.0458081238,0.39646272961894646,0.026418064556725948,0.0012919075156960537,14.156206024325627,0.14480948995250903,-0.3358466830772098,-0.034177358439826055,-0.4077722299443231,-0.20071435224514855,流出
2015-09-30,国防军工,1710.58,20432.8617318162,-0.3358466830772098,0.035833393878057895,0.009415329321331947,1.9249506343389746,-0.034177358439826055,0.10622712764091724,-0.15347524889100056,-0.11894795917174285,-0.20720742651128848,大幅流入
2015-12-31,国防军工,1892.29,12538.1174295419,0.10622712764091724,0.022955173618178868,-0.012878220259879027,0.38287534916817245,-0.15347524889100056,-0.18127771113307156,-0.012786564284276852,-0.18581718446961087,-0.05857983776428407,大幅流出
2016-03-31,国防军工,1549.26,6706.2594618867,-0.18127771113307156,0.02151667323054502,-0.0014385003876338474,-0.33426698739293637,-0.012786564284276852,-0.015446083936847321,-0.00972933432176863,0.06855531027716458,0.0022326329302230414,流出
2016-06-30,国防军工,1525.33,4616.9299537844,-0.015446083936847321,0.015277376210314423,-0.006239297020230598,-0.816212669287385,-0.00972933432176863,-0.011944956173418175,-0.04202331208253815,-0.09750021306864744,-0.1181190617737691,大幅流出
2016-09-30,国防军工,1507.11,5779.0431546814,-0.011944956173418175,0.018730411453491504,0.003453035243177081,-0.717169174316743,-0.04202331208253815,0.02226778403699803,0.005225698594325694,-0.04990345761092403,-0.09110657497778729,流入
2016-12-31,国防军工,1540.67,4378.6262967428,0.02226778403699803,0.014491754798183706,-0.004238656655307798,-0.6507748215512781,0.005225698594325694,0.07451303653605246,0.05098399272834676,-0.1664535559204761,-0.15752015034041536,大幅流出
2017-03-31,国防军工,1655.47,6283.1407840332995,0.07451303653605246,0.024365910817840463,0.009874156019656757,-0.06309309686839382,0.05098399272834676,-0.16844763118630968,-0.1286445930292978,-0.2414118045026488,-0.18894387221431863,大幅流入
2017-06-30,国防军工,1376.61,4637.1540269793,-0.16844763118630968,0.018837723856036423,-0.00552818696180404,0.004380415860180786,-0.1286445930292978,0.040163880837710275,-0.012679971602498813,-0.2709191419501529,-0.13213721449784152,流出
2017-09-30,国防军工,1431.9,5631.9900261207,0.040163880837710275,0.017944104180345415,-0.0008936196756910084,-0.0254459301695259,-0.012679971602498813,-0.10313569383336829,-0.0682269536662109,-0.2863118932886376,-0.047340177683325914,中性
2017-12-31,国防军工,1284.22,3531.5684711118,-0.10313569383336829,0.01334913828033907,-0.004594965900006345,-0.1934528704267625,-0.0682269536662109,-0.022114590957935665,0.011783258497415863,-0.31038295619130685,-0.003362698775970758,流出
2018-03-31,国防军工,1255.82,4004.4518106815,-0.022114590957935665,0.014599412028925032,0.001250273748585962,-0.36266718376618234,0.011783258497415863,-0.20079310729244637,-0.06761455249643569,-0.02606265229093346,0.055831964774527086,流入
2018-06-30,国防军工,1003.66,5160.8783994048,-0.20079310729244637,0.021838854475083484,0.007239442446158453,0.11294090499871956,-0.06761455249643569,0.018203375645138742,0.08378897970446247,0.111083434629257,0.10999298192937935,大幅流入
2018-09-30,国防军工,1021.93,3875.2545893708,0.018203375645138742,0.020545940361097446,-0.0012929141139860385,-0.3119209069267359,0.08378897970446247,-0.1333848698051725,-0.025213667567991177,0.11492959400350336,0.06464848551929776,流出
2018-12-31,国防军工,885.62,2822.9436066979,-0.1333848698051725,0.015744733100459946,-0.0048012072606374995,-0.20065443165280394,-0.025213667567991177,0.38105508005690925,0.07187750692582989,0.2718660373523634,0.006938924823740214,流出
2019-03-31,国防军工,1223.09,6610.0378012703,0.38105508005690925,0.01978073976751866,0.004036006667058712,0.6506723301398318,0.07187750692582989,-0.08825188661504868,-0.019785971906001287,-0.12268107825262246,-0.04958057653746873,流入
2019-06-30,国防军工,1115.15,6832.4254403474,-0.08825188661504868,0.019742996055698136,-3.774371182052247e-05,0.32388808872834085,-0.019785971906001287,0.02172801865219931,0.03951494707582946,0.0684392234228579,-0.04975164261354228,流入
2019-09-30,国防军工,1139.38,9009.7257194904,0.02172801865219931,0.031135720133546183,0.011392724077848047,1.3249377587223887,0.03951494707582946,-0.011400937351893181,-0.07805222581686334,0.3605469641383909,0.10720779630843638,大幅流入
2019-12-31,国防军工,1126.39,4330.7273884535,-0.011400937351893181,0.016339755467116752,-0.01479596466642943,0.534117570814427,-0.07805222581686334,-0.047363701737409,0.011713001692954646,0.5797636697768976,0.2976789164077206,大幅流出
2020-03-31,国防军工,1073.04,11390.769486498999,-0.047363701737409,0.023623979373991206,0.007284223906874453,0.7232533048918344,0.011713001692954646,0.1103686721837025,-0.019962400715597156,0.3389435622157608,0.05151456361675962,大幅流入
2020-06-30,国防军工,1191.47,8647.6456575506,0.1103686721837025,0.023165016029728192,-0.00045896334426301366,0.26567728152345627,-0.019962400715597156,0.3010650708788303,0.21121919847047418,0.3216614769990009,0.12137057394923746,中性
2020-09-30,国防军工,1550.18,24590.7996589944,0.3010650708788303,0.037446841928709236,0.014281825898981044,1.7293616281567874,0.21121919847047418,0.14788605194235505,0.08054892006306111,0.09644686423512093,0.00792280235844383,大幅流入
2020-12-31,国防军工,1779.43,14967.63662963,0.14788605194235505,0.03282925351298888,-0.004617588415720353,2.4561484219802012,0.08054892006306111,-0.19258414211292385,-0.18020479332013606,0.11169869002995328,0.03403734123350356,流出
2021-03-31,国防军工,1436.74,16240.74567622,-0.19258414211292385,0.0311557296381681,-0.001673523874820785,0.42578126047318166,-0.18020479332013606,0.0960368612275011,0.045145129917501976,0.07922797444213978,0.12244208453910403,流出
2021-06-30,国防军工,1574.72,11936.48660523,0.0960368612275011,0.02434180754488821,-0.006813922093279887,0.38031634018303984,0.045145129917501976,0.07936014021540339,0.0886815448467196,0.00431822800243854,0.0632634859699766,大幅流出
2021-09-30,国防军工,1699.69,24463.89927769,0.07936014021540339,0.03233932711481524,0.00799751956992703,-0.005160482093472085,0.0886815448467196,0.1638534085627379,0.10854514825966813,-0.1378486665215421,0.019091356593600808,大幅流入
2021-12-31,国防军工,1978.19,18568.76285335,0.1638534085627379,0.030651276085556595,-0.001688051029258647,0.2405941774796425,0.10854514825966813,-0.2161673044550827,-0.11011662346425731,-0.25304444972424284,-0.1092432418534857,大幅流出
2022-03-31,国防军工,1550.57,13650.02971665,-0.2161673044550827,0.02585418283161675,-0.004797093253939844,-0.15951952029908167,-0.11011662346425731,0.01996040165874491,-0.00995813549085384,-0.010241395099866362,-0.021937440211220346,流出
2022-06-30,国防军工,1581.52,11935.86134415,0.01996040165874491,0.023486223621696372,-0.002367959209920379,-5.238233834459205e-05,-0.00995813549085384,-0.07342935909757697,0.043453449757220916,-0.002541858465273966,0.058066935618479254,大幅流出
2022-09-30,国防军工,1465.39,17888.13031138,-0.07342935909757697,0.03209621614672884,0.00860999252503247,-0.2687948021559594,0.043453449757220916,0.008345901091177055,-0.03105440338200438,-0.02469649717822569,-0.04293224247249047,大幅流入
2022-12-31,国防军工,1477.62,12300.11278219,0.008345901091177055,0.026283413661612656,-0.005812802485116186,-0.33759115352313673,-0.03105440338200438,0.038622920642655156,-0.02289642463215385,-0.06787266008852083,-7.56516541871614e-05,流出
2023-03-31,国防军工,1534.69,16353.7146772,0.038622920642655156,0.03398827870845883,0.0077048650468461745,0.19807172707119491,-0.02289642463215385,0.027894884308883094,0.07102613348313877,-0.15902885924844756,-0.02162634178083452,大幅流入
2023-06-30,国防军工,1577.5,17217.70227037,0.027894884308883094,0.031849332822198116,-0.002138945886260714,0.44251862299060063,0.07102613348313877,-0.0940095087163233,-0.05615077872201338,-0.21444690966719485,-0.04706103551348423,流出
2023-09-30,国防军工,1429.2,12861.77122864,-0.0940095087163233,0.02745175143765037,-0.0043975813845477454,-0.2809885099921454,-0.05615077872201338,-0.03629303106633086,0.01233406585943344,-0.012790372236215918,-0.015554878307303992,大幅流出
2023-12-31,国防军工,1377.33,14742.63950954,-0.03629303106633086,0.029906721324552816,0.002454969886902445,0.1985775879133942,0.01233406585943344,-0.06294787741499841,-0.04395527414334632,0.07075283338052629,0.006249300899505322,大幅流入
2024-03-31,国防军工,1290.63,14685.119130860001,-0.06294787741499841,0.028641937004746335,-0.0012647843198064813,-0.10203159216580437,-0.04395527414334632,-0.03984100787987266,0.04318276151992374,0.1225603000085229,0.02896134912948855,流出
2024-06-30,国防军工,1239.21,17674.71639815,-0.03984100787987266,0.03628859640763731,0.007646659402890978,0.026543270443610822,0.04318276151992374,0.13856408518330232,-0.024945147456281014,0.3446631321567773,0.10448927681035768,大幅流入
2024-09-30,国防军工,1410.92,13445.41772546,0.13856408518330232,0.03125083960730575,-0.005037756800331562,0.045378392014963076,-0.024945147456281014,0.045261247980041386,0.03475594891087622,0.24126810875173643,0.023062833224210558,大幅流出
2024-12-31,国防军工,1474.78,36669.08945415,0.045261247980041386,0.033071222838654046,0.0018203832313482965,1.4872811568390678,0.03475594891087622,-0.017609406148713758,-0.022376393140132615,0.3430342152727866,0.09767385417277158,流入
2025-03-31,国防军工,1448.81,22133.55986893,-0.017609406148713758,0.02599906187801497,-0.007072160960639076,0.5072100996727698,-0.022376393140132615,0.15013010677728622,0.11975457078823375,0.28314271712646943,0.05678969187218976,大幅流出
2025-06-30,国防军工,1666.32,30343.95098627,0.15013010677728622,0.04112183819139614,0.015122776313381173,0.7167998797110022,0.11975457078823375,0.05101661145518266,-0.09682927581408163,0.11031494550866594,-0.045495165310351034,大幅流入
2025-09-30,国防军工,1751.33,49994.73846379,0.05101661145518266,0.036445472239986995,-0.004676365951409148,2.718347728915917,-0.09682927581408163,0.13095761506969006,0.11021973791152476,-0.09049693661388775,-0.07382677448091107,流出
2025-12-31,国防军工,1980.68,48782.1648111,0.13095761506969006,0.04174684104226606,0.005301368802279063,0.33033477343624384,0.11021973791152476,-0.06141830078558885,-0.05878914184485662,,,大幅流入
2026-03-31,国防军工,1859.03,74111.5163417,-0.06141830078558885,0.05178485217593434,0.010038011133668284,2.3483776121225803,-0.05878914184485662,-0.00478206376443624,0.01137545124017544,,,大幅流入
2026-06-30,国防军工,1850.14,53310.81151712,-0.00478206376443624,0.031101261583894303,-0.02068359059204004,0.7568843141501915,0.01137545124017544,-0.13907055682272706,-0.12363718609590538,,,大幅流出
2026-09-30,国防军工,1592.84,25198.03744809,-0.13907055682272706,0.0252030185236761,-0.005898243060218203,-0.4959862133024191,-0.12363718609590538,,,,,大幅流出
1999-12-31,基础化工,1000.0,3.3234942405,,0.11660279310073646,,,,0.30226,-0.06793000000000005,0.5874700000000002,-0.02565695529387486,
2000-03-31,基础化工,1302.26,1450.964200974,0.30226,0.11810313705217847,0.0015003439514420097,,-0.06793000000000005,0.0811973031499087,0.0011798543744359347,0.2637414955538835,0.08183753365870587,中性
2000-06-30,基础化工,1408.0,1476.217305451,0.0811973031499087,0.13464305479372782,0.01653991774154935,,0.0011798543744359347,0.0026207386363636953,0.0037732098017023846,0.24742897727272753,0.11773503176284336,大幅流入
2000-09-30,基础化工,1411.69,1419.3331679239,0.0026207386363636953,0.14612991105677753,0.01148685626304971,,0.0037732098017023846,0.12451742238026764,0.04019714369582836,-0.03347760485659016,0.0975694132988185,大幅流入
2000-12-31,基础化工,1587.47,1169.3856232494,0.12451742238026764,0.15502843081387097,0.008898519757093437,350.8542650079853,0.04019714369582836,0.03669360680831768,0.034900711280184925,-0.21047326878618175,0.045499580435786655,大幅流入
2001-03-31,基础化工,1645.72,851.2027006356,0.03669360680831768,0.14576143627589347,-0.009266994537977497,-0.4133537546521089,0.034900711280184925,0.06724108596845157,0.03440097196938632,-0.2660294582310477,-0.007099013742296381,大幅流出
2001-06-30,基础化工,1756.38,1500.7130395927,0.06724108596845157,0.1761242522152635,0.03036281593937004,0.016593582835838783,0.03440097196938632,-0.22315785877771321,-0.014336366258865696,-0.26004623145333006,-0.03696724599176652,大幅流入
2001-09-30,基础化工,1364.43,627.4459392703,-0.22315785877771321,0.15022048233935356,-0.02590376987590995,-0.5579290659513838,-0.014336366258865696,-0.08141128529862296,-0.009150889112460939,-0.12734255330064556,-0.019109435679175255,大幅流出
2001-12-31,基础化工,1253.35,507.6086011647,-0.08141128529862296,0.1348409373098061,-0.01537954502954747,-0.5659185549466601,-0.009150889112460939,-0.03625483703674137,-0.017164658755206695,-0.20762755814417344,-0.019693180620351594,大幅流出
2002-03-31,基础化工,1207.91,718.467494309,-0.03625483703674137,0.14240417186899448,0.007563234559188392,-0.1559384224550574,-0.017164658755206695,0.07594108832611712,0.0032843461451871475,-0.09484978185460846,0.018104443615519075,流入
2002-06-30,基础化工,1299.64,886.9133836921,0.07594108832611712,0.15228464007483516,0.009880468205840681,-0.4090053459302172,0.0032843461451871475,-0.08383860145886557,0.003941095364436598,-0.19735465205749292,0.015562364264415476,大幅流入
2002-09-30,基础化工,1190.68,576.6265808349,-0.08383860145886557,0.14285700518485073,-0.009427634889984438,-0.08099400323556372,0.003941095364436598,-0.16592199415460074,-0.009740560556950939,-0.2096533073537812,-0.0022083382366281613,大幅流出
2002-12-31,基础化工,993.12,349.5938723871,-0.16592199415460074,0.1211594175846487,-0.02169758760020203,-0.3112924572496165,-0.009740560556950939,0.10091429031738341,0.020730457528502028,0.0003322861285644903,0.0771272592902376,大幅流出
2003-03-31,基础化工,1093.34,595.174749798,0.10091429031738341,0.1499385708077566,0.02877915322310791,-0.17160518114960677,0.020730457528502028,-0.045905207895073685,0.000779270722312056,0.10477070261766709,0.06252528953294009,大幅流入
2003-06-30,基础化工,1043.15,895.2736646373,-0.045905207895073685,0.13326722584311526,-0.016671344964641344,0.00942626540417879,0.000779270722312056,-0.09787662368786865,-0.01362625368479245,-0.06838901404400152,0.0884511227812424,大幅流出
2003-09-30,基础化工,941.05,355.4697219484,-0.09787662368786865,0.1141886034200841,-0.019078622423031155,-0.3835356645652479,-0.01362625368479245,0.055682482333563765,0.06899614104665974,0.05152754901439891,0.11193644477816243,大幅流出
2003-12-31,基础化工,993.45,809.4221942656,0.055682482333563765,0.15081989061598422,0.036631287195900114,1.3153214578353336,0.06899614104665974,0.21585384266948515,0.006893025467776981,-0.11948261110272287,0.02549109704580027,大幅流入
2004-03-31,基础化工,1207.89,1613.3325806014,0.21585384266948515,0.15421474458785625,0.0033948539718720305,1.71068720766289,0.006893025467776981,-0.19544826101714574,0.025198488548656195,-0.33040260288602447,0.016866920796136012,流入
2004-06-30,基础化工,971.81,867.6573251952,-0.19544826101714574,0.14216341721649509,-0.012051327371361165,-0.030846813139855045,0.025198488548656195,0.018244307014745775,0.007656562379863091,-0.27291342957985604,-0.04460269537352412,大幅流出
2004-09-30,基础化工,989.54,784.0557038988001,0.018244307014745775,0.1518117552579447,0.009648338041449628,1.2056891360570328,0.007656562379863091,-0.11600339551710892,-0.01411089584497488,-0.22269943610162296,-0.022342723955257444,大幅流入
2004-12-31,基础化工,874.75,716.3312590068,-0.11600339551710892,0.14350129973132753,-0.008310455526617189,-0.11500912122043139,-0.01411089584497488,-0.07539296941983431,-0.0015747446973734258,-0.10084024006859112,0.024800215744750456,大幅流出
2005-03-31,基础化工,808.8,679.6644851557,-0.07539296941983431,0.15730764189278168,0.013806342161454155,-0.5787201638844097,-0.0015747446973734258,-0.1263724035608308,-0.03677477098019391,0.11211671612265084,0.03517760184950327,大幅流入
2005-06-30,基础化工,706.59,843.4365645514,-0.1263724035608308,0.17051278519639596,0.013205143303614275,-0.02791512264170759,-0.03677477098019391,0.08856621237209694,0.03113413152244513,0.7013260872641842,0.04887430160475415,大幅流入
2005-09-30,基础化工,769.17,1148.0119010869,0.08856621237209694,0.16251043593625503,-0.008002349260140929,0.46419686175138986,0.03113413152244513,0.022582784039939074,0.033428985181746085,0.6131284371465345,0.023303358950413033,大幅流出
2005-12-31,基础化工,786.54,725.0378865648,0.022582784039939074,0.1673669442710566,0.004856508334801585,0.012154471061435856,0.033428985181746085,0.14359091718158012,0.00853556188904947,0.8944745340351412,-0.03625187065468328,流入
2006-03-31,基础化工,899.48,1169.4509122403,0.14359091718158012,0.15888035951074914,-0.008486584760307475,0.7206297191950495,0.00853556188904947,0.3364833014630677,-0.024030091482689586,1.586583359274247,-0.04772793896660329,大幅流出
2006-06-30,基础化工,1202.14,2421.3694811902,0.3364833014630677,0.13210566624228362,-0.026774693268465516,1.8708376930256252,-0.024030091482689586,0.03213436039063655,0.005995683849780019,1.4041209842447633,-0.08344730473052597,大幅流出
2006-09-30,基础化工,1240.77,1804.650170815,0.03213436039063655,0.13630844424074934,0.004202777998465718,0.5719786259240138,0.005995683849780019,0.20093167952158741,-0.026715545718834055,2.3035776171248488,-0.07358699301036693,流入
2006-12-31,基础化工,1490.08,2141.8832533478,0.20093167952158741,0.1066010033749341,-0.02970744086581524,1.9541673518551637,-0.026715545718834055,0.5613792548051111,-0.003473823811238952,1.849330237302694,0.007763159150497464,大幅流出
2007-03-31,基础化工,2326.58,5731.8420784934,0.5613792548051111,0.11743283754330736,0.010831834168373258,3.9013105368510024,-0.003473823811238952,0.2422052970454487,-0.06063835456570088,0.3947897772696401,-0.018140939730749654,大幅流入
2007-06-30,基础化工,2890.09,12963.2711202249,0.2422052970454487,0.11730340822225942,-0.00012942932104793858,4.353693940939956,-0.06063835456570088,0.41828801179202,0.016818226932234226,-0.1345494430969279,0.12546687291589564,中性
2007-09-30,基础化工,4098.98,10125.5475672463,0.41828801179202,0.11221952119053924,-0.005083887031720177,4.610809081448451,0.016818226932234226,0.035801589663770006,0.058750480615209766,-0.517770274556109,0.10714180119269266,流出
2007-12-31,基础化工,4245.73,7002.107848841,0.035801589663770006,0.1282477140939369,0.01602819290339766,2.269136092220053,0.058750480615209766,-0.23568149646821623,-0.029089081097985747,-0.6468263408177157,-0.06726017776048494,大幅流入
2008-03-31,基础化工,3245.09,8196.819146831,-0.23568149646821623,0.13277358902478945,0.004525874930852547,0.43004971780128187,-0.029089081097985747,-0.2292263080530894,0.07675373829534621,-0.35005192459993417,-0.07464662643118548,中性
2008-06-30,基础化工,2501.23,5880.1415616642,-0.2292263080530894,0.1333088208944604,0.0005352318696709435,-0.5463998625709383,0.07675373829534621,-0.20972881342379546,0.0002621937104676786,-0.05168257217449023,-0.1993425720409311,流入
2008-09-30,基础化工,1976.65,3687.1415763364,-0.20972881342379546,0.13178722856059993,-0.0015215923338604553,-0.6358575620874656,0.0002621937104676786,-0.2414033845142034,-0.10802867887276565,0.2488756228973263,-0.15650071471195534,中性
2008-12-31,基础化工,1499.48,3861.4577752293,-0.2414033845142034,0.13637383408509915,0.0045866055244992154,-0.44852923454064564,-0.10802867887276565,0.40658094806199463,-0.036777810039646475,1.1087443647131006,-0.04604324700223258,流入
2009-03-31,基础化工,2109.14,7681.9510159998,0.40658094806199463,0.13815071251993838,0.0017768784348392297,-0.06281316222894273,-0.036777810039646475,0.12461003062859755,-0.06834415556950163,0.36755265179172586,-0.11500289380286598,流入
2009-06-30,基础化工,2371.96,9420.8943547534,0.12461003062859755,0.12174667620879208,-0.0164040363111463,0.6021543454282239,-0.06834415556950163,0.0407384610195789,0.053784572568236655,-0.14872932089917193,-0.12434640610966607,大幅流出
2009-09-30,基础化工,2468.59,12819.8889047817,0.0407384610195789,0.12671603507695225,0.004969358868160176,2.4769179971439383,0.053784572568236655,0.2809012432198137,0.008776272974662658,-0.03635678666769287,-0.22912000315784567,大幅流入
2009-12-31,基础化工,3162.02,11764.0244409567,0.2809012432198137,0.12936673662449427,0.002650701547542017,2.046524169297211,0.008776272974662658,-0.08781095628743651,-0.10640723695178456,-0.2240276785093073,-0.24738185248688366,中性
2010-03-31,基础化工,2884.36,8765.2284574093,-0.08781095628743651,0.12813408556222214,-0.0012326510622721332,0.14101592670316077,-0.10640723695178456,-0.29995562273779974,-0.07818027569597757,-0.11762054667239877,-0.14987785944040175,流出
2010-06-30,基础化工,2019.18,8854.0762604531,-0.29995562273779974,0.1353767424625006,0.007242656900278449,-0.0601660599255428,-0.07818027569597757,0.17812181182460218,-0.07230273062129389,0.2142503392466249,-0.05341762930245284,流入
2010-09-30,基础化工,2378.84,10821.8487157121,0.17812181182460218,0.1435088570780007,0.008132114615500119,-0.15585471948390672,-0.07230273062129389,0.031443897025440926,-0.015121247235015157,-0.11948680869667577,0.013877957132312399,大幅流入
2010-12-31,基础化工,2453.64,14739.3442373818,0.031443897025440926,0.1301285249990685,-0.013380332078932217,0.25291683227607553,-0.015121247235015157,0.037275231900360195,0.00936045061001619,-0.3106038375637828,-0.025852048432612882,大幅流出
2011-03-31,基础化工,2545.1,10140.3032919824,0.037275231900360195,0.1311233186387251,0.0009947936396565993,0.15687837929777415,0.00936045061001619,-0.03666260657734466,0.026415215363148545,-0.2982869042473772,-0.024682069335327284,中性
2011-06-30,基础化工,2451.79,11669.7545502329,-0.03666260657734466,0.1665392592320125,0.0354159405932874,0.3180092656707827,0.026415215363148545,-0.14568539719959706,-0.006349746803556933,-0.2978558522548831,-0.10157163445807732,大幅流入
2011-09-30,基础化工,2094.6,11121.1539790806,-0.14568539719959706,0.1809113066240882,0.014372047392075704,0.027657498384166423,-0.006349746803556933,-0.19243292275374768,-0.0537148847165953,-0.21001623221617483,-0.06656770879810762,大幅流入
2011-12-31,基础化工,1691.53,6550.8096280534,-0.19243292275374768,0.16540434262316678,-0.015506964000921414,-0.5555562362510476,-0.0537148847165953,0.055807464248343264,0.01057272090934843,0.0027667259818034257,-0.024557366449252892,大幅流出
2012-03-31,基础化工,1785.93,7762.2687115075005,0.055807464248343264,0.153364035115823,-0.012040307507343778,-0.23451316119460963,0.01057272090934843,-0.036070842642208834,-0.05450262390067226,0.062398862217443916,0.03563144799899168,大幅流出
2012-06-30,基础化工,1721.51,6138.749911886,-0.036070842642208834,0.12247283047768534,-0.03089120463813766,-0.4739606659710349,-0.05450262390067226,-0.038808952605561386,0.03236414617768084,-0.037420636534205604,0.06825604494202474,大幅流出
2012-09-30,基础化工,1654.7,5607.7572891465,-0.038808952605561386,0.13061226325348743,0.008139432775802091,-0.49575760755628884,0.03236414617768084,0.0250861183296065,-0.011126084192569996,0.09549767329425259,-0.050870547584001696,流入
2012-12-31,基础化工,1696.21,4793.5303541271,0.0250861183296065,0.12577103792523509,-0.0048412253282523465,-0.2682537539178166,-0.011126084192569996,0.11859380619145021,0.07292920594820543,0.06535747342604968,-0.03789924933094022,流出
2013-03-31,基础化工,1897.37,7931.0632854967,0.11859380619145021,0.13516818840442457,0.009397150479189487,0.021745520576859523,0.07292920594820543,-0.1266384521732714,-0.024717442246005153,-0.05731617976462164,-0.09636089391983785,大幅流入
2013-06-30,基础化工,1657.09,6646.2518440892,-0.1266384521732714,0.1247155399004354,-0.010452648503989179,0.08267186959686401,-0.024717442246005153,0.09391765082162107,-0.08275996059661045,0.0780524896052719,-0.10820262912445626,大幅流出
2013-09-30,基础化工,1812.72,8043.8046479815,0.09391765082162107,0.11615819655882996,-0.008557343341605433,0.43440670364779055,-0.08275996059661045,-0.0031168630566221767,0.002388382631697279,0.22344322344322345,-0.013476750929210864,大幅流出
2013-12-31,基础化工,1807.07,8211.0328906323,-0.0031168630566221767,0.12679170521175023,0.010633508652920273,0.7129406270605594,0.002388382631697279,-0.010209897790345757,0.007733117218857652,0.27385768121876836,-0.14367300031603855,流入
2014-03-31,基础化工,1788.62,8504.0414930266,-0.010209897790345757,0.09484045375086478,-0.031951251460885455,0.07224481597287058,0.007733117218857652,-0.0012244076438817642,-0.037498028788683246,0.7221824646934508,-0.14315209226256703,大幅流出
2014-06-30,基础化工,1786.43,6664.9690033957,-0.0012244076438817642,0.0724135324631037,-0.02242692128776108,0.0028161977225023005,-0.037498028788683246,0.24144802763052575,0.01466841392643256,1.1938223160157408,-0.0913880952812735,大幅流出
2014-09-30,基础化工,2217.76,13035.040708101,0.24144802763052575,0.07050143756003592,-0.0019120949030677764,0.6205068718783457,0.01466841392643256,0.03796172714811319,-0.1299016652414782,0.19183771012192477,-0.12591561498700443,中性
2014-12-31,基础化工,2301.95,16259.5202653752,0.03796172714811319,0.04998619934964896,-0.020515238210386963,0.9802040111086583,-0.1299016652414782,0.33813940354916494,0.008346126380898544,0.5500640761093858,0.09523029952831556,大幅流出
2015-03-31,基础化工,3080.33,21847.1385498113,0.33813940354916494,0.05449295688012875,0.004506757530479792,1.5690300979512126,0.008346126380898544,0.272301993617567,0.020648753951129584,-0.03750572178954842,0.08550601126237524,大幅流入
2015-06-30,基础化工,3919.11,55629.423385122296,0.272301993617567,0.05850161292912198,0.004008656048993232,7.346538949660523,0.020648753951129584,-0.32555860896989364,-0.02388928433250992,-0.2285263746105622,0.09067866657961397,流入
2015-09-30,基础化工,2643.21,34927.3806715029,-0.32555860896989364,0.061252633388205406,0.002751020459083424,1.6794991633433316,-0.02388928433250992,0.349938143393828,0.0902357668619102,0.19850863155027396,0.13713554867903294,流入
2015-12-31,基础化工,3568.17,38868.5606195435,0.349938143393828,0.07116176430187815,0.009909130913672744,1.3905109120786587,0.0902357668619102,-0.16909788491019206,-0.000606738061397355,-0.07129424887267147,0.07326976046324545,大幅流入
2016-03-31,基础化工,2964.8,22215.4052345029,-0.16909788491019206,0.07127693430764757,0.00011517000576942438,0.016856518021888922,-0.000606738061397355,0.01979560172692918,0.02551235134200787,0.12291891527253093,0.053660003440343225,中性
2016-06-30,基础化工,3023.49,26625.4011462764,0.01979560172692918,0.08810319284328404,0.016826258535636462,-0.521379163649624,0.02551235134200787,0.04776599228044409,0.017687636371324113,0.02610890064131183,-0.0016507510977779984,大幅流入
2016-09-30,基础化工,3167.91,24184.4550129013,0.04776599228044409,0.07838404750501811,-0.009719145338265928,-0.3075789094991227,0.017687636371324113,0.046046131361055176,0.02900404591838284,0.06080349504878624,0.01077001735033306,大幅流出
2016-12-31,基础化工,3313.78,25919.0714181281,0.046046131361055176,0.08578325760925003,0.007399210104231918,-0.33316101741375703,0.02900404591838284,0.004662349341235661,-0.01886669446647004,-0.03807736180434432,-0.03397720497047534,大幅流入
2017-03-31,基础化工,3329.23,22104.739619442298,0.004662349341235661,0.08572179626909045,-6.146134015957982e-05,-0.004981480818937678,-0.01886669446647004,-0.0681238604722414,-0.02832082231522951,-0.07600856654541745,-0.01644115709709655,中性
2017-06-30,基础化工,3102.43,17264.1232151067,-0.0681238604722414,0.07013284093015516,-0.015588955338935284,-0.3515919959192384,-0.02832082231522951,0.08319285205467986,0.030348999614470767,-0.10727075228127618,0.04616153454077861,大幅流出
2017-09-30,基础化工,3360.53,27073.6259872286,0.08319285205467986,0.08625937954459818,0.01612653861444302,0.11946396860239594,0.030348999614470767,-0.05145914483727276,-0.016550404670115364,-0.22147101796442828,0.02571710812282555,大幅流入
2017-12-31,基础化工,3187.6,18157.0116720656,-0.05145914483727276,0.06863252448616083,-0.01762685505843735,-0.299472910153472,-0.016550404670115364,-0.0349541975153721,-0.0010563480600205705,-0.3172386748651023,-0.019567501089026888,大幅流出
2018-03-31,基础化工,3076.18,18710.721351038,-0.0349541975153721,0.06821546200994731,-0.00041706247621352277,-0.15354255814979512,-0.0010563480600205705,-0.09965281615510135,0.033525738640909325,-0.08161746061673891,-0.029419213897870892,中性
2018-06-30,基础化工,2769.63,17530.878475174,-0.09965281615510135,0.0741839419979073,0.00596847998795999,0.015451422394499481,0.033525738640909325,-0.05537201720085361,0.010213586858470125,-0.09133349942050034,-0.0991357686563893,流入
2018-09-30,基础化工,2616.27,14349.152599233,-0.05537201720085361,0.07607676521299085,0.00189282321508355,-0.4699951677694778,0.010213586858470125,-0.16814013844136888,-0.059968936204187556,-0.05082426507967457,-0.10420651158229131,流入
2018-12-31,基础化工,2176.37,11914.2707349166,-0.16814013844136888,0.06645085376937798,-0.00962591144361287,-0.3438198449116714,-0.059968936204187556,0.2980835060214946,-0.011094067109584771,0.24221065351939244,-0.026071118696109633,大幅流出
2019-03-31,基础化工,2825.11,19948.289465463502,0.2980835060214946,0.05969586477215542,-0.006754988997222565,0.06614219148514278,-0.011094067109584771,-0.10917804970425937,-0.04071213499521198,-0.1267809041063888,-0.0431425859294291,大幅流出
2019-06-30,基础化工,2516.67,25617.4402370092,-0.10917804970425937,0.07402422843426439,0.014328363662108969,0.46127533045687485,-0.04071213499521198,-0.013259585086642267,0.004527343336987882,0.10477734466576868,-0.005808270425499686,大幅流入
2019-09-30,基础化工,2483.3,18228.1086374812,-0.013259585086642267,0.06299251572916822,-0.011031712705096161,0.27032648871930864,0.004527343336987882,0.08867635807192054,0.022025069606950373,0.29497040228727917,0.05579094136691434,大幅流出
2019-12-31,基础化工,2703.51,14409.1311629927,0.08867635807192054,0.054365389131775486,-0.008627126597392738,0.20940101862588456,0.022025069606950373,-0.08750476232749282,-0.028428058897129176,0.34978601891614974,0.10268821350956618,大幅流出
2020-03-31,基础化工,2466.94,30680.509680884,-0.08750476232749282,0.0636300935370355,0.009264704405260012,0.538002029397117,-0.028428058897129176,0.12704808386097755,-0.0032829890383221094,0.5384889782483565,0.1944734540480564,大幅流入
2020-06-30,基础化工,2780.36,22893.5251184171,0.12704808386097755,0.06132638840053143,-0.002303705136504068,-0.10633049568539221,-0.0032829890383221094,0.15661281272928695,0.06676694032093086,0.5941640650850972,0.3385522001554837,流出
2020-09-30,基础化工,3215.8,40487.4559401521,0.15661281272928695,0.06165425214758774,0.00032786374705631033,1.221155071289214,0.06676694032093086,0.13475962435474842,0.06742249247545448,0.5671310404875926,0.43837457964403437,中性
2020-12-31,基础化工,3649.16,33241.36585611,0.13475962435474842,0.07290992250893684,0.011255670361349099,1.3069653180397554,0.06742249247545448,0.04006401473215759,0.05244336352494538,0.37194313211807645,0.2641310461643789,大幅流入
2021-03-31,基础化工,3795.36,42207.89327321,0.04006401473215759,0.08097027917518947,0.008060356666252627,0.37572334072104185,0.05244336352494538,0.16783388137093724,0.11694215006093811,0.19477467223135628,0.21531759583584684,大幅流入
2021-06-30,基础化工,4432.35,38712.39794147,0.16783388137093724,0.07894531879083291,-0.002024960384356553,0.690975843223337,0.11694215006093811,0.13699956005279357,0.14632096468410977,0.061612914142610296,0.09651505120667592,流出
2021-09-30,基础化工,5039.58,88165.51992445,0.13699956005279357,0.11654779790909009,0.037602479118257176,1.1776008859330367,0.14632096468410977,-0.006575944820798596,-0.06188420512386835,-0.1917699490830586,-0.06018199193411731,大幅流入
2021-12-31,基础化工,5006.44,57871.61928543,-0.006575944820798596,0.09552811860677715,-0.021019679302312938,0.7409519072090951,-0.06188420512386835,-0.0942466103658487,0.011804070624976695,-0.19077028786922443,-0.04301422272231534,大幅流出
2022-03-31,基础化工,4534.6,33897.28917094,-0.0942466103658487,0.06420401492992125,-0.0313241036768559,-0.1968969180355863,0.011804070624976695,0.037674767344418214,0.0077562301948194655,-0.08088695805583733,-0.08517891604337856,大幅流出
2022-06-30,基础化工,4705.44,35955.11595047,0.037674767344418214,0.070748969781778,0.0065449548518567435,-0.07122477907901215,0.0077562301948194655,-0.13437638137984964,-0.01749357252505175,-0.20813781495460557,-0.14928262446616578,大幅流入
2022-09-30,基础化工,4073.14,38746.86524625,-0.13437638137984964,0.06952251243164578,-0.0012264573501322151,-0.560521332155103,-0.01749357252505175,-0.005347225973082126,-0.04474753044626356,-0.11637459061068345,-0.13085111664392834,中性
2022-12-31,基础化工,4051.36,23201.193816259998,-0.005347225973082126,0.04957731569737987,-0.01994519673426591,-0.5990920229512011,-0.04474753044626356,0.028743434303542648,-0.03277591097126636,-0.1468864776272658,-0.08200812228022561,大幅流出
2023-03-31,基础化工,4167.81,20538.91014259,0.028743434303542648,0.042686460909556655,-0.006890854787823218,-0.39408399181967857,-0.03277591097126636,-0.10599091609262423,-0.06285966691836856,-0.22240697152701294,-0.09202672057397158,大幅流出
2023-06-30,基础化工,3726.06,15428.29700186,-0.10599091609262423,0.028539288133561214,-0.014147172775995441,-0.5709012029577859,-0.06285966691836856,-0.034065473985926076,0.003793256008383844,-0.1854183775891961,-0.012173078773335667,大幅流出
2023-09-30,基础化工,3599.13,16646.54702622,-0.034065473985926076,0.03552985534693498,0.006990567213373766,-0.5703769344842398,0.003793256008383844,-0.0396929257903994,0.008934171135364898,-0.05615801596496925,-0.0594986006406342,大幅流入
2023-12-31,基础化工,3456.27,16626.25593697,-0.0396929257903994,0.03372780041565083,-0.0018020549312841513,-0.2833879123358778,0.008934171135364898,-0.06232441331261729,-0.0433318100409652,-0.05086118850668492,-0.10959654055042393,流出
2024-03-31,基础化工,3240.86,19712.38770828,-0.06232441331261729,0.03844714924833076,0.00471934883267993,-0.040241786373859445,-0.0433318100409652,-0.06346463592996932,0.019559133469827086,0.0520695124133718,-0.0370663463015144,大幅流入
2024-06-30,基础化工,3035.18,26579.43331328,-0.06346463592996932,0.054571191215848004,0.016124041967517246,0.7227716908791451,0.019559133469827086,0.11921204014259468,-0.04429719249698866,0.16060332500873095,-0.0529184132627576,大幅流入
2024-09-30,基础化工,3397.01,17084.54360319,0.11921204014259468,0.03970916655838194,-0.014862024657466062,0.026311557362623583,-0.04429719249698866,-0.03430369648602749,-0.04480899555519265,0.21098848693409777,0.010753576223673464,大幅流出
2024-12-31,基础化工,3280.48,41721.92024878,-0.03430369648602749,0.037628284267304,-0.0020808822910779387,1.5093996150996025,-0.04480899555519265,0.03936314197922264,0.03459615498780378,0.3328506803882359,0.10275690864908826,流出
2025-03-31,基础化工,3409.61,33225.16305502,0.03936314197922264,0.03902775131022616,0.0013994670429221534,0.6854966301755565,0.03459615498780378,0.03315041896287241,0.0027748829738199372,0.370942717788838,0.142301638414053,流入
2025-06-30,基础化工,3522.64,43392.812393270004,0.03315041896287241,0.05880553296151375,0.019777781651287595,0.632571013904554,0.0027748829738199372,0.16780028614902465,0.01995439887976036,0.35294835691413257,0.17986183501672273,大幅流入
2025-09-30,基础化工,4113.74,62082.5686537,0.16780028614902465,0.045257333111048834,-0.013548199850464918,2.633844139805294,0.01995439887976036,0.06287465906936274,0.042136781911197435,0.03702713346006313,0.053300002138480095,大幅流出
2025-12-31,基础化工,4372.39,57256.23533505,0.06287465906936274,0.04899878807073816,0.0037414549596893262,0.3723298207187442,0.042136781911197435,0.06906748940510798,0.07169664834584022,,,大幅流入
2026-03-31,基础化工,4674.38,78033.92099758,0.06906748940510798,0.054525602268570804,0.005526814197832644,1.3486392186656202,0.07169664834584022,0.019589763776158398,0.03574727878077008,,,流入
2026-06-30,基础化工,4765.95,87152.01662561,0.019589763776158398,0.05084405188179422,-0.0036815503867765817,1.008443606645022,0.03574727878077008,-0.10488779781575541,-0.08945442708893372,,,流出
2026-09-30,基础化工,4266.06,48631.8867415,-0.10488779781575541,0.04864150015303068,-0.0022025517287635396,-0.21665794769589264,-0.08945442708893372,,,,,流出
1999-12-31,家用电器,1000.0,1.3229478426999999,,0.046414828016132295,,,,0.24954999999999994,-0.12064000000000008,0.19525999999999988,-0.28866963588687566,
2000-03-31,家用电器,1249.55,805.9442549754,0.24954999999999994,0.06560089128172857,0.01918606326559627,,-0.12064000000000008,0.011580168860789941,-0.06843727991468282,-0.05689248129326555,-0.20390180879056244,大幅流入
2000-06-30,家用电器,1264.02,484.87000469459997,0.011580168860789941,0.044224097881026415,-0.02137679340070215,,-0.06843727991468282,-0.07101153462761667,-0.06985906346227798,-0.08961092387778678,-0.19357551010341717,大幅流出
2000-09-30,家用电器,1174.26,457.8360922279,-0.07101153462761667,0.04713730993386661,0.002913212052840196,,-0.06985906346227798,0.017883603290582917,-0.06643667539385636,-0.2339686270502274,-0.14124209694537854,流入
2000-12-31,家用电器,1195.26,339.457856687,0.017883603290582917,0.04500279275145647,-0.002134517182410138,255.5920180150123,-0.06643667539385636,-0.014055519301239827,-0.015848414829372583,-0.26966517745093105,-0.04084002794079603,流出
2001-03-31,家用电器,1178.46,251.95759673330002,-0.014055519301239827,0.04314565866983833,-0.0018571340816181461,-0.6873759007798987,-0.015848414829372583,-0.023513738268587825,-0.05635385226765308,-0.3040069242910238,-0.06567096998456898,中性
2001-06-30,家用电器,1150.75,302.9005276602,-0.023513738268587825,0.03554852095124087,-0.007597137718597456,-0.37529538901672255,-0.05635385226765308,-0.21831848794264608,-0.00949699542379856,-0.2101412122528785,0.025299911063547065,大幅流出
2001-09-30,家用电器,899.52,159.6834381005,-0.21831848794264608,0.038230740836350606,0.002682219885109735,-0.6512213850955784,-0.00949699542379856,-0.029549092849519676,0.042711303336642345,-0.14387673425827094,-0.032111888915806706,流入
2001-12-31,家用电器,872.94,179.74681907320002,-0.029549092849519676,0.04774787012409655,0.009517129287745944,-0.4704885583516274,0.042711303336642345,-0.06041652347240356,-0.041326345190868884,-0.26788782734208527,-0.08469736895995822,大幅流入
2002-03-31,家用电器,820.2,181.5519562103,-0.06041652347240356,0.035984586888219726,-0.011763283235876824,-0.27943448197565235,-0.041326345190868884,0.10818093148012675,0.035524189299196776,-0.16570348695440135,-0.05427102623873862,大幅流出
2002-06-30,家用电器,908.93,258.116721364,0.10818093148012675,0.04431911022312311,0.008334523334903386,-0.14784987877749556,0.035524189299196776,-0.15274003498619249,-0.06496033816289032,-0.27946046450221684,-0.08327706634760217,大幅流入
2002-09-30,家用电器,770.1,144.4544979745,-0.15274003498619249,0.035788043166929136,-0.008531067056193976,-0.09536956560526577,-0.06496033816289032,-0.17012076353720296,-0.013939329939553158,-0.2073237241916633,-0.00357553931703218,大幅流出
2002-12-31,家用电器,639.09,107.9495299869,-0.17012076353720296,0.03741227525654992,0.0016242320896207862,-0.3994356587587863,-0.013939329939553158,0.07072556290976229,-0.009458269879119102,-0.07784506094603252,-0.010964636146964262,中性
2003-03-31,家用电器,684.29,138.2147680871,0.07072556290976229,0.0348195631594567,-0.0025927120970932194,-0.23870405490426416,-0.009458269879119102,-0.042920399245933716,0.0037640793714520254,0.04916044367154279,0.007697625779548311,中性
2003-06-30,家用电器,654.92,216.0883016983,-0.042920399245933716,0.03216612935459151,-0.002653433804865192,-0.1628271870322996,0.0037640793714520254,-0.06791669211506735,0.016333677888008852,-0.04916631038905503,0.09229312831494509,流入
2003-09-30,家用电器,610.44,115.9368445704,-0.06791669211506735,0.03724273981441115,0.005076610459819636,-0.1974161677480898,0.016333677888008852,-0.03456523163619685,-0.021251572923100877,-0.07587969333595439,-0.03777681171332066,中性
2003-12-31,家用电器,589.34,125.14358085399999,-0.03456523163619685,0.023318042560987136,-0.01392469725342401,0.15927860796787674,-0.021251572923100877,0.21819323310822258,0.009232415906514413,-0.19667763939321947,-0.07476123525066135,流出
2004-03-31,家用电器,717.93,332.4407575355,0.21819323310822258,0.031777246136577585,0.008459203575590449,1.4052477324709827,0.009232415906514413,-0.13261738609613738,0.08802936346966456,-0.4083685038931371,-0.10981710745771958,流入
2004-06-30,家用电器,622.72,207.6946636828,-0.13261738609613738,0.03403023551969071,0.0022529893831131284,-0.03884355584977062,0.08802936346966456,-0.09410328879753338,-0.10469103343241606,-0.3273541880781089,-0.11986016797256574,中性
2004-09-30,家用电器,564.12,189.1286852214,-0.09410328879753338,0.03661979312224219,0.00258955760255148,0.6313078549119553,-0.10469103343241606,-0.16076366730482872,-0.058871167632694676,-0.2511345103878609,-0.06499992251856519,流入
2004-12-31,家用电器,473.43,149.8979321565,-0.16076366730482872,0.030028772053478,-0.006591021068764195,0.1978075993476638,-0.058871167632694676,-0.10282407114040093,-0.029005846417940045,-0.1207992733878294,-0.010340798818373338,大幅流出
2005-03-31,家用电器,424.75,102.1386199076,-0.10282407114040093,0.023639877902649205,-0.006388894150828793,-0.6927614391665167,-0.029005846417940045,-0.013843437316068297,0.07575419526456859,0.1181400824014123,0.025281923954114348,大幅流出
2005-06-30,家用电器,418.87,130.9169737777,-0.013843437316068297,0.026466741858876066,0.0028268639562268605,-0.3696661654358059,0.07575419526456859,0.008546804497815419,-0.04888527635183639,0.37870938477331834,-0.18468100313324923,流入
2005-09-30,家用电器,422.45,187.5434641463,0.008546804497815419,0.026548305018924696,8.156316004863037e-05,-0.008381706208364315,-0.04888527635183639,-0.01469996449283939,-0.00385376335103238,0.3798792756539232,-0.15712191843975926,流出
2005-12-31,家用电器,416.24,120.0096801524,-0.01469996449283939,0.027702901906573554,0.001154596887648858,-0.19939068921174552,-0.00385376335103238,0.14100038439361895,0.005945029101088295,0.7193686334806837,-0.15380651758123748,中性
2006-03-31,家用电器,474.93,160.8541138021,0.14100038439361895,0.021853469147073708,-0.005849432759499847,0.57486085035824,0.005945029101088295,0.2159686690670204,-0.1445447238787369,1.47430147600699,-0.09392393342864662,流出
2006-06-30,家用电器,577.5,359.4793629259,0.2159686690670204,0.019612562687597274,-0.0022409064594764334,1.7458575656988842,-0.1445447238787369,0.009402597402597301,-0.01673607913825923,1.920294372294372,0.19930642423874498,流出
2006-09-30,家用电器,582.93,312.0903365628,0.009402597402597301,0.02357273943028822,0.003960176742690946,0.6640960429276423,-0.01673607913825923,0.2277117321119173,6.450687149583967e-05,2.702863122501845,0.07143654712827405,流入
2006-12-31,家用电器,715.67,424.35624671,0.2277117321119173,0.02112010615751404,-0.002452633272774181,2.5360168127363645,6.450687149583967e-05,0.6419858314586331,0.07713275284228305,2.0256403090810027,0.09935409996990786,中性
2007-03-31,家用电器,1175.12,1152.4653082037,0.6419858314586331,0.023611479426550393,0.002491373269036354,6.164661698497725,0.07713275284228305,0.43514704881203636,0.1323033972008868,0.5509309687521278,0.06989356112402927,中性
2007-06-30,家用电器,1686.47,2715.8437284987,0.43514704881203636,0.02457541176122675,0.0009639323346763568,6.5549364124652705,0.1323033972008868,0.279898249005319,-0.12157153585446678,-0.28639703048379145,-0.08695127625625818,流入
2007-09-30,家用电器,2158.51,2032.6218021505,0.279898249005319,0.022527161507455457,-0.0020482502537712936,5.512927713612459,-0.12157153585446678,0.0031734854135492263,0.026122376364988986,-0.5287443653260814,0.09680984987695666,中性
2007-12-31,家用电器,2165.36,1105.0120853583999,0.0031734854135492263,0.020238944765303205,-0.002288216742152252,1.6039727090751463,0.026122376364988986,-0.15832471274984306,0.04826770262038743,-0.5544482210810212,0.15635693882473967,流出
2008-03-31,家用电器,1822.53,1341.9984626204,-0.15832471274984306,0.021737938724285234,0.0014989939589820298,0.16445888051252266,0.04826770262038743,-0.33967067757458036,-0.03369063122614474,-0.2753754396361102,0.02093318103689386,流出
2008-06-30,家用电器,1203.47,913.5149646191,-0.33967067757458036,0.020710318199950072,-0.001027620524335162,-0.6636349304515821,-0.03369063122614474,-0.15476912594414483,0.05522188119011831,0.34585822662800053,0.09190860656766761,中性
2008-09-30,家用电器,1017.21,549.4841784234,-0.15476912594414483,0.019639874280138366,-0.0010704439198117068,-0.7296672810249061,0.05522188119011831,-0.051542945901043136,0.08183175974039461,0.7034339025373321,0.12049001134600097,中性
2008-12-31,家用电器,964.78,590.8825251785,-0.051542945901043136,0.020868003780694495,0.0012281295005561292,-0.46527053141970565,0.08183175974039461,0.36886129480296037,-0.07449746329868073,1.5383818072513937,0.18200432211645995,中性
2009-03-31,家用电器,1320.65,1214.3429181881,0.36886129480296037,0.021838506785817235,0.0009705030051227401,-0.09512346547926631,-0.07449746329868073,0.2264415250066254,0.033487338808526224,0.8615681671903983,0.2583527141360684,流入
2009-06-30,家用电器,1619.7,1626.3913486927,0.2264415250066254,0.021017934546539538,-0.0008205722392776969,0.7803663997675632,0.033487338808526224,0.06979687596468476,0.08284298751334251,0.13521639809841324,0.18066290183759642,流出
2009-09-30,家用电器,1732.75,1786.0197963653,0.06979687596468476,0.017653612199396068,-0.0033643223471434697,2.2503570921547063,0.08284298751334251,0.41334872312797577,0.14122375288282474,0.2837743471360555,0.04603504994647979,流出
2009-12-31,家用电器,2448.98,2160.3592605849,0.41334872312797577,0.023757059404378927,0.0061034472049828585,2.6561569661114546,0.14122375288282474,0.0038791660201389355,-0.0147171146442091,-0.00021233329794436348,-0.03379110749127022,大幅流入
2010-03-31,家用电器,2458.48,1849.7620108362,0.0038791660201389355,0.027040660139996852,0.0032836007356179253,0.5232616612086789,-0.0147171146442091,-0.25209479027691906,-0.030319443235096888,0.11512804659789803,0.07064118243329176,中性
2010-06-30,家用电器,1838.71,1741.8759796427,-0.25209479027691906,0.026632873826821814,-0.00040778631317503825,0.07100666825535384,-0.030319443235096888,0.20979382284318904,-0.04063071960270703,0.4719721978996147,0.15967088621233075,流入
2010-09-30,家用电器,2224.46,1886.8773891557,0.20979382284318904,0.025021937071704702,-0.0016109367551171115,0.056470590637155205,-0.04063071960270703,0.10069859651331114,0.05413345225285506,-0.019645217266212735,0.14239319653964,流出
2010-12-31,家用电器,2448.46,2538.9405094205,0.10069859651331114,0.022415419453556455,-0.002606517618148247,0.17523995001326864,0.05413345225285506,0.11969156122624014,0.09177677993589614,-0.24763729037844182,0.06577785764664291,中性
2011-03-31,家用电器,2741.52,2066.178559126,0.11969156122624014,0.02671756275643068,0.0043021433028742236,0.11699696881112143,0.09177677993589614,-0.012762992792319516,0.05031482914817369,-0.2456265137587906,0.0517915867045615,流入
2011-06-30,家用电器,2706.53,1922.2087966474,-0.012762992792319516,0.027431873370166754,0.0007143106137360751,0.10352793144417238,0.05031482914817369,-0.1942598086849212,-0.054924158288881086,-0.2445086512988956,-0.028367633803676313,中性
2011-09-30,家用电器,2180.76,1716.8157183828,-0.1942598086849212,0.027927980803938296,0.0004961074337715421,-0.090128628256548,-0.054924158288881086,-0.15528072781965918,-0.0165626897825068,-0.12283332416221861,0.03496905685065291,中性
2011-12-31,家用电器,1842.13,1198.8191639439,-0.15528072781965918,0.03026952498925203,0.002341544185313734,-0.527826997325934,-0.0165626897825068,0.12268406681395994,0.07744932347496511,0.1584415866415507,0.13593626424167624,流入
2012-03-31,家用电器,2068.13,1722.9639381742,0.12268406681395994,0.03404168442735176,0.0037721594380997307,-0.1661108230147258,0.07744932347496511,-0.011300063342246425,-0.02973184460070985,0.12623481115790583,0.10257611248894766,流入
2012-06-30,家用电器,2044.76,1493.5584509269,-0.011300063342246425,0.02979765157311746,-0.0042440328542343,-0.22299884719502172,-0.02973184460070985,-0.06449167628474728,0.006681422498494946,0.07417985484849082,0.18741094552631737,流出
2012-09-30,家用电器,1912.89,1053.8785965706,-0.06449167628474728,0.02454626004568848,-0.00525139152742898,-0.3861434367788007,0.006681422498494946,0.11558950070312446,0.07937729818094796,0.3130289770974808,0.14042333174981336,流出
2012-12-31,家用电器,2134.0,1128.2017713912,0.11558950070312446,0.029601378794815014,0.0050551187491265324,-0.058905792196699225,0.07937729818094796,0.09147141518275537,0.04580681493951059,0.3932942830365512,0.25655296932662774,流入
2013-03-31,家用电器,2329.2,1596.6666818978001,0.09147141518275537,0.027211804408683794,-0.0023895743861312192,-0.0733023213534203,0.04580681493951059,-0.05699811093937823,0.044922898987888024,0.1783101494075219,0.1306275444103448,流出
2013-06-30,家用电器,2196.44,2051.7341507726,-0.05699811093937823,0.038500366574783666,0.011288562166099872,0.3737220324382331,0.044922898987888024,0.143523155651873,-0.033154455766358504,0.2710977764018137,0.061446782967723095,大幅流入
2013-09-30,家用电器,2511.68,2114.386038426,0.143523155651873,0.030533221504125466,-0.0079671450706582,1.00628995152418,-0.033154455766358504,0.18378535482227032,0.18929060051058977,0.23462383743151993,-0.02958128467558891,流出
2013-12-31,家用电器,2973.29,3226.074957087,0.18378535482227032,0.049815845387325704,0.019282623883200237,1.859484038133432,0.18929060051058977,-0.07694170430734981,-0.0589986892981464,0.21282821386410353,-0.18809604607893624,大幅流入
2014-03-31,家用电器,2744.52,3183.221376685,-0.07694170430734981,0.03550055112052515,-0.014315294266800553,0.9936668139786189,-0.0589986892981464,0.017259848716715487,-0.019013772428085995,0.761083905382362,-0.12810523079417863,中性
2014-06-30,家用电器,2791.89,2208.1210080476,0.017259848716715487,0.0239907855861371,-0.01150976553438805,0.07622179375242677,-0.019013772428085995,0.1107099491742154,-0.1160696645298778,1.2105133081890767,-0.08879782183107768,大幅流出
2014-09-30,家用电器,3100.98,3490.3279827677998,0.1107099491742154,0.01887781909175174,-0.0051129664943853625,0.650752473453752,-0.1160696645298778,0.16288721629936354,-0.004976176090227852,0.245054789131178,-0.04412280954926854,大幅流出
2014-12-31,家用电器,3606.09,5148.6450690649,0.16288721629936354,0.015828339004006056,-0.0030494800877456825,0.5959471300424757,-0.004976176090227852,0.34032428475162835,0.010531007583361951,0.4273076933742641,0.03117940503392564,中性
2015-03-31,家用电器,4833.33,7099.1277925596,0.34032428475162835,0.01770723721115483,0.0018788982071487742,1.230170934562087,0.010531007583361951,0.27686501852759915,0.025211778861161716,-0.09570834186782201,0.03846752993872934,流入
2015-06-30,家用电器,6171.51,17415.1581558766,0.27686501852759915,0.018314316049643068,0.0006070788384882377,6.88686765462864,0.025211778861161716,-0.3744010785042883,-0.07273175386690456,-0.2556327381791491,0.07043136197743666,大幅流出
2015-09-30,家用电器,3860.89,10620.1148494001,-0.3744010785042883,0.018624643156871165,0.00031032710722809706,2.0427269018364407,-0.07273175386690456,0.33311231348212456,0.07340993695020676,0.2909096089243671,0.2177208567967639,流出
2015-12-31,家用电器,5147.0,9522.4476853567,0.33311231348212456,0.01743399207383042,-0.0011906510830407453,0.8495055607098145,0.07340993695020676,-0.15081795220516814,0.017673194643626572,-0.018704099475422686,0.13028334417612147,中性
2016-03-31,家用电器,4370.74,5300.715456093,-0.15081795220516814,0.017007060792241593,-0.0004269312815888271,-0.2533286326175823,0.017673194643626572,0.051050851800839236,0.056767601415917926,0.3149169248227991,0.23766671096680708,中性
2016-06-30,家用电器,4593.87,5713.3585794423,0.051050851800839236,0.01890544784441051,0.0018983870521689164,-0.6719318579651041,0.056767601415917926,0.08493710096280482,0.05485874505368485,0.42747182658629884,0.38295723121617603,流入
2016-09-30,家用电器,4984.06,5858.7888498556,0.08493710096280482,0.018988874600811577,8.342675640106781e-05,-0.44833093305139293,0.05485874505368485,0.013376644743442023,-0.0036654406992303115,0.2939591417438796,0.22007338493370474,中性
2016-12-31,家用电器,5050.73,6106.2267360853,0.013376644743442023,0.02020952111562666,0.0012206465148150818,-0.3587544990690523,-0.0036654406992303115,0.1378869985130864,0.11435795470538068,0.43030809407749004,0.4144527915604618,中性
2017-03-31,家用电器,5747.16,4955.9160991069,0.1378869985130864,0.01921895654453611,-0.0009905645710905492,-0.06504770154937567,0.11435795470538068,0.14101921644777593,0.18082225460478782,0.2373746337321391,0.29252138483764584,中性
2017-06-30,家用电器,6557.62,6591.2506519316,0.14101921644777593,0.02677594035578965,0.00755698381125354,0.1536560431631433,0.18082225460478782,-0.01653801226664553,-0.06938186470685462,0.030715411993985677,0.18613669095373697,大幅流入
2017-09-30,家用电器,6449.17,5675.9363207576,-0.01653801226664553,0.018084121631663213,-0.008691818724126436,-0.03120995376075164,-0.06938186470685462,0.120159648450886,0.1550683886180434,-0.13524065887548326,0.13525805998868273,流出
2017-12-31,家用电器,7224.1,6994.1314153104,0.120159648450886,0.026437439392035626,0.008353317760372413,0.14540971333048391,0.1550683886180434,-0.01560194349469135,0.018295905960660178,-0.31402942927146626,-0.020356707857282785,大幅流入
2018-03-31,家用电器,7111.39,6866.333086766,-0.01560194349469135,0.025033245647792506,-0.00140419374424312,0.3854821085456579,0.018295905960660178,-0.049547275567786375,0.0836312792282243,-0.06334626563864454,-0.004323332007752462,流出
2018-06-30,家用电器,6759.04,5981.9679382427,-0.049547275567786375,0.02531338992466167,0.00028014427686916255,-0.09243810406608444,0.0836312792282243,-0.17488578259634513,-0.1093001785370214,0.010488175835621597,0.005057541035899688,中性
2018-09-30,家用电器,5576.98,4447.9878596711,-0.17488578259634513,0.023582474695301496,-0.0017309152293601728,-0.21634288894252407,-0.1093001785370214,-0.11143306951073861,-0.0032618672735572896,0.21712647346771913,0.14151593146619762,流出
2018-12-31,家用电器,4955.52,3955.8661335619,-0.11143306951073861,0.02206351423609786,-0.0015189604592036367,-0.4344020867405537,-0.0032618672735572896,0.34413946467777334,0.03496189154669399,0.5698534159886345,0.23621323520058757,流出
2019-03-31,家用电器,6660.91,6955.8690344163,0.34413946467777334,0.02081565028270912,-0.0012478639533887378,0.013039849147847171,0.03496189154669399,0.025374911235852116,0.09384082594489951,-0.018153675698966268,0.07471245811636351,中性
2019-06-30,家用电器,6829.93,6746.3021640484,0.025374911235852116,0.019494133990664245,-0.0013215162920448761,0.1277730395242198,0.09384082594489951,-0.006155260742057411,0.011631667681572738,0.12046243519333275,0.02162184320414405,流出
2019-09-30,家用电器,6787.89,4740.4144130062,-0.006155260742057411,0.016381876771353908,-0.0031122572193103375,0.06574355923640574,0.011631667681572738,0.14607632121321923,0.07942503274824907,0.234620773171044,0.015183979625319059,中性
2019-12-31,家用电器,7779.44,4980.6775302096,0.14607632121321923,0.01879200550031613,0.0024101287289622214,0.2590611921756185,0.07942503274824907,-0.15932380736916796,-0.10024710393880432,0.3107640138621802,0.08101475575153695,流入
2020-03-31,家用电器,6539.99,9269.131340238,-0.15932380736916796,0.019223790618898784,0.0004317851185826546,0.33256265958662024,-0.10024710393880432,0.1701363457742291,0.03980527287492944,0.43865663403155036,0.12346020674162751,流入
2020-06-30,家用电器,7652.68,6636.567308703,0.1701363457742291,0.017777808455211385,-0.0014459821636873989,-0.01626592652937875,0.03980527287492944,0.09510263071237768,0.005256758304021586,0.12480595033373923,-0.06651812986513979,流出
2020-09-30,家用电器,8380.47,10664.9669655073,0.09510263071237768,0.016240599641751917,-0.0015372088134594682,1.2497963334694955,0.005256758304021586,0.2167587259425785,0.14942159406328456,-0.07705295765034662,-0.15692763526742232,流出
2020-12-31,家用电器,10197.01,8904.29761086,0.2167587259425785,0.019530233854244117,0.0032896342124922005,0.7877683421286026,0.14942159406328456,-0.07729814916333322,-0.06491880037054544,-0.19540139707620188,-0.2625441950248989,流入
2021-03-31,家用电器,9408.8,8918.68380447,-0.07729814916333322,0.01710931917043904,-0.0024209146838050782,-0.03780802352499646,-0.06491880037054544,-0.08513519258566438,-0.1360269238956635,-0.30871843380664915,-0.2911557683286696,流出
2021-06-30,家用电器,8607.78,7768.778413,-0.08513519258566438,0.015842694357422624,-0.0012666248130164155,0.1706019168693207,-0.1360269238956635,-0.1014256869947886,-0.09210428236347239,-0.15110980996261522,-0.10281586009575903,流出
2021-09-30,家用电器,7734.73,9328.119770360001,-0.1014256869947886,0.012331031664071337,-0.0035116626933512866,-0.1253493985936326,-0.09210428236347239,0.06073515171182442,0.005426891408754665,-0.1606959777522938,-0.006551002494905632,中性
2021-12-31,家用电器,8204.5,8185.26889682,0.06073515171182442,0.01351134368898928,0.001180312024917942,-0.08075075042000468,0.005426891408754665,-0.20724846121031137,-0.10119778021948599,-0.2094850386982752,-0.05175891676711822,中性
2022-03-31,家用电器,6504.13,6520.50042548,-0.20724846121031137,0.012350318179041173,-0.0011610255099481059,-0.2688943157496,-0.10119778021948599,0.12344925455057032,0.09353071740097157,0.07434506997861376,0.07174328542893778,流出
2022-06-30,家用电器,7307.06,6957.62691446,0.12344925455057032,0.013690539532735989,0.0013402213536948156,-0.10441171770102842,0.09353071740097157,-0.11157291715135775,0.005309891703440137,0.005545321921538927,0.07282672636788597,中性
2022-09-30,家用电器,6491.79,10130.18594069,-0.11157291715135775,0.01817633435687201,0.004485794824136021,0.08598369125561134,0.005309891703440137,-0.000925784721933387,-0.04032608919511482,0.08351163546571909,0.062007123934476716,流入
2022-12-31,家用电器,6485.78,7149.78359866,-0.000925784721933387,0.015277967222113194,-0.002898367134758816,-0.12650595981792223,-0.04032608919511482,0.07738467848123132,0.015865333206422312,0.03773485995516357,0.11271083036534627,流出
2023-03-31,家用电器,6987.68,6964.324717,0.07738467848123132,0.014474106597176621,-0.000803860624936573,0.06806598612978831,0.015865333206422312,0.05150493439882764,0.09463618357308332,0.06202487807111943,0.2285204338306833,中性
2023-06-30,家用电器,7347.58,8414.6426997,0.05150493439882764,0.0155654193407577,0.0010913127435810792,0.20941274994379055,0.09463618357308332,-0.042687524327737814,-0.004828794333427894,-0.006293228518777692,0.1973776310780108,流入
2023-09-30,家用电器,7033.93,6593.77588405,-0.042687524327737814,0.014073543479100892,-0.0014918758616568085,-0.3490962631233918,-0.004828794333427894,-0.0431352032220963,0.0054918937036680035,0.21289520936375536,0.20916014148641793,流出
2023-12-31,家用电器,6730.52,8024.06461793,-0.0431352032220963,0.01627751016114512,0.0022039666820442283,0.1222807665722716,0.0054918937036680035,0.1026027706625936,0.12159537393424569,0.25437113328539246,0.1773986730468864,流入
2024-03-31,家用电器,7421.09,8714.61902971,0.1026027706625936,0.016997040816971565,0.0007195306558264447,0.251322904062401,0.12159537393424569,-0.016136443568262937,0.06688732583153346,0.18748189282167446,0.09073543811845868,流出
2024-06-30,家用电器,7301.34,9261.10620545,-0.016136443568262937,0.01901431048777772,0.0020172696708061558,0.10059411147429675,0.06688732583153346,0.1684731843743752,0.0049639517347918605,0.14276831376158355,-0.06307329069134182,流入
2024-09-30,家用电器,8531.42,8581.92926029,0.1684731843743752,0.019946758093407718,0.000932447605629997,0.3015197075547016,0.0049639517347918605,-0.010414444488725194,-0.020919743557890357,0.05872410454531601,-0.12858715319571998,流入
2024-12-31,家用电器,8442.57,22914.88147373,-0.010414444488725194,0.020666538570220862,0.0007197804768131442,1.8557698080504048,-0.020919743557890357,0.04380656601011301,0.039039579018694155,0.0913643594308368,-0.11054072993084507,流入
2025-03-31,家用电器,8812.41,19462.03599814,0.04380656601011301,0.022860971356807685,0.002194432786586823,1.2332629724592383,0.039039579018694155,-0.05318295449258492,-0.0835584904816374,-0.028634618679793604,-0.202456895865474,流入
2025-06-30,家用电器,8343.74,12763.92328961,-0.05318295449258492,0.017297549302008514,-0.005563422054799171,0.37822879971926615,-0.0835584904816374,0.08253852588887,-0.06530736138039428,0.002132137386831515,-0.13586256545338815,大幅流出
2025-09-30,家用电器,9032.42,21866.04699608,0.08253852588887,0.015940045558415585,-0.0013575037435929298,1.5479174126099826,-0.06530736138039428,0.020094282595362056,-0.0006435945628032493,-0.03364214684436737,-0.020635987124837423,中性
2025-12-31,家用电器,9213.92,17492.36801992,0.020094282595362056,0.014969633061758988,-0.0009704124966565964,-0.23663720277263756,-0.0006435945628032493,-0.07096328164342647,-0.06833412270269423,,,流出
2026-03-31,家用电器,8560.07,18024.5776515,-0.07096328164342647,0.012594535037078781,-0.0023750980246802066,-0.07385960784253909,-0.06833412270269423,-0.0231937355652464,-0.0070362205606347185,,,流出
2026-06-30,家用电器,8361.53,18764.41341252,-0.0231937355652464,0.010947065208784254,-0.001647469828294527,0.4701133019025958,-0.0070362205606347185,0.04389388066538036,0.05932725139220204,,,中性
2026-09-30,家用电器,8728.55,8938.77922349,0.04389388066538036,0.008940546215663554,-0.002006518993120701,-0.5912027800410158,0.05932725139220204,,,,,流出
2014-03-31,建筑材料,3077.63,941.4114010937001,,0.010498994450953416,,,,-0.005520481669336497,-0.04179410281413798,0.7884053638676515,-0.11582446932201317,
2014-06-30,建筑材料,3060.64,1790.6212154643,-0.005520481669336497,0.019454735265697985,0.008955740814744569,,-0.04179410281413798,0.23603886768780402,0.00925925398371083,1.079241596528831,-0.16533334417579232,流入
2014-09-30,建筑材料,3783.07,3386.3677672292,0.23603886768780402,0.018315538941758237,-0.0011391963239397486,,0.00925925398371083,0.1791772290758562,0.011313836686264817,0.19646477596237982,-0.16229991656937479,中性
2014-12-31,建筑材料,4460.91,5278.3578526088,0.1791772290758562,0.016227111473955905,-0.002088427467802332,,0.011313836686264817,0.2338401805909558,-0.0959530965773106,0.26845419432357986,-0.17960347590618517,流入
2015-03-31,建筑材料,5504.05,5414.128048423,0.2338401805909558,0.013504370177061856,-0.0027227412968940483,4.751075504432014,-0.0959530965773106,0.15620497633560748,-0.09544826333082995,-0.1263760321944749,-0.07594443846561037,流出
2015-06-30,建筑材料,6363.81,14723.309089187,0.15620497633560748,0.01548348476324132,0.001979114586179463,7.222458754555364,-0.09544826333082995,-0.28874212146497147,0.01292720317241225,-0.26787726220613123,-0.004333974957068196,中性
2015-09-30,建筑材料,4526.31,9622.9212146956,-0.28874212146497147,0.016875850806878475,0.0013923660436371554,1.8416645432959822,0.01292720317241225,0.25012648271991966,-0.009575893811998137,0.16035799580673896,0.07851301000075499,中性
2015-12-31,建筑材料,5658.46,9176.8070721622,0.25012648271991966,0.016801182536835723,-7.4668270042752e-05,0.7385723606493662,-0.009575893811998137,-0.15021578309292627,0.01827536375586844,0.0002686243253465158,0.1549413565291382,中性
2016-03-31,建筑材料,4808.47,5459.9789719964,-0.15021578309292627,0.017518049227555888,0.0007168666907201651,0.008468754924766841,0.01827536375586844,-0.03106601476145221,-0.02534926514637352,0.245325436157447,0.1732807849106719,流入
2016-06-30,建筑材料,4659.09,4408.1961452393,-0.03106601476145221,0.01458667807261767,-0.002931371154938219,-0.7005974595427913,-0.02534926514637352,0.12728880532464504,0.09721044941552506,0.24969468286725513,0.21840605905126562,中性
2016-09-30,建筑材料,5252.14,5479.1842653804,0.12728880532464504,0.017758541158658183,0.0031718630860405137,-0.4306111270023817,0.09721044941552506,0.07765215702551709,0.06061007158284475,0.17040672944742524,0.11370397356153399,流入
2016-12-31,建筑材料,5659.98,7590.7081962365,0.07765215702551709,0.025122646800493607,0.007364105641835424,-0.17283777063779882,0.06061007158284475,0.057973703087289996,0.034444659279584296,0.06049137982819723,0.0619845943543261,大幅流入
2017-03-31,建筑材料,5988.11,8938.9596376306,0.057973703087289996,0.034665130198621434,0.009542483398127827,0.6371784000410055,0.034444659279584296,-0.027666492432503742,0.01213654572450814,-0.010741285647725175,0.047984885496864964,大幅流入
2017-06-30,建筑材料,5822.44,10634.3369940133,-0.027666492432503742,0.043200355761257796,0.008535225562636362,1.4124010465137804,0.01213654572450814,0.05576699802831819,0.002923145588109105,-0.161253701197436,-0.008509395214711411,大幅流入
2017-09-30,建筑材料,6147.14,8616.083398189001,0.05576699802831819,0.027451735071722327,-0.01574862068953547,0.5725120713002372,0.002923145588109105,-0.02355241624560378,0.01135632392155362,-0.21922715278975258,0.03642815852143792,大幅流出
2017-12-31,建筑材料,6002.36,5980.7337391275,-0.02355241624560378,0.022606850852411202,-0.0048448842193111255,-0.21209805666185821,0.01135632392155362,-0.013089851325145396,0.020807998130206132,-0.3029924896207492,0.004151496797059019,大幅流出
2018-03-31,建筑材料,5923.79,6930.2754408036,-0.013089851325145396,0.02526636638861507,0.002659515536203867,-0.22471118320872419,0.020807998130206132,-0.17560379419256922,-0.04242523939655854,-0.050872836477997944,0.01783159740608631,流入
2018-06-30,建筑材料,4883.55,4784.2985242384,-0.17560379419256922,0.02024531313278939,-0.005021053255825678,-0.5501084339407556,-0.04242523939655854,-0.017206745093221065,0.04837885896610267,0.10909891370007478,0.09673920598264397,流出
2018-09-30,建筑材料,4799.52,4242.9502742637,-0.017206745093221065,0.02249540030975826,0.002250087176968868,-0.5075546419205369,0.04837885896610267,-0.12831074774144102,-0.020139545504259698,0.07859535953595347,0.018459023105801577,流入
2018-12-31,建筑材料,4183.69,3253.86829708,-0.12831074774144102,0.018148179708591422,-0.004347220601166837,-0.45594162204674715,-0.020139545504259698,0.3438925924243912,0.03471501929331183,0.5102529107080117,0.19934494574491943,流出
2019-03-31,建筑材料,5622.43,5389.5634340453,0.3438925924243912,0.01612843299154754,-0.002019746717043882,-0.22231612869049933,0.03471501929331183,-0.036654969470495846,0.03181094523855155,0.140448169207976,0.24476452016389322,流出
2019-06-30,建筑材料,5416.34,5236.4845636445,-0.036654969470495846,0.015131360742738072,-0.0009970722488094677,0.09451459542401408,0.03181094523855155,-0.044236513955918655,-0.026449585532288506,0.250639730888386,0.11722835007234718,中性
2019-09-30,建筑材料,5176.74,3329.7079297556,-0.044236513955918655,0.011506771399605233,-0.003624589343132839,-0.21523757891944162,-0.026449585532288506,0.22054227177721897,0.15389098331224882,0.49953445604762836,0.21199268977959793,中性
2019-12-31,建筑材料,6318.43,4006.580575477,0.22054227177721897,0.015116755452476578,0.0036099840528713446,0.23132844038969824,0.15389098331224882,0.01482330262422793,0.07390000605459157,0.23736117991336458,-0.012868023253986175,大幅流入
2020-03-31,建筑材料,6412.09,7418.3106606469,0.01482330262422793,0.01538526595983686,0.00026851050736028184,0.37642143958937746,0.07390000605459157,0.05642466029017057,-0.07390641260912909,0.2922853546971423,-0.014385833782493631,中性
2020-06-30,建筑材料,6773.89,6389.199170677,0.05642466029017057,0.017115167187340637,0.001729901227503777,0.22013138643346486,-0.07390641260912909,0.14597373148958703,0.05612785908123094,0.18025683912788656,-0.027308586093651086,大幅流入
2020-09-30,建筑材料,7762.7,11048.1751274864,0.14597373148958703,0.016824148597719843,-0.0002910185896207937,2.3180613316728156,0.05612785908123094,0.007146997822922607,-0.06019013405637133,-0.0256096461282801,-0.12007090391703207,中性
2020-12-31,建筑材料,7818.18,7227.39040446,0.007146997822922607,0.01585219080984771,-0.0009719577878721346,0.8038799590594905,-0.06019013405637133,0.05986943252777488,0.07224878132056266,0.044594777812738955,-0.04086744464538808,中性
2021-03-31,建筑材料,8286.25,8479.66123617,0.05986943252777488,0.01626711224745048,0.0004149214376027721,0.1430717348025632,0.07224878132056266,-0.035157037260521884,-0.08604876857052102,-0.14136068788655906,-0.12584841142895484,中性
2021-06-30,建筑材料,7994.93,6581.31980069,-0.035157037260521884,0.013421136828450465,-0.002845975419000016,0.030069594777187403,-0.08604876857052102,-0.053912917311346176,-0.04459151268002996,-0.05541386853918683,-0.013416733267226344,流出
2021-09-30,建筑材料,7563.9,10527.20091352,-0.053912917311346176,0.013916121468672568,0.0004949846402221032,-0.04715477515108213,-0.04459151268002996,0.07971152447811325,0.024403264175043494,-0.24104760771559636,-0.09434114987599006,流入
2021-12-31,建筑材料,8166.83,7470.29149601,0.07971152447811325,0.012331137453375296,-0.0015849840152972715,0.03360840883870142,0.024403264175043494,-0.1288051789984609,-0.0227544980076355,-0.26132048787595674,-0.10577495388512238,流出
2022-03-31,建筑材料,7114.9,7692.2330062500005,-0.1288051789984609,0.014569667806979167,0.002238530353603871,-0.09286081224108633,-0.0227544980076355,0.06142039944342148,0.031501862293822736,-0.13583746784916154,-0.12368790102399128,中性
2022-06-30,建筑材料,7551.9,8300.32017942,0.06142039944342148,0.0163325603611408,0.0017628925541616335,0.2611938685231152,0.031501862293822736,-0.23984162925886188,-0.12295882040406399,-0.2852156410969425,-0.21750041418467647,流入
2022-09-30,建筑材料,5740.64,8186.22974538,-0.23984162925886188,0.014688343318213873,-0.0016442170429269275,-0.22237356229551097,-0.12295882040406399,0.05087063463307229,0.011470330159890851,-0.04957461188996345,-0.06442027687654622,中性
2022-12-31,建筑材料,6032.67,5974.44794906,0.05087063463307229,0.012766459106967535,-0.0019218842112463386,-0.2002389796635049,0.011470330159890851,0.019188850044839167,-0.04233049522996984,-0.22643870790213946,-0.16388090634763622,流出
2023-03-31,建筑材料,6148.43,5453.05840377,0.019188850044839167,0.01133320915151073,-0.001433249955456805,-0.291095524623429,-0.04233049522996984,-0.12205554914018713,-0.07892429996593145,-0.2884199706266477,-0.16488504570283408,流出
2023-06-30,建筑材料,5397.98,4586.71086809,-0.12205554914018713,0.008484504999740154,-0.002848704151770576,-0.4474055495518843,-0.07892429996593145,0.010757727890803759,0.04861645788511368,-0.25381346355488527,-0.09000298488255447,流出
2023-09-30,建筑材料,5456.05,4708.77222295,0.010757727890803759,0.010050252204229582,0.0015657472044894281,-0.42479354117718804,0.04861645788511368,-0.14468525764976492,-0.09605816072400061,-0.17195040368031825,-0.1685214732530987,中性
2023-12-31,建筑材料,4666.64,4498.98449864,-0.14468525764976492,0.00912657977950569,-0.0009236724247238919,-0.2469623073127859,-0.09605816072400061,-0.062473214132652166,-0.04348061086100008,-0.059078909022337554,-0.11567171460574185,中性
2024-03-31,建筑材料,4375.1,5473.73775852,-0.062473214132652166,0.01067600818644839,0.0015494284069427003,0.0037922489030566275,-0.04348061086100008,-0.07935818609860357,0.0036655833011928346,0.02253662773422291,-0.062454514114230725,中性
2024-06-30,建筑材料,4027.9,4544.32865245,-0.07935818609860357,0.00933012472153053,-0.0013458834649178603,-0.009240219595016419,0.0036655833011928346,0.12164651555401074,-0.0418627170855726,0.07665532907966911,-0.12286739654581028,流出
2024-09-30,建筑材料,4517.88,3586.00293159,0.12164651555401074,0.008334854649717718,-0.0009952700718128121,-0.23844204777792277,-0.0418627170855726,-0.02809724915225742,-0.03860254822142258,0.15333961946753763,-0.035393633757477935,中性
2024-12-31,建筑材料,4390.94,8296.74151487,-0.02809724915225742,0.007482688868401251,-0.0008521657813164675,0.8441364973313479,-0.03860254822142258,0.018847900449562083,0.014080913458143225,0.2213444046149573,0.011837566962979993,流出
2025-03-31,建筑材料,4473.7,4472.96522206,0.018847900449562083,0.005254143494097086,-0.0022285453743041642,-0.1828316555542462,0.014080913458143225,-0.030632362474014796,-0.06100789846306727,0.29685271699041055,0.08206718914564663,流出
2025-06-30,建筑材料,4336.66,4748.2948828300005,-0.030632362474014796,0.006434844755223866,0.00118070126112678,0.04488368821432753,-0.06100789846306727,0.20153528291357858,0.0536893956443143,0.808749129514419,0.5766231505436276,中性
2025-09-30,建筑材料,5210.65,13117.62994658,0.20153528291357858,0.009562570637683485,0.003127725882459619,2.6580087068595244,0.0536893956443143,0.029209407655474973,0.008471530497309667,0.11231804093539195,0.12870406130820297,大幅流入
2025-12-31,建筑材料,5362.85,9895.10187614,0.029209407655474973,0.008468038405426608,-0.0010945322322568774,0.19264916936429866,0.008471530497309667,0.08183708289435643,0.08446624183508866,,,流出
2026-03-31,建筑材料,5801.73,13687.83883951,0.08183708289435643,0.009564272138812087,0.0010962337333854794,2.060126372546697,0.08446624183508866,0.3519984556330613,0.36815597063767297,,,流入
2026-06-30,建筑材料,7843.93,21478.08996203,0.3519984556330613,0.012530210574959871,0.002965938436147784,3.5233268977660845,0.36815597063767297,-0.26109743457680024,-0.24566406384997855,,,大幅流入
2026-09-30,建筑材料,5795.9,13927.54619006,-0.26109743457680024,0.013930299347342367,0.0014000887723824955,0.061742574442051446,-0.24566406384997855,,,,,大幅流入
2014-03-31,建筑装饰,1409.05,1181.4267751708,,0.013175741383964237,,,,0.006436961073063463,-0.02983666007173802,1.589688087718676,0.3589741481917093,
2014-06-30,建筑装饰,1418.12,2111.4801625302,0.006436961073063463,0.02294080245784789,0.009765061073883655,,-0.02983666007173802,0.2373000874397091,0.010520473735615904,1.8535032296279588,0.20089396071003182,流入
2014-09-30,建筑装饰,1754.64,4059.7561431589,0.2373000874397091,0.021957633324306433,-0.0009831691335414582,,0.010520473735615904,0.6151575251903523,0.4472941328007609,0.6405758446176992,0.20388236228004658,中性
2014-12-31,建筑装饰,2834.02,15046.6114119272,0.6151575251903523,0.04625738676773562,0.02429975344342919,,0.4472941328007609,0.28757030649042714,-0.042222970677839256,0.1408352799203959,-0.281762408245418,大幅流入
2015-03-31,建筑装饰,3649.0,19354.4846745019,0.28757030649042714,0.04827557148502883,0.00201818471729321,15.382297304633038,-0.042222970677839256,0.10896409975335719,-0.14268913991308024,-0.2555439846533297,-0.2435755315216481,流入
2015-06-30,建筑装饰,4046.61,47058.6275817993,0.10896409975335719,0.04948830040367448,0.0012127289186456489,21.287032772976023,-0.14268913991308024,-0.28863419009986147,0.013035134537522253,-0.3630174392886886,-0.1577482545258263,流出
2015-09-30,建筑装饰,2878.62,21073.1188168,-0.28863419009986147,0.03695622163515653,-0.012532078768517953,4.190735126372144,0.013035134537522253,0.12315970847142044,-0.13654266806049736,-0.022733115173242627,-0.11761328491192903,大幅流出
2015-12-31,建筑装饰,3233.15,13650.6308983519,0.12315970847142044,0.024991997724557413,-0.011964223910599116,-0.09277706955791587,-0.13654266806049736,-0.15979153457154793,0.008699612277246777,-0.00437035089618472,0.15193353223477618,大幅流出
2016-03-31,建筑装饰,2716.52,8842.7933979007,-0.15979153457154793,0.02837162759198128,0.0033796298674238674,-0.5431139838328827,0.008699612277246777,-0.05113159483456775,-0.04541484521948906,0.2632301621191821,0.1905410438326657,大幅流入
2016-06-30,建筑装饰,2577.62,7156.4986185943,-0.05113159483456775,0.023680784165946253,-0.004690843426035027,-0.8479237711266745,-0.04541484521948906,0.09138662797464336,0.06130827206552339,0.2654076240873365,0.2350927118522259,流出
2016-09-30,建筑装饰,2813.18,11197.0829509809,0.09138662797464336,0.03629077775286302,0.012609993586916765,-0.46865563430248813,0.06130827206552339,0.144263786888859,0.12722170144618666,0.16372930278190528,0.10654440413693309,大幅流入
2016-12-31,建筑装饰,3219.02,16576.9210873339,0.144263786888859,0.05486393663811559,0.018573158885252572,0.21437032550160762,0.12722170144618666,0.06603562574945165,0.042506581941745954,-0.06255319942094194,-0.06087384169183451,大幅流入
2017-03-31,建筑装饰,3431.59,12855.7841667713,0.06603562574945165,0.04985450768459095,-0.0050094289535246375,0.45381482844813426,0.042506581941745954,-0.049496006224519884,-0.009692968067508002,-0.1818981871377409,-0.13139888878529168,大幅流出
2017-06-30,建筑装饰,3261.74,14763.57620628,-0.049496006224519884,0.059974753929538584,0.010120246244947631,1.0629608126969643,-0.009692968067508002,0.0036912813406342337,-0.049152571099574854,-0.2847100014102902,-0.15426972689388047,大幅流入
2017-09-30,建筑装饰,3273.78,12845.647542733,0.0036912813406342337,0.04092756498178129,-0.019047188947757296,0.14723161371307714,-0.049152571099574854,-0.07823372370776305,-0.04332498354060565,-0.29523669886186626,-0.0620708260995222,大幅流出
2017-12-31,建筑装饰,3017.66,9255.5201307843,-0.07823372370776305,0.034985366726701134,-0.005942198255080154,-0.4416622916871903,-0.04332498354060565,-0.06967981813723212,-0.03578196868188059,-0.2927466977724462,0.012948954314825052,大幅流出
2018-03-31,建筑装饰,2807.39,8029.5714070971,-0.06967981813723212,0.029274174576203866,-0.005711192150497268,-0.3754117755141414,-0.03578196868188059,-0.16894695785053016,-0.035768403054519476,-0.10079112627743207,-0.08220604417216046,大幅流出
2018-06-30,建筑装饰,2333.09,4709.3793834983,-0.16894695785053016,0.019928284114587753,-0.009345890461616112,-0.6810136434629528,-0.035768403054519476,-0.011079726885803942,0.05450587717351979,-0.04719063559485492,-0.09665003731084286,大幅流出
2018-09-30,建筑装饰,2307.24,5355.1309135726,-0.011079726885803942,0.028391992793948575,0.008463708679360821,-0.5831170911580796,0.05450587717351979,-0.07497702883098412,0.03319417340619721,-0.11049132296596782,-0.19387926760189883,大幅流入
2018-12-31,建筑装饰,2134.25,5387.7059892748,-0.07497702883098412,0.03004948190378753,0.0016574891098389555,-0.41789268316158334,0.03319417340619721,0.18281832025301625,-0.1263592528780631,-0.02115028698606049,-0.25779071440756185,流入
2019-03-31,建筑装饰,2524.43,9744.7637733466,0.18281832025301625,0.029161502867573373,-0.0008879790362141572,0.21360945426470623,-0.1263592528780631,-0.11940913394310793,-0.05094321923406053,-0.2039391070459469,-0.1325855359988431,中性
2019-06-30,建筑装饰,2222.99,8586.4873805944,-0.11940913394310793,0.0248115384452344,-0.004349964422338974,0.8232736590900949,-0.05094321923406053,-0.07677947269218477,-0.05899254426855462,-0.13260968335440085,-0.2421651678514614,大幅流出
2019-09-30,建筑装饰,2052.31,4511.9305335627,-0.07677947269218477,0.015592284463344989,-0.00921925398188941,-0.15745653908717816,-0.05899254426855462,0.017931014320448746,-0.04872027414452142,-0.0009940018808074053,-0.21602819114861746,大幅流出
2019-12-31,建筑装饰,2089.11,4465.8835798379005,0.017931014320448746,0.01684969731267738,0.001257412849332392,-0.17109738565392274,-0.04872027414452142,-0.03805926925820091,0.021017434172162737,-0.07922512457457967,-0.2822868529295198,中性
2020-03-31,建筑装饰,2009.6,8287.1579349844,-0.03805926925820091,0.01718721885796422,0.00033752154528684034,-0.14957836559865845,0.021017434172162737,-0.040505573248407534,-0.1708366461477072,0.02995621019108286,-0.23493318587474746,流入
2020-06-30,建筑装饰,1928.2,6058.3532212762,-0.040505573248407534,0.016228908426894274,-0.0009583104310699475,-0.29443170964553267,-0.1708366461477072,0.06330774815890461,-0.026538124249451484,0.02538637070843258,-0.16556282975889197,中性
2020-09-30,建筑装饰,2050.27,10729.9784698036,0.06330774815890461,0.016339599087019683,0.00011069066012540929,1.378134678711691,-0.026538124249451484,-0.06178210674691631,-0.12911923862621025,0.028059718963843742,-0.07818179949256819,中性
2020-12-31,建筑装饰,1923.6,5737.78982828,-0.06178210674691631,0.01258497660906333,-0.0037546224779563524,0.2848050616868669,-0.12911923862621025,0.07600332709503022,0.088382675887818,0.16386462882096062,0.06573661493345483,流出
2021-03-31,建筑装饰,2069.8,7580.31945192,0.07600332709503022,0.014541843590394444,0.0019568669813311134,-0.08529323184254367,0.088382675887818,-0.04476277901246506,-0.09565451032246419,0.07023867040293734,0.07270189892064446,流入
2021-06-30,建筑装饰,1977.15,7002.94661733,-0.04476277901246506,0.014280950873055342,-0.00026089271733910173,0.15591586715949513,-0.09565451032246419,0.06607996358394663,0.07540136821526285,0.1042358951015349,0.13357260009781108,中性
2021-09-30,建筑装饰,2107.8,14243.90782549,0.06607996358394663,0.018829312095062445,0.004548361222007103,0.3274870835552308,0.07540136821526285,0.062154853401650945,0.00684659309858119,-0.09012240250498164,0.04915980414171901,流入
2021-12-31,建筑装饰,2238.81,12613.76424582,0.062154853401650945,0.020821417852670766,0.001992105757608321,1.198366378574935,0.00684659309858119,-0.01055471433484756,0.09549596665597783,-0.10955820279523505,0.04209422219416252,流入
2022-03-31,建筑装饰,2215.18,17496.54553678,-0.01055471433484756,0.03313977307154437,0.012318355218873606,1.3081541151076879,0.09549596665597783,-0.014418692837602443,-0.04433722998720119,0.000659088651937792,-0.0008056495419582938,大幅流入
2022-06-30,建筑装饰,2183.24,18412.23036435,-0.014418692837602443,0.03622979081633321,0.0030900177447888352,1.629211869013218,-0.04433722998720119,-0.12156244847107966,-0.004679639616281775,0.0009160696945821872,0.07583628008939847,流入
2022-09-30,建筑装饰,1917.84,12731.126045609999,-0.12156244847107966,0.022843134874257532,-0.013386655942075675,-0.10620553000018873,-0.004679639616281775,0.039466274558878744,6.597008569730889e-05,0.07563717515538308,0.06130221872228361,大幅流出
2022-12-31,建筑装饰,1993.53,11153.786608030001,0.039466274558878744,0.023833894249871403,0.0009907593756138706,-0.11574480141991028,6.597008569730889e-05,0.11191705166212684,0.05039770638731784,-0.05370373157163433,0.022074720306608925,中性
2023-03-31,建筑装饰,2216.64,13419.32959672,0.11191705166212684,0.027889682767296566,0.004055788517425163,-0.23302976758978877,0.05039770638731784,-0.014165583946874616,0.02896566522738106,-0.15846506424137427,-0.01936173665722348,流入
2023-06-30,建筑装饰,2185.24,15856.22231358,-0.014165583946874616,0.029330865050271382,0.0014411822829748164,-0.13882120743606263,0.02896566522738106,-0.05598469733301592,-0.018125967338706,-0.20719463308378022,-0.03574703695671213,流入
2023-09-30,建筑装饰,2062.9,11873.68341918,-0.05598469733301592,0.025342808550883094,-0.003988056499388288,-0.06735010111110051,-0.018125967338706,-0.08552523147026037,-0.036898134544496065,-0.07921857579136181,-0.08385129192738637,大幅流出
2023-12-31,建筑装饰,1886.47,10024.72164916,-0.08552523147026037,0.020336016255680267,-0.005006792295202827,-0.10122705396364207,-0.036898134544496065,-0.011179610595450695,0.007812992676201391,0.0556807158343359,-0.012657098397297421,大幅流出
2024-03-31,建筑装饰,1865.38,13610.30067591,-0.011179610595450695,0.026545605187217942,0.006209588931537675,0.014231044689198225,0.007812992676201391,-0.0712508979403661,0.011772871459430304,0.0048515583956082135,-0.08257702457561186,大幅流入
2024-06-30,建筑装饰,1732.47,12527.7969648,-0.0712508979403661,0.025721270864636627,-0.0008243343225813153,-0.20991288359582239,0.011772871459430304,0.0963999376612581,-0.06710929497832524,0.11433387013916538,-0.09364718302503273,中性
2024-09-30,建筑装饰,1899.48,8849.57993342,0.0963999376612581,0.020568851688977794,-0.005152419175658833,-0.2546895835941738,-0.06710929497832524,0.04845010213321532,0.03794480306405016,0.10579211152525961,-0.08659462437228972,大幅流出
2024-12-31,建筑装饰,1991.51,23688.408670150002,0.04845010213321532,0.021364169481306112,0.0007953177923283178,1.3629991434360598,0.03794480306405016,-0.05878956168937133,-0.06355654868079019,0.06701949776802543,-0.12795050156143867,流入
2025-03-31,建筑装饰,1874.43,12793.02834834,-0.05878956168937133,0.015027258949997839,-0.006336910531308273,-0.06004807292880454,-0.06355654868079019,0.02993976835624701,-0.0004357676328054609,0.1888040631018498,-0.021024668490650784,大幅流出
2025-06-30,建筑装饰,1930.55,11260.1610807,0.02993976835624701,0.015259664839925325,0.00023240588992748563,-0.10118585794946566,-0.0004357676328054609,0.08799564890834222,-0.05985023836092207,0.05162777446841596,-0.09184705925241185,流出
2025-09-30,建筑装饰,2100.43,21560.02113682,0.08799564890834222,0.015716956943471503,0.00045729210354617834,1.4362762186484863,-0.05985023836092207,0.011688082916355258,-0.009049794241810048,-0.06886209014344667,-0.05453897210173955,流入
2025-12-31,建筑装饰,2124.98,20289.48917847,0.011688082916355258,0.01736335570268975,0.0016463987592182476,-0.14348450075344288,-0.009049794241810048,0.04863575186589997,0.0512649108066322,,,流入
2026-03-31,建筑装饰,2228.33,27012.40607208,0.04863575186589997,0.01887471103558974,0.0015113553328999878,1.1114942714548959,0.0512649108066322,-0.0889051442111356,-0.07274762920652392,,,流入
2026-06-30,建筑装饰,2030.22,25269.75010179,-0.0889051442111356,0.01474224619190093,-0.004132464843688809,1.2441730558457587,-0.07274762920652392,-0.03666105151165888,-0.0212276807848372,,,流出
2026-09-30,建筑装饰,1955.79,12253.34576792,-0.03666105151165888,0.012255767974077061,-0.0024864782178238686,-0.4316635549584944,-0.0212276807848372,,,,,流出
1999-12-31,房地产,1000.0,2.1408573081,,0.07511068883845232,,,,0.37570000000000014,0.005510000000000126,0.5985100000000003,0.0010653408373732516,
2000-03-31,房地产,1375.7,1205.8272139323,0.37570000000000014,0.09814988999225133,0.02303920115379901,,0.005510000000000126,0.09953478229265111,0.019517333517178354,0.17643381551210305,0.006195018945802907,大幅流入
2000-06-30,房地产,1512.63,1261.6141283139,0.09953478229265111,0.11506949524291972,0.016919605250668393,,0.019517333517178354,-0.03441026556395166,-0.03325779439861297,0.11424472607313096,-0.004608626522466343,大幅流入
2000-09-30,房地产,1460.58,946.3003281097,-0.03441026556395166,0.09742799358514259,-0.01764150165777713,,-0.03325779439861297,0.09443508743102069,0.01011480874658141,-0.05215051554861747,0.060745490344184194,大幅流出
2000-12-31,房地产,1598.51,700.2689269249,0.09443508743102069,0.0928364354157338,-0.004591558169408788,326.0974316108835,0.01011480874658141,0.012455349043797082,0.010662453515664326,-0.20373347680027026,0.04137627379241063,大幅流出
2001-03-31,房地产,1618.42,553.8162849934,0.012455349043797082,0.09483646735770396,0.002000031941970154,-0.5407167141406932,0.010662453515664326,0.04141075864114385,0.008570644642078594,-0.1946528095302825,0.0747909598391652,流入
2001-06-30,房地产,1685.44,808.062052963,0.04141075864114385,0.09483446939347254,-1.9979642314205126e-06,-0.35950142374915794,0.008570644642078594,-0.17860617998860828,0.030215312530239236,-0.15394199734194042,0.08846051988969504,中性
2001-09-30,房地产,1384.41,579.3721171568,-0.17860617998860828,0.1387108489290476,0.04387637953557505,-0.38775027341041335,0.030215312530239236,-0.0805902875593214,-0.008329891373159384,-0.08878872588322831,0.02740550694721298,大幅流入
2001-12-31,房地产,1272.84,377.7018945592,-0.0805902875593214,0.10033257389491575,-0.03837827503413184,-0.4606330796115612,-0.008329891373159384,0.024001445586248282,0.04309162386778296,-0.16846579302976017,0.031059699761727733,大幅流出
2002-03-31,房地产,1303.39,594.8210991266,0.024001445586248282,0.1178967826690548,0.017564208774139056,0.07404046295548827,0.04309162386778296,0.09405473419314236,0.02139799201221239,-0.12690752575974967,-0.01648216243698571,大幅流入
2002-06-30,房地产,1425.98,656.2524048106,0.09405473419314236,0.11267973074078824,-0.005217051928266561,-0.18786879992167038,0.02139799201221239,-0.11535224897964913,-0.027572552156346963,-0.2814976367129975,-0.0880964972539708,流出
2002-09-30,房地产,1261.49,426.0082137705,-0.11535224897964913,0.1055418872908779,-0.007137843449910336,-0.2647070834870604,-0.027572552156346963,-0.16098423293089914,-0.004802799333249341,-0.2615795606782455,-0.06840862623456298,流出
2002-12-31,房地产,1058.41,273.4648240596,-0.16098423293089914,0.09477522757110018,-0.010766659719777721,-0.2759770919901017,-0.004802799333249341,0.07517880594476622,-0.005005026844115162,-0.18444648104231814,-0.12010574932267477,大幅流出
2003-03-31,房地产,1137.98,368.1095061571,0.07517880594476622,0.0927354752073693,-0.0020397523637308845,-0.3811424868794834,-0.005005026844115162,-0.09965904497442846,-0.052974566357042716,-0.031643789873284166,-0.05584282436048396,中性
2003-06-30,房地产,1024.57,577.9276733883,-0.09965904497442846,0.08602824009307497,-0.00670723511429433,-0.1193515343306134,-0.052974566357042716,-0.09082834750187874,-0.00657797749880254,-0.2154074392184037,-0.052746446210202885,流出
2003-09-30,房地产,931.51,220.1744141948,-0.09082834750187874,0.07072728649836703,-0.015300953594707942,-0.4831686172290265,-0.00657797749880254,-0.07334328133890133,-0.060029622625805364,-0.144367746991444,-0.0646832599739321,流出
2003-12-31,房地产,863.19,298.0680025457,-0.07334328133890133,0.05553910413941058,-0.01518818235895645,0.08996834810731591,-0.060029622625805364,0.2766250767501941,0.06766425954848593,-0.16856080353108815,-0.0026145178152498245,流出
2004-03-31,房地产,1101.97,803.714494823,0.2766250767501941,0.07682521696455431,0.021286112825143734,1.1833570754893645,0.06766425954848593,-0.2705155312758061,-0.04986878171000414,-0.39910342386816344,-0.06913278150130371,大幅流入
2004-06-30,房地产,803.87,411.7807511173,-0.2705155312758061,0.06746921511858435,-0.009356001845969963,-0.2874873966441276,-0.04986878171000414,-0.008508838493786364,-0.019096583128669048,-0.2641471879781558,-0.03701067748328265,大幅流出
2004-09-30,房地产,797.03,279.6485790017,-0.008508838493786364,0.05414658859380956,-0.01332262652477479,0.2701229614912479,-0.019096583128669048,-0.09954455917594063,0.0023479404961934125,-0.17722043084952896,0.03198692890747027,大幅流出
2004-12-31,房地产,717.69,284.1276704415,-0.09954455917594063,0.05691876416857929,0.0027721755747697335,-0.04676896542111264,0.0023479404961934125,-0.07735930554975001,-0.003541080827289128,-0.03801084033496369,0.09510531328374114,流入
2005-03-31,房地产,662.17,316.9542071708,-0.07735930554975001,0.07335872332157062,0.016439959152991325,-0.6056383091104982,-0.003541080827289128,-0.10667955358895753,-0.01708192100832065,0.3144962773910022,0.23711204761127158,大幅流入
2005-06-30,房地产,591.53,258.8732288256,-0.10667955358895753,0.05233493200915998,-0.02102379131241064,-0.37133237014311704,-0.01708192100832065,0.10861663820938916,0.05118455735973735,0.6482849559616587,-0.043899524688317405,大幅流出
2005-09-30,房地产,655.78,553.6705093807,0.10861663820938916,0.07837657062554702,0.026041638616387044,0.9798795737035881,0.05118455735973735,0.05280734392631681,0.06365354506812382,0.8415779682210499,0.10281017254279229,大幅流入
2005-12-31,房地产,690.41,286.9218197666,0.05280734392631681,0.06623271570889806,-0.01214385491664896,0.009834133087981867,0.06365354506812382,0.2607291319650642,0.12567377667253354,1.5342477658203098,0.26610550196120897,大幅流出
2006-03-31,房地产,870.42,605.947507497,0.2607291319650642,0.08232338512724456,0.016090669418346498,0.9117825029231037,0.12567377667253354,0.12016038234415571,-0.24035301060160158,1.6578892948231887,-0.14812877487088058,大幅流入
2006-06-30,房地产,975.01,1393.216596904,0.12016038234415571,0.07601145062063853,-0.006311934506606026,4.3818488811085,-0.24035301060160158,0.23862319360827078,0.21248451706741425,2.740115485995016,0.4280162212454908,大幅流出
2006-09-30,房地产,1207.67,1572.3215687621,0.23862319360827078,0.11876025079550274,0.04274880017486421,1.8398145505723202,0.21248451706741425,0.4487980988183857,0.22115087357796426,3.3257926420296933,0.21440467696248305,大幅流入
2006-12-31,房地产,1749.67,2442.0028352862,0.4487980988183857,0.12153788124495503,0.002777630449452284,7.511039130006482,0.22115087357796426,0.3222379077197415,-0.24261517089660856,1.6526830773803056,-0.0936471916860635,流入
2007-03-31,房地产,2313.48,4901.6167769065,0.3222379077197415,0.10042334711589064,-0.02111453412906439,7.089177224531726,-0.24261517089660856,0.5762617355671975,0.27341808395604794,0.729312550789287,0.278748327245837,大幅流出
2007-06-30,房地产,3646.65,10815.4637672399,0.5762617355671975,0.0978681036318237,-0.002555243484066938,6.7629449658251115,0.27341808395604794,0.4325833299055297,0.03111354504574393,-0.3864780003564915,-0.13117546563923732,大幅流出
2007-09-30,房地产,5224.13,10555.6853348022,0.4325833299055297,0.11698665639982232,0.01911855276799862,5.7134392509242025,0.03111354504574393,-0.11156115946578671,-0.08861226851434695,-0.6615647007252882,-0.15718752936285743,大幅流入
2007-12-31,房地产,4641.32,6200.1098204741,-0.11156115946578671,0.11355864959132088,-0.0034280068085014437,1.5389445625878868,-0.08861226851434695,-0.13801892565046148,0.06857348971976901,-0.6412873923797541,-0.005844969233012413,流出
2008-03-31,房地产,4000.73,6328.1880485564,-0.13801892565046148,0.1025051576934512,-0.01105349189786968,0.29104096394705015,0.06857348971976901,-0.44077705818688084,-0.13479701183844522,-0.34031289289704625,0.06233726568758798,大幅流出
2008-06-30,房地产,2237.3,4471.6388729288,-0.44077705818688084,0.1013766249272511,-0.001128532766200105,-0.5865513519195156,-0.13479701183844522,-0.20974835739507447,0.00024264973918866617,0.6713538640325393,0.502723356300457,中性
2008-09-30,房地产,1768.03,3325.012909809,-0.20974835739507447,0.11884388685376726,0.017467261926516167,-0.6850026498188233,0.00024264973918866617,-0.058330458193582624,0.07504424744785512,0.8392787452701594,0.3261264245859183,大幅流入
2008-12-31,房地产,1664.9,3882.2475115761,-0.058330458193582624,0.13710805836521914,0.018264171511451877,-0.3738421376414848,0.07504424744785512,0.5852183314313171,0.14185957332967597,1.1637095321040305,0.03081531231159248,大幅流入
2009-03-31,房地产,2639.23,6590.9974798842995,0.5852183314313171,0.11853121637545702,-0.018576841989762116,0.041529965499026655,0.14185957332967597,0.4168223307555614,0.22386814455746223,0.3150578009495193,-0.14702040315493234,大幅流出
2009-06-30,房地产,3739.32,9649.7752907948,0.4168223307555614,0.12470451568361197,0.006173299308154953,1.1579952149567174,0.22386814455746223,-0.13034990319095452,-0.11730379164229676,-0.3670052308975965,-0.370125302302465,流入
2009-09-30,房地产,3251.9,13347.1950688703,-0.13034990319095452,0.1319281041425447,0.007223588458932714,3.014178420028152,-0.11730379164229676,0.10777084166179773,-0.1643541285833533,-0.16262800209108524,-0.35776872615248795,大幅流入
2009-12-31,房地产,3602.36,11962.398708271,0.10777084166179773,0.13154822066692617,-0.0003798834756185143,2.0813075860314094,-0.1643541285833533,-0.03653715897356191,-0.055133439637909946,-0.24160550305910566,-0.26471377562760007,流出
2010-03-31,房地产,3470.74,7761.0003085892,-0.03653715897356191,0.11345382295752802,-0.01809439770939815,0.17751528995053412,-0.055133439637909946,-0.31802151702518777,-0.0962461699833656,-0.14043979093795556,-0.17195173790350035,大幅流出
2010-06-30,房地产,2366.97,6853.4915236828,-0.31802151702518777,0.10478827261908603,-0.00866555033844199,-0.2897770862891964,-0.0962461699833656,0.15043705665893548,-0.0999874857869606,0.21167568663734662,-0.061387910498371175,大幅流出
2010-09-30,房地产,2723.05,8342.5766464874,0.15043705665893548,0.11063115656798815,0.005842883948902117,-0.3749565655225333,-0.0999874857869606,0.0032904280127064034,-0.04327471624774968,-0.14565285249995422,-0.00873125552385406,大幅流入
2010-12-31,房地产,2732.01,9762.7438612175,0.0032904280127064034,0.08619185753067203,-0.02443929903731612,-0.18388075006500348,-0.04327471624774968,0.09198355789327262,0.06406877660292862,-0.22000651534950472,0.09277295042009615,大幅流出
2011-03-31,房地产,2983.31,8850.3908854753,0.09198355789327262,0.11444358129514814,0.028251723764476114,0.14036728946917543,0.06406877660292862,-0.0386516989518354,0.024426122988657803,-0.20525188465161176,0.09619933466585426,大幅流入
2011-06-30,房地产,2868.0,6517.875566256,-0.0386516989518354,0.0930167094687561,-0.021426871826392038,-0.048970069674275085,0.024426122988657803,-0.18883193863319392,-0.049496288237153796,-0.09496861924686187,0.15172692756050193,大幅流出
2011-09-30,房地产,2326.43,5253.2017558414,-0.18883193863319392,0.08545548379214059,-0.007561225676615518,-0.37031423522452933,-0.049496288237153796,-0.08402573900783605,0.05469229902931633,-0.013123111376658546,0.15802114965649733,大幅流出
2011-12-31,房地产,2130.95,3894.7539139398,-0.08402573900783605,0.09834039567497672,0.012884911882836136,-0.6010595003509505,0.05469229902931633,0.11263990239095256,0.06740515905195774,0.31729979586569385,0.30268237889092475,大幅流入
2012-03-31,房地产,2370.98,5327.0108694646,0.11263990239095256,0.10524911110533773,0.0069087154303610065,-0.3981044522895648,0.06740515905195774,0.09474985027288296,0.07631806901441954,0.09295312486819798,0.07089864860699825,大幅流入
2012-06-30,房地产,2595.63,6420.511760922,0.09474985027288296,0.12809419829155402,0.022845087186216292,-0.014937966265889835,0.07631806901441954,-0.11547485581535122,-0.04430175703210899,-0.05615207098084077,0.04204713401812039,大幅流入
2012-09-30,房地产,2295.9,4361.1401754748,-0.11547485581535122,0.1015768620705,-0.026517336221054025,-0.16981292968134232,-0.04430175703210899,0.2226577812622501,0.18644557874007361,0.16048172829827093,-0.006836372643055836,大幅流出
2012-12-31,房地产,2807.1,5288.7693474788,0.2226577812622501,0.1387649521415631,0.03718809007106309,0.3579213127046741,0.18644557874007361,-0.07685155498557228,-0.12251615522881706,-0.11940436749670466,-0.2187581046371525,大幅流入
2013-03-31,房地产,2591.37,7205.508441576,-0.07685155498557228,0.12280264165356744,-0.01596231048799565,0.35263633173329767,-0.12251615522881706,-0.054600462303723396,0.04732054762354286,-0.03183644172773469,-0.08039600175569644,大幅流出
2013-06-30,房地产,2449.88,6066.3742632408,-0.054600462303723396,0.11383425714615884,-0.008968384507408597,-0.05515720722398376,0.04732054762354286,0.0875430633337142,-0.08913454808451732,0.006910542557186418,-0.16851634961445047,流出
2013-09-30,房地产,2664.35,7549.6067460241,0.0875430633337142,0.10902163127079376,-0.004812625875365087,0.7311084813278603,-0.08913454808451732,-0.0722239945953046,-0.06671874890698515,0.12971268789761112,-0.09317514731958687,流出
2013-12-31,房地产,2471.92,6231.6411659277,-0.0722239945953046,0.09622667698690322,-0.012794954283890533,0.1782781128275852,-0.06671874890698515,0.01494789475387548,0.03289090976307889,0.652800252435354,0.15577846500360842,大幅流出
2014-03-31,房地产,2508.87,6160.1084840071,0.01494789475387548,0.06869998038660295,-0.02752669660030027,-0.14508344082104063,0.03289090976307889,-0.01676451948486768,-0.05303814062966916,1.0051497287623512,0.008782928445861073,流出
2014-06-30,房地产,2466.81,5826.6964376568,-0.01676451948486768,0.0633058715540828,-0.005394108832520159,-0.03950923816822971,-0.05303814062966916,0.22017909770107957,-0.006600516003013618,1.4774344193513078,0.02604862740043385,中性
2014-09-30,房地产,3009.95,9443.5728166755,0.22017909770107957,0.051076592255268435,-0.012229279298814358,0.250869500143015,-0.006600516003013618,0.35736141796375365,0.18949802557416226,0.40669778567750287,0.0271772554107448,大幅流出
2014-12-31,房地产,4085.59,17670.9315873137,0.35736141796375365,0.054325262652334984,0.0032486703970665484,1.835678614476679,0.18949802557416226,0.231317875753563,-0.0984754014147034,0.44852518240939476,-0.01727647456278831,流入
2015-03-31,房地产,5030.66,21308.9391783431,0.231317875753563,0.05315053507621784,-0.0011747275761171405,2.4591824533067004,-0.0984754014147034,0.21482270715969665,-0.03683053250674079,-0.036977255469461276,0.07601528666302583,中性
2015-06-30,房地产,6111.36,52414.773428152,0.21482270715969665,0.055120988143865075,0.001970453067647232,7.995624534239601,-0.03683053250674079,-0.30717712587705515,-0.005507801239671428,-0.23576748874227668,0.08339123307359168,中性
2015-09-30,房地产,4234.09,32214.7541382794,-0.30717712587705515,0.05649546249922938,0.001374474355364308,2.411288795422264,-0.005507801239671428,0.39772182452427796,0.13801944799236016,0.18684061982622,0.1393555168727982,中性
2015-12-31,房地产,5918.08,31545.9929775982,0.39772182452427796,0.05775538072824348,0.0012599182290140981,0.7851912799122416,0.13801944799236016,-0.18138315129231097,-0.012892004443516264,-0.17689689899426844,-0.04656964973156524,中性
2016-03-31,房地产,4844.64,17995.5026955155,-0.18138315129231097,0.05773760369985232,-1.777702839116102e-05,-0.1554951400957182,-0.012892004443516264,-0.03594487928927648,-0.030228129674197787,-0.001981571386109194,-0.06401177241264633,中性
2016-06-30,房地产,4670.5,11341.9388786772,-0.03594487928927648,0.03753036518605039,-0.020207238513801927,-0.7836117923084365,-0.030228129674197787,0.07594261856332296,0.045864262654202986,0.03509046140670184,0.003449989273943037,大幅流出
2016-09-30,房地产,5025.19,17551.9599154235,0.07594261856332296,0.05688751965189235,0.019357154465841957,-0.45515772555385536,0.045864262654202986,-0.03064560742976885,-0.047687692872441186,-0.027029823747957694,-0.08034559879364137,大幅流入
2016-12-31,房地产,4871.19,13652.603818146401,-0.03064560742976885,0.045185447097072964,-0.011702072554819386,-0.5672159114521599,-0.047687692872441186,-0.0074211845565456125,-0.030950228364251313,0.00804731492715367,0.0035720072341518744,大幅流出
2017-03-31,房地产,4835.04,8687.5973395622,-0.0074211845565456125,0.033690351573054736,-0.011495095524018228,-0.5172350844232232,-0.030950228364251313,-0.00013443528905643376,0.03966860286795545,0.0035718422184720716,0.058480936031531074,大幅流出
2017-06-30,房地产,4834.39,13431.6162811726,-0.00013443528905643376,0.05456387192939403,0.02087352035633929,0.18424340184234156,0.03966860286795545,0.011370617596015098,-0.04147323484419399,-0.17576157488328403,-0.028358056056390253,大幅流入
2017-09-30,房地产,4889.36,12017.0985371348,0.011370617596015098,0.03828772194121815,-0.016276149988175878,-0.315341500605014,-0.04147323484419399,0.004301176432089493,0.03920991659924689,-0.2440912512067018,0.006701628814354006,大幅流出
2017-12-31,房地产,4910.39,8468.2998889036,0.004301176432089493,0.03200971668567585,-0.006278005255542299,-0.37973004990828685,0.03920991659924689,-0.01182798107685945,0.022069868378492077,-0.2878915931321138,0.0212995162818514,大幅流出
2018-03-31,房地产,4852.31,15091.4526710956,-0.01182798107685945,0.05502034887088566,0.02301063218520981,0.7371261674814353,0.022069868378492077,-0.17880555858962022,-0.04562700379360954,-0.047898835812221444,0.011262597953664725,大幅流入
2018-06-30,房地产,3984.69,7714.4818217341,-0.17880555858962022,0.032644723013616844,-0.022375625857268815,-0.4256475423179217,-0.04562700379360954,-0.07247238806532008,-0.006886784005996349,0.03974713214829738,0.022793976226403254,大幅流出
2018-09-30,房地产,3695.91,5478.6902252401,-0.07247238806532008,0.029047083237694334,-0.00359763977592251,-0.5440920944177956,-0.006886784005996349,-0.053892004946007876,0.05427919729117345,0.04325051205251207,-0.023214573678865157,大幅流出
2018-12-31,房地产,3496.73,6916.4714878569,-0.053892004946007876,0.03857604428047004,0.009528961042775706,-0.18325146976433038,0.05427919729117345,0.3212029524727389,0.012025379341659537,0.22752114118047437,-0.03035810273142874,大幅流入
2019-03-31,房地产,4619.89,12261.5116011829,0.3212029524727389,0.03669294751881735,-0.001883096761652693,-0.18751946095506355,0.012025379341659537,-0.1032102495946875,-0.034744334885640105,-0.2019745058865038,-0.12044014412219951,中性
2019-06-30,房地产,4143.07,11238.958045705,-0.1032102495946875,0.03247612525065893,-0.004216822268158414,0.4568649334348487,-0.034744334885640105,-0.06934712664763076,-0.05156019822400061,-0.059487288411733084,-0.1556819631681336,大幅流出
2019-09-30,房地产,3855.76,7963.2080455158,-0.06934712664763076,0.027519174810618656,-0.004956950440040277,0.45348755234045357,-0.05156019822400061,0.11322022117559194,0.04656893271062178,0.05334097557939306,-0.15210984720832454,流出
2019-12-31,房地产,4292.31,7436.3327897058,0.11322022117559194,0.028057148016256295,0.0005379732056376395,0.07516279113730295,0.04656893271062178,-0.14107089189737,-0.08199418846700635,-0.10854295239626213,-0.2912732670130132,中性
2020-03-31,房地产,3686.79,10652.2905708219,-0.14107089189737,0.022092404997671768,-0.005964743018584528,-0.13124165133161503,-0.08199418846700635,0.056911296819184276,-0.07341977608011538,0.025138399529129732,-0.22788496098491318,大幅流出
2020-06-30,房地产,3896.61,8693.4164210569,0.056911296819184276,0.023287625178195156,0.0011952201805233882,-0.22649267078818625,-0.07341977608011538,0.04229830545012203,-0.04754756695823406,-0.10645150528279707,-0.27474035276777636,流入
2020-09-30,房地产,4061.43,16562.7549739966,0.04229830545012203,0.025221744555522778,0.001934119377327622,1.0799098653868944,-0.04754756695823406,-0.057866318020992624,-0.12520344990028656,-0.16424756797482654,-0.2505639361481745,流入
2020-12-31,房地产,3826.41,7403.70211175,-0.057866318020992624,0.01623890394827819,-0.008982840607244587,-0.0043880066799821815,-0.12520344990028656,-0.01226737333427419,0.00011197545851359368,-0.11886337324019104,-0.19642927826884615,大幅流出
2021-03-31,房地产,3779.47,9467.6783966,-0.01226737333427419,0.01816249292404711,0.0019235889757689174,-0.11120727193329827,0.00011197545851359368,-0.07875707440461222,-0.12964880571461135,-0.05457908119392386,-0.06326644261113622,流入
2021-06-30,房地产,3481.81,9363.40364151,-0.07875707440461222,0.019094577570830367,0.0009320846467832586,0.07706834551607122,-0.12964880571461135,-0.025119119078869878,-0.015797714447553665,-0.054104043586525416,-0.040195412597219184,流入
2021-09-30,房地产,3394.35,10382.1292064,-0.025119119078869878,0.013724348221963004,-0.005370229348867363,-0.37316411293291096,-0.015797714447553665,-0.006705260211822495,-0.06201352051489225,-0.10960861431496452,0.008912312996577054,流出
2021-12-31,房地产,3371.59,9744.5064312,-0.006705260211822495,0.016085161908689447,0.002360813686726443,0.3161667344415493,-0.06201352051489225,0.059793747163801036,0.1658444281546264,-0.1116594841009732,0.023562259146302098,流入
2022-03-31,房地产,3573.19,12775.69490743,0.059793747163801036,0.024198126948745863,0.008112965040056416,0.349401022326441,0.1658444281546264,-0.0782941853078063,-0.10821272245740504,-0.21301973866489046,-0.22972261772696614,大幅流入
2022-06-30,房地产,3293.43,19340.20348617,-0.0782941853078063,0.03805576580260181,0.013857638853855946,1.065509960547966,-0.10821272245740504,-0.08232450666933855,0.03455830218545934,-0.22056032768268938,-0.17425433967381698,大幅流入
2022-09-30,房地产,3022.3,12370.03252575,-0.08232450666933855,0.022195233977916427,-0.015860531824685383,0.1914735676882704,0.03455830218545934,-0.008993150911557501,-0.04839345538473894,-0.14711974324190188,-0.1683148930578058,大幅流出
2022-12-31,房地产,2995.12,14329.78898641,-0.008993150911557501,0.030620513671938562,0.008425279694022136,0.47055051865211195,-0.04839345538473894,-0.06112943721787434,-0.12264878249268335,-0.2639126312134404,-0.20998665858191642,大幅流入
2023-03-31,房地产,2812.03,8827.15337761,-0.06112943721787434,0.018345663668622246,-0.012274850003316316,-0.30906667374497443,-0.12264878249268335,-0.08712567077876121,-0.043994421604505535,-0.29061923236949816,-0.16816242719946128,大幅流出
2023-06-30,房地产,2567.03,7505.3968991,-0.08712567077876121,0.01388349502439112,-0.004462168644231126,-0.6119277181097376,-0.043994421604505535,0.004140972251979846,0.041999702246289766,-0.31673568287086634,-0.16269436016604957,流出
2023-09-30,房地产,2577.66,14104.59849006,0.004140972251979846,0.030104402029387353,0.016220907004996232,0.14022323390817681,0.041999702246289766,-0.1447010078908777,-0.09607391096511339,-0.09466725634878148,-0.06225870838376994,大幅流入
2023-12-31,房地产,2204.67,9309.81142394,-0.1447010078908777,0.018885758934805513,-0.01121864309458184,-0.35031761927763316,-0.09607391096511339,-0.0951933849510358,-0.07620078167938371,-0.02149074464659116,-0.0518846445113442,大幅流出
2024-03-31,房地产,1994.8,8343.12431327,-0.0951933849510358,0.01627247548174657,-0.002613283453058942,-0.054834106040089425,-0.07620078167938371,-0.1207339081612191,-0.03771013876142269,0.018412873471024698,-0.03840038279530141,大幅流出
2024-06-30,房地产,1753.96,10659.96640734,-0.1207339081612191,0.021886360717811713,0.005613885236065142,0.4203068206317344,-0.03771013876142269,0.33049784487673595,0.1669886122371526,0.14503751510866827,-0.042472976148874846,大幅流入
2024-09-30,房地产,2333.64,8110.62448768,0.33049784487673595,0.01885131649718993,-0.003035044220621782,-0.42496594331303805,0.1669886122371526,-0.07556863955023052,-0.08607393861939569,0.03318849522634177,-0.13625880088314984,大幅流出
2024-12-31,房地产,2157.29,19960.40770928,-0.07556863955023052,0.01800194935653846,-0.0008493671406514698,1.1440184768890376,-0.08607393861939569,-0.058295361309791405,-0.06306234830121027,0.018449072679148464,-0.1583932282861084,中性
2025-03-31,房地产,2031.53,9256.93509685,-0.058295361309791405,0.010873606858046123,-0.007128342498492339,0.10952860694243238,-0.06306234830121027,-0.01141011946660897,-0.041785655455661444,0.0002953439033634741,-0.16682748227997432,大幅流出
2025-06-30,房地产,2008.35,8073.37311871,-0.01141011946660897,0.01094095963958613,6.735278154000775e-05,-0.24264553843706127,-0.041785655455661444,0.20053277566161287,0.052686888392348585,-0.0858665073318893,-0.20040824364749815,流出
2025-09-30,房地产,2411.09,16946.46021761,0.20053277566161287,0.012353734901009192,0.0014127752614230618,1.0894149696304636,0.052686888392348585,-0.08875653749963708,-0.10949441465780238,-0.2253254752000134,-0.21550276486463696,流入
2025-12-31,房地产,2197.09,16202.82351153,-0.08875653749963708,0.013866065603915567,0.0015123307029063747,-0.18825187603773363,-0.10949441465780238,-0.07508113004018957,-0.07245197109945734,,,流入
2026-03-31,房地产,2032.13,12760.162849710001,-0.07508113004018957,0.008916065674145188,-0.004949999929770379,0.37844359026046304,-0.07245197109945734,-0.09656370409373416,-0.08040618908912248,,,大幅流出
2026-06-30,房地产,1835.9,13584.5404839,-0.09656370409373416,0.007925153173687806,-0.0009909125004573822,0.6826350379394579,-0.08040618908912248,0.017381120976087905,0.032814491702909586,,,流入
2026-09-30,房地产,1867.81,6689.52980219,0.017381120976087905,0.006690852169205638,-0.0012343010044821683,-0.6052550375541825,0.032814491702909586,,,,,流出
1999-12-31,有色金属,1000.0,0.8739785717,,0.03066301163653612,,,,0.33382999999999985,-0.03636000000000017,0.7533899999999998,0.0896297271018531,
2000-03-31,有色金属,1333.83,349.4485588061,0.33382999999999985,0.02844382446214647,-0.0022191871743896495,,-0.03636000000000017,0.10418119250579161,0.02416374373031885,0.327343064708396,0.13971808026721896,流出
2000-06-30,有色金属,1472.79,347.5038979088,0.10418119250579161,0.03169518890911121,0.003251364446964739,,0.02416374373031885,0.039842747438535,0.04099521860387369,0.19238316392696847,0.06728166168579068,中性
2000-09-30,有色金属,1531.47,395.1992522373,0.039842747438535,0.04068842530018155,0.008993236391070338,,0.04099521860387369,0.14490652771520174,0.06058624903076246,-0.10156908068718294,0.017374276737367456,流入
2000-12-31,有色金属,1753.39,309.1097426625,0.14490652771520174,0.04097946597041972,0.0002910406702381768,352.6811458217357,0.06058624903076246,0.009729723564067205,0.00793682803593445,-0.3054768191902544,-0.08168538980517855,中性
2001-03-31,有色金属,1770.45,260.7291126479,0.009729723564067205,0.0446477083661965,0.0036682423957767746,-0.2538841380869111,0.00793682803593445,-0.008088339122821808,-0.040928453121887066,-0.3318026490440284,-0.09752970369068707,流入
2001-06-30,有色金属,1756.13,282.780334897,-0.008088339122821808,0.03318720748800388,-0.011460500878192621,-0.1862527683899139,-0.040928453121887066,-0.21650447290348662,-0.007682980384639104,-0.2929452830940762,-0.08071852573555373,大幅流出
2001-09-30,有色金属,1375.92,132.9870184896,-0.21650447290348662,0.0318391957171853,-0.0013480117708185788,-0.6634937497054092,-0.007682980384639104,-0.11494127565556145,-0.04268087946939943,-0.18594104308390033,-0.08300595033557882,中性
2001-12-31,有色金属,1217.77,116.84136866280001,-0.11494127565556145,0.031037692487682355,-0.000801503229502943,-0.6220068392008831,-0.04268087946939943,-0.02854397792686636,-0.009453799645331683,-0.23294218120006235,-0.051567847956197385,大幅流出
2002-03-31,有色金属,1183.01,213.61972755280001,-0.02854397792686636,0.04234059388628856,0.011302901398606204,-0.18068325633708027,-0.009453799645331683,0.04959383268104256,-0.023062909499887416,-0.14733603266244566,-0.04281295686113687,大幅流入
2002-06-30,有色金属,1241.68,182.5834236002,0.04959383268104256,0.03134990570425337,-0.010990688182035191,-0.35432771990066336,-0.023062909499887416,-0.09793183428902785,-0.010152137465725686,-0.21389568971071443,-0.006160174313461912,大幅流出
2002-09-30,有色金属,1120.08,141.0807885737,-0.09793183428902785,0.03495221971136725,0.0036023140071138812,0.06086135455945252,-0.010152137465725686,-0.16604171130633516,-0.009860277708685361,-0.210904578244411,-0.006257540566021031,流入
2002-12-31,有色金属,934.1,102.06225930160001,-0.16604171130633516,0.035371912585077527,0.000419692873710277,-0.12648867032576427,-0.009860277708685361,0.07987367519537525,-0.0003101575935061385,0.10377903864682589,0.18413944826187312,中性
2003-03-31,有色金属,1008.71,152.4464087018,0.07987367519537525,0.03840484942158723,0.0030329368365097018,-0.2863654941975333,-0.0003101575935061385,-0.03233833311853751,0.014346145498848231,0.22067789552993422,0.16707083154998345,流入
2003-06-30,有色金属,976.09,195.1661813415,-0.03233833311853751,0.029051737578266786,-0.009353111843320442,0.06891511558492991,0.014346145498848231,-0.09449948262967556,-0.01024911262659936,-0.06701226321343326,0.10482889741186793,大幅流出
2003-09-30,有色金属,883.85,122.3052442531,-0.09449948262967556,0.03928847991796343,0.010236742339696642,-0.13308363605291118,-0.01024911262659936,0.16653278271199867,0.17984644142509465,0.07130169146348359,0.14881093075749596,流入
2003-12-31,有色金属,1031.04,316.2055270717,0.16653278271199867,0.058918674757112766,0.019630194839149337,2.098163113725456,0.17984644142509465,0.19424076660459333,-0.014720050597114842,-0.20618986654252017,-0.05915065796083106,流入
2004-03-31,有色金属,1231.31,514.5822329287,0.19424076660459333,0.04918773015230792,-0.009730944604804843,2.375495935330775,-0.014720050597114842,-0.26039746286475385,-0.03975071329895191,-0.3820971160796225,-0.04183162400069433,大幅流出
2004-06-30,有色金属,910.68,372.6917754039,-0.26039746286475385,0.06106458716058337,0.011876857008275447,0.9096124791813565,-0.03975071329895191,0.039739535292309114,0.02915179065742643,-0.2760903939913031,-0.04598634056400528,大幅流入
2004-09-30,有色金属,946.87,313.7462165452,0.039739535292309114,0.060748698851904266,-0.0003158883086791034,1.5652719837256504,0.02915179065742643,-0.13562579868408542,-0.03373329901195138,-0.2268421219385976,-0.023840402962590428,中性
2004-12-31,有色金属,818.45,285.2630944355,-0.13562579868408542,0.05714622153112836,-0.0036024773207759056,-0.09785544523130274,-0.03373329901195138,-0.0704013684403445,0.0034168562821163817,-0.08318162380108748,0.046434911187328454,流出
2005-03-31,有色金属,760.83,243.7187587655,-0.0704013684403445,0.05640845455924289,-0.0007377669718854687,-0.5263754883677272,0.0034168562821163817,-0.13351208548558813,-0.043914452904951246,0.4076731990063481,0.34764089024876477,流出
2005-06-30,有色金属,659.25,229.1468650141,-0.13351208548558813,0.04632532168362693,-0.010083132875615963,-0.3851571723959699,-0.043914452904951246,0.11047402351156621,0.0530419426619144,1.3511717861205912,0.5318057041329806,大幅流出
2005-09-30,有色金属,732.08,360.1480577521,0.11047402351156621,0.05098189122558495,0.004656569541958019,0.14789609805610215,0.0530419426619144,0.02498360834881419,0.0358298094906212,1.0422085018030809,0.36505645175171103,中性
2005-12-31,有色金属,750.37,265.0671154067,0.02498360834881419,0.06118779991285037,0.010205908687265425,-0.07079772821214514,0.0358298094906212,0.42729586737209635,0.2922405120795657,1.4406759332062848,0.3143159958976491,流入
2006-03-31,有色金属,1071.0,780.8207259485999,0.42729586737209635,0.10608147495007153,0.04489367503722116,2.203777706335218,0.2922405120795657,0.4472549019607843,0.08674150901502703,1.7769281045751633,0.07717388852219703,大幅流入
2006-06-30,有色金属,1550.01,2250.0222428156,0.4472549019607843,0.12275726185373674,0.01667578690366521,8.819127321149038,0.08674150901502703,-0.03545138418461824,-0.06159006072547477,1.7373565331836571,0.11389391443692878,大幅流入
2006-09-30,有色金属,1495.06,1405.3668835607,-0.03545138418461824,0.10614986582087386,-0.016607396032862876,2.902192038275696,-0.06159006072547477,0.22497424852514292,-0.002672976715278552,4.459245782777948,0.8068266113676728,大幅流出
2006-12-31,有色金属,1831.41,1917.6076026586,0.22497424852514292,0.09543885933245824,-0.010711006488415623,6.234422873302711,-0.002672976715278552,0.623934564079043,0.059081485462692984,2.6255016626533645,0.5153851635806758,大幅流出
2007-03-31,有色金属,2974.09,3483.16096776,0.623934564079043,0.07136230734599439,-0.024076551986463857,3.46089717140691,0.059081485462692984,0.4266313393340484,0.12378768772289883,0.5155930049191518,0.26695450609909044,大幅流出
2007-06-30,有色金属,4242.93,7948.2659573404,0.4266313393340484,0.07192310317403999,0.0005607958280456071,2.5325277262122596,0.12378768772289883,0.9236471023561545,0.5221773174963688,-0.35197139712415715,0.03266258178273988,中性
2007-09-30,有色金属,8161.9,9821.8114576735,0.9236471023561545,0.1088532715573052,0.03693016838326521,5.9887881752190735,0.5221773174963688,-0.18649089060145307,-0.16354199965001331,-0.7670027812151582,-0.3883211531656595,大幅流入
2007-12-31,有色金属,6639.78,6302.6690281167,-0.18649089060145307,0.11543708166111911,0.006583810103813911,2.2867355236694857,-0.16354199965001331,-0.32113564003626616,-0.11454322466603567,-0.7729713936305118,-0.32280905430005863,大幅流入
2008-03-31,有色金属,4507.51,4904.0654257802,-0.32113564003626616,0.07943695666933863,-0.036000124991780486,0.4079353412523956,-0.11454322466603567,-0.39000911811621053,-0.08402907176777491,-0.3645604779578969,0.11410581731794822,大幅流出
2008-06-30,有色金属,2749.54,4836.7344805258,-0.39000911811621053,0.1096537156149671,0.030216758945628475,-0.39147299467766694,-0.08402907176777491,-0.30835703426755023,-0.0983660271332871,0.290015784458491,0.27152932515366085,大幅流入
2008-09-30,有色金属,1901.7,2781.5892291418,-0.30835703426755023,0.0994206292091585,-0.010233086405808597,-0.7167946828210978,-0.0983660271332871,-0.20733028343061466,-0.07395557778917691,0.8653310196140298,0.4287874538658509,大幅流出
2008-12-31,有色金属,1507.42,2279.9541258092,-0.20733028343061466,0.08052038990799991,-0.018900239301158597,-0.6382557745554867,-0.07395557778917691,0.9001008345384829,0.4567420764368418,1.8002613737379096,0.41613206647590606,大幅流出
2009-03-31,有色金属,2864.25,6942.5255016683,0.9001008345384829,0.12485302792815196,0.044332638020152054,0.4156673899928236,0.4567420764368418,0.23835209915335587,0.04539791295525669,0.3362730208606093,-0.13663458635185546,大幅流入
2009-06-30,有色金属,3546.95,10225.5753665109,0.23835209915335587,0.13214560808306508,0.007292580154913117,1.1141485867546077,0.04539791295525669,9.867632754922973e-05,0.013144787876206987,-0.14462566430313367,-0.16217825833721558,大幅流入
2009-09-30,有色金属,3547.3,15360.0990107968,9.867632754922973e-05,0.15182431450803047,0.019678706424965386,4.522058702943651,0.013144787876206987,0.1899670171679868,-0.08215795307716423,0.21523694077185468,-0.03211646115693321,大幅流入
2009-12-31,有色金属,4221.17,10339.4874205049,0.1899670171679868,0.1137013742766375,-0.03812294023139297,3.5349541481827913,-0.08215795307716423,-0.09327982526171652,-0.11187610592606456,0.22099796975719999,0.2116898666322933,大幅流出
2010-03-31,有色金属,3827.42,4920.3563380929,-0.09327982526171652,0.07192800085990703,-0.04177337341673047,-0.2912728463279638,-0.11187610592606456,-0.2073067497165193,0.014468597325302868,0.38153116198379033,0.36162154444945016,大幅流出
2010-06-30,有色金属,3033.97,6606.4184003891005,-0.2073067497165193,0.10101058270569183,0.0290825818457848,-0.35393186558231815,0.014468597325302868,0.42084793191758685,0.17042338947169078,0.540193212193924,0.2708073552551632,大幅流入
2010-09-30,有色金属,4310.81,9081.836561247801,0.42084793191758685,0.12043450424340096,0.019423921537709138,-0.4087384101584196,0.17042338947169078,0.19560824995766435,0.14904310569720827,-0.09469450056949875,0.05807098493358566,大幅流入
2010-12-31,有色金属,5154.04,22014.038830259098,0.19560824995766435,0.19435426407835185,0.07391975983495089,1.1291228409061795,0.14904310569720827,0.025933054458250115,-0.00198172683209389,-0.4180817378212043,-0.16458896712966384,大幅流入
2011-03-31,有色金属,5287.7,12128.1324459184,0.025933054458250115,0.1568277525245424,-0.037526511553809455,1.4648890471658786,-0.00198172683209389,-0.1162698337651531,-0.05319201182465989,-0.34021597291828204,-0.06417500680445569,大幅流出
2011-06-30,有色金属,4672.9,9859.1751555918,-0.1162698337651531,0.14070045089492914,-0.01612730162961326,0.4923631169062983,-0.05319201182465989,-0.1648441010935393,-0.025508450697499185,-0.24135119518928277,-0.013853395712720507,大幅流出
2011-09-30,有色金属,3902.6,8052.8360064672,-0.1648441010935393,0.13099801393811158,-0.00970243695681755,-0.11330313509178824,-0.025508450697499185,-0.23147901399067283,-0.09276097595352045,-0.11052631578947367,0.06290940938752913,大幅流出
2011-12-31,有色金属,2999.23,5072.2444332928,-0.23147901399067283,0.1280713841110532,-0.00292662982705838,-0.7695904657749211,-0.09276097595352045,0.1632118910520366,0.11797714771304177,0.13635166359365547,0.10787104781342974,流出
2012-03-31,有色金属,3488.74,7588.0803176494,0.1632118910520366,0.14992248523584797,0.02185110112479477,-0.3743405795174102,0.11797714771304177,0.016151963172950756,-0.0022798180855126693,-0.11134965632291316,-0.1438191659409885,大幅流入
2012-06-30,有色金属,3545.09,7161.9604239491,0.016151963172950756,0.14288667521572407,-0.007035810020123906,-0.2735740758305657,-0.0022798180855126693,-0.02082598749256015,0.050347111290682076,-0.32527523983876294,-0.2504567645837288,大幅流出
2012-09-30,有色金属,3471.26,5874.4248564634,-0.02082598749256015,0.13682331211092882,-0.006063363104795244,-0.270514778676025,0.050347111290682076,-0.018172075845658497,-0.05438427836783499,-0.2276320413913104,-0.3262062294301131,大幅流出
2012-12-31,有色金属,3408.18,4856.9193782341,-0.018172075845658497,0.12743421782940342,-0.0093890942815254,-0.042451632189759336,-0.05438427836783499,-0.09034440669213473,-0.1360090069353795,-0.29636345498183775,-0.3587363113168975,大幅流出
2013-03-31,有色金属,3100.27,6268.0944715386,-0.09034440669213473,0.10682640447655953,-0.020607813352843896,-0.1739551758618837,-0.1360090069353795,-0.22846719801823712,-0.12654618809097085,-0.251742590161502,-0.2687112241835933,大幅流出
2013-06-30,有色金属,2391.96,3978.4747509447,-0.22846719801823712,0.07465525504959473,-0.03217114942696479,-0.444499199180024,-0.12654618809097085,0.12087576715329695,-0.055801844264934564,0.03191106874696905,-0.13954013063644927,大幅流出
2013-09-30,有色金属,2681.09,6051.8971225844,0.12087576715329695,0.08739365092554556,0.012738395875950825,0.03021100285685563,-0.055801844264934564,-0.1055428948673861,-0.10003764917906666,0.14496715887941117,-0.07328673036821906,大幅流入
2013-12-31,有色金属,2398.12,3423.8976236486,-0.1055428948673861,0.05287054916905045,-0.03452310175649511,-0.2950474658911312,-0.10003764917906666,-0.03265891615098482,-0.01471590114178141,0.38393825163044415,-0.05957346920601549,大幅流出
2014-03-31,有色金属,2319.8,3911.1535631111,-0.03265891615098482,0.04361874044463908,-0.009251808724411371,-0.37602191848409594,-0.01471590114178141,0.06400982843348557,0.02773620728868409,0.8047676523838263,-0.1107200179662016,中性
2014-06-30,有色金属,2468.29,4097.310048552,0.06400982843348557,0.0445164402206607,0.0008976997760216238,0.029869561841276537,0.02773620728868409,0.24367882218053816,0.016899208476444966,0.880066766870992,-0.25867141039563946,中性
2014-09-30,有色金属,3069.76,11659.6882110521,0.24367882218053816,0.06306269376436283,0.018546253543702124,0.9266170549298682,0.016899208476444966,0.08114315125612426,-0.08672024113346713,-0.040273506723652513,-0.31725699234757987,大幅流入
2014-12-31,有色金属,3318.85,13775.5690787765,0.08114315125612426,0.042349856015920555,-0.02071283774844227,3.0233589297850774,-0.08672024113346713,0.26149117917350884,-0.06830209799475756,0.15377013122015168,-0.2224995745963383,大幅流出
2015-03-31,有色金属,4186.7,17387.4791135274,0.26149117917350884,0.04336930199931247,0.0010194459833919173,3.4456140197411855,-0.06830209799475756,0.10840279934076968,-0.14325044032566775,-0.18872142737717046,-0.11917502726114731,流入
2015-06-30,有色金属,4640.55,42044.3732636082,0.10840279934076968,0.044215156311919496,0.0008458543126070237,9.26145758202184,-0.14325044032566775,-0.36513344323409935,-0.06346411859671564,-0.2172802792772408,0.10531253490745236,流出
2015-09-30,有色金属,2946.13,20539.1960790876,-0.36513344323409935,0.03601987390217557,-0.008195282409743924,0.7615562017875148,-0.06346411859671564,0.2997355853271919,0.04003320879527411,0.20437319466554416,0.11741780818312145,大幅流出
2015-12-31,有色金属,3829.19,22099.9166424953,0.2997355853271919,0.040461211687207455,0.004441337785031883,0.6042833886655041,0.04003320879527411,-0.11297689589704352,0.05551425095175119,-0.06172062498857466,0.06960366889748791,流入
2016-03-31,有色金属,3396.58,16574.468740499502,-0.11297689589704352,0.053178292591572265,0.01271708090436481,-0.04675838100046248,0.05551425095175119,0.06938449852498696,0.07510124814006565,0.10883889088436018,0.038414842165267395,大幅流入
2016-06-30,有色金属,3632.25,21066.7859901089,0.06938449852498696,0.06970978947801994,0.016531496886447672,-0.4989392312254205,0.07510124814006565,-0.02312891458462396,-0.053207270493743936,-0.017083075228852804,-0.045959436515504895,大幅流入
2016-09-30,有色金属,3548.24,19045.4602832556,-0.02312891458462396,0.06172809198310526,-0.007981697494914675,-0.07272610817289371,-0.053207270493743936,0.012572430275291424,-0.004469655167380911,0.2892278989019908,0.23785810628698892,大幅流出
2016-12-31,有色金属,3592.85,16659.3379508911,0.012572430275291424,0.05513670825573337,-0.006591383727371891,-0.2461809598477248,-0.004469655167380911,0.048265304702395095,0.024736260894689395,0.15394464004898623,0.1703381530570885,大幅流出
2017-03-31,有色金属,3766.26,13732.2448607805,0.048265304702395095,0.05325340703121071,-0.0018833012245226613,-0.1714820501470472,0.024736260894689395,-0.052056947741260684,-0.012253909584248802,0.03649774577432251,0.11407425114661665,流出
2017-06-30,有色金属,3570.2,10971.2983277859,-0.052056947741260684,0.04456920926899967,-0.008684197762211042,-0.47921347219566135,-0.012253909584248802,0.2812979665004762,0.22845411406026714,-0.10318189457173253,0.07530804671104012,大幅流出
2017-09-30,有色金属,4574.49,36516.393845394,0.2812979665004762,0.11634501702120577,0.0717758077522061,0.9173279774970051,0.22845411406026714,-0.09368038841488335,-0.058771648247725954,-0.37814925816867007,-0.16490180112913086,大幅流入
2017-12-31,有色金属,4145.95,17154.2370116347,-0.09368038841488335,0.06484209037293014,-0.05150292664827563,0.029707006497045718,-0.058771648247725954,-0.058425692543325414,-0.024527843087973886,-0.41036191946357287,-0.14155493452950405,大幅流出
2018-03-31,有色金属,3903.72,19442.4849528377,-0.058425692543325414,0.07088332239022392,0.006041232017293785,0.4158271389673318,-0.024527843087973886,-0.17980285471294044,-0.04662429991692976,-0.22468824608322316,-0.18254589783087236,大幅流入
2018-06-30,有色金属,3201.82,13702.0390201142,-0.17980285471294044,0.05798176453967609,-0.012901557850547835,0.24889859073583187,-0.04662429991692976,-0.11155217969779685,-0.04596657563847312,-0.07733726443085502,-0.10437476441516792,大幅流出
2018-09-30,有色金属,2844.65,8745.6501831995,-0.11155217969779685,0.04636794897963402,-0.011613815560042068,-0.7605007159187863,-0.04596657563847312,-0.1406288998646582,-0.032457697627476884,-0.0342467438876488,-0.11029476385843127,大幅流出
2018-12-31,有色金属,2444.61,8622.8639966914,-0.1406288998646582,0.04809330652845748,0.0017253575488234627,-0.497333283267392,-0.032457697627476884,0.23807069430297667,-0.07110687882810268,0.24272174293650084,-0.04442115979119072,流入
2019-03-31,有色金属,3026.6,14073.981747567499,0.23807069430297667,0.04211681972347256,-0.005976486804984922,-0.27612227646274456,-0.07110687882810268,-0.023921231745192673,0.04454468296385472,-0.1314940857728145,-0.049113191029895954,大幅流出
2019-06-30,有色金属,2954.2,18259.7659382618,-0.023921231745192673,0.05276347177800215,0.010646652054529589,0.33263129023767846,0.04454468296385472,-0.07005957619660141,-0.05227264777297126,-0.011180691896283226,-0.10699383666485666,大幅流入
2019-09-30,有色金属,2747.23,14861.7924610208,-0.07005957619660141,0.0513592339163198,-0.0014042378616823462,0.6993353438227479,-0.05227264777297126,0.10583023627435617,0.03917894780938601,0.14371566996574742,-0.07114994698816512,流入
2019-12-31,有色金属,3037.97,9548.2964051876,0.10583023627435617,0.03602554822644444,-0.015333685689875365,0.10732308996770556,0.03917894780938601,-0.1347445827312317,-0.07566787930086805,0.3477157443951062,0.10453851611763874,大幅流出
2020-03-31,有色金属,2628.62,19839.5827510569,-0.1347445827312317,0.04114646462252426,0.005120916396079825,0.4096638113436455,-0.07566787930086805,0.11129413913003794,-0.019036933769261716,0.5503838516027422,0.20422059703543477,大幅流入
2020-06-30,有色金属,2921.17,13648.0105655527,0.11129413913003794,0.036559821718513574,-0.004586642904010688,-0.2525637726300508,-0.019036933769261716,0.07561353841097929,-0.014232333997376806,0.5765943098142181,0.32480265629003935,大幅流出
2020-09-30,有色金属,3142.05,26342.9010059535,0.07561353841097929,0.040114939879670256,0.0035551181611566812,0.7725251563729687,-0.014232333997376806,0.3030728346143441,0.23573570273505015,0.8044525071211469,0.666995355916573,大幅流入
2020-12-31,有色金属,4094.32,23668.8438555,0.3030728346143441,0.051914039238054835,0.01179909935838458,1.478855164429195,0.23573570273505015,-0.0046283631958421445,0.007750985596945639,0.40473143281423996,0.2938283461833846,大幅流入
2021-03-31,有色金属,4075.37,39996.19760203,-0.0046283631958421445,0.07672743258754258,0.024813393349487747,1.0159797765857403,0.007750985596945639,0.13008144045816694,0.07918970914816781,0.31820423667053543,0.33537391116926574,大幅流入
2021-06-30,有色金属,4605.5,30574.35778406,0.13008144045816694,0.06234959729792307,-0.014377835289619514,1.240206192485596,0.07918970914816781,0.23106720225816968,0.24038860688948588,0.21932037780914132,0.25643017743793267,大幅流出
2021-09-30,有色金属,5669.68,70181.12987661,0.23106720225816968,0.09277386612022265,0.03042426882229958,1.664138238258157,0.24038860688948588,0.01441703940963146,-0.040891220893438295,-0.17136946000479747,-0.03417241879614521,大幅流入
2021-12-31,有色金属,5751.42,42016.42959099,0.01441703940963146,0.06935611131952399,-0.02341775480069866,0.7751787897838753,-0.040891220893438295,-0.06594023736746746,0.04011044362335793,-0.20311331810231215,-0.05728637538272286,大幅流出
2022-03-31,有色金属,5372.17,31548.44651436,-0.06594023736746746,0.059755130294025856,-0.009600981025498133,-0.21121385517010338,0.04011044362335793,0.04530943734096282,0.015390900191364073,-0.09433431927880166,-0.09360075994186241,大幅流出
2022-06-30,有色金属,5615.58,30252.716117339998,0.04530943734096282,0.05952834365353834,-0.00022678664048751684,-0.010519981122471544,0.015390900191364073,-0.16338650682565292,-0.04650369797085503,-0.20866410949536826,-0.14618596336288017,流出
2022-09-30,有色金属,4698.07,36645.30442768,-0.16338650682565292,0.0657517354357175,0.0062233917821791565,-0.4778467589206886,-0.04650369797085503,-0.024444080228689713,-0.06384438470187115,-0.0908500724765702,-0.10541505693367756,大幅流入
2022-12-31,有色金属,4583.23,22355.96558794,-0.024444080228689713,0.04777119541565583,-0.017980540020061664,-0.46792324322735857,-0.06384438470187115,0.06156356979684641,4.422452203740185e-05,-0.08695396041656214,-0.017301531787494984,大幅流出
2023-03-31,有色金属,4865.39,21581.2987247,0.06156356979684641,0.044852879631577296,-0.002918315784078536,-0.3159314923834118,4.422452203740185e-05,-0.08664875785908221,-0.04351750868482654,-0.06640372097611902,0.08529248877677059,流出
2023-06-30,有色金属,4443.81,18621.17891845,-0.08664875785908221,0.03444548613992664,-0.010407393491650659,-0.3844791044141366,-0.04351750868482654,-0.03883154320279225,-0.0009728132084823315,-0.03270166816313038,0.1679688312598243,大幅流出
2023-09-30,有色金属,4271.25,16979.73694344,-0.03883154320279225,0.036241005205415386,0.0017955190654887487,-0.5366463123004002,-0.0009728132084823315,-0.02026338893766466,0.02836370798809964,0.11458238220661392,0.10364780546255208,流入
2023-12-31,有色金属,4184.7,15039.50404882,-0.02026338893766466,0.030508936758338847,-0.005732068447076539,-0.32727110400755366,0.02836370798809964,0.08545654407723391,0.104449147348886,0.03185174564484906,-0.03785893124104877,大幅流出
2024-03-31,有色金属,4542.31,17929.91285572,0.08545654407723391,0.034970600506395,0.004461663748056153,-0.16919212859052613,0.104449147348886,-0.053677534118103054,0.029346235281693347,0.06434171159608189,-0.028783086102225852,大幅流入
2024-06-30,有色金属,4298.49,27505.31744916,-0.053677534118103054,0.05647215726080815,0.021501556754413148,0.4770986074306782,0.029346235281693347,0.10751915207433305,-0.05599008056525029,0.1865771468585479,-0.03323456935012001,大幅流入
2024-09-30,有色金属,4760.66,18319.33593566,0.10751915207433305,0.042579162710102904,-0.013892994550705244,0.07889397796221731,-0.05599008056525029,-0.09298500628064177,-0.10349030534980694,0.51943217957174,0.3009732079884906,大幅流出
2024-12-31,有色金属,4317.99,35848.29746564,-0.09298500628064177,0.03233096462225799,-0.010248198087844912,1.3836090172436677,-0.10349030534980694,0.1196343669160882,0.11486737992466933,0.9473389238974614,0.6568011670801104,大幅流出
2025-03-31,有色金属,4834.57,29573.89846585,0.1196343669160882,0.034738813852854336,0.002407849230596344,0.6494167430610429,0.11486737992466933,0.05500385763366755,0.02462832164461508,0.8029131856607722,0.544389348472433,流入
2025-06-30,有色金属,5100.49,30553.74295996,0.05500385763366755,0.041406146309341536,0.0066673324564872,0.11083040639085939,0.02462832164461508,0.41819707518297267,0.2703511879137084,0.6450380257583095,0.47528088088936027,流入
2025-09-30,有色金属,7233.5,71566.48103693,0.41819707518297267,0.05217097394827055,0.010764827638929012,2.9066089124781165,0.2703511879137084,0.16245109559687565,0.14171321843871035,0.16084329854150808,0.18013451536094524,大幅流入
2025-12-31,有色金属,8408.59,75784.1007211,0.16245109559687565,0.06485457991841634,0.01268360597014579,1.114022312879372,0.14171321843871035,0.03659590965905091,0.03922506859978314,,,大幅流入
2026-03-31,有色金属,8716.31,107116.8044007,0.03659590965905091,0.07484704341864344,0.009992463500227103,2.622004874480497,0.03922506859978314,-0.037379349747771684,-0.021221834743160004,,,大幅流入
2026-06-30,有色金属,8390.5,108149.38720262,-0.037379349747771684,0.06309381316482848,-0.011753230253814959,2.5396444666156732,-0.021221834743160004,0.0007699183600500259,0.016203289086871707,,,大幅流出
2026-09-30,有色金属,8396.96,58186.58928711,0.0007699183600500259,0.05819809144476547,-0.004895721720063015,-0.18695751916201742,0.016203289086871707,,,,,大幅流出
2014-03-31,机械设备,916.92,3499.4365962567,,0.039027109043802154,,,,0.020078087510360776,-0.016195533634440706,0.9907189285870086,0.01884043398235235,
2014-06-30,机械设备,935.33,5936.5476615162,0.020078087510360776,0.06449938275586053,0.02547227371205838,,-0.016195533634440706,0.2824243849764254,0.05564477127233222,1.405985053403612,0.01615796446723625,大幅流入
2014-09-30,机械设备,1199.49,13719.1652238151,0.2824243849764254,0.074201599524082,0.009702216768221458,,0.05564477127233222,0.10908802907902526,-0.058775363310566126,0.2730327055665327,-0.056451354226476534,大幅流入
2014-12-31,机械设备,1330.34,20912.222588859,0.10908802907902526,0.06428987510762922,-0.009911724416452772,,-0.058775363310566126,0.37207781469398804,0.042284537525721644,0.4676999864696245,0.021499147235540465,流出
2015-03-31,机械设备,1825.33,25180.7502433419,0.37207781469398804,0.06280792947283127,-0.0014819456347979487,6.195658372629871,0.042284537525721644,0.2328674814964966,-0.018785758169940825,-0.15524316151052134,-0.060897583804610904,中性
2015-06-30,机械设备,2250.39,68384.8139821131,0.2328674814964966,0.07191557406797656,0.009107644595145292,10.519289978149954,-0.018785758169940825,-0.3214553921764671,-0.019786067539083407,-0.299930234314941,-0.01667212196687781,大幅流入
2015-09-30,机械设备,1526.99,39492.2323966781,-0.3214553921764671,0.069258077364192,-0.0026574967037845676,1.8786177403945485,-0.019786067539083407,0.2786855185692112,0.0189831420372934,0.027734300814019473,-0.030874998474177802,流出
2015-12-31,机械设备,1952.54,40812.4472979429,0.2786855185692112,0.07472069222287414,0.005462614858682144,0.951607349459151,0.0189831420372934,-0.21027994304854192,-0.04178879619974721,-0.1683601872432832,-0.03212695842924919,流入
2016-03-31,机械设备,1541.96,20248.2508855398,-0.21027994304854192,0.0649654252523781,-0.009755266970496043,-0.1958837330157116,-0.04178879619974721,0.021706140237100824,0.027422889852179513,0.08205141508210324,0.014103669458424799,大幅流出
2016-06-30,机械设备,1575.43,21248.1602048009,0.021706140237100824,0.0703099549863636,0.005344529733985498,-0.6892853987968934,0.027422889852179513,-0.0038656112934247755,-0.03394396720254475,-0.03989387024494911,-0.06590370581404781,流入
2016-09-30,机械设备,1569.34,19947.4303304507,-0.0038656112934247755,0.06465146003046167,-0.005658494955901927,-0.49490243726691463,-0.03394396720254475,0.03470885850102601,0.017666773058353673,-0.012521187250691313,-0.06045575117326766,流出
2016-12-31,机械设备,1623.81,22312.715021939,0.03470885850102601,0.07384745193263606,0.009195991902174391,-0.4532865216572385,0.017666773058353673,0.02750937609695714,0.003980332289251438,-0.1019146328696092,-0.09897140994878041,大幅流入
2017-03-31,机械设备,1668.48,20403.6373841584,0.02750937609695714,0.07912495135001966,0.005277499417383605,0.007674070194851668,0.003980332289251438,-0.09343833908707333,-0.05363530093006145,-0.18775172612197932,-0.1355699267365565,大幅流入
2017-06-30,机械设备,1512.58,18306.7257909086,-0.09343833908707333,0.07436825327580511,-0.004756698074214555,-0.13843242829220104,-0.05363530093006145,0.024534239511298628,-0.02830961292891046,-0.25746076240595533,-0.12134586235599677,流出
2017-09-30,机械设备,1549.69,15858.835938609,0.024534239511298628,0.050527895635748964,-0.023840357640056146,-0.20496847584424283,-0.02830961292891046,-0.058960179132600765,-0.024051438965443366,-0.3314985577760714,-0.10662982858499419,大幅流出
2017-12-31,机械设备,1458.32,14301.3440954074,-0.058960179132600765,0.054058309073135996,0.0035304134373870324,-0.359049578621625,-0.024051438965443366,-0.07069778923693015,-0.036799939781578625,-0.3511163530637995,-0.06484538529644143,流入
2018-03-31,机械设备,1355.22,12315.5260911468,-0.07069778923693015,0.044899888488614224,-0.009158420584521772,-0.39640536345207233,-0.036799939781578625,-0.17124156963445047,-0.038063014838439796,-0.08307876211980343,-0.02523718463955835,大幅流出
2018-06-30,机械设备,1123.15,11229.006923561,-0.17124156963445047,0.047516842894735824,0.0026169544061215994,-0.38661850011772736,-0.038063014838439796,-0.07762097671726842,-0.012035372657944687,0.014290166050839069,-0.0016324180674615412,流入
2018-09-30,机械设备,1035.97,9692.3779464996,-0.07762097671726842,0.051387338471181536,0.003870495576445712,-0.3888342130519743,-0.012035372657944687,-0.08657586609650869,0.021595336140672633,0.07566821433053066,0.006469529740363356,大幅流入
2018-12-31,机械设备,946.28,8409.7421606448,-0.08657586609650869,0.04690463721941705,-0.004482701251764483,-0.4119614139383285,0.021595336140672633,0.31317369066238343,0.0039961175313040775,0.23915754322187932,-0.028989980141389423,流出
2019-03-31,机械设备,1242.63,17232.5275712851,0.31317369066238343,0.05156886445621732,0.004664227236800267,0.3992522482391525,0.0039961175313040775,-0.08323475209837206,-0.014768837389324663,-0.12053467242863945,-0.0414881295990387,流入
2019-06-30,机械设备,1139.2,16958.0779707626,-0.08323475209837206,0.04900211051142684,-0.00256675394479048,0.5102028243638099,-0.014768837389324663,-0.02180477528089897,-0.00401784685726882,0.0811885533707865,-0.030317780014068787,流出
2019-09-30,机械设备,1114.36,14317.0227476449,-0.02180477528089897,0.04947662418312766,0.00047451367170082276,0.4771424336393617,-0.00401784685726882,0.05225420869377939,-0.014397079771190771,0.2508794285509173,0.014363787089645684,大幅流入
2019-12-31,机械设备,1172.59,11976.1774155776,0.05225420869377939,0.04518589900696203,-0.004290725176165633,0.4240837812629621,-0.014397079771190771,-0.06800330891445439,-0.008926605484090737,0.3105859678148373,0.06534939917461971,流出
2020-03-31,机械设备,1092.85,21297.5178956032,-0.06800330891445439,0.04417016111855129,-0.0010157378884107365,0.2358905452205209,-0.008926605484090737,0.1270439676076316,-0.003287105291668063,0.4097085601866681,0.09092413735416668,中性
2020-06-30,机械设备,1231.69,16959.5627527567,0.1270439676076316,0.04543069392323692,0.0012605328046856254,8.755603062216011e-05,-0.003287105291668063,0.13172145588581552,0.04187558347745943,0.29266292654807635,0.07545072100162874,流入
2020-09-30,机械设备,1393.93,30852.3280707136,0.13172145588581552,0.04698189031742679,0.001551196394189873,1.1549402144931773,0.04187558347745943,0.10248003845243292,0.03514290657313898,0.1884814875926337,0.08366396008450071,流入
2020-12-31,机械设备,1536.78,23683.87603713,0.10248003845243292,0.0519470100612914,0.004965119743864606,0.9775822631288023,0.03514290657313898,0.002485716888559253,0.014865065681347036,0.14829708871796887,0.057232820651691586,大幅流入
2021-03-31,机械设备,1540.6,25789.12538953,0.002485716888559253,0.049473037399845626,-0.002473972661445771,0.2108981673800625,0.014865065681347036,0.03346748020251855,-0.017424251107480575,-0.06594184084123064,-0.04002826382616519,流出
2021-06-30,机械设备,1592.16,23828.00081397,0.03346748020251855,0.04859190389732953,-0.0008811335025160974,0.40498910032906754,-0.017424251107480575,0.040511003919204036,0.04983240855052025,-0.06046502864033757,-0.013617262627123195,流出
2021-09-30,机械设备,1656.66,46588.64591784,0.040511003919204036,0.061586480677972864,0.012994576780643335,0.5100528495307948,0.04983240855052025,0.0652034817041518,0.009895221401082045,-0.201876063887581,-0.059700630402546494,大幅流入
2021-12-31,机械设备,1764.68,36309.77865064,0.0652034817041518,0.05993619816332724,-0.0016502825146456276,0.5331011948262163,0.009895221401082045,-0.18454904005258743,-0.07849835906176204,-0.20736904141260745,-0.05171485390391895,流出
2022-03-31,机械设备,1439.01,23599.52501244,-0.18454904005258743,0.04469927517203083,-0.015236922991296406,-0.08490401841928863,-0.07849835906176204,0.03952717493276636,0.009608637783167614,0.0700968026629418,0.06959556963462113,大幅流出
2022-06-30,机械设备,1495.89,21381.126787,0.03952717493276636,0.04207169558395079,-0.002627579588080041,-0.10268901894343707,0.009608637783167614,-0.11609810881816185,0.0007847000366360407,0.06073976027649078,0.13735586951109552,大幅流出
2022-09-30,机械设备,1322.22,37156.00073107,-0.11609810881816185,0.06666806479231399,0.0245963692083632,-0.2024666096414275,0.0007847000366360407,0.05787236617204394,0.018472061698862507,0.12562205986900812,0.10899151435181173,大幅流入
2022-12-31,机械设备,1398.74,23401.7915308,0.05787236617204394,0.050005961580892676,-0.016662103211421316,-0.35549616658465866,0.018472061698862507,0.10090510030455979,0.03938575502975079,0.03313696612665677,0.11019892984705577,大幅流出
2023-03-31,机械设备,1539.88,24116.18417047,0.10090510030455979,0.050121186846510186,0.00011522526561751067,0.021892777831657773,0.03938575502975079,0.03043743668337795,0.07356868585763363,-0.09836480764734906,0.04652170530014167,流入
2023-06-30,机械设备,1586.75,28989.48492744,0.03043743668337795,0.053624794952287856,0.0035036081057776697,0.35584458275912656,0.07356868585763363,-0.0620324562785568,-0.024173726284246883,-0.2079092484638412,-0.0366300553582593,大幅流入
2023-09-30,机械设备,1488.32,28144.80161207,-0.0620324562785568,0.06007136065335102,0.006446565701063167,-0.24252338630903292,-0.024173726284246883,-0.02904617286605038,0.01958092405971392,-0.038298215437540285,-0.037143629030879706,大幅流入
2023-12-31,机械设备,1445.09,31082.73571772,-0.02904617286605038,0.06305402194179956,0.0029826612884485335,0.32822034914766296,0.01958092405971392,-0.039222470572766954,-0.020229867301114868,0.05037748513933417,-0.008438329937593036,大幅流入
2024-03-31,机械设备,1388.41,35873.7585388,-0.039222470572766954,0.06996837567579321,0.006914353733993656,0.4875387534453739,-0.020229867301114868,-0.09475587182460521,-0.011732102424808807,0.20920333330932517,0.1145421359142097,大幅流入
2024-06-30,机械设备,1256.85,31250.16162099,-0.09475587182460521,0.06416083161912801,-0.005807544056665198,0.07798264436944713,-0.011732102424808807,0.13881529219875088,-0.02469394044083245,0.3200063651191474,0.08020257468445982,大幅流出
2024-09-30,机械设备,1431.32,26444.02044749,0.13881529219875088,0.06146315856085092,-0.002697673058277096,-0.06042967323140114,-0.02469394044083245,0.0604826314171536,0.049977332347988436,0.4561104435066932,0.22760124921548247,流出
2024-12-31,机械设备,1517.89,75359.71975189,0.0604826314171536,0.06796563869112424,0.006502480130273318,1.4244879999069093,0.049977332347988436,0.10605511598337158,0.10128812899195272,0.41692085724261957,0.1822675476213788,大幅流入
2025-03-31,机械设备,1678.87,80060.95914431,0.10605511598337158,0.09404315632606688,0.02607751763494265,1.2317415962344294,0.10128812899195272,-0.011805559691935641,-0.042181095680988115,0.27257024069761215,0.06924117882176596,大幅流入
2025-06-30,机械设备,1659.05,57618.64942754,-0.011805559691935641,0.07808425407878415,-0.015958902247282733,0.8437872458502391,-0.042181095680988115,0.25623700310418607,0.10839111583492178,0.5892890509629003,0.3957407466588798,大幅流出
2025-09-30,机械设备,2084.16,105252.09951443,0.25623700310418607,0.07672732349288722,-0.0013569305858969344,2.9801852265025106,0.10839111583492178,0.031940925840626466,0.01120304868246116,0.060220904345155785,0.07473649331163083,中性
2025-12-31,机械设备,2150.73,80624.28243669,0.031940925840626466,0.06899671459978744,-0.007730608893099775,0.06985910645810178,0.01120304868246116,-0.0066256573349513515,-0.00399649839421912,,,大幅流出
2026-03-31,机械设备,2136.48,102395.12551755,-0.0066256573349513515,0.07154780660558453,0.00255109200579709,0.27896451169143033,-0.00399649839421912,0.23413745974687328,0.25029497475148493,,,流入
2026-06-30,机械设备,2636.71,134422.60959025,0.23413745974687328,0.0784214800840818,0.006873673478497266,1.3329705039216004,0.25029497475148493,-0.16195941153938054,-0.14652604081255885,,,大幅流入
2026-09-30,机械设备,2209.67,72422.18095921,-0.16195941153938054,0.07243649716769295,-0.0059849829163888535,-0.3119169945937186,-0.14652604081255885,,,,,大幅流出
2014-03-31,汽车,2842.02,2730.0630547513,,0.030446749241922522,,,,0.07901422227852017,0.04274060113371869,0.8544908199097828,-0.07530980324116655,
2014-06-30,汽车,3066.58,4036.1421547933,0.07901422227852017,0.043851863497477356,0.013405114255554833,,0.04274060113371869,0.23606101911575772,0.009281405411664528,1.0334183357355757,-0.1739851304851079,大幅流入
2014-09-30,汽车,3790.48,7664.7708095004,0.23606101911575772,0.041455747836839925,-0.002396115660637431,,0.009281405411664528,0.03796880606150155,-0.12989458632808984,0.18070534602477786,-0.16571308415856342,流出
2014-12-31,汽车,3934.4,9247.3684616474,0.03796880606150155,0.02842893245552328,-0.013026815381316646,,-0.12989458632808984,0.33959434729564864,0.009801070127382239,0.4689965433102887,-0.01076504994634931,流出
2015-03-31,汽车,5270.5,10682.464428872,0.33959434729564864,0.026645094604440037,-0.001783837851083242,2.912900257113342,0.009801070127382239,0.18312114600132823,-0.0685320936651092,-0.06750592922872592,-0.0019073704840886663,流出
2015-06-30,汽车,6235.64,29160.017016158,0.18312114600132823,0.030665570927742514,0.004020476323302477,6.224724971970505,-0.0685320936651092,-0.28228056783265243,0.01938875680473129,-0.18358179753802334,0.11606377427203345,流入
2015-09-30,汽车,4475.44,19900.4193814567,-0.28228056783265243,0.03489964232097265,0.004234071393230138,1.596348915846296,0.01938875680473129,0.29140821908013526,0.031705842548217456,0.15784816688415013,0.08147350654326989,大幅流入
2015-12-31,汽车,5779.62,21054.6480800651,0.29140821908013526,0.03854750163758909,0.0036478593166164378,1.276825906460556,0.031705842548217456,-0.1496482467705489,0.018842900078245822,-0.09532114568085788,0.039845243951698035,流入
2016-03-31,汽车,4914.71,11341.021179406,-0.1496482467705489,0.03638705722687886,-0.002160444410710227,0.06164839161589786,0.018842900078245822,0.035847486423410624,0.04156423603848931,0.11073084678444918,0.041537545269283514,流出
2016-06-30,汽车,5090.89,13919.07819599,0.035847486423410624,0.046058094064568074,0.00967103683768921,-0.5226656353363157,0.04156423603848931,0.01787310273842091,-0.012205253170699069,0.04413766551624567,0.013520956082710957,大幅流入
2016-09-30,汽车,5181.88,12154.8639371852,0.01787310273842091,0.03939503419701246,-0.006663059867555617,-0.38921568916727667,-0.012205253170699069,0.009035330806579811,-0.008006754636092524,0.07544173157232523,0.021473964689183167,大幅流出
2016-12-31,汽车,5228.7,11401.5399078051,0.009035330806579811,0.037735195805252586,-0.0016598383917598714,-0.458478723346591,-0.008006754636092524,0.04403006483447136,0.02050102102676566,-0.005215445521831256,-0.002957068647638658,流出
2017-03-31,汽车,5458.92,12993.5178006725,0.04403006483447136,0.050388636324328266,0.01265344051907568,0.1457096847916346,0.02050102102676566,-0.026256109267034478,0.013546928889977404,-0.11998710367618501,-0.06453467740257822,大幅流入
2017-06-30,汽车,5315.59,10473.7225970311,-0.026256109267034478,0.042547884517030995,-0.00784075180729727,-0.24752756974606882,0.013546928889977404,0.048389736604967704,-0.0044541158352413845,-0.1958164568749659,-0.055794680875389725,大幅流出
2017-09-30,汽车,5572.81,11888.7521591727,0.048389736604967704,0.0378787970733401,-0.004669087443690899,-0.021893439481324717,-0.0044541158352413845,-0.06664142506204229,-0.03173268489488489,-0.30540786425519634,-0.07897576718003461,流出
2017-12-31,汽车,5201.43,10406.1255924717,-0.06664142506204229,0.03933459329269293,0.0014557962193528368,-0.08730525204336415,-0.03173268489488489,-0.07642321438527488,-0.04252536492992336,-0.3434363242416028,-0.057895369138955294,流入
2018-03-31,汽车,4803.92,8098.9112886099,-0.07642321438527488,0.029526973597918133,-0.0098076196947748,-0.37669602544503167,-0.04252536492992336,-0.11016211760395678,0.0230164371920539,-0.15015237555995936,-0.1279388710519751,大幅流出
2018-06-30,汽车,4274.71,8302.1304422363,-0.11016211760395678,0.03513142618940009,0.00560445259148196,-0.20733718452791217,0.0230164371920539,-0.09448126305644133,-0.0288956589971176,-0.12098364567420951,-0.15706793195603366,流入
2018-09-30,汽车,3870.83,5998.2368903854,-0.09448126305644133,0.031801631242401186,-0.003329794946998907,-0.4954695993256538,-0.0288956589971176,-0.11774218965958194,-0.009570987422400618,-0.06965689529119078,-0.15266225918927387,大幅流出
2018-12-31,汽车,3415.07,6413.0373001297,-0.11774218965958194,0.03576818198360912,0.0039665507412079345,-0.38372478372073415,-0.009570987422400618,0.19546597873542848,-0.11371159439565087,0.14602628935863673,-0.12724202455397382,流入
2019-03-31,汽车,4082.6,10040.422516421,0.19546597873542848,0.030046270675651937,-0.005721911307957184,0.2397249653223874,-0.11371159439565087,-0.07962082986332242,-0.011154915154275025,-0.10600352716406221,-0.023498499534809543,大幅流出
2019-06-30,汽车,3757.54,11431.7250330891,-0.07962082986332242,0.03303314528766055,0.002986874612008611,0.376962830520138,-0.011154915154275025,-0.041607008840890636,-0.023820080417260487,0.044127274759549986,-0.06718199414518476,流入
2019-09-30,汽车,3601.2,7203.4276409484,-0.041607008840890636,0.024893533278780647,-0.008139612008879901,0.20092416698226856,-0.023820080417260487,0.08679329112518053,0.020142002660210365,0.3207958458291678,0.07263679963017959,大幅流出
2019-12-31,汽车,3913.76,7214.5739788914,0.08679329112518053,0.027220456066759133,0.0023269227879784866,0.12498550082431126,0.020142002660210365,-0.06743642941825767,-0.008359725987894022,0.4584951555537382,0.19104948751879824,流入
2020-03-31,汽车,3649.83,15357.1344805609,-0.06743642941825767,0.031850054435952506,0.0046295983691933724,0.5295307000720813,-0.008359725987894022,0.07494047667973569,-0.055390596219563965,0.4310830915412497,0.11390987118036211,流入
2020-06-30,汽车,3923.35,11221.7286552729,0.07494047667973569,0.030060381111208345,-0.0017896733247441607,-0.018369614140330226,-0.055390596219563965,0.21234404271859497,0.12249817031023888,0.5841691411676245,0.34318487018130855,流出
2020-09-30,汽车,4756.45,20741.1576648289,0.21234404271859497,0.03158461145077888,0.0015242303395705328,1.879345597493658,0.12249817031023888,0.20009671078220093,0.132759578902907,0.2775536376919762,0.1810671813862228,流入
2020-12-31,汽车,5708.2,26154.61333775,0.20009671078220093,0.05736619969110117,0.02578158824032229,2.625247092104661,0.132759578902907,-0.08496373637924381,-0.07258438758645604,0.1719666444763675,0.09019383376813152,大幅流入
2021-03-31,汽车,5223.21,22351.28590992,-0.08496373637924381,0.0428779955525381,-0.014488204138563068,0.45543336474733054,-0.07258438758645604,0.1899291814803541,0.13903745017035496,0.024394960187317835,0.06486354069645733,大幅流出
2021-06-30,汽车,6215.25,24858.22470347,0.1899291814803541,0.050692816207268995,0.007814820654730895,1.2151867566134333,0.13903745017035496,-0.022304814770121917,-0.012983410138805704,0.041431961707091416,0.10297228787121115,大幅流入
2021-09-30,汽车,6076.62,32078.88914001,-0.022304814770121917,0.04240573743388282,-0.008287078773386178,0.5466296365128482,-0.012983410138805704,0.10091136190842942,0.045603101605359665,-0.11693671810973869,0.05702712467561455,大幅流出
2021-12-31,汽车,6689.82,29576.42137584,0.10091136190842942,0.0488215108552629,0.006415773421380083,0.1308299990484343,0.045603101605359665,-0.20018326352577498,-0.09413258253494959,-0.20133725571091604,-0.03326254552326416,大幅流入
2022-03-31,汽车,5350.63,18556.45978398,-0.20018326352577498,0.03514733036642106,-0.013674180488841843,-0.16978110974168914,-0.09413258253494959,0.20971922932439724,0.1798006921747985,0.037816107635923316,0.04349962930970264,大幅流出
2022-06-30,汽车,6472.76,29625.346312089998,0.20971922932439724,0.05829386655006366,0.023146536183642603,0.19177240794490635,0.1798006921747985,-0.17098115796043734,-0.054098349105639446,-0.12596172266544722,-0.060740675165786316,大幅流入
2022-09-30,汽车,5366.04,35506.20306012,-0.17098115796043734,0.06370787489412803,0.005414008344064372,0.10684016847189781,-0.054098349105639446,-0.004310441219223082,-0.04371074569240452,0.03899337313922379,0.016150171824129814,流入
2022-12-31,汽车,5342.91,20336.28631522,-0.004310441219223082,0.04345545728148619,-0.020252417612641842,-0.3124155875114749,-0.04371074569240452,0.0393156538290933,-0.022203691445715705,0.032858498458705275,0.10344063058910892,大幅流出
2023-03-31,汽车,5552.97,20591.43038478,0.0393156538290933,0.04279561486415501,-0.0006598424173311843,0.10966373028527854,-0.022203691445715705,0.018813355735759263,0.06194460491001494,-0.00044300617507383213,0.15648255140145495,中性
2023-06-30,汽车,5657.44,18350.39581617,0.018813355735759263,0.03394459113014449,-0.008851023734010519,-0.3805845972952806,0.06194460491001494,-0.014522469526853099,0.02333626046745682,-0.05657859385163587,0.1376157501120808,大幅流出
2023-09-30,汽车,5575.28,29474.97260732,-0.014522469526853099,0.06291043490541547,0.028965843775270977,-0.16986413451722138,0.02333626046745682,-0.0101896227633409,0.0384374741624234,0.10839455596848963,0.1053320973508175,大幅流入
2023-12-31,汽车,5518.47,36719.48456979,-0.0101896227633409,0.07448865527094418,0.011578220365528719,0.8056140634835847,0.0384374741624234,0.005805957085931457,0.024798560357583543,0.16340579907111952,0.09468082386525283,大幅流入
2024-03-31,汽车,5550.51,27491.65101078,0.005805957085931457,0.05361986711789913,-0.020868788153045055,0.3351015688108896,0.024798560357583543,-0.0384036782205599,0.0446200911792365,0.2886059118891778,0.1849220333656317,大幅流出
2024-06-30,汽车,5337.35,27284.70844774,-0.0384036782205599,0.05601921697955643,0.002399349861657303,0.4868730201283866,0.0446200911792365,0.1578049031822908,-0.005704329457292545,0.3100190169278762,0.07441741207409573,流入
2024-09-30,汽车,6179.61,26850.17287241,0.1578049031822908,0.06240716822618536,0.0063879512466289284,-0.08905181252850902,-0.005704329457292545,0.038936114091342455,0.028430815022177293,0.3341893744103594,0.11442625581902464,大幅流入
2024-12-31,汽车,6420.22,53777.87033973,0.038936114091342455,0.04850133887336474,-0.013905829352820621,0.4645595102926454,0.028430815022177293,0.11404593612056901,0.10927894912915015,0.242465211472504,0.02593975688807917,大幅流出
2025-03-31,汽车,7152.42,49873.16656891,0.11404593612056901,0.058583235202838736,0.010081896329473997,0.8141204596753313,0.10927894912915015,-0.022424577975007076,-0.05280011396405955,0.04428990467562035,-0.13156211185219993,大幅流入
2025-06-30,汽车,6992.03,44748.76983794,-0.022424577975007076,0.06064311379135917,0.002059878588520435,0.6400677296460742,-0.05280011396405955,0.17916685140080935,0.03132096413154506,-0.06247827884033665,-0.18053483100784665,中性
2025-09-30,汽车,8244.77,69188.18613958,0.17916685140080935,0.05043722989193048,-0.01020588389942869,1.5768246062458164,0.03132096413154506,-0.03248968740183178,-0.05322756455999708,-0.22030572108136437,-0.2085262509107634,大幅流出
2025-12-31,汽车,7976.9,51961.00854162,-0.03248968740183178,0.0444672345391538,-0.005969995352776682,-0.03378456206302638,-0.05322756455999708,-0.06364627862954275,-0.06101711968881052,,,大幅流出
2026-03-31,汽车,7469.2,52684.6207059,-0.06364627862954275,0.03681297360886813,-0.007654260930285671,0.056372080026348526,-0.06101711968881052,-0.12237187382852244,-0.10621435882391075,,,大幅流出
2026-06-30,汽车,6555.18,51470.62972563,-0.12237187382852244,0.030027708703524617,-0.006785264905343511,0.15021328881293416,-0.10621435882391075,-0.019340430011075327,-0.003907059284253644,,,大幅流出
2026-09-30,汽车,6428.4,25304.18609145,-0.019340430011075327,0.02530918815019469,-0.004718520553329927,-0.6342701333374829,-0.003907059284253644,,,,,大幅流出
2014-03-31,煤炭,832.12,137.61616784,,0.0015347502492906687,,,,0.1853458635773686,0.14907224243256711,0.966795654472912,-0.03098108996711897,
2014-06-30,煤炭,986.35,243.16272856,0.1853458635773686,0.002641913582707629,0.0011071633334169605,,0.14907224243256711,0.21629239113904797,-0.010487222565045223,1.5110559132153902,0.06400415886674088,中性
2014-09-30,煤炭,1199.69,752.89637943,0.21629239113904797,0.004072122080184452,0.0014302084974768228,,-0.010487222565045223,0.07318557293967598,-0.0946778194499154,0.45396727487934374,0.08166216593660816,中性
2014-12-31,煤炭,1287.49,868.53884151,0.07318557293967598,0.002670125253761919,-0.0014019968264225332,,-0.0946778194499154,0.2711632711710381,-0.058630005997228285,0.5426993607717344,0.05018555343183552,流入
2015-03-31,煤炭,1636.61,898.27972802,0.2711632711710381,0.0022405642905446044,-0.00042956096321731434,5.527428732533728,-0.058630005997228285,0.5133599330323049,0.26170669336586744,0.04406669884700708,0.14770832888851534,中性
2015-06-30,煤炭,2476.78,2887.8484782,0.5133599330323049,0.003036950296968083,0.0007963860064234786,10.876197044266297,0.26170669336586744,-0.29573478468010894,0.005934539957274776,-0.37592357819426836,-0.17194178616725794,流出
2015-09-30,煤炭,1744.31,3240.74963824,-0.29573478468010894,0.005683347725414547,0.002646397428446464,3.3043767067833354,0.005934539957274776,0.13867947784510792,-0.12102289868680988,-0.13939036065836916,-0.2253013865981328,流入
2015-12-31,煤炭,1986.21,1740.43587737,0.13867947784510792,0.0031864438948547577,-0.0024969038305597893,1.0038664872421386,-0.12102289868680988,-0.139703253935888,0.028787892912906704,-0.2698959324542723,-0.1636170878806942,流出
2016-03-31,煤炭,1708.73,848.06309518,-0.139703253935888,0.002720964883863741,-0.00046547901099101667,-0.05590311266479109,0.028787892912906704,-0.09541004137575859,-0.0896932917606799,-0.11559462290707131,-0.1719125312537856,中性
2016-06-30,煤炭,1545.7,435.6065487,-0.09541004137575859,0.0014414178232683929,-0.0012795470605953482,-0.8491587934795269,-0.0896932917606799,-0.028808953872032084,-0.05888730978115206,,,中性
2016-09-30,煤炭,1501.17,488.27538815,-0.028808953872032084,0.001582545531824631,0.0001411277085562382,-0.8493325796018063,-0.05888730978115206,-0.033993485081636354,-0.05103557052430869,,,中性
2016-12-31,煤炭,1450.14,271.39724814,-0.033993485081636354,0.0008982320267597214,-0.0006843135050649097,-0.8440636327549668,-0.05103557052430869,0.04211317527962821,0.018584131471922512,,,中性
2017-03-31,煤炭,1511.21,89.53603686,0.04211317527962821,0.00034721919563820394,-0.0005510128311215174,-0.8944229063039276,0.018584131471922512,,,,,中性
2017-06-30,煤炭,,0.0,,0.0,-0.00034721919563820394,-1.0,,,,,,流入
2017-09-30,煤炭,,0.0,,0.0,0.0,-1.0,,,,,,流入
2017-12-31,煤炭,,0.0,,0.0,0.0,-1.0,,,,,,中性
2018-03-31,煤炭,,0.0,,0.0,0.0,-1.0,,,,,,中性
2018-06-30,煤炭,,0.0,,0.0,0.0,,,,,,,中性
2018-09-30,煤炭,,0.0,,0.0,0.0,,,,,,,中性
2018-12-31,煤炭,,0.0,,0.0,0.0,,,,,,,中性
2019-03-31,煤炭,,0.0,,0.0,0.0,,,,,,,流入
2019-06-30,煤炭,,0.0,,0.0,0.0,,,,,,,流入
2019-09-30,煤炭,,0.0,,0.0,0.0,,,,,,,流入
2019-12-31,煤炭,,0.0,,0.0,0.0,,,,,,,中性
2020-03-31,煤炭,,0.0,,0.0,0.0,,,,,,,中性
2020-06-30,煤炭,,0.0,,0.0,0.0,,,,,,,中性
2020-09-30,煤炭,,0.0,,0.0,0.0,,,,,,,中性
2020-12-31,煤炭,,0.0,,0.0,0.0,,,,,,,中性
2021-03-31,煤炭,,0.0,,0.0,0.0,,,,,,,中性
2021-06-30,煤炭,,0.0,,0.0,0.0,,,,,,,中性
2021-09-30,煤炭,,0.0,,0.0,0.0,,,,,,,流入
2021-12-31,煤炭,2408.54,2883.7722544900003,,0.004760214788584812,0.004760214788584812,inf,,0.2021182957310237,0.30816897672184906,0.10946465493618557,0.24849174101294458,大幅流入
2022-03-31,煤炭,2895.35,8827.36045544,0.2021182957310237,0.016719684562821628,0.011959469774236817,inf,0.30816897672184906,0.09294213134854168,0.06302359419894293,-0.04547291346469309,-0.07165229080852638,大幅流入
2022-06-30,煤炭,3164.45,11299.35192588,0.09294213134854168,0.022233762479281043,0.0055140779164594145,inf,0.06302359419894293,0.009748929513817783,0.1266317383686157,-0.19825246093317933,-0.16062862283346044,流入
2022-09-30,煤炭,3195.3,10304.12841709,0.009748929513817783,0.018488434907485727,-0.0037453275717953156,inf,0.1266317383686157,-0.16371232748098774,-0.20311263195416918,-0.1642318405157575,-0.1875817116095466,流出
2022-12-31,煤炭,2672.19,6261.20317035,-0.16371232748098774,0.013379210082040335,-0.005109224825445392,1.1711850374457895,-0.20311263195416918,0.03424157713336262,-0.027277768141446383,0.04118344878171083,0.11171019907674004,流出
2023-03-31,煤炭,2763.69,5188.42915975,0.03424157713336262,0.010783224473552504,-0.0025959856084878316,-0.41223322804808005,-0.027277768141446383,-0.08199182976383024,-0.03886058058957456,0.11206032514500527,0.28419022381450004,流出
2023-06-30,煤炭,2537.09,4409.31953657,-0.08199182976383024,0.008156366234843742,-0.002626858238708762,-0.6097723510610455,-0.03886058058957456,0.052595690338143264,0.09045442033245318,0.22778852937814592,0.46513510544353404,流出
2023-09-30,煤炭,2670.53,4366.52785179,0.052595690338143264,0.009319776810055375,0.0011634105752116337,-0.576235109361811,0.09045442033245318,0.04183064784892876,0.09045774477469307,0.180926632541106,0.1405976119956559,中性
2023-12-31,煤炭,2782.24,4439.23157811,0.04183064784892876,0.00900536580412072,-0.0003144110059346561,-0.2909938461776752,0.09045774477469307,0.10464589683133019,0.12363850010298227,0.044090373224452355,-0.04752338839794876,流入
2024-03-31,煤炭,3073.39,6662.37376231,0.10464589683133019,0.012994330376329926,0.0039889645722092065,0.2840830157216643,0.12363850010298227,0.013542049658520572,0.09656581905831697,-0.1548778384780323,-0.24610544055618155,流入
2024-06-30,煤炭,3115.01,5774.19936456,0.013542049658520572,0.011855216547615201,-0.0011391138287147242,0.30954432235404195,0.09656581905831697,0.012420505873175225,-0.1510887267664081,-0.18201867730761695,-0.346446047265944,流出
2024-09-30,煤炭,3153.7,3983.37687326,0.012420505873175225,0.009258460711561153,-0.002596755836054048,-0.08774728835702539,-0.1510887267664081,-0.07888828994514374,-0.08939358901430891,-0.15162824618701823,-0.30542892645985453,流出
2024-12-31,煤炭,2904.91,7671.6103237,-0.07888828994514374,0.006918893769195792,-0.0023395669423653615,0.7281392485872935,-0.08939358901430891,-0.10586214374972025,-0.11062913074113911,-0.05270387034365944,-0.23130908923952861,流出
2025-03-31,煤炭,2597.39,4778.84861752,-0.10586214374972025,0.005613447707839289,-0.0013054460613565032,-0.282710819294674,-0.11062913074113911,-0.019007542186579518,-0.04938307817563199,0.23775405310715755,0.012041145762194306,中性
2025-06-30,煤炭,2548.02,4020.66064376,-0.019007542186579518,0.005448761649068865,-0.00016468605877042325,-0.30368517089357916,-0.04938307817563199,0.05003492908218932,-0.09781095818707497,0.09538386668864444,-0.05854671814717841,流出
2025-09-30,煤炭,2675.51,6933.97070961,0.05003492908218932,0.00505476865716594,-0.0003939929919029254,0.7407267577810759,-0.09781095818707497,0.02851792742318282,0.007780050265017515,0.2730320574395163,0.28954353638026786,流入
2025-12-31,煤炭,2751.81,8271.56766823,0.02851792742318282,0.007078648968390434,0.0020238803112244937,0.07820487736147719,0.007780050265017515,0.1682965030289154,0.17092566196964765,,,流入
2026-03-31,煤炭,3214.93,11490.09424613,0.1682965030289154,0.008028615003368952,0.0009499660349785184,1.4043645584431226,0.17092566196964765,-0.13184423922138266,-0.11568672421677098,,,流入
2026-06-30,煤炭,2791.06,9999.15444768,-0.13184423922138266,0.0058334568400855635,-0.0021951581632833886,1.4869431503000698,-0.11568672421677098,0.22032847735269057,0.23576184807951225,,,中性
2026-09-30,煤炭,3406.01,4914.1598435,0.22032847735269057,0.004915131260487258,-0.0009183255795983053,-0.2912920966497138,0.23576184807951225,,,,,中性
2021-12-31,环保,2293.17,1651.71639312,,0.0027264721715925828,,,,-0.12781869638971388,-0.021768015398888493,-0.22838690546274384,-0.08887811398695208,
2022-03-31,环保,2000.06,5221.41861332,-0.12781869638971388,0.009889759529572129,0.007163287357979546,,-0.021768015398888493,-0.04175374738757842,-0.07167228453717717,-0.08160755177344706,-0.0904244021251126,流入
2022-06-30,环保,1916.55,4272.04027344,-0.04175374738757842,0.00840610411682442,-0.0014836554127477097,,-0.07167228453717717,-0.1013174714982652,0.01556533735653269,-0.0656231248858628,-0.002509034745941909,流出
2022-09-30,环保,1722.37,5509.43780065,-0.1013174714982652,0.00988544377855546,0.0014793396617310411,,0.01556533735653269,0.027328622769788202,-0.012071681703393233,0.005219552128752701,-0.013202942200450393,流入
2022-12-31,环保,1769.44,3858.29049265,0.027328622769788202,0.008244562211805317,-0.0016408815667501436,1.335927952717055,-0.012071681703393233,0.03809114748168896,-0.023428197793120047,-0.07037819875214762,-0.002448338095289137,流出
2023-03-31,环保,1836.84,3878.6247548300003,0.03809114748168896,0.008061029666640896,-0.0001835325451644207,-0.2571703128847955,-0.023428197793120047,-0.02507567343916728,0.018055575735088397,-0.16333485769038125,-0.026239703461046364,流入
2023-06-30,环保,1790.78,3651.61827842,-0.02507567343916728,0.0067547692521762615,-0.0013062604144646345,-0.14522849863501275,0.018055575735088397,-0.03318107193513442,0.004677658059175499,-0.2225008097030344,-0.054026344307023966,中性
2023-09-30,环保,1731.36,5440.2580755300005,-0.03318107193513442,0.011611512115342717,0.004856742863166456,-0.01255658519492453,0.004677658059175499,-0.04993184548562968,-0.0013047485598653777,-0.07110595139081415,-0.06636910567398797,流入
2023-12-31,环保,1644.91,3807.3046012199998,-0.04993184548562968,0.007723447190897704,-0.003888064924445013,-0.013214632627358669,-0.0013047485598653777,-0.06571180186150005,-0.046719198589847966,0.01856636533305774,-0.03590793439249041,流出
2024-03-31,环保,1536.82,5328.39615623,-0.06571180186150005,0.010392533127113595,0.0026690859362158903,0.3737849090955805,-0.046719198589847966,-0.09401881807889023,-0.01099504867909383,0.12449733866035055,0.03833102411632447,流入
2024-06-30,环保,1392.33,4436.53748044,-0.09401881807889023,0.009108814786521528,-0.0012837183405920664,0.21495105516878454,-0.01099504867909383,0.15507817830543047,-0.008431054334152865,0.29888747638849983,0.06678550473999799,流出
2024-09-30,环保,1608.25,4100.63603172,0.15507817830543047,0.009531003166421605,0.0004221883799000771,-0.24624237034554508,-0.008431054334152865,0.04178454842219814,0.03127924935303298,0.21210010881392818,0.0006040439376420658,流入
2024-12-31,环保,1675.45,10861.11297632,0.04178454842219814,0.009795451505955642,0.00026444833953403676,1.852703976676755,0.03127924935303298,0.03145423617535581,0.026687249183936952,0.16893968784505642,-0.04531658971260357,中性
2025-03-31,环保,1728.15,6953.00660642,0.03145423617535581,0.008167310187292501,-0.0016281413186631406,0.3048967086072407,0.026687249183936952,0.046483233515609124,0.016107697526556653,0.1885137285536554,-0.022378633570772986,流出
2025-06-30,环保,1808.48,7799.23591638,0.046483233515609124,0.010569451470410763,0.0024021412831182615,0.7579556018101079,0.016107697526556653,0.07789967265327791,-0.06994621461598638,0.0965230469786781,-0.0555377518676047,中性
2025-09-30,环保,1949.36,12257.58461064,0.07789967265327791,0.008935609493785638,-0.001633841976625125,1.9891910708053242,-0.06994621461598638,0.004688718348586196,-0.01604915880957911,-0.015748758566914375,-0.0018037203447240568,中性
2025-12-31,环保,1958.5,12094.16288285,0.004688718348586196,0.010349952638730142,0.0014143431449445045,0.11352887215319107,-0.01604915880957911,0.04872606586673456,0.05135522480746679,,,中性
2026-03-31,环保,2053.93,12476.8393878,0.04872606586673456,0.008718095583702875,-0.001631857055027268,0.7944523993806674,0.05135522480746679,-0.03451432132545895,-0.018356806320847272,,,中性
2026-06-30,环保,1983.04,14943.36349381,-0.03451432132545895,0.008717883741367383,-2.1184233549124964e-07,0.9160035231689636,-0.018356806320847272,-0.032465305793125676,-0.017031935066303995,,,大幅流入
2026-09-30,环保,1918.66,6951.3153337,-0.032465305793125676,0.006952689449726746,-0.0017651942916406373,-0.43289681005619796,-0.017031935066303995,,,,,流出
2014-03-31,电力设备,3491.9,3098.262820652,,0.03455305950600337,,,,0.016340674131561705,-0.019932947013239777,0.8061456513645867,-0.08844043934409349,
2014-06-30,电力设备,3548.96,4143.6977944349,0.016340674131561705,0.0450204336436864,0.010467374137683033,,-0.019932947013239777,0.26132726207114176,0.03454764836704857,1.2188838420269597,-0.07274659063090819,流入
2014-09-30,电力设备,4476.4,8929.0361308999,0.26132726207114176,0.04829366454242962,0.0032732308987432207,,0.03454764836704857,-0.011719238673934429,-0.17958263106352582,0.21849030470914133,-0.10880070531438212,流入
2014-12-31,电力设备,4423.94,11355.1303934514,-0.011719238673934429,0.03490876743128938,-0.013384897111140243,,-0.17958263106352582,0.42562512149803133,0.09583184432976494,0.6046600993684363,0.13166994775278618,大幅流出
2015-03-31,电力设备,6306.88,15956.6975249049,0.42562512149803133,0.039800527112115104,0.004891759680825725,4.150207857946333,0.09583184432976494,0.24859359937084569,-0.003059640295591748,-0.09120991678928407,0.007801178492306213,大幅流入
2015-06-30,电力设备,7874.73,45149.5660176869,0.24859359937084569,0.04748067253544393,0.007680145423328823,9.895960144179435,-0.003059640295591748,-0.30734768049190253,-0.005678355854518813,-0.24353215919783922,0.05641841744806803,大幅流入
2015-09-30,电力设备,5454.45,24268.0494584195,-0.30734768049190253,0.04255921594877055,-0.004921456586673374,1.717880082760252,-0.005678355854518813,0.3014914427669151,0.041789066234997285,0.0703168972123678,0.009272257235296108,大幅流出
2015-12-31,电力设备,7098.92,29150.7426374718,0.3014914427669151,0.05337008223940868,0.010810866290638127,1.5671869566802403,0.041789066234997285,-0.19260535405385604,-0.024114207205061328,-0.17183036292844553,-0.04089895447875832,大幅流入
2016-03-31,电力设备,5731.63,15058.5624542956,-0.19260535405385604,0.04831458870511361,-0.005055493534295068,-0.0562857739959981,-0.024114207205061328,0.039316913338788284,0.045033662953866974,0.032971423486861245,-0.03338637343455426,大幅流出
2016-06-30,电力设备,5956.98,18116.2303216984,0.039316913338788284,0.05994642953385738,0.011631840828743766,-0.5987507318541767,0.045033662953866974,-0.019974886603614572,-0.05005324251273455,-0.10090683534274082,-0.12645057964396803,大幅流入
2016-09-30,电力设备,5837.99,14619.2678870793,-0.019974886603614572,0.04738239451491113,-0.012564035018946249,-0.3975919691391874,-0.05005324251273455,0.007043520115656232,-0.009998565327016103,-0.01585648485180694,-0.06213473243799206,大幅流出
2016-12-31,电力设备,5879.11,13156.5011166065,0.007043520115656232,0.0435435169075108,-0.003838877607400329,-0.5486735524982995,-0.009998565327016103,0.007058891566920744,-0.016470152240784956,-0.0845893340998893,-0.07954808589902565,流出
2017-03-31,电力设备,5920.61,12229.3385265159,0.007058891566920744,0.04742516237348847,0.003881645465977669,-0.18788140875775539,-0.016470152240784956,-0.09538375268764532,-0.055580714530633436,-0.13434426520240308,-0.0770300036570799,大幅流入
2017-06-30,电力设备,5355.88,10369.0873519318,-0.09538375268764532,0.042122819953438466,-0.005302342420050003,-0.42763548664357587,-0.055580714530633436,0.07273127852005645,0.019887426079847365,-0.24517166179974162,-0.09896023919884245,流出
2017-09-30,电力设备,5745.42,11768.1717848722,0.07273127852005645,0.03749461549835184,-0.004628204455086625,-0.19502317928840585,0.019887426079847365,-0.06328867167239294,-0.028379931505235538,-0.3500457755916887,-0.12600621963680628,流出
2017-12-31,电力设备,5381.8,10381.9055213887,-0.06328867167239294,0.03924304273075669,0.0017484272324048492,-0.21089160184964584,-0.028379931505235538,-0.047677357018098054,-0.013779507562746526,-0.3494574305994277,-0.05934228853506973,流入
2018-03-31,电力设备,5125.21,8689.7045433605,-0.047677357018098054,0.031680884934048255,-0.007562157796708435,-0.2894378935934019,-0.013779507562746526,-0.21119915086406216,-0.07802059606805148,-0.10370111663717199,-0.0434283704814408,大幅流出
2018-06-30,电力设备,4042.77,8849.0486266942,-0.21119915086406216,0.037445773809280165,0.0057648888752319105,-0.1465932992602681,-0.07802059606805148,-0.0763115388706258,-0.010725934811302074,0.0017586951520862076,-0.014275318150923639,流入
2018-09-30,电力设备,3734.26,7602.6335665693,-0.0763115388706258,0.04030786939120098,0.002862095581920812,-0.3539664694271063,-0.010725934811302074,-0.06244075131351323,0.04573045092366809,0.09145319286819863,0.02050509029495412,流入
2018-12-31,电力设备,3501.09,7600.2980412361,-0.06244075131351323,0.04239002998830255,0.002082160597101569,-0.26792841395271416,0.04573045092366809,0.3120828084967824,0.0029052353657030294,0.2437355223658917,-0.022445081917748785,流入
2019-03-31,电力设备,4593.72,15999.4989924986,0.3120828084967824,0.047878988819166975,0.005488958830864428,0.8412017247149397,0.0029052353657030294,-0.11838771191975139,-0.049921797210704,-0.0663841069982497,0.017608797405010576,大幅流入
2019-06-30,电力设备,4049.88,13389.2780809172,-0.11838771191975139,0.03868969616253185,-0.009189292656635123,0.5130754328241411,-0.049921797210704,0.006392782008355802,0.02417971043198595,0.28059349906663916,0.15562109479345523,大幅流出
2019-09-30,电力设备,4075.77,9862.3427878613,0.006392782008355802,0.03408218568071075,-0.004607510481821099,0.29722716496932233,0.02417971043198595,0.06836990311033264,0.001718614645362479,0.6034786064964412,0.3204895155478025,流出
2019-12-31,电力设备,4354.43,9110.4334183429,0.06836990311033264,0.03437349916137995,0.00029131348066920026,0.19869423132006458,0.001718614645362479,-0.0150788966638572,0.04399780676650645,0.947132001203372,0.6214195366476971,中性
2020-03-31,电力设备,4288.77,22475.2016418656,-0.0150788966638572,0.04661262793905568,0.012239128777675724,0.40474408932449357,0.04399780676650645,0.20926279562671812,0.07893172272741847,0.8730078787158085,0.49066251430892854,大幅流入
2020-06-30,电力设备,5186.25,17464.016039975,0.20926279562671812,0.04678200605458653,0.00016937811553085352,0.3043284286450991,0.07893172272741847,0.2601417208966015,0.1702958484882454,1.0243335743552662,0.7353996958657342,中性
2020-09-30,电力设备,6535.41,32352.2709740413,0.2601417208966015,0.049266001675410113,0.0024839956208235828,2.2803839483110337,0.1702958484882454,0.2973401821767876,0.23000305029749366,0.817677850356749,0.6916915712016375,流入
2020-12-31,电力设备,8478.65,34170.60988392,0.2973401821767876,0.07494807913441336,0.025682077459003243,2.750711773505865,0.23000305029749366,-0.052573228049276666,-0.04019387925648888,0.4786398778107365,0.37542253786161967,大幅流入
2021-03-31,电力设备,8032.9,40407.29357838,-0.052573228049276666,0.07751606602530728,0.0025679868908939224,0.7978612259972548,-0.04019387925648888,0.3069626162407102,0.25607088493071106,0.31892716204608546,0.36300781151153755,流入
2021-06-30,电力设备,10498.7,32571.81918531,0.3069626162407102,0.0664229752202228,-0.011093090805084485,0.8650818408980705,0.25607088493071106,0.13149913798851287,0.14082054261982907,0.129989427262423,0.1826032832827174,大幅流出
2021-09-30,电力设备,11879.27,75214.32701202,0.13149913798851287,0.09942735200764267,0.03300437678741988,1.3248546314529266,0.14082054261982907,0.055356936916157284,4.867661308752963e-05,-0.18123167501033302,-0.02894651744746756,大幅流入
2021-12-31,电力设备,12536.87,66465.42949732,0.055356936916157284,0.10971383746763243,0.010286485459989753,0.9451051568323718,4.867661308752963e-05,-0.15490788370622022,-0.04885720271539483,-0.25433940050427256,-0.10500032543260844,大幅流入
2022-03-31,电力设备,10594.81,48453.19320058,-0.15490788370622022,0.09177399183647256,-0.01793984563115987,0.19911998329195146,-0.04885720271539483,0.11973881551438881,0.08982027836479006,-0.12083369121296171,-0.1203021897822093,大幅流出
2022-06-30,电力设备,11863.42,49179.5436511,0.11973881551438881,0.09677070858139797,0.004996716744925411,0.5098801627045793,0.08982027836479006,-0.1801377680297923,-0.06325495917499442,-0.23955992454115252,-0.18339608398197083,流入
2022-09-30,电力设备,9726.37,76456.58325929,-0.1801377680297923,0.137184098025571,0.040413389444173026,0.016516218340575817,-0.06325495917499442,-0.03887575734832227,-0.0782760618215037,-0.21789321195882952,-0.231921216757256,大幅流入
2022-12-31,电力设备,9348.25,46195.64586395,-0.03887575734832227,0.09871285663052126,-0.03847124139504973,-0.30496731589144876,-0.0782760618215037,-0.00359960420399541,-0.06511894947880442,-0.26187147327039817,-0.20360303846489794,大幅流出
2023-03-31,电力设备,9314.6,42735.73510872,-0.00359960420399541,0.08881860203364735,-0.009894254596873917,-0.11799961394064651,-0.06511894947880442,-0.03147531831748007,0.011655930856775604,-0.29133403474115904,-0.16889751320022164,大幅流出
2023-06-30,电力设备,9021.42,40745.82829378,-0.03147531831748007,0.07537169745802838,-0.013446904575618965,-0.1714882801099632,0.011655930856775604,-0.15677797951985384,-0.11891924952554392,-0.35411941800736463,-0.20661829328356363,大幅流出
2023-09-30,电力设备,7607.06,33309.43400388,-0.15677797951985384,0.07109458616144439,-0.004277111296583994,-0.5643353052945552,-0.11891924952554392,-0.09292026091551797,-0.04429316398975367,-0.05816044569123945,-0.040016295401406866,大幅流出
2023-12-31,电力设备,6900.21,33067.12540238,-0.09292026091551797,0.06707952831466044,-0.004015057846783951,-0.28419389351616775,-0.04429316398975367,-0.04337114377678364,-0.024378540505131552,0.030800511868479312,-0.013352161181741873,大幅流出
2024-03-31,电力设备,6600.94,41785.14176613,-0.04337114377678364,0.08149796998819459,0.01441844167353415,-0.02224352383717476,-0.024378540505131552,-0.11728329601541587,-0.03425952661561947,0.0700339648595502,-0.0005583788064369867,大幅流入
2024-06-30,电力设备,5826.76,39488.32991098,-0.11728329601541587,0.08107491145380834,-0.0004230585343862475,-0.030862015461640913,-0.03425952661561947,0.2296078781346751,0.06609864549509176,0.21255895214493123,0.0037629791791424314,中性
2024-09-30,电力设备,7164.63,32688.04452568,0.2296078781346751,0.07597598359581985,-0.005098927857988489,-0.018655059648495342,0.06609864549509176,-0.0072425233403540235,-0.017747822409519186,0.42662217030049,0.222891046449269,大幅流出
2024-12-31,电力设备,7112.74,79676.25512348,-0.0072425233403540235,0.0718586479065093,-0.004117335689310553,1.4095307394862124,-0.017747822409519186,-0.006960749303362768,-0.011727736294781625,0.4183324569715751,0.20296973580056102,流出
2025-03-31,电力设备,7063.23,65594.16845997,-0.006960749303362768,0.07704982184188255,0.005191173935373258,0.56979647998081,-0.011727736294781625,0.0002916512700281704,-0.0300838847190243,0.5251251905997686,0.3029866531006552,大幅流入
2025-06-30,电力设备,7065.29,51907.40413431,0.0002916512700281704,0.07034442794586414,-0.006705393896018416,0.31449985986560547,-0.0300838847190243,0.4466808864179672,0.29883499914870293,0.5317686889002436,0.37135282808663905,大幅流出
2025-09-30,电力设备,10221.22,126219.93413566,0.4466808864179672,0.09201258466440342,0.021668156718539278,2.861348574598905,0.29883499914870293,-0.013011166964413179,-0.03374904412257848,-0.09523129332897613,-0.08148514490305114,大幅流入
2025-12-31,电力设备,10088.23,136279.40172566,-0.013011166964413179,0.11662529826642104,0.024612713602017625,0.7104142446762594,-0.03374904412257848,0.06780971488556475,0.07043887382629699,,,大幅流入
2026-03-31,电力设备,10772.31,163992.91514651,0.06780971488556475,0.11458878846315296,-0.002036509803268083,1.5001142479089369,0.07043887382629699,0.004648956444810892,0.020806471449422572,,,流出
2026-06-30,电力设备,10822.39,172815.54728584,0.004648956444810892,0.10081972847430266,-0.013769059988850293,2.3293043674209004,0.020806471449422572,-0.145490044250854,-0.1300566735240323,,,大幅流出
2026-09-30,电力设备,9247.84,72292.67903683,-0.145490044250854,0.07230696964574532,-0.028512758828557347,-0.42724832228853404,-0.1300566735240323,,,,,大幅流出
1999-12-31,电子,1000.0,1.8661368622999999,,0.06547228751017431,,,,0.44855,0.07835999999999999,0.7014899999999998,0.08211316778635995,
2000-03-31,电子,1448.55,923.2011086155,0.44855,0.07514516690649438,0.00967287939632007,,0.07835999999999999,0.05397811604708158,-0.02603933272839118,0.09127748438093256,-0.06951521039730338,流入
2000-06-30,电子,1526.74,613.8909843972,0.05397811604708158,0.05599186321983632,-0.01915330368665806,,-0.02603933272839118,0.011888075245293894,0.013040546410632584,0.010623943828025655,-0.09886345060014234,大幅流出
2000-09-30,电子,1544.89,497.22878665220003,0.011888075245293894,0.051193053195985896,-0.004798810023850422,,0.013040546410632584,0.10136644032908482,0.017046161644645536,-0.2433894969868405,-0.14037113678115204,流出
2000-12-31,电子,1701.49,408.9486717749,0.10136644032908482,0.054215367119455515,0.003022313923469619,218.1418432573449,0.017046161644645536,-0.07094957948621505,-0.0727424750143478,-0.34908227494725214,-0.13806529423419597,中性
2001-03-31,电子,1580.77,263.9549762406,-0.07094957948621505,0.04520011087872489,-0.009015256240730622,-0.7140872408218333,-0.0727424750143478,-0.023918723153905974,-0.05675883715297123,-0.35242318616876583,-0.12308591175402188,大幅流出
2001-06-30,电子,1542.96,413.0018101497,-0.023918723153905974,0.048470049274648805,0.0032699383959239117,-0.32723916681193765,-0.05675883715297123,-0.2424430963861668,-0.03362160386731927,-0.27624176906724734,-0.0533502073501572,中性
2001-09-30,电子,1168.88,195.6301975956,-0.2424430963861668,0.04683696363886108,-0.0016330856357877274,-0.6065589868342864,-0.03362160386731927,-0.052486140579015905,0.019774255607146116,-0.14864656765450696,-0.04109368462863279,中性
2001-12-31,电子,1107.53,215.6823755174,-0.052486140579015905,0.05729377636478525,0.01045681272592417,-0.4725930406344019,0.019774255607146116,-0.07571803924047205,-0.05662786095893737,-0.24029145937356108,-0.05808997209453953,大幅流入
2002-03-31,电子,1023.67,316.5495219697,-0.07571803924047205,0.0627418399422173,0.00544806357743205,0.19925574610557462,-0.05662786095893737,0.09090820283880552,0.018251460657875543,-0.11904226948137593,-0.009923706618703136,中性
2002-06-30,电子,1116.73,325.7094753648,0.09090820283880552,0.05592490894478513,-0.00681693099743217,-0.21136065905681933,0.018251460657875543,-0.10888934657437344,-0.02110964975107127,-0.21437590106829765,-0.008671724596784558,大幅流出
2002-09-30,电子,995.13,227.3363017763,-0.10888934657437344,0.05632168949710695,0.0003967805523218196,0.16207162580411927,-0.02110964975107127,-0.15448232894194736,0.0016991046557024436,-0.1889501874126999,0.01696019562321442,中性
2002-12-31,电子,841.4,180.9150843963,-0.15448232894194736,0.0627000871269908,0.006378397629883847,-0.1611967182654439,0.0016991046557024436,0.07179700499168051,-0.008386827797200874,-0.0651057760874732,0.002990310874632722,流入
2003-03-31,电子,901.81,204.0263406008,0.07179700499168051,0.05139905200481561,-0.011301035122175188,-0.3554678606643754,-0.008386827797200874,-0.02714540756922179,0.01953907104816395,0.14137124227941583,0.11216453545419063,大幅流出
2003-06-30,电子,877.33,308.5295627737,-0.02714540756922179,0.04592660383693723,-0.005472448167878376,-0.052746124661735005,0.01953907104816395,-0.08004969623744773,0.004200673765628465,-0.06490146239157443,0.11014046228794075,流出
2003-09-30,电子,807.1,216.4615533791,-0.08004969623744773,0.06953459309845074,0.023607989261513508,-0.047835512024387516,0.004200673765628465,-0.025374798661875864,-0.012061139948779893,-0.029921942758022464,0.04334055232176808,大幅流入
2003-12-31,电子,786.62,247.9909346657,-0.025374798661875864,0.046208228419004356,-0.023326364679446383,0.37075874846603907,-0.012061139948779893,0.3085098268541353,0.09954900965242713,-0.06772011899010953,0.09678178726937682,大幅流出
2004-03-31,电子,1029.3,620.8192049341,0.3085098268541353,0.05934267755781609,0.013134449138811732,2.042838503626358,0.09954900965242713,-0.20296317885941895,0.01768357070638299,-0.38935198678713684,-0.07144403657791404,大幅流入
2004-06-30,电子,820.39,401.3898792151,-0.20296317885941895,0.06576669752946207,0.006424019971645982,0.300977046110525,0.01768357070638299,-0.045636831263179634,-0.05622457589806232,-0.34862687258499003,-0.14251564432245978,流入
2004-09-30,电子,782.95,287.369263117,-0.045636831263179634,0.055641495909077444,-0.010125201620384626,0.32757646164404886,-0.05622457589806232,-0.06335015007344025,0.03854234959869379,-0.31810460438086735,-0.1444458570133268,大幅流出
2004-12-31,电子,733.35,334.5544475032,-0.06335015007344025,0.06702066598932219,0.011379170080244742,0.3490591821599869,0.03854234959869379,-0.14291947910274772,-0.06910125438028683,-0.26730756119179105,-0.16196946498313528,大幅流入
2005-03-31,电子,628.54,184.8003499277,-0.14291947910274772,0.042771849792074684,-0.024248816197247502,-0.7023282326658749,-0.06910125438028683,-0.14980749037451868,-0.0602098577938818,-0.08184045565914647,-0.15469554618529924,大幅流出
2005-06-30,电子,534.38,211.974538155,-0.14980749037451868,0.04285368978608713,8.183999401244896e-05,-0.47189864734629894,-0.0602098577938818,-0.0009169504846738841,-0.058349031334325695,0.43747894756540295,-0.12702308973152027,中性
2005-09-30,电子,533.89,377.2198200413,-0.0009169504846738841,0.053398538238731204,0.01054484845264407,0.3126658569873497,-0.058349031334325695,0.006424544381801622,0.017270745523608633,0.44424881529903215,-0.093649820705025,大幅流入
2005-12-31,电子,537.32,206.3451440608,0.006424544381801622,0.047632484959171134,-0.00576605327956007,-0.3832240294494177,0.017270745523608633,0.07403409513883719,-0.06102126015369347,0.4190054343780245,-0.3218113273518423,流出
2006-03-31,电子,577.1,328.3909280546,0.07403409513883719,0.044614842883343234,-0.0030176420758279004,0.7770038216003237,-0.06102126015369347,0.3310691387974354,-0.029444254148321913,1.1651186969329408,-0.22435683263286904,中性
2006-06-30,电子,768.16,741.3463182866,0.3310691387974354,0.04044655309910648,-0.0041682897842367506,2.49733663646203,-0.029444254148321913,0.0037882732764009663,-0.022350403264455566,0.7481644449073109,-0.38312471117095753,流出
2006-09-30,电子,771.07,594.7723139106,0.0037882732764009663,0.044924213067849744,0.004477659968743261,0.5767260422463518,-0.022350403264455566,-0.011166301373416232,-0.2388135266138377,1.3399950717833655,-0.40552732052546586,流入
2006-12-31,电子,762.46,651.2765480899,-0.011166301373416232,0.03241387381521924,-0.012510339252630502,2.1562484838412286,-0.2388135266138377,0.6387613776460404,0.07390829902969032,1.3130131416730055,-0.21872110735502506,大幅流出
2007-03-31,电子,1249.49,1904.5980217844,0.6387613776460404,0.03902102448298804,0.006607150667768798,4.799788785479882,0.07390829902969032,0.07473449167260227,-0.2281091599385473,0.15856069276264706,-0.2525356622793464,流入
2007-06-30,电子,1342.87,4309.7838292993,0.07473449167260227,0.03899882423111871,-2.2200251869330945e-05,4.8134554971016446,-0.2281091599385473,0.34361479517749305,-0.057854989682292746,-0.3267404886548957,-0.0989198250480721,中性
2007-09-30,电子,1804.3,3069.9225019205,0.34361479517749305,0.034023368214867906,-0.004975456016250802,4.1615087490133895,-0.057854989682292746,-0.022568309039516676,0.00038058191192308355,-0.6101424375103918,-0.05504014887594094,流出
2007-12-31,电子,1763.58,1640.0351687103,-0.022568309039516676,0.030038206488860977,-0.003985161726006929,1.518185513543035,0.00038058191192308355,-0.17916397328162037,0.027428442088610117,-0.6563467492260062,-0.060155501127690796,大幅流出
2008-03-31,电子,1447.61,2289.8300846354,-0.17916397328162037,0.03709109023242523,0.007052883743564255,0.20226423552098383,0.027428442088610117,-0.3754533334254391,-0.06947328707700345,-0.34556268608257734,0.024344794213221506,流入
2008-06-30,电子,904.1,1196.2162893967,-0.3754533334254391,0.02711944625855036,-0.009971643973874872,-0.7224416962019218,-0.06947328707700345,-0.22196659661541873,-0.011975589481155596,0.182645725030417,0.030012804604380817,大幅流出
2008-09-30,电子,703.42,879.9906466001,-0.22196659661541873,0.031452963243659496,0.004333516985109136,-0.7133508594925148,-0.011975589481155596,-0.13840948508714568,-0.005034779445707932,0.5418526627050695,0.07105433336158555,流入
2008-12-31,电子,606.06,879.1331637193,-0.13840948508714568,0.031048056766759497,-0.0004049064768999987,-0.46395468798962547,-0.005034779445707932,0.5631620631620633,0.1198033050604222,1.451605451605452,0.18179348735418516,流出
2009-03-31,电子,947.37,1968.7030553304999,0.5631620631620633,0.035404772728649135,0.004356715961889638,-0.1402405494886455,0.1198033050604222,0.12862978561702398,-0.06432440058107519,0.7742381540475208,0.17426667039312985,大幅流入
2009-06-30,电子,1069.23,2940.6951873694998,0.12862978561702398,0.03800274701358745,0.002597974284938312,1.458330665980657,-0.06432440058107519,0.014346772911347339,0.027392884460005096,0.30120741094058323,0.31711609044325034,流入
2009-09-30,电子,1084.57,4277.7393928832,0.014346772911347339,0.04228259534733295,0.004279848333745506,3.861119160084847,0.027392884460005096,0.36996228920217233,0.0978373189570213,0.6488931097116828,0.3268146697725567,流入
2009-12-31,电子,1485.82,4579.8258026996,0.36996228920217233,0.05036347224349352,0.00808087689616057,4.209479054713378,0.0978373189570213,0.13126758288352547,0.11267130221917743,0.3938498606829899,0.34332414192676736,大幅流入
2010-03-31,电子,1680.86,4760.8746833794,0.13126758288352547,0.06959662568925869,0.019233153445765164,1.418279725065068,0.11267130221917743,-0.17227490689290004,0.04950044014892213,0.17094820508549194,0.11366190986616913,大幅流入
2010-06-30,电子,1391.29,5647.9194846628,-0.17227490689290004,0.08635535984021527,0.016758734150956578,0.9206069057823558,0.04950044014892213,0.2853826305083771,0.03495808806248102,0.25571232453334664,0.008843939893333904,大幅流入
2010-09-30,电子,1788.34,6295.3833693116,0.2853826305083771,0.08348326574608862,-0.0028720940941266426,0.47166126571083766,0.03495808806248102,0.1580627844816982,0.11149764022124212,-0.1819788183455047,-0.047958548342924394,流出
2010-12-31,电子,2071.01,8643.2459477275,0.1580627844816982,0.0763082012515467,-0.007175064494541916,0.8872433843734184,0.11149764022124212,-0.04964244499060855,-0.07755722628095255,-0.41384155556950475,-0.1704112246905769,大幅流出
2011-03-31,电子,1968.2,4766.3523635586,-0.04964244499060855,0.06163325905700331,-0.014674942194543399,0.0011505617231057919,-0.07755722628095255,-0.11235646783863429,-0.049278645898141085,-0.3684534092063815,-0.11980604719892073,大幅流出
2011-06-30,电子,1747.06,3037.7715213740003,-0.11235646783863429,0.04335208737322011,-0.018281171683783196,-0.4621432671582488,-0.049278645898141085,-0.16265039552161908,-0.02331474512557896,-0.26627019106384453,-0.062303846275635,大幅流出
2011-09-30,电子,1462.9,3545.113837484,-0.16265039552161908,0.05766948085394527,0.014317393480725159,-0.4368708576564959,-0.02331474512557896,-0.17018251418415475,-0.031464476147002374,-0.1617472144370772,-0.013223096002350755,大幅流入
2011-12-31,电子,1213.94,3061.5104992616,-0.17018251418415475,0.07730145742531112,0.019631976571365853,-0.6457915790228625,-0.031464476147002374,0.023946817799891162,-0.02128792553910367,-0.007430350758686687,-0.03580683542058318,大幅流入
2012-03-31,电子,1243.01,3834.167157725,0.023946817799891162,0.075754057025304,-0.001547400400007129,-0.19557622574459066,-0.02128792553910367,0.031262821698940346,0.01283104044047692,0.1258075156273883,0.09918044614379758,流出
2012-06-30,电子,1281.87,3115.7269900967,0.031262821698940346,0.0621611743351874,-0.013592882690116596,0.025662057917851477,0.01283104044047692,-0.0433663319993447,0.027806766783897527,0.1529562280106407,0.2567829517754983,大幅流出
2012-09-30,电子,1226.28,3402.6515355031,-0.0433663319993447,0.07925236332449331,0.017091188989305915,-0.04018553663202162,0.027806766783897527,-0.017418534103141092,-0.05363073662531759,0.38909547574779,0.1932953188105455,大幅流入
2012-12-31,电子,1204.92,2627.4665566132,-0.017418534103141092,0.06893858420121804,-0.010313779123275274,-0.14177444197989408,-0.05363073662531759,0.16139660724363436,0.11573200700038958,0.4278458320884372,0.2804597056256161,大幅流出
2013-03-31,电子,1399.39,4261.6127143557,0.16139660724363436,0.07263016944198385,0.0036915852407658073,0.111483286733989,0.11573200700038958,0.05613160019722874,0.158052610124495,0.2407834842324154,0.17883934994039144,流入
2013-06-30,电子,1477.94,6042.3322399832,0.05613160019722874,0.11338311355707908,0.04075294411509524,0.939300926938939,0.158052610124495,0.1525637035332963,-0.024113907884935226,0.28995764374737815,0.08077158905031522,大幅流入
2013-09-30,电子,1703.42,7495.7178044858,0.1525637035332963,0.10824343705331932,-0.005139676503759766,1.2029049187893164,-0.024113907884935226,0.009991663829237662,0.015496909517557118,0.3279520024421459,0.06288091632765633,流出
2013-12-31,电子,1720.44,5440.1784009586,0.009991663829237662,0.08400520437576242,-0.024238232677556898,1.0705033855772386,0.015496909517557118,0.009241821859524268,0.027184836868727677,0.18564437004487228,-0.2318615289642305,大幅流出
2014-03-31,电子,1736.34,8496.6473591827,0.009241821859524268,0.09475799142875298,0.010752787052990556,0.9937633775497317,0.027184836868727677,0.09798772129882405,0.061714100154022566,0.6701049333655854,-0.18351919880660164,大幅流入
2014-06-30,电子,1906.48,5898.8955546459,0.09798772129882405,0.06409030027374134,-0.03066769115501164,-0.02373862933060089,0.061714100154022566,0.18651126683731278,-0.04026834686678041,0.9661522806428604,-0.1994743351333583,大幅流出
2014-09-30,电子,2262.06,11303.1197669623,0.18651126683731278,0.061134154493959696,-0.0029561457797816423,0.5079436101767287,-0.04026834686678041,-0.09824231010671691,-0.26610570249630827,0.09971441959983386,-0.19481926959060988,流出
2014-12-31,电子,2039.83,11234.915161925801,-0.09824231010671691,0.03453919302627454,-0.026594961467685155,1.065174031782878,-0.26610570249630827,0.421623370574999,0.0918300934067326,0.7197217415176755,0.26220573510393047,大幅流出
2015-03-31,电子,2899.87,14953.1816805526,0.421623370574999,0.03729747411457332,0.0027582810882987793,0.759891996034417,0.0918300934067326,0.29262001400062765,0.040966774334190215,-0.009476286868032069,0.14138315189072473,大幅流入
2015-06-30,电子,3748.43,41743.2873719621,0.29262001400062765,0.043898525126124924,0.0066010510115516036,6.076458124281515,0.040966774334190215,-0.3363568213892216,-0.03468749675183791,-0.14653601641220468,0.22746537740205067,大幅流入
2015-09-30,电子,2487.62,25060.3598685595,-0.3363568213892216,0.04394870173753914,5.0176611414216865e-05,1.2171188472945325,-0.03468749675183791,0.41015910790233234,0.15045673137041454,0.26249587959575815,0.210058216439392,流出
2015-12-31,电子,3507.94,30729.1091909646,0.41015910790233234,0.05625980459782158,0.01231110286028244,1.7351438571697462,0.15045673137041454,-0.18117470652291667,-0.012683559674121964,-0.12702611789255236,0.007668786889474372,大幅流入
2016-03-31,电子,2872.39,20136.5650875666,-0.18117470652291667,0.06460708736921991,0.008347282771398332,0.34664083656224576,-0.012683559674121964,0.11375892549410072,0.1194756751091794,0.11968082328653132,0.04786472141173652,大幅流入
2016-06-30,电子,3199.15,24840.2983469002,0.11375892549410072,0.0821963050816879,0.01758921771246799,-0.4049271173696589,0.1194756751091794,-0.018298610568432183,-0.04837696647755216,-0.003707234734226327,-0.03511372179762714,大幅流入
2016-09-30,电子,3140.61,22648.1400241461,-0.018298610568432183,0.07340470904165315,-0.008791596040034752,-0.09625639284772392,-0.04837696647755216,-0.024921910074794384,-0.04196399551746672,0.11405427608012435,0.059457565030300176,大幅流出
2016-12-31,电子,3062.34,17312.4306307459,-0.024921910074794384,0.05729822155591726,-0.01610648748573589,-0.43661137317197785,-0.04196399551746672,0.050229563013904244,0.026700519206198543,0.1347237733236673,0.1369143190204755,大幅流出
2017-03-31,电子,3216.16,14533.2118064765,0.050229563013904244,0.056359542933252176,-0.0009386786226650845,-0.2782675822178785,0.026700519206198543,-0.008976543455549435,0.030826494701462447,0.03922068553803303,0.10262551297736396,中性
2017-06-30,电子,3187.29,13728.9237237236,-0.008976543455549435,0.05577163761294378,-0.0005879053203083975,-0.44731244641283385,0.030826494701462447,0.09773820392872934,0.04489435148852025,-0.13868521533967726,0.02103308555584691,流入
2017-09-30,电子,3498.81,24024.2230176259,0.09773820392872934,0.0765436655038019,0.020772027890858122,0.060759205480569234,0.04489435148852025,-0.006830893932508464,0.028077846234648936,-0.3287031876552314,-0.09988782266964269,大幅流入
2017-12-31,电子,3474.91,30323.3982609942,-0.006830893932508464,0.11462080937322713,0.038077143869425234,0.7515390477372688,0.028077846234648936,-0.03816213945109359,-0.004264289995742063,-0.4236771599839995,-0.15876670158685963,大幅流入
2018-03-31,电子,3342.3,24220.0321385157,-0.03816213945109359,0.08830128198841271,-0.026319527384814426,0.6665299082562341,-0.004264289995742063,-0.17863148131526196,-0.045452926519251285,-0.15477964276097297,-0.06947298794520852,大幅流出
2018-06-30,电子,2745.26,23204.7083464701,-0.17863148131526196,0.09819341001596943,0.00989212802755672,0.6902059340873408,-0.045452926519251285,-0.14443804958364614,-0.07885244552432241,-0.08072459439178795,-0.06240289178741955,大幅流入
2018-09-30,电子,2348.74,18383.0622644556,-0.14443804958364614,0.09746386778711484,-0.0007295422288545877,-0.23481137138260577,-0.07885244552432241,-0.14734283062407916,-0.03917162838689783,0.2914754293791569,0.2415342765705975,中性
2018-12-31,电子,2002.67,15119.3833810509,-0.14734283062407916,0.08432710289123793,-0.01313676489587691,-0.5013954817689623,-0.03917162838689783,0.4106068398687752,0.10142926673769587,0.7376702102692908,0.3962872805077078,大幅流出
2019-03-31,电子,2824.98,32738.7286330586,0.4106068398687752,0.09797164416903796,0.013644541277800029,0.35172110614156105,0.10142926673769587,-0.10666624188489826,-0.03820032717585087,0.17303131349602488,0.28205618573733954,大幅流入
2019-06-30,电子,2523.65,30686.2787608622,-0.10666624188489826,0.08867115870187257,-0.009300485467165387,0.3224160503413609,-0.03820032717585087,0.20196540724743928,0.21975233567106942,0.7166128425098569,0.5688766668365272,大幅流出
2019-09-30,电子,3033.34,43940.437426912096,0.20196540724743928,0.1518489246914961,0.06317776598962353,1.3902675623240817,0.21975233567106942,0.14724363243157712,0.08059234396660696,0.46620556877896985,0.2049173134039906,大幅流入
2019-12-31,电子,3479.98,44186.1143014756,0.14724363243157712,0.16671340353889233,0.014864478847396223,1.9224812406605145,0.08059234396660696,-0.047756021586330966,0.011320681844032683,0.36052218690912013,0.11194578276648857,大幅流入
2020-03-31,电子,3313.79,75891.8001865456,-0.047756021586330966,0.15739641859902656,-0.009316984939865769,1.318104683818183,0.011320681844032683,0.30730372172044707,0.1769726488211474,0.3179742832225335,0.027859325668740966,大幅流出
2020-06-30,电子,4332.13,55745.2278770644,0.30730372172044707,0.1493284008723841,-0.008068017726642451,0.816617398006656,0.1769726488211474,0.026631241444739606,-0.06321463096361649,0.22209859814917815,0.014183224824263787,大幅流出
2020-09-30,电子,4447.5,80798.66197381439,0.026631241444739606,0.12304011113676677,-0.026288289735617337,0.838822431119628,-0.06321463096361649,0.06455087127599768,-0.002786260603296259,0.10655424395727923,0.01646057243244231,大幅流出
2020-12-31,电子,4734.59,54225.16065796,0.06455087127599768,0.11893471160962608,-0.004105399527140688,0.2271991216061544,-0.002786260603296259,-0.07753575283181868,-0.0651564040390309,0.16037713930878914,0.08150083880986514,流出
2021-03-31,电子,4367.49,55779.09243534,-0.07753575283181868,0.10700483573992635,-0.011929875869699735,-0.26501819302965046,-0.0651564040390309,0.21220426377621937,0.16131253246622024,-0.0424179563090013,0.003359972528921457,大幅流出
2021-06-30,电子,5294.29,52602.33583551,0.21220426377621937,0.10727075542970364,0.0002659196897772942,-0.05637957115334524,0.16131253246622024,-0.07043248480910569,-0.061111080177789476,-0.21612718608160866,-0.16850927713800454,中性
2021-09-30,电子,4921.4,79886.61133504,-0.07043248480910569,0.10560373989170177,-0.001667015538001873,-0.011287942355654113,-0.061111080177789476,0.11633071890112578,0.06102245859805603,-0.3049904498719876,-0.16657727211829956,中性
2021-12-31,电子,5493.91,60716.64154508,0.11633071890112578,0.10022436915608898,-0.005379370735612787,0.11971344682714347,0.06102245859805603,-0.2387516359022992,-0.13270095491147382,-0.3653518168299081,-0.23023734449914693,大幅流出
2022-03-31,电子,4182.23,34624.0449824,-0.2387516359022992,0.06558054509238,-0.034643824063708986,-0.37926482001232376,-0.13270095491147382,-0.007694459654299157,-0.0376129968038979,-0.03706634977033773,-0.029473902431126103,大幅流出
2022-06-30,电子,4150.05,33124.7034904,-0.007694459654299157,0.06517956024675348,-0.00040098484562652026,-0.3702807496233148,-0.0376129968038979,-0.17581233961036613,-0.05892953075556824,-0.06745219937109198,0.012616168430224969,流出
2022-09-30,电子,3420.42,49991.10368222,-0.17581233961036613,0.0896977627772146,0.024518202530461122,-0.37422425551936245,-0.05892953075556824,0.019377737236947468,-0.020022567236233968,0.05207839972868831,0.0412570825009982,大幅流入
2022-12-31,电子,3486.7,34693.4781957,0.019377737236947468,0.07413452664418314,-0.015563236133031455,-0.4286001775980758,-0.020022567236233968,0.15502050649611387,0.09350116122130486,0.0725126910832594,0.15582621457463555,大幅流出
2023-03-31,电子,4027.21,42064.84050082,0.15502050649611387,0.08742426726828066,0.013289740624097518,0.21490254885592597,0.09350116122130486,-0.039007153836030484,0.004124095338225192,-0.16850871943603635,-0.03343006702553382,大幅流入
2023-06-30,电子,3870.12,54933.67206626,-0.039007153836030484,0.10161639325095638,0.014192125982675718,0.6583898504081866,0.004124095338225192,-0.07017095077155222,-0.0323122207772423,-0.1213760813618181,0.05740654148629413,大幅流入
2023-09-30,电子,3598.55,41572.89260726,-0.07017095077155222,0.08873184681261895,-0.012884546438337433,-0.16839418326253208,-0.0323122207772423,0.03917689069208441,0.08780398761784872,0.07817315307554436,0.06812689959994675,大幅流出
2023-12-31,电子,3739.53,64140.84361438,0.03917689069208441,0.13011525746496658,0.04138341065234763,0.8487867734844119,0.08780398761784872,-0.10454254946477237,-0.08554994619312029,0.18524253047842903,0.11139423378034113,大幅流入
2024-03-31,电子,3348.59,57779.07843732,-0.10454254946477237,0.11269263191173723,-0.01742262555322935,0.3735717941494079,-0.08554994619312029,0.015466211151559328,0.09848998055135573,0.3672411373145116,0.24963199015837306,大幅流出
2024-06-30,电子,3400.38,61325.74940662,0.015466211151559328,0.12591010342014144,0.013217471508404216,0.1163599136910054,0.09848998055135573,0.14100776971985485,-0.022501462919728488,0.3557014216058204,0.1108800643719921,大幅流入
2024-09-30,电子,3879.86,64125.76169192,0.14100776971985485,0.14904586337513304,0.02313575995499159,0.5424897732692655,-0.022501462919728488,0.1423736938961715,0.13186839482700632,0.7536663694050815,0.5093259654265926,大幅流入
2024-12-31,电子,4432.25,166141.47494608,0.1423736938961715,0.14984014663234657,0.000794283257213535,1.590260208377304,0.13186839482700632,0.03295842969146601,0.02819144270004715,0.47875007050595064,0.256873037065697,流入
2025-03-31,电子,4578.33,130226.60002059,0.03295842969146601,0.15296994483257986,0.0031297982002332914,1.2538711856033262,0.02819144270004715,0.0068955274084654405,-0.02348000858058703,0.39684557469645043,0.1959761671705097,大幅流入
2025-06-30,电子,4609.9,85895.62763559,0.0068955274084654405,0.11640495011929682,-0.03656499471328305,0.400645380883315,-0.02348000858058703,0.47594958675893184,0.32810369948966756,1.648565044794898,1.358023038448595,大幅流出
2025-09-30,电子,6803.98,220338.66006301,0.47594958675893184,0.16062383293671095,0.04421888281741414,2.436039654726989,0.32810369948966756,-0.03671233601509705,-0.05745021317326235,0.2501624049453408,0.26432667401752885,大幅流入
2025-12-31,电子,6554.19,203709.37852606,-0.03671233601509705,0.1743305791589463,0.013706746222235361,0.226119959463297,-0.05745021317326235,-0.024254713397078742,-0.02162555445634651,,,大幅流入
2026-03-31,电子,6395.22,232182.72538247,-0.024254713397078742,0.1622358940316477,-0.01209468512729861,0.7829132093271252,-0.02162555445634651,0.9091790430978137,0.9253365581024254,,,大幅流出
2026-06-30,电子,12209.62,463401.20864869,0.9091790430978137,0.27034595419443896,0.10811006016279126,4.394933611925601,0.9253365581024254,-0.30332966955564555,-0.2878962988288239,,,大幅流入
2026-09-30,电子,8506.08,306293.34428656,-0.30332966955564555,0.30635389147411596,0.036007937279676994,0.3901026002380592,-0.2878962988288239,,,,,大幅流入
2021-12-31,石油石化,2428.91,1612.8009427299999,,0.002662234816453843,,,,-0.08096224232268778,0.025088438668137605,-0.13925176313655108,0.00353219351556843,
2022-03-31,石油石化,2232.26,7046.97394701,-0.08096224232268778,0.013347498622175205,0.010685263805721362,,0.025088438668137605,0.038064562371766586,0.008146025222167837,0.036111384874521556,0.02278723100676361,大幅流入
2022-06-30,石油石化,2317.23,7093.72888921,0.038064562371766586,0.01395834772203769,0.0006108490998624847,,0.008146025222167837,-0.04909309822503605,0.06778971062976184,-0.032223818956253814,0.027439593142057083,中性
2022-09-30,石油石化,2203.47,7016.86521687,-0.04909309822503605,0.012590182358513264,-0.0013681653635244252,,0.06778971062976184,-0.051187445256799524,-0.09058774972998096,0.062201890654286524,0.04067548548440201,中性
2022-12-31,石油石化,2090.68,5200.62320888,-0.051187445256799524,0.011112916890900177,-0.0014772654676130873,2.224590878572322,-0.09058774972998096,0.10627642680850258,0.04475708153369357,0.04317255629747289,0.12195720608609789,中性
2023-03-31,石油石化,2312.87,5230.6810276,0.10627642680850258,0.010871037443803288,-0.00024187944709688942,-0.25774083075483,0.04475708153369357,-0.030399460410658552,0.012731788763597124,0.04274343132125902,0.20792970436215605,流入
2023-06-30,石油石化,2242.56,5320.94922175,-0.030399460410658552,0.009842700264667197,-0.0010283371791360903,-0.24990800961628334,0.012731788763597124,0.04368667950913263,0.08154540950344255,0.04933647260273977,0.26282347182487886,中性
2023-09-30,石油石化,2340.53,4004.77638199,0.04368667950913263,0.008547666091040174,-0.001295034173627023,-0.4292641716472355,0.08154540950344255,-0.06818541099665465,-0.01955831407089035,0.02554549610558291,7.515802184594392e-05,流出
2023-12-31,石油石化,2180.94,4316.47184852,-0.06818541099665465,0.008756337058599958,0.00020867096755978337,-0.17000873257849602,-0.01955831407089035,0.10582134309059388,0.12481394636224596,0.06174401863416685,-0.026692625981529244,流入
2024-03-31,石油石化,2411.73,5461.7977061599995,0.10582134309059388,0.010652720242749667,0.0018963831841497091,0.04418481596191759,0.12481394636224596,-0.02426888582055209,0.05875488357924431,-0.09649090072271772,-0.18985759423876009,中性
2024-06-30,石油石化,2353.2,6159.98893234,-0.02426888582055209,0.012647294995047072,0.0019945747522974056,0.15768609614997398,0.05875488357924431,0.0200237973822881,-0.14348543525729524,-0.06315655277919421,-0.24908313134801144,流入
2024-09-30,石油石化,2400.32,4476.80885165,0.0200237973822881,0.010405332004714218,-0.002241962990332854,0.1178673725161763,-0.14348543525729524,-0.03529529396080533,-0.04580059302997049,-0.06542461005199302,-0.2375158661132294,流出
2024-12-31,石油石化,2315.6,7141.8241657,-0.03529529396080533,0.0064410887200696135,-0.003964243284644605,0.6545513132788612,-0.04580059302997049,-0.058982553117982395,-0.06374954010940126,0.11709276213508389,-0.09514421448009437,流出
2025-03-31,石油石化,2179.02,5193.15310008,-0.058982553117982395,0.006100108143042799,-0.0003409805770268146,-0.04918611426728847,-0.06374954010940126,0.01173004378114939,-0.01864549220790308,0.3695009683252106,0.11749796183019205,中性
2025-06-30,石油石化,2204.58,6042.51201622,0.01173004378114939,0.008188755693449325,0.002088647550406526,-0.019070962206319098,-0.01864549220790308,0.017554364096562747,-0.13029152317270154,0.053075869326583945,-0.09570486577330993,中性
2025-09-30,石油石化,2243.28,7307.54776694,0.017554364096562747,0.005327101160360805,-0.0028616545330885194,0.6323117669512928,-0.13029152317270154,0.15310616597125626,0.13236828881309096,0.21722210334866815,0.2389846791209026,流出
2025-12-31,石油石化,2586.74,7487.92399204,0.15310616597125626,0.006408021739968684,0.001080920579607879,0.048460983960121995,0.13236828881309096,0.15364126274770573,0.15627042168843797,,,中性
2026-03-31,石油石化,2984.17,19719.36010705,0.15364126274770573,0.013778751246154537,0.007370729506185852,2.797184432468634,0.15627042168843797,-0.22203158667234102,-0.20587407166772934,,,大幅流入
2026-06-30,石油石化,2321.59,12007.43698457,-0.22203158667234102,0.007005078857021557,-0.00677367238913298,0.9871598024692823,-0.20587407166772934,0.17616374984385708,0.19159712057067876,,,大幅流出
2026-09-30,石油石化,2730.57,7335.10867537,0.17616374984385708,0.007336558658560935,0.00033147980153937825,0.0037715673313403197,0.19159712057067876,,,,,流入
1999-12-31,社会服务,1000.0,0.5546250364,,0.019458685253538544,,,,0.5054000000000001,0.13521000000000005,0.7541899999999997,0.12934610370286803,
2000-03-31,社会服务,1505.4,276.4217986912,0.5054000000000001,0.022499715398299803,0.0030410301447612587,,0.13521000000000005,0.04132456489969427,-0.03869288387577849,0.12832469775474928,-0.03848659623716833,流入
2000-06-30,社会服务,1567.61,219.945925069,0.04132456489969427,0.020060861725012143,-0.0024388536732876595,,-0.03869288387577849,0.011884333475800757,0.013036804641139446,0.15919138050918283,0.03719366454742682,流出
2000-09-30,社会服务,1586.24,207.783155309,0.011884333475800757,0.021392675582163765,0.0013318138571516216,,0.013036804641139446,0.10587931208392165,0.02155903339948237,-0.08525191648174306,0.03134642614426929,中性
2000-12-31,社会服务,1754.19,202.7375304436,0.10587931208392165,0.026877430837925972,0.005484755255762207,364.53981003011205,0.02155903339948237,-0.03170124102862293,-0.033494136556755684,-0.2680268385978714,-0.03365441807304688,大幅流入
2001-03-31,社会服务,1698.58,107.681498242,-0.03170124102862293,0.01843956772267502,-0.008437863115250951,-0.6104449838911056,-0.033494136556755684,0.06981125410637135,0.03697114010730609,-0.24043612900187206,0.023717813864525258,流出
2001-06-30,社会服务,1817.16,200.35175636900001,0.06981125410637135,0.02351335821009577,0.005073790487420748,-0.08908630016151942,0.03697114010730609,-0.20149574060622077,0.007325751912626743,-0.24724845363094064,-0.02506214602640573,流入
2001-09-30,社会服务,1451.01,90.6571108771,-0.20149574060622077,0.021704746291430575,-0.0018086119186651942,-0.5636936461847384,0.007325751912626743,-0.11508535433939115,-0.042824958153229134,-0.1077180722393366,0.0010400565673521188,流出
2001-12-31,社会服务,1284.02,80.2604421767,-0.11508535433939115,0.021320350417967524,-0.00038439587346305107,-0.604116504718756,-0.042824958153229134,0.004797433061790368,0.023887611343325045,-0.14340898116851739,0.0517886481592839,流出
2002-03-31,社会服务,1290.18,93.9110004946,0.004797433061790368,0.01861367196254897,-0.002706678455418554,-0.12788174358841686,0.023887611343325045,0.06021640391263228,-0.012440338268297699,-0.05463578725449138,0.0567796670181185,流出
2002-06-30,社会服务,1367.87,96.2928195455,0.06021640391263228,0.016533652142257254,-0.0020800198202917154,-0.5193812058819607,-0.012440338268297699,-0.05348461476602295,0.034295082057279214,-0.19838142513542928,0.011976993843409835,中性
2002-09-30,社会服务,1294.71,75.7801502225,-0.05348461476602295,0.0187742391229517,0.002240586980694445,-0.16410142029308727,0.034295082057279214,-0.15048157502452275,0.005699858573127048,-0.21937731229387267,-0.01573224012133002,中性
2002-12-31,社会服务,1099.88,57.293257131,-0.15048157502452275,0.0198562338010122,0.0010819946780604994,-0.28615821720911827,0.005699858573127048,0.10893006509801073,0.028746232309129344,-0.2360712077681201,-0.17333551234397476,中性
2003-03-31,社会服务,1219.69,82.1103545903,0.10893006509801073,0.02068553684437416,0.0008293030433619598,-0.1256577593908027,0.028746232309129344,-0.10099287523879019,-0.05430839662140445,-0.11834974460723637,-0.13949803917309858,流入
2003-06-30,社会服务,1096.51,111.0114625479,-0.10099287523879019,0.016524768051274077,-0.004160768793100081,0.15285296527686776,-0.05430839662140445,-0.07827561992138699,0.005974750081689212,-0.27590263654686237,-0.12738915111486224,中性
2003-09-30,社会服务,1010.68,48.1957704735,-0.07827561992138699,0.015482071696454545,-0.0010426963548195323,-0.36400534530492235,0.005974750081689212,-0.16864883049036283,-0.15533517177726686,-0.15595440693394555,-0.07721065134912732,流出
2003-12-31,社会服务,840.23,57.5325784086,-0.16864883049036283,0.010720063329018798,-0.004762008367435747,0.00417712815755622,-0.15533517177726686,0.2798162407912117,0.07085542358950353,-0.08456017995072794,0.09638552223617174,中性
2004-03-31,社会服务,1075.34,137.8283546583,0.2798162407912117,0.013174694893145305,0.0024546315641265064,0.6785745883818428,0.07085542358950353,-0.26164747893689433,-0.04100072937109239,-0.27824688005654025,0.10866997165843982,中性
2004-06-30,社会服务,793.98,89.3934949753,-0.26164747893689433,0.014646893829606242,0.0014721989364609375,-0.19473635493516828,-0.04100072937109239,0.07440993475906188,0.0638221901241792,-0.12216932416433657,0.14175440080484,中性
2004-09-30,社会服务,853.06,82.0187335389,0.07440993475906188,0.015880769492088536,0.0012338756624822936,0.7017828065223533,0.0638221901241792,-0.09832837080627388,0.003564128865860161,-0.09702717276627665,0.12450511108415427,中性
2004-12-31,社会服务,769.18,78.0600810283,-0.09832837080627388,0.015637629858879936,-0.0002431396332086,0.35679789064749334,0.003564128865860161,0.009035596349359132,0.08285382107182002,0.0945552406458827,0.23684763707480352,流出
2005-03-31,社会服务,776.13,73.5954230147,0.009035596349359132,0.01703358451323535,0.001395954654355415,-0.46603568476779966,0.08285382107182002,-0.10198033834538023,-0.012382705764743346,0.18794531843892126,0.09660668219877626,流入
2005-06-30,社会服务,696.98,79.6072981444,-0.10198033834538023,0.01609375583068442,-0.0009398286825509326,-0.10947325455396939,-0.012382705764743346,0.10518235817383559,0.04775027732418378,0.6885706906941377,0.01703138501446237,流出
2005-09-30,社会服务,770.29,114.0531427149,0.10518235817383559,0.01614515139167995,5.13955609955305e-05,0.3905742967953374,0.04775027732418378,0.09297796933622404,0.10382417047803105,0.8184320191096861,0.129910560834073,流出
2005-12-31,社会服务,841.91,57.7872113688,0.09297796933622404,0.013339535993857772,-0.002805615397822177,-0.25970853978681174,0.10382417047803105,0.09512893302134429,-0.03992642227118637,1.0929553040111175,0.054684009513701594,中性
2006-03-31,社会服务,922.0,113.86504092999999,0.09512893302134429,0.015469583587743804,0.002130047593886032,0.5471755751340204,-0.03992642227118637,0.27646420824295026,-0.08404918470280703,1.4770390455531455,-0.1966935422166986,流入
2006-06-30,社会服务,1176.9,291.8043312916,0.27646420824295026,0.015920331819294465,0.0004507482315506614,2.6655474823714647,-0.08404918470280703,0.1901775851814087,0.16403890864055218,1.5945534879768886,-0.09300609133387647,中性
2006-09-30,社会服务,1400.72,250.1497488031,0.1901775851814087,0.018894256425978667,0.002973924606684202,1.1932736165666413,0.16403890864055218,0.257981609457993,0.03033438421757151,2.0103304015077965,-0.23684652767305675,中性
2006-12-31,社会服务,1762.08,262.426162637,0.257981609457993,0.01306088565061266,-0.005833370775366007,3.5412498097924656,0.03033438421757151,0.29609892853899944,-0.2687541500773506,1.1998944429310812,-0.30208276769393005,中性
2007-03-31,社会服务,2283.83,727.6825463932,0.29609892853899944,0.014908614906598089,0.0018477292559854284,5.3907459256133965,-0.2687541500773506,0.3370215821667988,0.034177930555649216,0.39552418525021543,-0.018104595618249973,流出
2007-06-30,社会服务,3053.53,1461.6875149948,0.3370215821667988,0.01322667139139803,-0.0016819435152000597,4.009135774390326,0.034177930555649216,0.38090341342642775,-0.020566371433358044,-0.35776625741355106,-0.1252852057380135,流出
2007-09-30,社会服务,4216.63,1157.0608088284,0.38090341342642775,0.01282348525773339,-0.00040318613366463994,3.6254725993714887,-0.020566371433358044,-0.08069002971567352,-0.05774113876423376,-0.6531566677654905,-0.14642891312985576,流入
2007-12-31,社会服务,3876.39,720.4581843561,-0.08069002971567352,0.013195614411913364,0.0003721291541799749,1.7453748403609857,-0.05774113876423376,-0.17780718658339334,0.028785228786837147,-0.6881221961670523,-0.13035003306673895,流入
2008-03-31,社会服务,3187.14,930.3106209809,-0.17780718658339334,0.015069343100398822,0.0018737286884854577,0.27845669185283817,0.028785228786837147,-0.3846897218195624,-0.07870967547112678,-0.4280514818928569,-0.10020231739794364,流出
2008-06-30,社会服务,1961.08,568.6161116609,-0.3846897218195624,0.012891108588490175,-0.002178234511908647,-0.6109865440952864,-0.07870967547112678,-0.25423236175984654,-0.0442413546255834,0.17975809247965416,0.0511386160144981,流出
2008-09-30,社会服务,1462.51,734.3544896313,-0.25423236175984654,0.026247579857159566,0.01335647126866939,-0.36532766123598803,-0.0442413546255834,-0.17336633595667716,-0.03999163031523942,0.46169256962345545,0.030546114630082437,大幅流入
2008-12-31,社会服务,1208.96,366.7508529567,-0.17336633595667716,0.012952419237244052,-0.013295160619915513,-0.4909477594671525,-0.03999163031523942,0.5078083642138698,0.06444960611222866,1.3352964531498144,0.1256036337220097,大幅流出
2009-03-31,社会服务,1822.88,676.453087274,0.5078083642138698,0.012165200715101462,-0.0007872185221425906,-0.2728739498203706,0.06444960611222866,0.2692003862020538,0.0762462000039546,0.7543283156324055,0.17811071961443053,中性
2009-06-30,社会服务,2313.6,987.1421118766,0.2692003862020538,0.012756885550474838,0.0005916848353733767,0.7360431609881859,0.0762462000039546,-0.0760114107883818,-0.06296529923972405,0.05950899031811898,0.08183641980698617,中性
2009-09-30,社会服务,2137.74,1385.5277250192,-0.0760114107883818,0.013695015698469695,0.0009381301479948565,0.8867287455610668,-0.06296529923972405,0.32068446115991667,0.048559490914765635,0.4601074031453778,0.18099655567354964,流入
2009-12-31,社会服务,2823.28,1476.82156848,0.32068446115991667,0.016240325566289588,0.002545309867819893,3.0267706443599174,0.048559490914765635,0.13270026352327768,0.11410398285892964,0.08513856223966444,0.053044007643163894,流出
2010-03-31,社会服务,3197.93,1477.3422427563,0.13270026352327768,0.021596459037870972,0.005356133471581384,1.1839537294592857,0.11410398285892964,-0.23347915682957399,-0.011703809787751818,-0.04254314509698453,-0.08173730439745742,流入
2010-06-30,社会服务,2451.28,1013.3098583648,-0.23347915682957399,0.015493269280193041,-0.006103189757677931,0.02650859098539926,-0.011703809787751818,0.2733469860644233,0.022922443618527244,0.0998988283672202,-0.12323380006925011,流出
2010-09-30,社会服务,3121.33,1092.0883242953,0.2733469860644233,0.014482215688369538,-0.001011053591823503,-0.2117889057180964,0.022922443618527244,-0.018479302092377248,-0.06504444635283332,-0.19521486033197388,-0.08199896061932031,中性
2010-12-31,社会服务,3063.65,1210.8478737274,-0.018479302092377248,0.010690153189229935,-0.0037920624991396035,-0.18009873394952525,-0.06504444635283332,-0.0005777422355687234,-0.02849252352591273,-0.24246242227408488,0.04334583022994794,中性
2011-03-31,社会服务,3061.88,835.6813046724,-0.0005777422355687234,0.010806117217383795,0.00011596402815386084,-0.4343346582216071,-0.02849252352591273,-0.11944295661489024,-0.056365134674397036,-0.2032966674069527,0.08023753522862684,流出
2011-06-30,社会服务,2696.16,802.6458533735,-0.11944295661489024,0.011454572182394483,0.0006484549650106874,-0.2078969263471423,-0.056365134674397036,-0.06830455165865523,0.07103109873738489,-0.041885496409708595,0.1911538118621967,中性
2011-09-30,社会服务,2512.0,653.5523310935,-0.06830455165865523,0.01063154115011349,-0.0008230310322809922,-0.4015572581867656,0.07103109873738489,-0.07610270700636945,0.06261533103078293,0.00754378980891708,0.16880366758270632,流出
2011-12-31,社会服务,2320.83,416.6006495653,-0.07610270700636945,0.010518937427618221,-0.00011260372249526952,-0.6559430308261086,0.06261533103078293,0.05109378972178047,0.005859046382785636,0.05242520994644157,0.021660508579272066,中性
2012-03-31,社会服务,2439.41,506.8760627404,0.05109378972178047,0.010014669831030842,-0.0005042675965873794,-0.3934576974423243,0.005859046382785636,0.05895687891744328,0.04052509765897985,0.06952500809622018,0.038570352184995,中性
2012-06-30,社会服务,2583.23,611.9992301141,0.05895687891744328,0.012209860156888248,0.0021951903258574067,-0.23752271622424403,0.04052509765897985,-0.02023822888399418,0.050934869899248045,-0.12013641835996029,-0.0287375279293018,中性
2012-09-30,社会服务,2530.95,701.1030913285,-0.02023822888399418,0.01632964067643684,0.004119780519548592,0.07275738754605898,0.050934869899248045,-0.034947351784902825,-0.07115955430707932,0.21474150022718738,0.08683107867954178,流入
2012-12-31,社会服务,2442.5,294.3505819752,-0.034947351784902825,0.007723071614023266,-0.008606569062413574,-0.29344665621059707,-0.07115955430707932,0.06817195496417616,0.022507354720931384,0.19467758444216982,0.11699336401655897,大幅流出
2013-03-31,社会服务,2609.01,591.2921804946,0.06817195496417616,0.010077323806167523,0.0023542521921442565,0.16654192998937134,0.022507354720931384,-0.12883047592765084,-0.026909466000384588,0.18786052947286477,0.17982029332473629,流入
2013-06-30,社会服务,2272.89,486.5164050536,-0.12883047592765084,0.009129379618775744,-0.0009479441873917784,-0.20503755378434907,-0.026909466000384588,0.35266114946169846,0.17598353804346695,0.41784688216323707,0.21677072995352292,中性
2013-09-30,社会服务,3074.45,1079.022705184,0.35266114946169846,0.015581846770937612,0.006452467152161868,0.5390357260290937,0.17598353804346695,-0.05088715054725235,-0.04538190485893289,0.32633804420302837,0.07460138527655014,流入
2013-12-31,社会服务,2918.0,926.8290581202,-0.05088715054725235,0.014311748385873438,-0.001270098385064174,2.1487250743682527,-0.04538190485893289,0.062076764907470716,0.08001977991667412,0.3723989033584647,-0.08345410098612102,流出
2014-03-31,社会服务,3099.14,926.8511756951,0.062076764907470716,0.010336613025057216,-0.003975135360816222,0.5675011547080058,0.08001977991667412,0.03984008466865019,0.0035664635238487064,0.8351897623211606,-0.0746198778319729,大幅流入
2014-06-30,社会服务,3222.61,635.9221691842,0.03984008466865019,0.006909165011685116,-0.0034274480133721008,0.3070929624955603,0.0035664635238487064,0.2653594446737273,0.038579830969634105,1.1868795789748066,-0.08947296089171752,中性
2014-09-30,社会服务,4077.76,1425.4267469001,0.2653594446737273,0.007709575830517142,0.0008004108188320262,0.32103498846859724,0.038579830969634105,-0.017926508671427532,-0.18578990106101892,0.320656438829161,-0.06559156116550831,中性
2014-12-31,社会服务,4004.66,1786.4657296242,-0.017926508671427532,0.005492082831156686,-0.002217492999360456,0.9275029348427208,-0.18578990106101892,0.4202229402745803,0.0904296631063139,0.784451114451664,0.2248156438021177,中性
2015-03-31,社会服务,5687.51,2279.8956001267,0.4202229402745803,0.005686705943006555,0.00019462311184986932,1.4598292152101688,0.0904296631063139,0.23911166749596924,-0.012541572170468196,0.03882015152500842,0.1179345252244498,流入
2015-06-30,社会服务,7047.46,5417.7127922435,0.23911166749596924,0.00569743343443942,1.0727491432865194e-05,7.5194589130202445,-0.012541572170468196,-0.23584951173898117,0.06581981289840255,-0.21935136914576306,0.06067265394329919,大幅流出
2015-09-30,社会服务,5385.32,4317.2198827396,-0.23584951173898117,0.007571168568889456,0.0018737351344500358,2.0287209722480175,0.06581981289840255,0.32696292885102474,0.06726055231910694,0.07751071431224145,0.019711977264823086,流入
2015-12-31,社会服务,7146.12,3902.8614980724,0.32696292885102474,0.007145479678222391,-0.00042568889066706486,1.1846831055042988,0.06726055231910694,-0.17321567507962354,-0.004724528230828834,-0.21191779595080976,-0.08899239924917149,中性
2016-03-31,社会服务,5908.3,2699.9303737374,-0.17321567507962354,0.008662581566831778,0.0015171018886093873,0.18423421387687977,-0.004724528230828834,-0.06883705972953302,-0.06312031011445433,-0.010383697510282204,-0.0712248007341321,流入
2016-06-30,社会服务,5501.59,1716.84431725,-0.06883705972953302,0.005681021109637888,-0.0029815604571938907,-0.6831053281916322,-0.06312031011445433,0.05473872098793242,0.024660365078812443,-0.03436642861427332,-0.05980431779574598,中性
2016-09-30,社会服务,5802.74,2427.0974553862998,0.05473872098793242,0.007866446531080436,0.002185425421442548,-0.43781009044966124,0.024660365078812443,-0.029470560459369244,-0.04651264590204158,-0.053921078662838365,-0.10029162420247927,中性
2016-12-31,社会服务,5631.73,2240.0338512388,-0.029470560459369244,0.00741374557037029,-0.00045270096071014544,-0.4260534604302153,-0.04651264590204158,0.03821561047848543,0.014686566670779728,-0.04169056400075988,-0.039432007660721205,中性
2017-03-31,社会服务,5846.95,1586.6450537041999,0.03821561047848543,0.006152981957107669,-0.001260763613262621,-0.4123385294903461,0.014686566670779728,-0.0914032102207133,-0.05160017206370141,-0.01813937180923371,0.03908610868279033,中性
2017-06-30,社会服务,5312.52,1115.8594269786,-0.0914032102207133,0.004533007017942589,-0.0016199749391650805,-0.35005206018565693,-0.05160017206370141,0.03337963904135899,-0.0194642133988501,0.107167596545519,0.2684349487039811,中性
2017-09-30,社会服务,5489.85,1266.4585114475,0.03337963904135899,0.0040350681311757145,-0.0004979388867668742,-0.4782003876124006,-0.0194642133988501,-0.016923959671029443,0.017984780496127957,-0.004062041767990026,0.2873382669175451,中性
2017-12-31,社会服务,5396.94,1121.3365849389,-0.016923959671029443,0.004238591791040677,0.00020352365986496274,-0.4994108752781704,0.017984780496127957,0.0637305584275536,0.09762840788290512,-0.10607492393837978,0.2526466536176695,流入
2018-03-31,社会服务,5740.89,1261.7653062754,0.0637305584275536,0.004600138161478427,0.00036154637043774984,-0.20475893248482502,0.09762840788290512,0.024553684184856372,0.15773223898086705,0.03723116102207151,0.05573008220262906,流入
2018-06-30,社会服务,5881.85,1497.298255944,0.024553684184856372,0.006335990927654583,0.001735852766176156,0.34183412331624763,0.15773223898086705,-0.07043702236541227,-0.00485141830608854,0.018432976019449775,-0.02021349388627548,中性
2018-09-30,社会服务,5467.55,1434.9057587837,-0.07043702236541227,0.007607626147873783,0.0012716352202191998,0.13300652632013432,-0.00485141830608854,-0.11761940905890211,-0.00944820682172079,0.11307075381112222,0.017771801404309753,中性
2018-12-31,社会服务,4824.46,1112.3403037353,-0.11761940905890211,0.006203985498556604,-0.0014036406493171784,-0.008022819663990655,-0.00944820682172079,0.23425834186624006,-0.07491923126483929,0.2792271052097025,-0.02651562891304546,中性
2019-03-31,社会服务,5954.63,1781.7967977797,0.23425834186624006,0.005332081273227358,-0.0008719042253292463,0.41214597430910427,-0.07491923126483929,0.005985258529917159,0.07445117323896455,-0.1716647381953201,-0.0967975190776013,中性
2019-06-30,社会服务,5990.27,1767.4399496568,0.005985258529917159,0.005107199523714565,-0.00022488174951279267,0.18041942721858328,0.07445117323896455,0.0159425201201282,0.03372944854375835,0.34002307074639393,0.25847317732207903,中性
2019-09-30,社会服务,6085.77,1412.2064118474,0.0159425201201282,0.004880288810009091,-0.00022691071370547437,-0.01581939914684105,0.03372944854375835,0.014100105656309703,-0.05255118280866046,0.7538553050805403,0.5094001893732819,流入
2019-12-31,社会服务,6171.58,1199.7742305839,0.014100105656309703,0.004526726294468896,-0.0003535625155401947,0.07860357712023203,-0.05255118280866046,-0.20078326781796552,-0.14170656438760187,0.993776310118317,0.7293135159517696,流出
2020-03-31,社会服务,4932.43,2191.2044053463,-0.20078326781796552,0.0045444662660810145,1.773997161211814e-05,0.22977233322944768,-0.14170656438760187,0.6274128573542859,0.4970817844549862,1.74474042206377,1.2417465775306151,中性
2020-06-30,社会服务,8027.1,2187.3747000354,0.6274128573542859,0.0058594641820342705,0.001314997915953256,0.2375949182659034,0.4970817844549862,0.32969067284573494,0.23984480043737885,0.6129673231926851,0.35586013098098535,流入
2020-09-30,社会服务,10673.56,5838.820102613,0.32969067284573494,0.00889134865334672,0.0030318844713124503,3.13453731241374,0.23984480043737885,0.1528252991504242,0.08548816727113026,0.054471984979706956,-0.03918479806509484,大幅流入
2020-12-31,社会服务,12304.75,3125.1780858800003,0.1528252991504242,0.006854606788856022,-0.0020367418644906985,1.6048051426800982,0.08548816727113026,0.10024502732684537,0.11262437611963315,-0.10267579593246505,-0.1806102712284444,中性
2021-03-31,社会服务,13538.24,4838.70518996,0.10024502732684537,0.009282418043029298,0.0024278112541732755,1.2082399880878691,0.11262437611963315,-0.04363861181364781,-0.09453034312364694,-0.28136892240054834,-0.2729839767452574,流入
2021-06-30,社会服务,12947.45,3845.60416896,-0.04363861181364781,0.007842253727627785,-0.001440164315401513,0.7580911806732351,-0.09453034312364694,-0.1307191763629133,-0.12139777173159709,-0.19369142186299235,-0.16245835441826065,流出
2021-09-30,社会服务,11254.97,3604.72133499,-0.1307191763629133,0.004765154609523172,-0.0030770991181046127,-0.3826284640321753,-0.12139777173159709,-0.018980059475946942,-0.0742883197790167,-0.2128321976868885,-0.07959499620012953,中性
2021-12-31,社会服务,11041.35,3443.23233859,-0.018980059475946942,0.005683710103379254,0.0009185554938560816,0.10177156116223074,-0.0742883197790167,-0.11885774837316088,-0.012807067382335488,-0.022337848179796966,0.17226732838750844,中性
2022-03-31,社会服务,9729.0,6549.0352685,-0.11885774837316088,0.012404365317679317,0.006720655214300064,0.3534685440412497,-0.012807067382335488,0.07304347826086954,0.0431249411112708,0.1322489464487614,0.13872726932874288,流入
2022-06-30,社会服务,10439.64,5712.1323109,0.07304347826086954,0.011239776748602008,-0.001164588569077309,0.48536668360352375,0.0431249411112708,-0.15135483599051314,-0.03447202713571525,-0.04640773053476943,0.03363969131702532,流出
2022-09-30,社会服务,8859.55,4423.28157988,-0.15135483599051314,0.007936581363976,-0.003303195384626008,0.22708003443829905,-0.03447202713571525,0.21842644378100462,0.17902613930782318,0.03242489742707021,0.02414682338435677,流出
2022-12-31,社会服务,10794.71,7998.7495154,0.21842644378100462,0.017092074358317413,0.009155492994341412,1.3230350812386593,0.17902613930782318,0.02046743265914519,-0.041051912615663814,-0.2201337506982586,-0.15829509668063557,大幅流入
2023-03-31,社会服务,11015.65,6837.20310524,0.02046743265914519,0.014209907003649951,-0.0028821673546674618,0.04400157044901709,-0.041051912615663814,-0.09627121413625161,-0.05313996496199594,-0.29174401873697886,-0.16987353673685102,流出
2023-06-30,社会服务,9955.16,7688.82809699,-0.09627121413625161,0.014222806343627188,1.2899339977237578e-05,0.3460521708010913,-0.05313996496199594,-0.08119809224562946,-0.04333936225131954,-0.35774312015075604,-0.20873111661639956,流入
2023-09-30,社会服务,9146.82,5339.67664613,-0.08119809224562946,0.011396834342736716,-0.002825972000890473,0.2071753854464904,-0.04333936225131954,-0.07963314026076818,-0.031006043335003876,-0.12322315296463689,-0.09778815309221506,流出
2023-12-31,社会服务,8418.43,4849.54687192,-0.07963314026076818,0.009837725921129413,-0.001559108421607303,-0.39371187176405975,-0.031006043335003876,-0.07323574585760062,-0.054243142585948534,-0.05107603199171349,-0.08233071377035803,中性
2024-03-31,社会服务,7801.9,6507.37141514,-0.07323574585760062,0.01269201294712355,0.002854287025994138,-0.048240733092632326,-0.054243142585948534,-0.18048552275727703,-0.09746175335748063,0.06816031992207033,0.007608761798910235,流入
2024-06-30,社会服务,6393.77,5585.33393527,-0.18048552275727703,0.011467450136858121,-0.0012245628102654296,-0.27357799331519317,-0.09746175335748063,0.254302234831719,0.09079300219213565,0.2913179548216466,0.0721508237451489,流出
2024-09-30,社会服务,8019.72,4893.48048209,0.254302234831719,0.011373791189670445,-9.365894718767545e-05,-0.08356239405683619,0.09079300219213565,-0.0038991386232936076,-0.014404437692458772,0.0828507728449372,-0.11148430392741661,中性
2024-12-31,社会服务,7988.45,12316.363824600001,-0.0038991386232936076,0.011107917285881397,-0.0002658739037890486,1.5396937383809202,-0.014404437692458772,0.04321614330689938,0.03844915631548052,0.09713649080860502,-0.1088621296669962,中性
2025-03-31,社会服务,8333.68,8016.9683178899995,0.04321614330689938,0.009417086840309705,-0.0016908304455716915,0.2319825942680609,0.03844915631548052,-0.009274414184370028,-0.0396499501734225,0.005822157798235748,-0.1770247823692538,流出
2025-06-30,社会服务,8256.39,7598.52817001,-0.009274414184370028,0.01029745421225142,0.0008803673719417152,0.360442948993108,-0.0396499501734225,0.0518107792873157,-0.09603510798194859,-0.12421530475183451,-0.2469116054837085,流出
2025-09-30,社会服务,8684.16,12305.87377909,0.0518107792873157,0.00897081162909656,-0.0013266425831548606,1.5147487200836194,-0.09603510798194859,0.009242114378362531,-0.011495762779802774,-0.16007074950254252,-0.14675933820855502,中性
2025-12-31,社会服务,8764.42,8629.77739452,0.009242114378362531,0.0073851979819721265,-0.0015856136471244335,-0.2993242553225509,-0.011495762779802774,-0.04361041574913105,-0.040981256808398814,,,大幅流出
2026-03-31,社会服务,8382.2,8830.65866639,-0.04361041574913105,0.0061703548413006345,-0.001214843140671492,0.10149601647847817,-0.040981256808398814,-0.1373601202548258,-0.12120260525021412,,,中性
2026-06-30,社会服务,7230.82,7281.58416004,-0.1373601202548258,0.0042480398865025505,-0.001922314954798084,-0.04171123708153379,-0.12120260525021412,0.0087486619774797,0.02418203270430138,,,中性
2026-09-30,社会服务,7294.08,4363.78517816,0.0087486619774797,0.004364647798666009,0.00011660791216345882,-0.6453900587234289,0.02418203270430138,,,,,流入
1999-12-31,纺织服饰,1000.0,1.3196192246,,0.04629804545550801,,,,0.41652,0.04632999999999998,0.62459,0.021044763135803328,
2000-03-31,纺织服饰,1416.52,573.7008891299,0.41652,0.046697137455481125,0.00039909199997311545,,0.04632999999999998,0.01640640442775254,-0.06361104434772022,0.17523225933979053,-0.001798511822362331,中性
2000-06-30,纺织服饰,1439.76,511.2322414621,0.01640640442775254,0.04662854882227001,-6.858863321111686e-05,,-0.06361104434772022,0.036617213980107755,0.037769685145446444,0.22942018114130122,0.09845142752560603,中性
2000-09-30,纺织服饰,1492.48,444.1270765699,0.036617213980107755,0.04572587442030795,-0.00090267440196206,,0.037769685145446444,0.08851709905660377,0.004196820372164484,-0.03364869210977711,0.08348010877916671,流出
2000-12-31,纺织服饰,1624.59,342.9927704165,0.08851709905660377,0.0454714252689523,-0.0002544491513556471,258.91798544801225,0.004196820372164484,0.02471392782178894,0.022921032293656184,-0.16260102548950814,0.09570056989713298,流出
2001-03-31,纺织服饰,1664.74,245.33761838110001,0.02471392782178894,0.04201204202128744,-0.003459383247664864,-0.5723597034106225,0.022921032293656184,0.06327114143950396,0.030431027440438706,-0.19423453512260178,0.07660581308517303,中性
2001-06-30,纺织服饰,1770.07,400.1436783909,0.06327114143950396,0.046961014048621436,0.004948972027333999,-0.21729569080676903,0.030431027440438706,-0.18519606569231728,0.023625426826530238,-0.19165908692876557,0.03855575471405445,流入
2001-09-30,纺织服饰,1442.26,257.0810369314,-0.18519606569231728,0.061549266559998095,0.01458825251137666,-0.4211543261066213,0.023625426826530238,-0.056737342781467914,0.015523053404694107,-0.08922801713976684,0.020504502058079997,大幅流入
2001-12-31,纺织服饰,1360.43,229.1917541877,-0.056737342781467914,0.060882402085855936,-0.0006668644741421592,-0.33178838169273983,0.015523053404694107,-0.01399557492851522,0.005094603353019457,-0.19057209852767143,-0.0006370674136345515,流出
2002-03-31,纺织服饰,1341.39,214.4748729208,-0.01399557492851522,0.042510088357398584,-0.01837231372845735,-0.12579703701353595,0.005094603353019457,0.06666964864804403,-0.005987093532885943,-0.13665675157858662,-0.03404251902166477,大幅流出
2002-06-30,纺织服饰,1430.82,276.81069268429997,0.06666964864804403,0.047528899077847915,0.005018810720449331,-0.30822175225298987,-0.005987093532885943,-0.08194601696929038,0.005833679854011786,-0.24655791783732417,-0.05002125414324459,流入
2002-09-30,纺织服饰,1313.57,159.6326711158,-0.08194601696929038,0.039548376858108886,-0.00798052221973903,-0.37905699688617367,0.005833679854011786,-0.16169675007803153,-0.005515316480381727,-0.2604048509025024,-0.06928987232016774,流出
2002-12-31,纺织服饰,1101.17,107.0497534245,-0.16169675007803153,0.03710043797086664,-0.0024479388872422486,-0.5329249352625924,-0.005515316480381727,0.051681393426991074,-0.028502439361890314,-0.17519547390502854,-0.11260777737705528,流出
2003-03-31,纺织服饰,1158.08,161.8799784515,0.051681393426991074,0.040781388356354475,0.0036809503854878384,-0.24522636965833267,-0.028502439361890314,-0.06911439624205584,-0.0224299176246701,-0.0748221193699918,-0.11333321066209684,大幅流入
2003-06-30,纺织服饰,1078.04,245.6692110461,-0.06911439624205584,0.036569437395932214,-0.004211950960422262,-0.11250100686578801,-0.0224299176246701,-0.09881822566880638,-0.014567855665730184,-0.2105394976067679,-0.07940409974375418,中性
2003-09-30,纺织服饰,971.51,138.9544024668,-0.09881822566880638,0.044636738875496795,0.008067301479564581,-0.1295365698291152,-0.014567855665730184,-0.0651151300552748,-0.051801471342178836,-0.1076056859939683,-0.05823269567299499,中性
2003-12-31,纺织服饰,908.25,175.4375634119,-0.0651151300552748,0.03268933606116966,-0.011947402814327136,0.6388413592716262,-0.051801471342178836,0.17966418937517203,-0.029296627826536137,-0.19408753096614378,-0.06023974932570241,中性
2004-03-31,纺织服饰,1071.43,370.5331930115,0.17966418937517203,0.035418414286464535,0.002729078225294876,1.2889377460753337,-0.029296627826536137,-0.20566905910792121,0.014977690457880721,-0.40682079090561224,-0.08793954640643847,中性
2004-06-30,纺织服饰,851.07,287.1137951611,-0.20566905910792121,0.04704285558923392,0.011624441302769385,0.16870076611766738,0.014977690457880721,0.018682364552856878,0.008094619917974194,-0.3588306484777986,-0.14795277205267005,流入
2004-09-30,纺织服饰,866.97,297.0669184634,0.018682364552856878,0.05751919168082276,0.010476336091588836,1.1378733828485745,0.008094619917974194,-0.15571473061351604,-0.053822230941382,-0.3344867757823223,-0.15485563057030866,大幅流入
2004-12-31,纺织服饰,731.97,215.0744793509,-0.15571473061351604,0.04308546770482304,-0.014433723975999714,0.2259317512632042,-0.053822230941382,-0.13172671011107018,-0.05790848538860929,-0.24285148298427522,-0.13234263692882625,大幅流出
2005-03-31,纺织服饰,635.55,160.2416509393,-0.13172671011107018,0.0370877643202042,-0.005997703384618844,-0.5675376620460378,-0.05790848538860929,-0.14140508221225712,-0.051807449631620234,-0.07908111084887094,-0.15174518546383492,大幅流出
2005-06-30,纺织服饰,545.68,204.3467320075,-0.14140508221225712,0.04131161949199195,0.004223855171787749,-0.2882726798521097,-0.051807449631620234,0.05735962468846223,-7.245616118958104e-05,0.4666287934320483,-0.09926113516180589,流入
2005-09-30,纺织服饰,576.98,334.3408659881,0.05735962468846223,0.04732867301426894,0.006017053522276994,0.1254732358537336,-7.245616118958104e-05,-0.03946410620818741,-0.0286179050663804,0.3591632292280498,-0.1408633552743864,流入
2005-12-31,纺织服饰,554.21,151.1718640065,-0.03946410620818741,0.03489634598048877,-0.012432327033780173,-0.2971185402250405,-0.0286179050663804,0.056079825336966094,-0.07897552995556456,0.6347413435340398,-0.17954846290871984,大幅流出
2006-03-31,纺织服饰,585.29,210.7453432632,0.056079825336966094,0.028631638619811745,-0.006264707360677024,0.3151720668618856,-0.07897552995556456,0.36737343880811224,0.0068600458623549465,1.8268892343966245,0.12364240410018244,流出
2006-06-30,纺织服饰,800.31,687.4315975247,0.36737343880811224,0.0375050606247665,0.008873422004954758,2.364044977726728,0.0068600458623549465,-0.020117204583223858,-0.04625588112408039,1.7777736127250694,0.16148818143824706,大幅流入
2006-09-30,纺织服饰,784.21,506.8484555245,-0.020117204583223858,0.038283167317226065,0.0007781066924595625,0.5159632192330925,-0.04625588112408039,0.15529003710740752,-0.07235718813301395,2.4938345596205096,0.012019543214399324,中性
2006-12-31,纺织服饰,905.99,614.7395028061001,0.15529003710740752,0.030595434046608746,-0.007687733270617319,3.066494164414536,-0.07235718813301395,0.8262342851466351,0.26138120653028507,1.8533648274263508,0.054365049407141736,流出
2007-03-31,纺织服饰,1654.55,2096.0690618776,0.8262342851466351,0.042943844972038035,0.01234841092542929,8.945980439813646,0.26138120653028507,0.3436160889667885,0.04077243735563896,0.27001299446979543,-0.1478718613919267,大幅流入
2007-06-30,纺织服饰,2223.08,5864.5169589851,0.3436160889667885,0.05306745654597231,0.010123611573934273,7.53105527895724,0.04077243735563896,0.2324792630044803,-0.1689905218553055,-0.35980711445382085,-0.1949476066020167,大幅流入
2007-09-30,纺织服饰,2739.9,3804.4415064743,0.2324792630044803,0.042163902882149655,-0.010903553663822653,6.506072998757319,-0.1689905218553055,-0.056491112814336386,-0.033542221862896626,-0.5741486915580861,-0.002340668788367752,大幅流出
2007-12-31,纺织服饰,2585.12,1644.0337393101,-0.056491112814336386,0.030111442655760698,-0.012052460226388957,1.6743583775006856,-0.033542221862896626,-0.18715572197808994,0.019436693392140547,-0.6268335705885993,-0.00884602589847768,大幅流出
2008-03-31,纺织服饰,2101.3,2449.821901084,-0.18715572197808994,0.039682667197093124,0.009571224541332427,0.16876964869159328,0.019436693392140547,-0.3227049921477181,-0.016724945799282465,-0.3056488840241755,0.039440743192748366,流入
2008-06-30,纺织服饰,1423.2,1723.6823397831001,-0.3227049921477181,0.03907764088728107,-0.0006050263098120526,-0.7060828109394032,-0.016724945799282465,-0.18016441821247897,0.029826588921784164,0.21447442383361445,0.048334002193131595,流入
2008-09-30,纺织服饰,1166.79,1046.0733634333,-0.18016441821247897,0.0373891554158652,-0.001688485471415875,-0.7250389152644036,0.029826588921784164,-0.17321883115213532,-0.039844125510697576,0.401854661078686,-0.023385292077716023,流出
2008-12-31,纺织服饰,964.68,990.933853526,-0.17321883115213532,0.03499648495367478,-0.0023926704621904174,-0.39725455151435385,-0.039844125510697576,0.512460090392669,0.06910133229102794,1.1910892731268399,0.03761522896373244,流出
2009-03-31,纺织服饰,1459.04,1937.3200447623,0.512460090392669,0.03484038677227067,-0.00015609818140410736,-0.20919963859206558,0.06910133229102794,0.18464195635486358,-0.008312229843235597,0.5811972255729798,0.04127185990633433,中性
2009-06-30,纺织服饰,1728.44,2733.4575502545,0.18464195635486358,0.0353246049440519,0.00048421817178122967,0.585824422032696,-0.008312229843235597,-0.05367267593899705,-0.04062656439033929,0.034724954294045554,0.046846727132181104,中性
2009-09-30,纺织服饰,1635.67,2920.0208296115,-0.05367267593899705,0.028862454629577212,-0.006462150314474689,1.7914111301216469,-0.04062656439033929,0.29225332738266263,0.0201283571375116,0.3501134091840042,0.0740976164622652,大幅流出
2009-12-31,纺织服饰,2113.7,3147.1987212213,0.29225332738266263,0.0346091450350702,0.005746690405492985,2.1759927365714162,0.0201283571375116,0.09146520319818352,0.07286892253383548,0.07505795524435842,0.03439477331883087,流入
2010-03-31,纺织服饰,2307.03,2631.4341705921,0.09146520319818352,0.03846749834352418,0.0038583533084539795,0.3582857296637141,0.07286892253383548,-0.22477817800375377,-0.003002830961931602,0.05903260902545685,0.009723978214916983,中性
2010-06-30,纺织服饰,1788.46,2256.4738010702,-0.22477817800375377,0.03450095342020782,-0.003966544923316356,-0.17449831958791173,-0.003002830961931602,0.23477181485747511,-0.015652727588420956,0.26742001498495904,0.0034894105599835887,流出
2010-09-30,纺织服饰,2208.34,3032.5732847511,0.23477181485747511,0.04021504435448686,0.005714090934279041,0.03854508639055654,-0.015652727588420956,0.02898557287374226,-0.017579571386713823,-0.09080576360524203,0.04504425089444539,流入
2010-12-31,纺织服饰,2272.35,3571.2298366815003,0.02898557287374226,0.03152914156800897,-0.008685902786477892,0.1347328697743151,-0.017579571386713823,0.07519528241688112,0.04728050112653711,-0.25522916804189494,0.044189097024550976,大幅流出
2011-03-31,纺织服饰,2443.22,2846.4669657077,0.07519528241688112,0.036807399561135684,0.005278257993126714,0.081716957816663,0.04728050112653711,-0.0722366385343931,-0.009158816593899902,-0.28333919990831774,-0.01354125659536047,流入
2011-06-30,纺织服饰,2266.73,2719.3042754877,-0.0722366385343931,0.0388072360662571,0.001999836505121415,0.20511227482366023,-0.009158816593899902,-0.11422622014973116,0.02510943024630896,-0.22995681003030802,-0.025889076556153686,流入
2011-09-30,纺织服饰,2007.81,2692.6069571402,-0.11422622014973116,0.04380148352928523,0.00499424746302813,-0.112104900917111,0.02510943024630896,-0.1571015185699841,-0.01838348053283173,-0.24985929943570354,-0.11241529812080545,流入
2011-12-31,纺织服饰,1692.38,1160.3271081794,-0.1571015185699841,0.029297621737373634,-0.014503861791911595,-0.6750903298742562,-0.01838348053283173,0.03461397558467949,-0.010620767754315343,-0.10146066486250147,-0.1198131093181914,大幅流出
2012-03-31,纺织服饰,1750.96,1428.9452220223,0.03461397558467949,0.028232571346561243,-0.0010650503908123908,-0.4979933934813715,-0.010620767754315343,-0.0031297117010097297,-0.021561492959473155,-0.1141316763375521,-0.13317522474941096,流出
2012-06-30,纺织服饰,1745.48,1403.5689201439,-0.0031297117010097297,0.028002290513203104,-0.00023028083335813881,-0.4838499932516108,-0.021561492959473155,-0.13711987533515135,-0.06594677655190913,-0.24552558608520295,-0.15754278908465288,中性
2012-09-30,纺织服饰,1506.14,1182.0087881606,-0.13711987533515135,0.02753058576660783,-0.00047170474659527506,-0.5610169597808646,-0.06594677655190913,0.009647177553215425,-0.02656502496896107,0.040593835898389184,-0.08594754684262916,中性
2012-12-31,纺织服饰,1520.67,1160.9963596236,0.009647177553215425,0.030461832175853576,0.002931246409245747,0.0005767782545820221,-0.02656502496896107,0.020024068338298173,-0.025640531904946605,0.08156930826543578,-0.009443397575886994,流入
2013-03-31,纺织服饰,1551.12,1684.0550376186,0.020024068338298173,0.028701153983289058,-0.001760678192564518,0.17853015753484125,-0.025640531904946605,-0.15098767342307484,-0.049066663495808585,0.06978828201557594,0.04392625120598743,中性
2013-06-30,纺织服饰,1316.92,1521.1507997562,-0.15098767342307484,0.02854407983806571,-0.00015707414522334734,0.08377349905998566,-0.049066663495808585,0.19011025726695618,0.013432645848724667,0.23383349026516417,0.03513952259022246,流入
2013-09-30,纺织服饰,1567.28,1891.9601532879,0.19011025726695618,0.027321235284131107,-0.0012228445539346038,0.6006312070082838,0.013432645848724667,0.04940406309019463,0.054909308778514083,0.34808713184625606,0.0965297195956181,中性
2013-12-31,纺织服饰,1644.71,2100.0971705832,0.04940406309019463,0.032428916668011426,0.005107681383880319,0.808874897130651,0.054909308778514083,0.008913425467103497,0.026856440476306906,0.33267262921730895,-0.09615168199858155,流入
2014-03-31,纺织服饰,1659.37,2124.8911954472,0.008913425467103497,0.023697631921561414,-0.008731284746450012,0.2617706357459557,0.026856440476306906,-0.020797049482634944,-0.057070670627436426,0.938814128253494,0.001682954397546035,流入
2014-06-30,纺织服饰,1624.86,1321.200606986,-0.020797049482634944,0.014354575842064558,-0.009343056079496856,-0.13144666051666065,-0.057070670627436426,0.30031510407050455,0.07353549036641135,1.6549979690557954,0.1571316127759815,流出
2014-09-30,纺织服饰,2112.83,3058.6325622632,0.30031510407050455,0.016542947385923944,0.002188371543859386,0.6166474526156507,0.07353549036641135,0.03740480776967403,-0.13045858461991736,0.44993208161565307,0.09057785774217574,流入
2014-12-31,纺织服饰,2191.86,4432.9106538816,0.03740480776967403,0.013627976227316763,-0.002914971158607182,1.1108121643012239,-0.13045858461991736,0.4677990382597428,0.1380057610914764,0.8917038496984296,0.3718220902905876,中性
2015-03-31,纺织服饰,3217.21,5365.5632742159,0.4677990382597428,0.013383235862802493,-0.0002447403645142697,1.5251002431146476,0.1380057610914764,0.3409134001199796,0.08926016045354218,0.08502398040538212,0.21796954658099402,中性
2015-06-30,纺织服饰,4314.0,16390.1974825511,0.3409134001199796,0.017236435875273022,0.003853200012470529,11.405532813023282,0.08926016045354218,-0.2898794622160408,0.011789862421342945,-0.21872971719981465,0.08600377162553521,流入
2015-09-30,纺织服饰,3063.46,12394.1306639676,-0.2898794622160408,0.021735759370725687,0.0044993234954526645,3.0521803164211088,0.011789862421342945,0.35348592767654874,0.09378355114463094,0.1188558035685138,0.05927110987835744,大幅流入
2015-12-31,纺织服饰,4146.35,11872.5956372475,0.35348592767654874,0.021736715713740678,9.563430149912844e-07,1.6782844420406868,0.09378355114463094,-0.1581149685868295,0.010376178261965213,-0.13564219132490038,-0.0038786988119808635,中性
2016-03-31,纺织服饰,3490.75,6622.2067305159,-0.1581149685868295,0.021246994557162543,-0.0004897211565781344,0.23420531863612037,0.010376178261965213,-0.03447683162644133,-0.02876008201136264,-0.012134928024063593,-0.07459082233572832,中性
2016-06-30,纺织服饰,3370.4,6278.2245143035,-0.03447683162644133,0.02077458371643992,-0.00047241084072262296,-0.6169524790053775,-0.02876008201136264,0.016962378352717744,-0.013115977556402234,-0.08929207215760736,-0.1139665864722033,中性
2016-09-30,纺织服饰,3427.57,5965.0387499134,0.016962378352717744,0.019333240318752762,-0.0014413433976871587,-0.5187206822617217,-0.013115977556402234,0.04561832435223789,0.02857623890956556,-0.12210691539487149,-0.16730445761283924,流出
2016-12-31,纺织服饰,3583.93,6315.4233409482,0.04561832435223789,0.020901890296467888,0.001568649977715126,-0.4680671747014584,0.02857623890956556,-0.03781881900595152,-0.06134786281365722,-0.23848680080247092,-0.23746422854984556,中性
2017-03-31,纺织服饰,3448.39,4930.1178688969,-0.03781881900595152,0.019118911455915405,-0.0017829788405524828,-0.2555173721505336,-0.06134786281365722,-0.10988896267533543,-0.07008592451832354,-0.24065143443752,-0.193034037449429,流出
2017-06-30,纺织服饰,3069.45,4116.9920030711,-0.10988896267533543,0.016724645767672238,-0.002394265688243167,-0.3442426288369467,-0.07008592451832354,-0.019681050351040064,-0.07252490279124915,-0.24504064246037566,-0.11646891236303855,中性
2017-09-30,纺织服饰,3009.04,3215.373578342,-0.019681050351040064,0.010244513609027183,-0.006480132158645055,-0.4609635053269888,-0.07252490279124915,-0.09299643740196206,-0.05808769723480466,-0.3463463430197007,-0.1289640087136439,流出
2017-12-31,纺织服饰,2729.21,2437.8808407526,-0.09299643740196206,0.00921505804585191,-0.0010294555631752723,-0.6139798222320635,-0.05808769723480466,-0.0405538599081785,-0.006656010452826974,-0.34326416801931703,-0.05725936614922383,中性
2018-03-31,纺织服饰,2618.53,2417.5197685913,-0.0405538599081785,0.008813782474692658,-0.0004012755711592531,-0.509642602290924,-0.006656010452826974,-0.11503400763023541,0.018144547165775265,-0.13982654390058563,-0.10078975719646886,中性
2018-06-30,纺织服饰,2317.31,2385.2360248197,-0.11503400763023541,0.010093402402345237,0.001279619927652579,-0.42063622590463723,0.018144547165775265,-0.15122706931744134,-0.08564146525811761,-0.15479586244395446,-0.1715447434244412,中性
2018-09-30,纺织服饰,1966.87,1929.5208621049,-0.15122706931744134,0.010229991254519696,0.00013658885217445946,-0.3999077198675456,-0.08564146525811761,-0.08871964085069173,0.019451561386489596,-0.04575289673440535,-0.11563714010046235,中性
2018-12-31,纺织服饰,1792.37,2195.6683659128003,-0.08871964085069173,0.012246157633612137,0.0020161663790924413,-0.09935369719096931,0.019451561386489596,0.25665459698611337,-0.05252297614496598,0.07093401474026008,-0.1706269316502702,流入
2019-03-31,纺织服饰,2252.39,3329.726541413,0.25665459698611337,0.009964308252523583,-0.002281849381088554,0.3773316705299363,-0.05252297614496598,-0.13043478260869568,-0.06196886789964828,-0.17862359538090658,-0.10460936083260637,流出
2019-06-30,纺织服饰,1958.6,2930.7384026141,-0.13043478260869568,0.00846867005403446,-0.0014956381984891232,0.22869953837613788,-0.06196886789964828,-0.04172368017972006,-0.02393675175608991,-0.07816807924027364,-0.1928548259197247,流出
2019-09-30,纺织服饰,1876.88,1758.5155182986,-0.04172368017972006,0.00607706036042793,-0.00239160969360653,-0.08862580714455282,-0.02393675175608991,0.02271322620519145,-0.04393806225977871,-0.018045905971612528,-0.23017767158415436,流入
2019-12-31,纺织服饰,1919.51,2215.8152277648,0.02271322620519145,0.008360230449628818,0.002283170089200888,0.009175730800140336,-0.04393806225977871,-0.03618110872045477,0.02289559470990888,-0.07078889925032937,-0.2749614408846359,流入
2020-03-31,纺织服饰,1850.06,5748.979840715,-0.03618110872045477,0.011923143676949724,0.003562913227320906,0.7265621573462209,0.02289559470990888,-0.02408570532847576,-0.15441677822777541,-0.02383165951374523,-0.27353760242459196,流入
2020-06-30,纺织服饰,1805.5,3907.1369615172,-0.02408570532847576,0.010466304232165498,-0.0014568394447842265,0.33315786834887473,-0.15441677822777541,0.02077540847410697,-0.06907046393424912,0.06958737191913628,-0.12505139428010154,流出
2020-09-30,纺织服饰,1843.01,4533.6017178365,0.02077540847410697,0.006903763572139585,-0.0035625406600259127,1.5780845665910603,-0.06907046393424912,-0.03221903299493756,-0.0995561648742315,-0.05790527452374099,-0.1462050257052817,流出
2020-12-31,纺织服饰,1783.63,4442.95015932,-0.03221903299493756,0.009744941084228891,0.002841177512089306,1.00510859554017,-0.0995561648742315,0.012525019202413112,0.024904367995200898,0.03389155822676233,-0.04538498987553027,流入
2021-03-31,纺织服饰,1805.97,3607.34176896,0.012525019202413112,0.006920209644730254,-0.0028247314394986376,-0.3725248880832125,0.024904367995200898,0.06930901399248057,0.018417282682481446,-0.08438124664307825,-0.0660226476517777,流出
2021-06-30,纺织服饰,1931.14,6315.12963861,0.06930901399248057,0.012878301242905978,0.005958091598175725,0.6163061855291965,0.018417282682481446,-0.10089895087875567,-0.09157754624743945,-0.14927452178505968,-0.11629064582558332,大幅流入
2021-09-30,纺织服饰,1736.29,4896.97559077,-0.10089895087875567,0.006473411850889955,-0.006404889392016023,0.08015125623053354,-0.09157754624743945,0.062080643210523645,0.00677238290745389,-0.15503746493961257,-0.01758034059043949,大幅流出
2021-12-31,纺织服饰,1844.08,4558.1268576,0.062080643210523645,0.007524055633037639,0.0010506437821476838,0.025923472951501214,0.00677238290745389,-0.10330354431478028,0.002747136676045106,-0.1465934232788164,0.008299871226325905,中性
2022-03-31,纺织服饰,1653.58,4684.92733721,-0.10330354431478028,0.00887360470587996,0.0013495490728423218,0.29872012059469166,0.002747136676045106,-0.006476856275475007,-0.03639539342507375,-0.012808572914524542,-0.018848444474198752,中性
2022-06-30,纺织服饰,1642.87,4438.34839772,-0.006476856275475007,0.008733349020591615,-0.00014025568528834575,-0.29718807820120874,-0.03639539342507375,-0.10698959747271541,0.009893211382082476,-0.01042687492010912,0.05797217846777493,中性
2022-09-30,纺织服饰,1467.1,4585.45434432,-0.10698959747271541,0.008227563820497318,-0.000505785200094297,-0.06361502945556163,0.009893211382082476,0.07269443119078467,0.033294126717603234,0.10151318928498419,0.08101206748081849,中性
2022-12-31,纺织服饰,1573.75,4338.0775812,0.07269443119078467,0.009269792040276465,0.0010422282197791472,-0.04827625102910427,0.033294126717603234,0.037267672756155834,-0.02425167251865317,0.0033741064336775895,0.07311959845724317,中性
2023-03-31,纺织服饰,1632.4,4770.2588629,0.037267672756155834,0.009914132106620602,0.000644340066344137,0.018214055319973887,-0.02425167251865317,-0.004079882381769262,0.039051366792486414,-0.060812300906640485,0.08868973065736867,流入
2023-06-30,纺织服饰,1625.74,3662.84360532,-0.004079882381769262,0.00677553387958484,-0.003138598227035762,-0.1747282373773048,0.039051366792486414,-0.005972664755741985,0.031886065238567934,-0.19048556349723816,-0.013587313683699226,流出
2023-09-30,纺织服饰,1616.03,3395.23886874,-0.005972664755741985,0.00724668879886112,0.00047115491927627977,-0.25956325943018477,0.031886065238567934,-0.022877050549804157,0.025750046375960144,-0.10663787182168644,-0.10765944994871099,中性
2023-12-31,纺织服饰,1579.06,4018.08245756,-0.022877050549804157,0.008151028331090944,0.0009043395322298241,-0.073764269460456,0.025750046375960144,-0.029086925132673747,-0.01009432186102166,-0.05321520398211589,-0.10826916220253954,流入
2024-03-31,纺织服饰,1533.13,5442.58370468,-0.029086925132673747,0.010615245148738154,0.0024642168176472103,0.1409409554288361,-0.01009432186102166,-0.1415861668612578,-0.0585623974614614,-0.03366968228395506,-0.11161659005319743,中性
2024-06-30,纺织服饰,1316.06,3759.04267353,-0.1415861668612578,0.007717825813210449,-0.0028974193355277055,0.026263493224301993,-0.0585623974614614,0.09698645958390961,-0.06652277305567372,0.19855477713782038,-0.023960301321723106,大幅流出
2024-09-30,纺织服饰,1443.7,2932.60867614,0.09698645958390961,0.006816187138277174,-0.0009016386749332748,-0.13625851095763564,-0.06652277305567372,0.03555447807716283,0.02504917900799767,0.11983098981782918,-0.08292060726285494,中性
2024-12-31,纺织服饰,1495.03,8131.2430483,0.03555447807716283,0.007333428639994553,0.0005172415017173793,1.023662563967823,0.02504917900799767,-0.009043296790030908,-0.013810283781449766,0.13183681932804023,-0.08214250157050734,中性
2025-03-31,纺织服饰,1481.51,6315.51889255,-0.009043296790030908,0.007418488822020559,8.50601820260059e-05,0.16038985070994416,-0.013810283781449766,0.0647042544431018,0.03432871845404932,0.12192290298411744,-0.08333733130816018,流入
2025-06-30,纺织服饰,1577.37,8412.27682644,0.0647042544431018,0.01140023877031117,0.0039817499482906115,1.2378774483398702,0.03432871845404932,0.0249339089750662,-0.12291197829419809,-0.054039318612627237,-0.19008928117054077,流入
2025-09-30,纺织服饰,1616.7,10450.26546529,0.0249339089750662,0.0076180988563741125,-0.0037821399139370583,2.5634708272925786,-0.12291197829419809,0.04665676996350587,0.025918892805340567,-0.052570050102059715,-0.037845790186767043,流出
2025-12-31,纺织服饰,1692.13,9293.01010474,0.04665676996350587,0.007952779815103186,0.00033468095872907395,0.14287693155143,0.025918892805340567,-0.01772322457494402,-0.015094065634211788,,,中性
2026-03-31,纺织服饰,1662.14,8454.16567389,-0.01772322457494402,0.0059072832577697285,-0.002045496557333458,0.3386335814564376,-0.015094065634211788,-0.10228380280842764,-0.08612628780381595,,,流出
2026-06-30,纺织服饰,1492.13,7730.734917,-0.10228380280842764,0.004510072198247254,-0.0013972110595224744,-0.08101753229255326,-0.08612628780381595,0.026525838901436227,0.04195920962825791,,,流入
2026-09-30,纺织服饰,1531.71,4702.83517459,0.026525838901436227,0.004703764817524369,0.00019369261927711535,-0.5499793579205987,0.04195920962825791,,,,,流入
1999-12-31,综合,1000.0,2.2790950563,,0.07996067694905344,,,,0.39026000000000005,0.020070000000000032,0.5048299999999998,-0.059080786594023334,
2000-03-31,综合,1390.26,830.1033768997,0.39026000000000005,0.06756735474496946,-0.012393322204083984,,0.020070000000000032,0.06705939896134527,-0.012958049814127487,0.046092097880971634,-0.11019581281414538,大幅流出
2000-06-30,综合,1483.49,539.3680611015,0.06705939896134527,0.04919476498257766,-0.018372589762391797,,-0.012958049814127487,-0.03950818677577872,-0.03835571561044003,0.0788478520246175,-0.0375454174305499,大幅流出
2000-09-30,综合,1424.88,484.4277467438,-0.03950818677577872,0.04987509990247909,0.0006803349199014305,,-0.03835571561044003,0.05610998820953328,-0.028210290474906002,-0.11430436247262944,-0.0018085744134294407,中性
2000-12-31,综合,1504.83,347.4491375294,0.05610998820953328,0.046062217208675066,-0.0038128826938040247,151.4504809788262,-0.028210290474906002,-0.03355196268016991,-0.03534485820830267,-0.26371749632848895,-0.023975524464961855,流出
2001-03-31,综合,1454.34,218.2564250643,-0.03355196268016991,0.03737461120607228,-0.008687606002602787,-0.7370731993893918,-0.03534485820830267,0.10047169162644232,0.06763157762737707,-0.2445989245980995,0.022544575426460083,大幅流出
2001-06-30,综合,1600.46,419.3460711782,0.10047169162644232,0.049214614158156623,0.011840002952084344,-0.22252335386376132,0.06763157762737707,-0.21147045224497962,-0.002648959726132105,-0.2658860577583945,-0.04529212438977764,大幅流入
2001-09-30,综合,1262.01,161.7118277596,-0.21147045224497962,0.0387163694043138,-0.010498244753842825,-0.6661796752011302,-0.002648959726132105,-0.12205133081354347,-0.04979093462738145,-0.15435693853455992,-0.04648453419832977,大幅流出
2001-12-31,综合,1107.98,155.6496722397,-0.12205133081354347,0.041346714079723505,0.002630344675409707,-0.5520217049710493,-0.04979093462738145,-0.008456831350746485,0.010633346930788191,-0.21592447517103194,-0.026413463810723337,中性
2002-03-31,综合,1098.61,204.1770988794,-0.008456831350746485,0.040469013436020294,-0.0008777006437032109,-0.06450818655511337,0.010633346930788191,0.06946050008647298,-0.0031962420944569997,-0.14952530925442142,-0.04115792818326105,流出
2002-06-30,综合,1174.92,220.0140705863,0.06946050008647298,0.03777681582744675,-0.002692197608573546,-0.4753400932834647,-0.0031962420944569997,-0.09167432676267318,-0.003894629939371008,-0.26585639873353084,-0.06707538714970791,中性
2002-09-30,综合,1067.21,163.9882375361,-0.09167432676267318,0.04062745159272629,0.0028506357652795383,0.014076952861383107,-0.003894629939371008,-0.18597089607481188,-0.029789462477162076,-0.2287085016069939,-0.02733453208094882,中性
2002-12-31,综合,868.74,122.575697507,-0.18597089607481188,0.0424812941330267,0.00185384254030041,-0.2124898450268896,-0.029789462477162076,0.07551166056587699,-0.004672172223004395,-0.15593848562285612,-0.09356723806703053,流入
2003-03-31,综合,934.34,148.8420310818,0.07551166056587699,0.037496821604248394,-0.004984472528778303,-0.27101505556352534,-0.004672172223004395,-0.07682428238114614,-0.030139803763760395,-0.04815163644925824,-0.08576619514808624,流出
2003-06-30,综合,862.56,228.6993859065,-0.07682428238114614,0.034043370106425316,-0.0034534514978230776,0.03947618121447927,-0.030139803763760395,-0.04571276201075858,0.03853760799231762,-0.23408226674086435,-0.09176853202125027,流入
2003-09-30,综合,823.13,166.5625517262,-0.04571276201075858,0.053505387349027655,0.01946201724260234,0.015698163653556696,0.03853760799231762,-0.10916866108634116,-0.09585500237324518,-0.24122556582799795,-0.18249064715481852,大幅流入
2003-12-31,综合,733.27,187.4554709725,-0.10916866108634116,0.03492863653571032,-0.018576750813317333,0.5293037264731442,-0.09585500237324518,0.21285474654629266,0.0038939293445844902,-0.2390524636218582,-0.10009263623848136,大幅流出
2004-03-31,综合,889.35,306.1034908418,0.21285474654629266,0.02925972748906031,-0.0056689090466500135,1.0565662038942003,0.0038939293445844902,-0.25715410130994554,-0.0365073517441436,-0.43399111710800026,-0.12512836849500636,流出
2004-06-30,综合,660.65,157.8893749178,-0.25715410130994554,0.025869767278736498,-0.0033899602103238113,-0.3096204684067211,-0.0365073517441436,-0.054612881253310985,-0.06520062588819367,-0.3330356467115718,-0.1238138556350732,流出
2004-09-30,综合,624.57,121.9589083084,-0.054612881253310985,0.023614133342279325,-0.002255633936457172,-0.26778914561251843,-0.06520062588819367,-0.10661735273868422,-0.004724853066550183,-0.24879517107770138,-0.0558014671391263,流出
2004-12-31,综合,557.98,124.7976095668,-0.10661735273868422,0.02500047143137244,0.0013863380890931157,-0.3342546423459254,-0.004724853066550183,-0.09785296964048895,-0.024034744918028067,-0.21789311444854656,-0.10731059194505685,中性
2005-03-31,综合,503.38,107.5174653637,-0.09785296964048895,0.024884806118386355,-0.00011566531298608587,-0.6487545272090117,-0.024034744918028067,-0.1246573165401883,-0.03505968395955142,-0.03464579442965548,-0.10502473514848842,中性
2005-06-30,综合,440.63,97.5902022874,-0.1246573165401883,0.01972925753907149,-0.005155548579314866,-0.3819077291413233,-0.03505968395955142,0.06479359099471216,0.007361510145060347,0.5841408891813995,-0.0020927148342308505,大幅流出
2005-09-30,综合,469.18,192.0708480608,0.06479359099471216,0.02718919309064207,0.007459935551570582,0.5748816607566418,0.007361510145060347,-0.0698665757278657,-0.05902037458605869,0.5600409224604632,0.012860031534553508,大幅流入
2005-12-31,综合,436.4,84.0839766445,-0.0698665757278657,0.01940985222141367,-0.0077793408692284,-0.32623728181674305,-0.05902037458605869,0.11351970669110911,-0.021535648601421542,0.7312786434463798,-0.13395665237677779,大幅流出
2006-03-31,综合,485.94,109.3732904325,0.11351970669110911,0.014859339133354302,-0.004550513088059368,0.017260684694549777,-0.021535648601421542,0.43643248137630164,0.07591908843054435,1.9506111865662434,0.17976842571227428,中性
2006-06-30,综合,698.02,341.8051822305,0.43643248137630164,0.018648290430021516,0.003788951296667214,2.5024538756861547,0.07591908843054435,0.04859459614337713,0.0224559196025206,1.9222371851809414,0.22785808353776965,流入
2006-09-30,综合,731.94,323.3384323128,0.04859459614337713,0.024422328152329052,0.005774037722307536,0.6834331475979494,0.0224559196025206,0.032229417711834296,-0.19541780752858717,2.3730906904937568,-0.02859227454947156,大幅流入
2006-12-31,综合,755.53,444.1591357418,0.032229417711834296,0.02210569108013427,-0.0023166370721947813,4.282327899638568,-0.19541780752858717,0.897767130358821,0.332914051742471,2.020224213466044,0.14358989005520054,中性
2007-03-31,综合,1433.82,1452.3211580123,0.897767130358821,0.02975486628452177,0.007649175204387498,12.278572421743164,0.332914051742471,0.42261929670390996,0.1197756450927604,0.29187066716882176,-0.12629992502642612,流入
2007-06-30,综合,2039.78,3541.458921502,0.42261929670390996,0.03204632516889799,0.0022914588843762247,9.361045138027718,0.1197756450927604,0.2103756287442764,-0.1910941561155094,-0.4021021874908079,-0.24753862104686034,流入
2007-09-30,综合,2468.9,3342.2068085123,0.2103756287442764,0.03704104348729167,0.004994718318393675,9.336559080236475,-0.1910941561155094,-0.07575438454372396,-0.0528054935922842,-0.6336789663412856,-0.11483313966323523,大幅流入
2007-12-31,综合,2281.87,1638.0476798275001,-0.07575438454372396,0.03000180446371245,-0.007039239023579218,2.687974755020541,-0.0528054935922842,-0.18824911147436096,0.018343303895869523,-0.6591830384728314,-0.07177276300295056,大幅流出
2008-03-31,综合,1852.31,2481.5924913575,-0.18824911147436096,0.040197293080681096,0.010195488616968645,0.7087078003834211,0.018343303895869523,-0.34158969071051826,-0.03560964436208264,-0.31524960724716716,0.08247472404649614,大幅流入
2008-06-30,综合,1219.58,1789.3083212224,-0.34158969071051826,0.040565448980669695,0.0003681558999885995,-0.49475389637908873,-0.03560964436208264,-0.2584250315682448,-0.048434024433981676,0.2580396529952933,0.1411813651638669,流入
2008-09-30,综合,904.41,1249.4819171232,-0.2584250315682448,0.04465946196670489,0.004094012986035192,-0.6261506278005053,-0.048434024433981676,-0.1401023871916497,-0.006727681550211945,0.5531230304839619,0.11359524807793307,流入
2008-12-31,综合,777.7,994.2562565031,-0.1401023871916497,0.035113821166767506,-0.009545640799937381,-0.3930236166215849,-0.006727681550211945,0.6309245210235306,0.18756576292188948,1.2685868586858682,0.10308117364021763,大幅流出
2009-03-31,综合,1268.37,2173.8288027823,0.6309245210235306,0.03909371426285429,0.003979893096086783,-0.124018624994648,0.18756576292188948,0.20964702728699036,0.016692841088891186,0.5907345648351824,0.04497479969724986,大幅流入
2009-06-30,综合,1534.28,2938.1074234554,0.20964702728699036,0.03796930521459352,-0.0011244090482607702,0.6420352985606057,0.016692841088891186,-0.08448262377141058,-0.07143651222275282,-0.03591261047527173,-0.018537797856759335,流出
2009-09-30,综合,1404.66,2880.9587203503997,-0.08448262377141058,0.02847635178234715,-0.009492953432246369,1.3057226206070291,-0.07143651222275282,0.25601925021001515,-0.016105720035135884,0.3742827445787591,0.11470295474361357,大幅流出
2009-12-31,综合,1764.28,2786.8244680985,0.25601925021001515,0.030646177997389112,0.002169826215041963,1.802923743120354,-0.016105720035135884,0.14360532341805166,0.12500904275370361,0.16012197610356615,0.1484972638462391,流出
2010-03-31,综合,2017.64,2984.852286741,0.14360532341805166,0.043633924678434244,0.012987746681045131,0.3730852599434993,0.12500904275370361,-0.26687615233639306,-0.04510080529457089,0.10285779425467349,0.08135674279504389,大幅流入
2010-06-30,综合,1479.18,2095.051694403,-0.26687615233639306,0.03203284739545561,-0.011601077282978635,-0.28693836117840543,-0.04510080529457089,0.3050473911221081,0.05462284867621203,0.43443664733162946,0.1512494954167495,大幅流出
2010-09-30,综合,1930.4,2323.892515071,0.3050473911221081,0.030817207629760777,-0.0012156397656948315,-0.19336139783760797,0.05462284867621203,0.060288023207625274,0.013722878947169191,-0.0668307086614173,0.07888393633565785,中性
2010-12-31,综合,2046.78,2780.1113774291,0.060288023207625274,0.02454463285825531,-0.006272574771505467,-0.002408867421054506,0.013722878947169191,0.08715641153421472,0.05924163024387071,-0.2710989945182187,0.029063912809293834,流出
2011-03-31,综合,2225.17,1898.1572430153,0.08715641153421472,0.02454489474679621,2.618885408985083e-07,-0.36406995701358613,0.05924163024387071,-0.04645937164351488,0.016618450296978324,-0.3140793737107726,-0.05004151900084741,流出
2011-06-30,综合,2121.79,1800.7378890665,-0.04645937164351488,0.025698360049069557,0.001153465302273348,-0.1404804502546496,0.016618450296978324,-0.15100457632470687,-0.011668925928666751,-0.2895668280084267,-0.09436450964015701,中性
2011-09-30,综合,1801.39,1780.5991131033,-0.15100457632470687,0.02896556532992465,0.0032672052808550914,-0.233785942527166,-0.011668925928666751,-0.17180621631073778,-0.0330881782735854,-0.22674157178623167,-0.08802710555171972,中性
2011-12-31,综合,1491.9,942.9370414741,-0.17180621631073778,0.023808642035962075,-0.005156923293962574,-0.6608276024012827,-0.0330881782735854,0.02305114283799181,-0.02218360050100302,-0.030799651451169495,-0.055079741996787536,大幅流出
2012-03-31,综合,1526.29,868.205886659,0.02305114283799181,0.017153690890903975,-0.0066549511450581,-0.5426059195813411,-0.02218360050100302,-0.012382967850146365,-0.03081474910860979,0.04429040352750811,0.02110050241517348,大幅流出
2012-06-30,综合,1507.39,980.5365041514,-0.012382967850146365,0.01956246512300447,0.002408774232100494,-0.4554807170411077,-0.03081474910860979,-0.07592593821108007,-0.004752839427837843,-0.059831894864633445,0.04415377015828114,中性
2012-09-30,综合,1392.94,740.4662694142,-0.07592593821108007,0.01724646241345711,-0.0023160027095473594,-0.5841476815498995,-0.004752839427837843,0.03805619768259949,0.0018439951604229954,0.22728904331844874,0.08019720789278063,中性
2012-12-31,综合,1445.95,681.4592854538,0.03805619768259949,0.017879899636292353,0.0006334372228352439,-0.2773013939631961,0.0018439951604229954,0.10231335799993091,0.05664875775668613,0.12359348525191054,0.03061088000096042,中性
2013-03-31,综合,1593.89,1403.5459907174,0.10231335799993091,0.023920470948011474,0.006040571311719121,0.6166050153362554,0.05664875775668613,-0.11085457591176306,-0.008933565984496808,0.0913864821286285,0.06183266859217604,流入
2013-06-30,综合,1417.2,1308.7817655071,-0.11085457591176306,0.024559018876515563,0.0006385479285040893,0.33476087832117796,-0.008933565984496808,0.20627998871013253,0.029602377291901016,0.260259666948913,0.06117402007643546,流入
2013-09-30,综合,1709.54,1929.8101932624,0.20627998871013253,0.027867816482397872,0.0033087976058823083,1.6062094560892253,0.029602377291901016,-0.049650783251634856,-0.0441455375633154,0.35219415749265875,0.10023075398604009,中性
2013-12-31,综合,1624.66,1642.9005858281,-0.049650783251634856,0.025369057650247384,-0.0024987588321504876,1.4108565557721517,-0.0441455375633154,0.0707163344946018,0.0886593495038052,0.4560031021875344,-0.015345166135282954,流出
2014-03-31,综合,1739.55,1898.3696420149,0.0707163344946018,0.02117137344440244,-0.004197684205844945,0.35255250242607206,0.0886593495038052,0.02672530252076677,-0.009548318624034713,0.8190853956482997,-0.08836505672287656,流入
2014-06-30,综合,1786.04,1246.9417219032,0.02672530252076677,0.013547768161056958,-0.007623605283345481,-0.047250080367630676,-0.009548318624034713,0.29427672392555615,0.06749711022146296,1.3681720454189157,-0.0013528267918232388,流出
2014-09-30,综合,2311.63,3122.3587535619,0.29427672392555615,0.016887617433175277,0.00333984927211832,0.6179615821613327,0.06749711022146296,0.023308228392952213,-0.14455516399663917,0.27758335027664466,-0.06458382207675778,流入
2014-12-31,综合,2365.51,4421.9182700312,0.023308228392952213,0.013594182641681642,-0.003293434791493636,1.691531251601778,-0.14455516399663917,0.3377199842740042,0.007926707105737785,0.711804219808836,0.2153042782573923,中性
2015-03-31,综合,3164.39,4648.2913281834,0.3377199842740042,0.011594156293532647,-0.0020000263481489942,1.4485701969242282,0.007926707105737785,0.3366399211222384,0.08498668145580096,0.019393943224444696,0.16368390619626863,流出
2015-06-30,综合,4229.65,12085.6322992243,0.3366399211222384,0.012709622709517506,0.0011154664159848584,8.692219040339808,0.08498668145580096,-0.30176255718558265,-9.323254819892934e-05,-0.2498055394654404,0.061142074513679534,流出
2015-09-30,综合,2953.3,7037.9287699963,-0.30176255718558265,0.01234251359457403,-0.00036710911494347576,1.2540423203988418,-9.323254819892934e-05,0.3711068973690448,0.11140452083712699,0.17819388480682624,0.13183062888292188,流出
2015-12-31,综合,4049.29,9971.5876754941,0.3711068973690448,0.018256291474869596,0.005913777880295566,1.2550366303861473,0.11140452083712699,-0.20337639438024935,-0.03488524753145464,-0.12887197508699064,0.015039532169361578,大幅流入
2016-03-31,综合,3225.76,5002.8217823489,-0.20337639438024935,0.016051284942555765,-0.002205006532313831,0.07627113473200797,-0.03488524753145464,-0.0163372352561878,-0.010620485641109107,0.057087322057437495,-0.008062037390536667,流出
2016-06-30,综合,3173.06,4976.4704321489,-0.0163372352561878,0.01646709214834994,0.00041580720579417405,-0.5882325137040362,-0.010620485641109107,0.09659445456436377,0.0665160986552438,-0.047752012253156215,-0.07169714556307574,流入
2016-09-30,综合,3479.56,6963.5602641517,0.09659445456436377,0.022569540568854945,0.006102448420505006,-0.0105668170672093,0.0665160986552438,0.013763234431939608,-0.0032788510107327265,-0.07766786605202952,-0.12149846550694554,大幅流入
2016-12-31,综合,3527.45,5595.8847615528,0.013763234431939608,0.01852046380474185,-0.004049076764113094,-0.4388170727009608,-0.0032788510107327265,-0.033321521212207106,-0.056850565019912806,-0.21469900352946164,-0.20846030024611778,流出
2017-03-31,综合,3409.91,3764.8294234852,-0.033321521212207106,0.014599943106500975,-0.003920520698240875,-0.24745881678848136,-0.056850565019912806,-0.11389450161441206,-0.07409146345740017,-0.2777434008522219,-0.22539521345269928,大幅流出
2017-06-30,综合,3021.54,2719.7286272791002,-0.11389450161441206,0.011048478559469985,-0.0035514645470309907,-0.45348241000103995,-0.07409146345740017,0.062143807462419876,0.009299955022210787,-0.368987337582822,-0.2409287761908463,中性
2017-09-30,综合,3209.31,4282.8464160287,0.062143807462419876,0.013645592751621636,0.0025971141921516516,-0.3849631146187207,0.009299955022210787,-0.13685184665862749,-0.10194310649147009,-0.456004561728222,-0.26201787662273973,流入
2017-12-31,综合,2770.11,2739.7603703696,-0.13685184665862749,0.010356146380348335,-0.0032894463712733017,-0.5103972853062569,-0.10194310649147009,-0.11092700289880197,-0.07702915344345045,-0.3930349336307945,-0.11971034224260316,流出
2018-03-31,综合,2462.83,2121.0834934787,-0.11092700289880197,0.007733036463679456,-0.002623109916668878,-0.43660568517466647,-0.07702915344345045,-0.2258377557525285,-0.09265920095651783,-0.08419988387343015,-0.015463435288961814,流出
2018-06-30,综合,1906.63,1550.6835355888,-0.2258377557525285,0.006561896919434758,-0.0011711395442446986,-0.42983887435116963,-0.09265920095651783,-0.08432679649433827,-0.018741192435014542,0.05173001578701678,0.039001360498466746,流出
2018-09-30,综合,1745.85,964.7397598833,-0.08432679649433827,0.005114886032238733,-0.0014470108871960244,-0.7747433211070264,-0.018741192435014542,-0.036939026835066,0.07123217540211532,0.10157802789472183,0.034343245331672045,流出
2018-12-31,综合,1681.36,1797.7439364626,-0.036939026835066,0.010026767235241815,0.004911881203003081,-0.3438316883822653,0.07123217540211532,0.3414497787505353,0.03227220561945593,0.2612706380549081,0.0003454455152896528,大幅流入
2019-03-31,综合,2255.46,3076.090547898,0.3414497787505353,0.009205294804456449,-0.0008214724307853659,0.4502449136752429,0.03227220561945593,-0.11093080790614773,-0.04246489319710034,-0.08329564700770557,0.0020741402947223354,中性
2019-06-30,综合,2005.26,3025.7561807595,-0.11093080790614773,0.008743233696993211,-0.0004620611074632377,0.9512402829572892,-0.04246489319710034,-0.04092736104046357,-0.023140432616833424,0.13801202836539925,0.018649984628451785,中性
2019-09-30,综合,1923.19,1168.5079218634,-0.04092736104046357,0.004038118002889471,-0.00470511569410374,0.21121567748461922,-0.023140432616833424,0.10267316281802641,0.036021874353056246,0.21236071319006464,-0.028248642688914898,流出
2019-12-31,综合,2120.65,1514.8548332489,0.10267316281802641,0.0057155196629234154,0.0016774016600339444,-0.15735784027748567,0.036021874353056246,-0.0250206304670737,0.03405607296328995,0.13052130243085872,-0.09870933971909328,中性
2020-03-31,综合,2067.59,3592.0734823393,-0.0250206304670737,0.007449810125402351,0.0017342904624789357,0.16773983938603143,0.03405607296328995,0.10370528006036017,-0.026625792838939483,0.16169550055862153,-0.11597782561302358,流入
2020-06-30,综合,2282.01,2279.2614972356,0.10370528006036017,0.00610560737688228,-0.0013442027485200715,-0.24671342928117923,-0.026625792838939483,0.02173084254670221,-0.06811502986165388,0.2371681105691914,0.021292154218696572,中性
2020-09-30,综合,2331.6,2891.0267194925,0.02173084254670221,0.004402452221065249,-0.0017031551558170308,1.4741182027095099,-0.06811502986165388,0.028238119746097246,-0.03909901213319669,0.13012952478984416,0.033093386761525206,流出
2020-12-31,综合,2397.44,1640.76502733,0.028238119746097246,0.003598770625606392,-0.0008036815954588568,0.08311700323856197,-0.03909901213319669,0.0018644887880405747,0.014243837580828358,0.1380597637479979,0.05378332394668763,中性
2021-03-31,综合,2401.91,1843.62460562,0.0018644887880405747,0.0035367507694597385,-6.201985614665353e-05,-0.48675197913285484,0.014243837580828358,0.1754104025546337,0.12451867124463456,0.1748067163215942,0.1847167974076838,中性
2021-06-30,综合,2823.23,2455.7289339,0.1754104025546337,0.005007912551522147,0.0014711617820624087,0.07742307623694256,0.12451867124463456,-0.0666683196197263,-0.05734691498841009,-0.04772901959811992,-0.02775633448432481,流入
2021-09-30,综合,2635.01,3271.79522495,-0.0666683196197263,0.0043250527984653895,-0.0006828597530567576,0.1317070170573662,-0.05734691498841009,0.03545337588851649,-0.019854884414553263,0.008869036550145851,0.1403952242426552,中性
2021-12-31,综合,2728.43,2576.72660623,0.03545337588851649,0.004253377525918815,-7.167527254657493e-05,0.5704421799037735,-0.019854884414553263,0.03421381527105338,0.14026449626187876,0.10566882786071098,0.27449804387295484,中性
2022-03-31,综合,2821.78,2117.17320414,0.03421381527105338,0.004010085270310254,-0.00024329225560856035,0.14837543265919217,0.14026449626187876,-0.04723968558852931,-0.07715822273812806,0.05721920206394523,0.036547959717633756,流出
2022-06-30,综合,2688.48,1974.36858609,-0.04723968558852931,0.0038849699060293876,-0.00012511536428086662,-0.19601526095371624,-0.07715822273812806,-0.011195917395703137,0.10568689145909475,0.014123222043682604,0.07497523441035715,中性
2022-09-30,综合,2658.38,1478.19461236,-0.011195917395703137,0.002652286905303546,-0.0012326830007258417,-0.5482007550204826,0.10568689145909475,0.13480390312897317,0.09540359865579173,-0.01190950879859168,-0.026531614028150286,中性
2022-12-31,综合,3016.74,1234.87885249,0.13480390312897317,0.002638742609658688,-1.354429564485787e-05,-0.520756742487032,0.09540359865579173,-0.011104702427123359,-0.07262404770193237,-0.12233735754489948,-0.061009885029786555,中性
2023-03-31,综合,2983.24,929.0562837,-0.011104702427123359,0.001930877756493123,-0.000707864853165565,-0.561180784886523,-0.07262404770193237,-0.08607755326423616,-0.042946304089980486,-0.20417398533138464,-0.07285280573860782,中性
2023-06-30,综合,2726.45,824.74597969,-0.08607755326423616,0.0015256164143412256,-0.0004052613421518974,-0.5822735503894385,-0.042946304089980486,-0.03657870124154117,0.0012800287527687526,-0.35266005244915544,-0.19939897735174048,中性
2023-09-30,综合,2626.72,685.37716719,-0.03657870124154117,0.0014628470138580046,-6.276940048322108e-05,-0.5363417228968475,0.0012800287527687526,0.00797953341048907,0.05660663033625337,-0.11842145337150517,-0.08166597490750449,中性
2023-12-31,综合,2647.68,851.0256756800001,0.00797953341048907,0.0017263793031180995,0.00026353228926009496,-0.31084278108415375,0.05660663033625337,-0.10331308919506887,-0.08432048592341679,0.03221310732414803,0.016633383773578446,流入
2024-03-31,综合,2374.14,875.03163479,-0.10331308919506887,0.0017066665062422035,-1.971279687589607e-05,-0.058150027999213205,-0.08432048592341679,-0.2565981787089219,-0.1735744093091255,0.10129983909963192,0.056886926864528634,流出
2024-06-30,综合,1764.94,706.91715195,-0.2565981787089219,0.0014513970489187056,-0.0002552694573234979,-0.142866810680652,-0.1735744093091255,0.312033270252813,0.1485240376132297,0.6028363570432987,0.3448221086326789,中性
2024-09-30,综合,2315.66,622.9862087,0.312033270252813,0.001447990868203474,-3.4061807152314764e-06,-0.0910315684220977,0.1485240376132297,0.18021212095039862,0.16970682188123346,0.6219177254001018,0.3814515272867526,流入
2024-12-31,综合,2732.97,2388.72969565,0.18021212095039862,0.0021543543415477643,0.0007063634733442902,1.8068832279840668,0.16970682188123346,-0.04329721877664228,-0.048064205768061134,0.4355005726370942,0.20916172662828433,流入
2025-03-31,综合,2614.64,1704.79580072,-0.04329721877664228,0.002002528819348122,-0.00015182552219964243,0.9482676202091096,-0.048064205768061134,0.0819500963803812,0.051574560391328725,0.7055770584095706,0.4471884953769439,流入
2025-06-30,综合,2828.91,1574.99720544,0.0819500963803812,0.00213442146223181,0.00013189264288368833,1.2279798999011966,0.051574560391328725,0.3276527001565974,0.17980681288733313,0.5208932062172356,0.34999631336374365,流出
2025-09-30,综合,3755.81,2701.86219208,0.3276527001565974,0.0019696201349076363,-0.00016480132732417385,3.336953457955417,0.17980681288733313,0.04456295712509406,0.023825079966928755,0.12156631991501156,0.13795468461677896,流入
2025-12-31,综合,3923.18,2903.38781515,0.04456295712509406,0.002484663607539193,0.0005150434726315565,0.21545264013639498,0.023825079966928755,0.1366977808818357,0.13932693982256794,,,中性
2026-03-31,综合,4459.47,2867.86843747,0.1366977808818357,0.0020039010186983465,-0.00048076258884084634,0.6822357470958049,0.13932693982256794,-0.03520597739193221,-0.01904846238732053,,,中性
2026-06-30,综合,4302.47,3347.42011448,-0.03520597739193221,0.0019528682015691845,-5.103281712916198e-05,1.1253498754906337,-0.01904846238732053,-0.02093681071570519,-0.005503439988883507,,,流入
2026-09-30,综合,4212.39,1782.89595008,-0.02093681071570519,0.0017832483878247169,-0.00016961981374446762,-0.3401232841163315,-0.005503439988883507,,,,,中性
2021-12-31,美容护理,7668.61,508.79804675,,0.0008398679829072526,,,,-0.13855574869500464,-0.032505067704179255,-0.06742421377537762,0.11696571828282576,
2022-03-31,美容护理,6606.08,1739.92171409,-0.13855574869500464,0.0032955425770181354,0.0024556745941108826,,-0.032505067704179255,0.13980000242201118,0.10988146527241244,0.06488113979848868,0.06460236057587508,中性
2022-06-30,美容护理,7529.61,1888.94970468,0.13980000242201118,0.0037168909637171356,0.0004213483866990003,,0.10988146527241244,-0.13897532541526048,-0.022092516560462586,-0.17950863324926516,-0.11623998264154316,中性
2022-09-30,美容护理,6483.18,1841.20061881,-0.13897532541526048,0.0033036193275728467,-0.00041327163614428893,,-0.022092516560462586,0.10309446907227637,0.06369416459909494,-0.12258181941578042,-0.13366833847061677,中性
2022-12-31,美容护理,7151.56,2273.77937879,0.10309446907227637,0.004858710244878067,0.0015550909173052204,3.468923167677235,0.06369416459909494,-0.016341889042390867,-0.07786123431719988,-0.32028116942317475,-0.26440572565153264,中性
2023-03-31,美容护理,7034.69,2219.46471429,-0.016341889042390867,0.004612761490699689,-0.0002459487541783779,0.2756118257026332,-0.07786123431719988,-0.12178361804144888,-0.0786523688671932,-0.3233859629919725,-0.20376515805399364,中性
2023-06-30,美容护理,6177.98,1975.99772642,-0.12178361804144888,0.0036552037116451387,-0.0009575577790545504,0.04608276309545589,-0.0786523688671932,-0.07923625521610611,-0.04137752522179619,-0.3254915036953825,-0.17165156577280954,中性
2023-09-30,美容护理,5688.46,1850.98079976,-0.07923625521610611,0.00395067397231631,0.0002954702606711712,0.005311849697466009,-0.04137752522179619,-0.14545412994026496,-0.09682703301450066,-0.13406967790931112,-0.11985744943460919,中性
2023-12-31,美容护理,4861.05,1596.85856605,-0.14545412994026496,0.003239365928921942,-0.0007113080433943679,-0.2977073409383394,-0.09682703301450066,-0.02083500478291722,-0.0018424015112651349,-0.10338301395788997,-0.14797098329311761,中性
2024-03-31,美容护理,4759.77,2011.29577076,-0.02083500478291722,0.003922842317496882,0.0006834763885749402,-0.09379240957952895,-0.0018424015112651349,-0.12451652075625508,-0.041492751356458676,-0.06701794414436019,-0.13435307522188433,流出
2024-06-30,美容护理,4167.1,1563.60152018,-0.12451652075625508,0.0032102865601916653,-0.0007125557573052169,-0.20870277365508705,-0.041492751356458676,0.18207146456768486,0.018562231928101525,0.11813731371937318,-0.07985425922197967,中性
2024-09-30,美容护理,4925.81,1274.45547493,0.18207146456768486,0.0029621841765669274,-0.0002481023836247379,-0.31147018105468893,0.018562231928101525,-0.11517090590177059,-0.12567620497093576,-0.025601880705914473,-0.20297979461453355,中性
2024-12-31,美容护理,4358.5,3643.24834692,-0.11517090590177059,0.003285783195904072,0.00032359901933714467,1.2815097243909106,-0.12567620497093576,0.018878054376505693,0.014111067385086835,0.00391877939658147,-0.18787075955884006,中性
2025-03-31,美容护理,4440.78,2217.92465641,0.018878054376505693,0.0026052727498085165,-0.0006805104460955555,0.10273421177230535,0.014111067385086835,0.04922783835272204,0.01885230236366957,-0.10268241164840403,-0.2685890838840223,中性
2025-06-30,美容护理,4659.39,4512.98785331,0.04922783835272204,0.006115958872578002,0.003510686122769486,1.8862774786701855,0.01885230236366957,0.030113383940816085,-0.1177325033284482,-0.29439046742170116,-0.3961056090434379,流入
2025-09-30,美容护理,4799.7,3988.29304885,0.030113383940816085,0.002907410420840047,-0.0032085484517379555,2.1294094829551096,-0.1177325033284482,-0.08836385607433794,-0.10910173323250325,-0.27871533637519,-0.26868060203058897,流出
2025-12-31,美容护理,4375.58,2513.15099981,-0.08836385607433794,0.0021507064254025735,-0.0007567039954374734,-0.3101894901195478,-0.10910173323250325,-0.0893115884065655,-0.08668242946583327,,,流出
2026-03-31,美容护理,3984.79,2603.52209812,-0.0893115884065655,0.001819191046723495,-0.00033151537867907844,0.1738550678877162,-0.08668242946583327,-0.1749351910640209,-0.1587776760594092,,,中性
2026-06-30,美容护理,3287.71,2135.28348049,-0.1749351910640209,0.0012457137340924015,-0.0005734773126310935,-0.5268581370269143,-0.1587776760594092,0.052997375072618924,0.06843074579944061,,,流入
2026-09-30,美容护理,3461.95,1557.19818236,0.052997375072618924,0.001557506004818985,0.0003117922707265835,-0.6095577322712009,0.06843074579944061,,,,,流入
2014-03-31,计算机,2498.5,4103.4447296707,,0.045763248030091255,,,,0.10568741244746849,0.069413791302667,1.4141725035021018,0.29017355962313324,
2014-06-30,计算机,2762.56,7316.3616145986,0.10568741244746849,0.07949078068039245,0.03372753265030119,,0.069413791302667,0.21607132514768912,-0.010708288556404072,1.6442719796131127,0.15747294451218954,大幅流入
2014-09-30,计算机,3359.47,11363.234084883301,0.21607132514768912,0.06145928933061101,-0.018031491349781437,,-0.010708288556404072,0.005003765474911326,-0.16285962691468006,0.4448290950655906,0.13037391908401746,大幅流出
2014-12-31,计算机,3376.28,14194.5941222255,0.005003765474911326,0.04363805326974364,-0.01782123606086737,,-0.16285962691468006,0.7865254066605851,0.45673212949231873,1.002908526544007,0.5305342544625806,大幅流出
2015-03-31,计算机,6031.81,25650.0605707664,0.7865254066605851,0.06397852247188393,0.02034046920214029,5.250860499058021,0.45673212949231873,0.21107262994026654,-0.04058060972617089,-0.12879218675654583,-0.0065158440281529745,大幅流入
2015-06-30,计算机,7304.96,53079.682464062,0.21107262994026654,0.05582022694025867,-0.00815829553162526,6.254928782928143,-0.04058060972617089,-0.3355391405291748,-0.033869815891791055,-0.2695291966006658,0.05740632892311524,大幅流出
2015-09-30,计算机,4853.86,38651.9146394325,-0.3355391405291748,0.06778440042293316,0.011964173482674485,2.4014889027809243,-0.033869815891791055,0.39319634270456927,0.13349396617265147,0.034947443890017395,-0.0025550521486598027,大幅流入
2015-12-31,计算机,6762.38,46513.3609680065,0.39319634270456927,0.0851581014921651,0.017373701069231945,2.2768362777754363,0.13349396617265147,-0.22291264318183834,-0.054421496333043634,-0.3032482646642159,-0.18963964153235172,大幅流入
2016-03-31,计算机,5254.96,27509.2369378983,-0.22291264318183834,0.08826190894914658,0.0031038074569814805,0.07248233827762651,-0.054421496333043634,0.015433038500768825,0.021149788115847515,-0.123087521122901,-0.18200109781305224,大幅流入
2016-06-30,计算机,5336.06,26705.9306498961,0.015433038500768825,0.08836966418574389,0.00010775523659731223,-0.49687094175859936,0.021149788115847515,-0.05857692754579236,-0.08865528345491233,-0.16509184679332706,-0.19365904159783592,中性
2016-09-30,计算机,5023.49,21444.4601072023,-0.05857692754579236,0.06950347150124844,-0.01886619268449545,-0.44519022389321006,-0.08865528345491233,-0.062066411996440696,-0.07910849743911302,-0.06865943796046184,-0.117594860156165,大幅流出
2016-12-31,计算机,4711.7,17105.8673567177,-0.062066411996440696,0.05661456779908637,-0.012888903702162072,-0.6322375549579462,-0.07910849743911302,-0.021979328055691028,-0.04550837186339673,-0.1126451174735235,-0.11026096195956658,大幅流出
2017-03-31,计算机,4608.14,13235.8408951532,-0.021979328055691028,0.05132836107539928,-0.005286206723687091,-0.5188583047565835,-0.04550837186339673,-0.033206456401064344,0.006596581755947538,0.010069138524436989,0.06934720444138869,大幅流出
2017-06-30,计算机,4455.12,12916.3399940787,-0.033206456401064344,0.05247064139416385,0.0011422803187645728,-0.516349377095048,0.006596581755947538,0.05015802043491524,-0.002685832005293848,-0.1127736177701162,0.04363419174390674,流入
2017-09-30,计算机,4678.58,19845.0913903698,0.05015802043491524,0.0632285188229557,0.010757877428791848,-0.07458190641485729,-0.002685832005293848,-0.1063634692577663,-0.0714547290906089,-0.21577487186283012,0.0399851250654327,大幅流入
2017-12-31,计算机,4180.95,16185.2209867348,-0.1063634692577663,0.061179262080610225,-0.002049256742345476,-0.05382050209931921,-0.0714547290906089,0.11327329913058048,0.147171148585932,-0.24528635836352972,0.08437545297106172,流出
2018-03-31,计算机,4654.54,19294.4561052716,0.11327329913058048,0.07034363949729465,0.009164377416684424,0.45774312777792536,0.147171148585932,-0.15078611420247756,-0.017607559406466883,0.006447468493127128,0.11108430200958373,大幅流入
2018-06-30,计算机,3952.7,22585.659123238802,-0.15078611420247756,0.09557383155416709,0.025230192056872436,0.7486113816756801,-0.017607559406466883,-0.07175854479216737,-0.006172940732843635,0.059900827282616996,0.08890530670716852,大幅流入
2018-09-30,计算机,3669.06,15675.217276732601,-0.07175854479216737,0.08310733446993568,-0.012466497084231407,-0.21012118471072938,-0.006172940732843635,-0.13999225959782613,-0.031821057360644806,0.203488086866936,0.1743152966207837,大幅流出
2018-12-31,计算机,3155.42,11816.0987080486,-0.13999225959782613,0.06590330745732965,-0.017204027012606024,-0.269945172961622,-0.031821057360644806,0.4846042682115217,0.17542669508044234,0.4804495122677805,0.20232509469473936,大幅流出
2019-03-31,计算机,4684.55,25772.7212732386,0.4846042682115217,0.07712565463827636,0.01122234718094671,0.3357578535834973,0.17542669508044234,-0.10568357686437324,-0.03721766215532585,0.03611659604444401,0.12322995713137291,大幅流入
2019-06-30,计算机,4189.47,26731.2704130416,-0.10568357686437324,0.07724275529037408,0.00011710065209771803,0.18355060028056913,-0.03721766215532585,0.053992509792408105,0.07177943821603826,0.3575535807631993,0.21498578822331824,流入
2019-09-30,计算机,4415.67,26314.894973984,0.053992509792408105,0.0909387511632229,0.013695995872848823,0.6787579087049931,0.07177943821603826,0.05792325966387879,-0.008728028801091373,0.24643598819658183,-0.00482623713233777,大幅流入
2019-12-31,计算机,4671.44,27923.6648937782,0.05792325966387879,0.10535547846454975,0.014416727301326843,1.3631881878879235,-0.008728028801091373,0.03902436935934106,0.0981010727897047,0.09750954737725415,-0.13241491611713255,大幅流入
2020-03-31,计算机,4853.74,46885.965258912096,0.03902436935934106,0.09723953043901368,-0.008115948025536071,0.819208952047942,0.0981010727897047,0.17176239353570666,0.041431320636407004,-0.03908120336070736,-0.2714759425353354,大幅流出
2020-06-30,计算机,5687.43,30029.212374568502,0.17176239353570666,0.08044122221978557,-0.016798308219228106,0.12337393287218812,0.041431320636407004,-0.03227819946794952,-0.12212407187630561,-0.10060431513003257,-0.2683861351880091,大幅流出
2020-09-30,计算机,5503.85,47670.5556843757,-0.03227819946794952,0.07259266831990235,-0.007848553899883218,0.8115426921332878,-0.12212407187630561,-0.068479337191239,-0.13581646907053294,-0.13584854238396782,-0.21734461895680848,大幅流出
2020-12-31,计算机,5126.95,24421.21156235,-0.068479337191239,0.053564244330171325,-0.01902842398973103,-0.12542957182560233,-0.13581646907053294,-0.0902875978895834,-0.07790824909679563,0.013684549293439388,-0.06046681170071771,大幅流出
2021-03-31,计算机,4664.05,21921.27638524,-0.0902875978895834,0.042053078965587055,-0.01151116536458427,-0.5324554743794424,-0.07790824909679563,0.0967399577620307,0.04584822645203158,-0.07569601526570277,-0.04675384306931748,大幅流出
2021-06-30,计算机,5115.25,27448.39334975,0.0967399577620307,0.05597488862788614,0.013921809662299084,-0.08594361359288183,0.04584822645203158,-0.07019989247837355,-0.060878487847057336,-0.22414740237525052,-0.18818736958308402,大幅流入
2021-09-30,计算机,4756.16,34388.01491803,-0.07019989247837355,0.04545821786788876,-0.010516670759997376,-0.2786319684269829,-0.060878487847057336,0.09271134696898331,0.037403086665913556,-0.2867649532395882,-0.16007665642824867,大幅流出
2021-12-31,计算机,5197.11,29149.64466782,0.09271134696898331,0.04811703469776563,0.00265881682987687,0.193619923131078,0.037403086665913556,-0.17050052817816053,-0.06444984718733514,-0.25469154972667507,-0.1074127973659207,流入
2022-03-31,计算机,4311.0,40249.3736798,-0.17050052817816053,0.07623534069719233,0.028118305999426697,0.83608714075156,-0.06444984718733514,-0.07940617026212016,-0.1093247074117189,0.22902574808629095,0.24634821668655896,大幅流入
2022-06-30,计算机,3968.68,21495.17980805,-0.07940617026212016,0.042296117993014984,-0.033939222704177346,-0.21688750470177232,-0.1093247074117189,-0.1452422467923843,-0.0283594379375864,0.2451092050757431,0.3654269544473289,大幅流出
2022-09-30,计算机,3392.26,23398.23592961,-0.1452422467923843,0.041982858173341596,-0.00031325981967338795,-0.3195816628152601,-0.0283594379375864,0.14184938654466328,0.10244908207148185,0.286133727957173,0.29395292333550477,流入
2022-12-31,计算机,3873.45,31873.44386924,0.14184938654466328,0.0681085551710095,0.026125696997667903,0.09344193496900366,0.10244908207148185,0.36785811098633014,0.30633876571152113,0.08966941615355822,0.19254851556538924,大幅流入
2023-03-31,计算机,5298.33,57657.29776407,0.36785811098633014,0.11983040823831569,0.05172185306730619,0.43250173835640404,0.30633876571152113,-0.0673589602761625,-0.02422771110190683,-0.28708479841761453,-0.165694976406819,大幅流入
2023-06-30,计算机,4941.44,73212.33463788,-0.0673589602761625,0.13542829211216667,0.015597883873850985,2.405988472376574,-0.02422771110190683,-0.11707923196477144,-0.07922050197046152,-0.3583449358891335,-0.21129365603163044,大幅流入
2023-09-30,计算机,4362.9,48826.87886158,-0.11707923196477144,0.1042145221024967,-0.031213770009669975,1.0867760718572188,-0.07922050197046152,-0.03257466364115613,0.016052433284608168,-0.09033670265190576,-0.06789393119510527,大幅流出
2023-12-31,计算机,4220.78,51965.712936230004,-0.03257466364115613,0.10541695021504544,0.0012024281125487396,0.6303764710653179,0.016052433284608168,-0.10508010367751919,-0.0860875004058671,0.044188514919043576,0.009106294020443568,流入
2024-03-31,计算机,3777.26,49198.13142356,-0.10508010367751919,0.09595630572881257,-0.009460644486232864,-0.1467145819966168,-0.0860875004058671,-0.16058200918125842,-0.07755823978146202,0.2556588638325135,0.1829902917201061,大幅流出
2024-06-30,计算机,3170.7,33198.8984614,-0.16058200918125842,0.06816185336755815,-0.027794452361254426,-0.5465395465722123,-0.07755823978146202,0.2517015170151702,0.08819228437558685,0.5134323650928819,0.25855812353965546,大幅流出
2024-09-30,计算机,3968.77,34492.65655308,0.2517015170151702,0.0801703970512607,0.01200854368370255,-0.2935723651134099,0.08819228437558685,0.11049267153299391,0.09998737246382874,0.42181582706984777,0.1890383606076672,大幅流入
2024-12-31,计算机,4407.29,132220.83052968,0.11049267153299391,0.11924769923252297,0.03907730218126228,1.5443859625660386,0.09998737246382874,0.0761601800653009,0.07139319307388203,0.18241822072066965,-0.02413843675627764,大幅流入
2025-03-31,计算机,4742.95,112855.44226405,0.0761601800653009,0.1325650118674573,0.013317312634934339,1.2938969224755108,0.07139319307388203,0.011741637588420728,-0.018633898400631742,0.015104523556014734,-0.15610182822334023,大幅流入
2025-06-30,计算机,4798.64,67801.38510216,0.011741637588420728,0.0918838020989793,-0.04068120976847801,1.042278155131922,-0.018633898400631742,0.17592901322041232,0.028083125951148036,-0.04899304803027535,-0.1710233430970241,大幅流出
2025-09-30,计算机,5642.86,127822.78619586,0.17592901322041232,0.09318104162727231,0.0012972395282930121,2.705797087538221,0.028083125951148036,-0.07648603722225955,-0.09722391438042485,-0.2295662128778669,-0.2194042126662402,流入
2025-12-31,计算机,5211.26,78268.93494472,-0.07648603722225955,0.06698105338984872,-0.026199988237423588,-0.40804384126788007,-0.09722391438042485,-0.07611786784769903,-0.0734887089069668,,,大幅流出
2026-03-31,计算机,4814.59,104362.83153864,-0.07611786784769903,0.07292272605748229,0.0059416726676335685,-0.07525211505121454,-0.0734887089069668,-0.05214358855063472,-0.03598607354602304,,,大幅流入
2026-06-30,计算机,4563.54,90962.6445357,-0.05214358855063472,0.053067153201355605,-0.019855572856126685,0.34160451735081354,-0.03598607354602304,-0.047351398256616606,-0.031918027529794925,,,大幅流出
2026-09-30,计算机,4347.45,56911.74880317,-0.047351398256616606,0.05692299895402439,0.003855845752668785,-0.5547605360755836,-0.031918027529794925,,,,,大幅流入
1999-12-31,轻工制造,1000.0,0.9721319565000001,,0.034106664007135544,,,,0.33529999999999993,-0.03489000000000009,0.6054200000000001,-0.010395236948154023,
2000-03-31,轻工制造,1335.3,344.9501342233,0.33529999999999993,0.028077669284324248,-0.006028994722811296,,-0.03489000000000009,0.05555305923762455,-0.024464389537848213,0.19716917546618729,0.019173179612982528,流出
2000-06-30,轻工制造,1409.48,286.8207629444,0.05555305923762455,0.02616039221224502,-0.0019172770720792265,,-0.024464389537848213,0.05629026307574425,0.05744273424108294,0.1886653233816727,0.06062754046083991,中性
2000-09-30,轻工制造,1488.82,369.6284778059,0.05629026307574425,0.03805574181348538,0.011895349601240359,,0.05744273424108294,0.07831705646082132,-0.00600322222361796,-0.1313053290525383,-0.016271644331047802,大幅流入
2000-12-31,轻工制造,1605.42,248.2689795228,0.07831705646082132,0.032913651023202366,-0.005142090790283015,254.38609019361044,-0.00600322222361796,-0.004260567328175924,-0.006053462856308679,-0.24100235452404983,0.003930434760598321,大幅流出
2001-03-31,轻工制造,1598.58,141.7333437673,-0.004260567328175924,0.024270665189713526,-0.00864298583348884,-0.5891193256485288,-0.006053462856308679,0.04805514894468854,0.015215034945623283,-0.24306572082723416,0.02228912366209544,流出
2001-06-30,轻工制造,1675.4,305.0269117804,0.04805514894468854,0.035798074199071835,0.011527409009358308,0.06347570046569206,0.015215034945623283,-0.22804703354422828,-0.019225541025380766,-0.2499641876566791,-0.0274231592598374,大幅流入
2001-09-30,轻工制造,1293.33,102.455546198,-0.22804703354422828,0.02452947832621985,-0.011268595872851984,-0.7228147928261046,-0.019225541025380766,-0.057850664563568466,0.014409731622593555,-0.09307755947824604,0.012668211590140732,大幅流出
2001-12-31,轻工制造,1218.51,110.6406371487,-0.057850664563568466,0.02939053275191497,0.004861054425695122,-0.5543517463947234,0.014409731622593555,-0.006967525912795147,0.01212265236873953,-0.17575563598164967,0.01070315057153425,中性
2002-03-31,轻工制造,1210.02,166.0119835309,-0.006967525912795147,0.0329044796352046,0.003513946883289626,0.1712980101807311,0.01212265236873953,0.038503495809986577,-0.0341532463709434,-0.09924629344969496,0.0036159585330376755,中性
2002-06-30,轻工制造,1256.61,160.4411507036,0.038503495809986577,0.027548037201084962,-0.0053564424341196355,-0.47400985123860995,-0.0341532463709434,-0.06657594639546072,0.02120375042784145,-0.1851330166081759,0.024730647323384352,流出
2002-09-30,轻工制造,1172.95,124.2596307421,-0.06657594639546072,0.030784842917732914,0.0032368057166479516,0.21281507300700553,0.02120375042784145,-0.14374014237606036,0.012441291221589434,-0.21220853403810916,-0.009932786725752877,流入
2002-12-31,轻工制造,1004.35,102.8172904704,-0.14374014237606036,0.035633585182613135,0.0048487422648802216,-0.07070952300993616,0.012441291221589434,0.08520933937372432,0.005025506584842937,-0.18675760442076972,-0.12259171747195817,流入
2003-03-31,轻工制造,1089.93,109.0770917756,0.08520933937372432,0.02747909459238777,-0.008154490590225365,-0.34295651762213086,0.005025506584842937,-0.06051764792234371,-0.013833169304957968,-0.09811639279586769,-0.1317515531016655,大幅流出
2003-06-30,轻工制造,1023.97,152.616787346,-0.06051764792234371,0.022717987437874527,-0.004761107154513243,-0.04876780877777909,-0.013833169304957968,-0.09759074972899606,-0.013340379725919865,-0.27221500629901263,-0.13826175370243585,中性
2003-09-30,轻工制造,924.04,95.5331414705,-0.09759074972899606,0.030688397158150187,0.00797040972027566,-0.23118118973990542,-0.013340379725919865,-0.11607722609410842,-0.10276356738101244,-0.18776243452664382,-0.12963445311060942,中性
2003-12-31,轻工制造,816.78,151.1858038935,-0.11607722609410842,0.028170498125018338,-0.0025178990331318485,0.47043170659145894,-0.10276356738101244,0.20349420896691894,-0.0054666082347892275,-0.15873307377751655,-0.013063141117634194,流入
2004-03-31,轻工制造,982.99,267.128151257,0.20349420896691894,0.025534164569445593,-0.002636333555572745,1.4489849051581998,-0.0054666082347892275,-0.24187428152880497,-0.021227531963003032,-0.39998372313044894,-0.0749346657475288,流出
2004-06-30,轻工制造,745.23,145.433603052,-0.24187428152880497,0.0238289211507875,-0.001705243418658093,-0.047066803193248186,-0.021227531963003032,0.007125317016223098,-0.003462427618659586,-0.27407645961649424,-0.04843725203588541,流出
2004-09-30,轻工制造,750.54,147.1850901904,0.007125317016223098,0.0284985196568222,0.004669598506034701,0.5406704723077673,-0.003462427618659586,-0.08448583686412448,0.017406662808009565,-0.24675566925147213,-0.05697403040919805,流入
2004-12-31,轻工制造,687.13,139.6014750051,-0.08448583686412448,0.027966102073247814,-0.000532417583574387,-0.0766231259157133,0.017406662808009565,-0.1416325877199366,-0.0678143629974757,-0.2010536579686521,-0.08987757939317066,流出
2005-03-31,轻工制造,589.81,126.4175192572,-0.1416325877199366,0.029259204037606568,0.001293101964358754,-0.5267532880292516,-0.0678143629974757,-0.08278937284888344,0.0068082597317534466,0.010783133551482714,-0.07160218864303837,中性
2005-06-30,轻工制造,540.98,147.7149723111,-0.08278937284888344,0.02986269792248167,0.0006034938848751038,0.015686672207964936,0.0068082597317534466,0.04502939110503168,-0.012402689744620131,0.4680394838995896,-0.10404683116667764,中性
2005-09-30,轻工制造,565.34,246.1376326653,0.04502939110503168,0.034842786862126676,0.004980088939645005,0.6723000430742958,-0.012402689744620131,-0.028938337991297303,-0.018092136849490292,0.4490748929847526,-0.08790458020493262,中性
2005-12-31,轻工制造,548.98,119.6050398451,-0.028938337991297303,0.027609495185329545,-0.0072332916767971316,-0.14323942608249296,-0.018092136849490292,0.08595941564355702,-0.04909593964897363,0.7505737913949504,-0.12176433451080554,流出
2006-03-31,轻工制造,596.17,221.5675893997,0.08595941564355702,0.03010193749160195,0.0024924423062724042,0.7526652215735583,-0.04909593964897363,0.3321368066155628,-0.02837658633019452,1.6893335793481725,0.019134270937125112,流入
2006-06-30,轻工制造,794.18,561.2023049658,0.3321368066155628,0.03061821211927163,0.0005162746276696807,2.7992242504968368,-0.02837658633019452,0.03152937621194196,0.005390699671085429,1.4063688332619808,-0.06739382782712267,中性
2006-09-30,轻工制造,819.22,376.3466844164,0.03152937621194196,0.02842613592239678,-0.002192076196874851,0.5290091171395939,0.005390699671085429,0.17310368399208986,-0.054543541248331606,2.341532189155537,-0.04370095345846244,流出
2006-12-31,轻工制造,961.03,532.2917225295,0.17310368399208986,0.026492028275176393,-0.0019341076472203858,3.450412150013652,-0.054543541248331606,0.6683142045513668,0.10346112593501677,1.7128185384431285,-0.013483218471464274,流入
2007-03-31,轻工制造,1603.3,1469.9062394927,0.6683142045513668,0.030115145927330146,0.0036231176521537532,5.634121188370388,0.10346112593501677,0.1919728060874446,-0.11087084552370496,0.29821617913054316,-0.1015432236881696,中性
2007-06-30,轻工制造,1911.09,3235.6443259346997,0.1919728060874446,0.029279037960950296,-0.0008361079663798503,4.765557798505268,-0.11087084552370496,0.432402450957307,0.03093266609752121,-0.29131542732158094,-0.033296538726164664,流出
2007-09-30,轻工制造,2737.45,2418.1805975026,0.432402450957307,0.026800236431835132,-0.002478801529115164,5.425406938957008,0.03093266609752121,-0.04761730807868636,-0.0246684171272466,-0.6205446674825111,-0.08391499272613101,中性
2007-12-31,轻工制造,2607.1,1296.2475092001,-0.04761730807868636,0.023741533770061638,-0.0030587026617734936,1.4352201139634686,-0.0246684171272466,-0.20163016378351428,0.004962251586716204,-0.6582563001035633,-0.06909861692162368,流出
2008-03-31,轻工制造,2081.43,1890.0617974422,-0.20163016378351428,0.030615569750866867,0.006874035980805229,0.28583833897766553,0.004962251586716204,-0.3493127321120576,-0.04333268576362198,-0.3775529323590032,-0.06370905530321265,流入
2008-06-30,轻工制造,1354.36,1167.0135250021,-0.3493127321120576,0.026457389733638904,-0.004158180017227963,-0.6393257702498009,-0.04333268576362198,-0.23303995983342685,-0.02304895269916371,0.07030627012020423,-0.09380979573280905,流出
2008-09-30,轻工制造,1038.74,835.9505833239,-0.23303995983342685,0.029878866408850478,0.003421476675211574,-0.6543059752496417,-0.02304895269916371,-0.1422685176271251,-0.008893811985687367,0.4498815873076995,-0.02419459812214811,中性
2008-12-31,轻工制造,890.96,852.1916590743,-0.1422685176271251,0.030096572509174423,0.00021770610032394513,-0.34257026298922033,-0.008893811985687367,0.4541393553021458,0.010780597200504671,1.1918604651162787,0.008734644934623038,中性
2009-03-31,轻工制造,1295.58,1685.8742453503,0.4541393553021458,0.030318434435349623,0.00022186192617519931,-0.10803220951199832,0.010780597200504671,0.118865681779589,-0.07408850441851017,0.5855601352290093,0.031215532764272632,中性
2009-06-30,轻工制造,1449.58,2301.1286867267,0.118865681779589,0.02973759800165085,-0.0005808364336987726,0.971809784057609,-0.07408850441851017,0.03895611142537847,0.05200222297403623,0.06434967369858854,0.0834855425252152,中性
2009-09-30,轻工制造,1506.05,3035.5091636653,0.03895611142537847,0.030003979637916536,0.00026638163626568553,2.631206466290786,0.05200222297403623,0.2966767371601209,0.024551766914969853,0.2989940573022143,0.0480308354473755,中性
2009-12-31,轻工制造,1952.86,3225.0862887799,0.2966767371601209,0.03546565978384919,0.005461680145932655,2.7844612235270825,0.024551766914969853,0.0519033622481897,0.033307081583841665,0.017942914494638498,-0.008219277677278931,流入
2010-03-31,轻工制造,2054.22,2681.1099173654998,0.0519033622481897,0.03919368094314023,0.0037280211592910367,0.5903380247726628,0.033307081583841665,-0.2489314679050929,-0.02715612086327074,0.008173418621179793,-0.026852999204165586,中性
2010-06-30,轻工制造,1542.86,2348.9551494199,-0.2489314679050929,0.03591497147356955,-0.0032787094695706787,0.02078391485407627,-0.02715612086327074,0.26800228147725647,0.017577739031360395,0.24776065229508815,-0.007056779851706578,中性
2010-09-30,轻工制造,1956.35,2492.293344644,0.26800228147725647,0.033050376029899346,-0.0028645954436702023,-0.17895377339773222,0.017577739031360395,0.016126971145244973,-0.03043817311521111,-0.14101771155468099,-0.012252940872516438,流出
2010-12-31,轻工制造,1987.9,3501.1351490925,0.016126971145244973,0.0309103000402364,-0.002140075989662947,0.08559425565541501,-0.03043817311521111,0.04180793802505156,0.013893156734707555,-0.3085316162784849,-0.0253706449956426,流入
2011-03-31,轻工制造,2071.01,2503.0906423149,0.04180793802505156,0.03236723226349405,0.0014569322232576495,-0.06639760417787133,0.013893156734707555,-0.07044388969633186,-0.0073660677558386595,-0.31360061033022546,-0.049361371425731125,中性
2011-06-30,轻工制造,1925.12,2445.8021154075,-0.07044388969633186,0.034904082238809815,0.0025368499753157664,0.04122980637221518,-0.0073660677558386595,-0.12708298703457444,0.012252663361465688,-0.2887871924867021,-0.0952406550219669,流入
2011-09-30,轻工制造,1680.47,2347.4025265497,-0.12708298703457444,0.038185934575640165,0.00328185233683035,-0.0581355394643549,0.012252663361465688,-0.18203240760025474,-0.04331436956310236,-0.2547561098978264,-0.11883184107947067,中性
2011-12-31,轻工制造,1374.57,1476.3415520808,-0.18203240760025474,0.037276812756617005,-0.0009091218190231606,-0.5783248891538877,-0.04331436956310236,0.034170686105472914,-0.01106405723352192,-0.025666208341517782,-0.048356565590159516,中性
2012-03-31,轻工制造,1421.54,1906.1397977894,0.034170686105472914,0.03766080533265482,0.00038399257603781434,-0.23848550844863925,-0.01106405723352192,-0.03684032809488291,-0.05527210935334634,0.01600377055868988,-0.006209015758597769,流入
2012-06-30,轻工制造,1369.17,1733.6106525069,-0.03684032809488291,0.0345868795123397,-0.0030739258203151196,-0.2911893232956585,-0.05527210935334634,-0.08531446058561043,-0.014141361802368205,-0.04737906907104315,0.05718744587436233,流出
2012-09-30,轻工制造,1252.36,1299.3003637107,-0.08531446058561043,0.0302624654385074,-0.0043244140738323,-0.4464944341606123,-0.014141361802368205,0.06941294835350864,0.033200745831332146,0.2735635120891758,0.12186233833994761,流出
2012-12-31,轻工制造,1339.29,1456.4054681166,0.06941294835350864,0.03821267705279161,0.007950211614284212,-0.01350370714425897,0.033200745831332146,0.07839974912080283,0.03273514887755805,0.21481531259099973,0.1135955133623504,大幅流入
2013-03-31,轻工制造,1444.29,2092.7512028026,0.07839974912080283,0.03566651515456826,-0.002546161898223355,0.0979001672540587,0.03273514887755805,-0.09692651752764336,0.0049944923996228935,0.17814289374017683,0.14708016124041687,流出
2013-06-30,轻工制造,1304.3,2052.5912815776,-0.09692651752764336,0.038516450456890235,0.002849935302321978,0.18399784784976725,0.0049944923996228935,0.222847504408495,0.04616989299026347,0.34627769684888465,0.13644768823665923,流入
2013-09-30,轻工制造,1594.96,2925.9583446299,0.222847504408495,0.04225289640813891,0.003736445951248675,1.2519491461339949,0.04616989299026347,0.02008200832622764,0.025587254014547096,0.3424976174951096,0.07829240023155667,流入
2013-12-31,轻工制造,1626.99,2933.7564266654,0.02008200832622764,0.04530197174550506,0.0030490753373661472,1.0143816340234468,0.025587254014547096,0.04584539548491384,0.06378841049411725,0.28828695935439075,-0.14729389284631647,中性
2014-03-31,轻工制造,1701.58,3502.2981602624,0.04584539548491384,0.039059022343961886,-0.006242949401543171,0.6735377600414914,0.06378841049411725,0.03195265576699313,-0.00432096537780835,0.7854112060555482,-0.10253828616449841,流入
2014-06-30,轻工制造,1755.95,2565.456089223,0.03195265576699313,0.02787315855557136,-0.011185863788390527,0.2498621192871957,-0.00432096537780835,0.21941399242575232,-0.007365621278340867,1.4465275207152815,0.04775393156437284,流出
2014-09-30,轻工制造,2141.23,4387.8925490078,0.21941399242575232,0.023732394818818184,-0.0041407637367531745,0.4996428630164993,-0.007365621278340867,-0.02110936237583061,-0.188972754765422,0.4786454514461312,0.09634089070602225,流出
2014-12-31,轻工制造,2096.03,5124.6827434567,-0.02110936237583061,0.015754672280438368,-0.007977722538379816,0.7467989833367239,-0.188972754765422,0.4494162774387769,0.11962300027051048,0.8985606122049774,0.3479806836648012,流出
2015-03-31,轻工制造,3038.02,6736.9772724538,0.4494162774387769,0.016803931149757055,0.0010492588693186873,0.9235875885418763,0.11962300027051048,0.4140723234211754,0.16241908375473796,0.049963463045009426,0.16791738785992008,流入
2015-06-30,轻工制造,4295.98,18110.8592861225,0.4140723234211754,0.01904593675968054,0.002242005609923485,6.059508584926799,0.16241908375473796,-0.2630040177095796,0.03866530692780412,-0.24723113236095134,0.024355063053850913,流入
2015-09-30,轻工制造,3166.12,11737.2798501676,-0.2630040177095796,0.020583830960552562,0.0015378942008720219,1.6749241735241807,0.03866530692780412,0.2568822407236617,-0.0028201358082560746,0.07439073692721697,0.007722613195807259,流入
2015-12-31,轻工制造,3979.44,14347.5530941374,0.2568822407236617,0.026267944459983955,0.005684113499431393,1.7996958665307914,-0.0028201358082560746,-0.19842741692298416,-0.029936270074189447,-0.14358301670586812,-0.004745396560937557,流入
2016-03-31,轻工制造,3189.81,9451.6913770742,-0.19842741692298416,0.030325244048826437,0.004057299588842482,0.40295729001793457,-0.029936270074189447,0.013815869910747125,0.019532619525825815,0.08773563315683383,0.020375395037277453,大幅流入
2016-06-30,轻工制造,3233.88,8793.1516197202,0.013815869910747125,0.02909645299225051,-0.0012287910565759279,-0.5144818100122959,0.019532619525825815,0.051878857595210714,0.021800501686090736,-0.03045258327458037,-0.055757642324804894,中性
2016-09-30,轻工制造,3401.65,7703.6925524562,0.051878857595210714,0.024968377524887637,-0.0041280754673628725,-0.34365605567918733,0.021800501686090736,0.001884379639292666,-0.015157705803379669,-0.030388193964693482,-0.07673060531187363,流出
2016-12-31,轻工制造,3408.06,8771.895475511,0.001884379639292666,0.02903197252548486,0.004063595000597223,-0.3886138341529948,-0.015157705803379669,0.018077733373238702,-0.005451310434466998,-0.1262419088865805,-0.12087959211057892,流入
2017-03-31,轻工制造,3469.67,7606.9658242548,0.018077733373238702,0.029499681328033475,0.0004677088025486151,-0.19517412061230888,-0.005451310434466998,-0.09634057417564201,-0.05653753601863013,-0.16649710202987594,-0.1115781642288713,流入
2017-06-30,轻工制造,3135.4,5867.5868607309,-0.09634057417564201,0.023836167688343585,-0.00566351363968989,-0.3327094636271485,-0.05653753601863013,0.05194871467755324,-0.0008951377626558454,-0.22575428972379913,-0.0841470043951033,流出
2017-09-30,轻工制造,3298.28,6362.5937226134,0.05194871467755324,0.020271883310565328,-0.0035642843777782575,-0.1740851962498441,-0.0008951377626558454,-0.09715973173896697,-0.06225099157180957,-0.3572377117770474,-0.13934345138969872,中性
2017-12-31,轻工制造,2977.82,4899.2235365436,-0.09715973173896697,0.018518800637899884,-0.0017530826726654437,-0.44148632981080993,-0.06225099157180957,-0.028826456938297218,0.00507139251705431,-0.3661974195888268,-0.08365432169454093,中性
2018-03-31,轻工制造,2891.98,4937.1650297943,-0.028826456938297218,0.017999893601541427,-0.0005189070363584569,-0.35096789654921867,0.00507139251705431,-0.16058548122739436,-0.027406926431383677,-0.1328224953146286,-0.0704123058517328,中性
2018-06-30,轻工制造,2427.57,4506.1687084804,-0.16058548122739436,0.019068374615458454,0.0010684810139170269,-0.2320235191338803,-0.027406926431383677,-0.12669459583039822,-0.06110899177107448,-0.11267234312501793,-0.1136209525031303,中性
2018-09-30,轻工制造,2120.01,3577.3806558446,-0.12669459583039822,0.018966663456260982,-0.00010171115919747203,-0.4377480612772474,-0.06110899177107448,-0.10974476535488054,-0.0015735631176992115,-0.026287611850887495,-0.07848177512480807,中性
2018-12-31,轻工制造,1887.35,4132.540835826,-0.10974476535488054,0.023048902688829063,0.004082239232568081,-0.15649065510052107,-0.0015735631176992115,0.3287731475349036,0.019595574403824256,0.1927040559514664,-0.0550389300361014,大幅流入
2019-03-31,轻工制造,2507.86,7484.9194239945,0.3287731475349036,0.02239884971284545,-0.0006500529759836116,0.5160358989066138,0.019595574403824256,-0.14108044308693468,-0.07261452837788729,-0.1713732026508658,-0.08966284689036084,中性
2019-06-30,轻工制造,2154.05,7516.2517689938995,-0.14108044308693468,0.021718982566948514,-0.0006798671458969376,0.6679916477269623,-0.07261452837788729,-0.041674984331840026,-0.023888055908209877,0.06799749309440338,-0.04124502029259539,中性
2019-09-30,轻工制造,2064.28,4814.3185054298,-0.041674984331840026,0.016637273795643687,-0.005081708771304826,0.3457663493439911,-0.023888055908209877,0.09047706706454539,0.02382577859957523,0.23284631929776942,-0.0016736780290960798,流出
2019-12-31,轻工制造,2251.05,5353.7084509652,0.09047706706454539,0.02019944436221977,0.003562170566576081,0.2955004351203505,0.02382577859957523,-0.07683969703027482,-0.017762993599911174,0.15757535372381773,-0.06726289294550569,流入
2020-03-31,轻工制造,2078.08,7674.2094551164,-0.07683969703027482,0.015915989353857077,-0.004283455008362691,0.02528952155651676,-0.017762993599911174,0.10704111487526946,-0.023289958024030194,0.33384181552202036,0.021880537724622576,流出
2020-06-30,轻工制造,2300.52,5936.2063162697,0.10704111487526946,0.015901705495078182,-1.428385877889557e-05,-0.2102172068320296,-0.023289958024030194,0.10624554448559453,0.016399672077238442,0.19886808199885256,-0.012210437316651902,中性
2020-09-30,轻工制造,2544.94,10772.758355538599,0.10624554448559453,0.01640474424866801,0.0005030387535898267,1.2376496992022044,0.016399672077238442,0.023898402319897594,-0.043438729559396344,0.023572264964989455,-0.07303423013127992,中性
2020-12-31,轻工制造,2605.76,7675.4400187,0.023898402319897594,0.01683492006338688,0.00043017581471887015,0.4336679124385683,-0.043438729559396344,0.06373188628269677,0.07611123507548455,0.11647657497236899,0.028681060147877555,流入
2021-03-31,轻工制造,2771.83,9754.26973151,0.06373188628269677,0.01871228062007461,0.0018773605566877322,0.27104554398196967,0.07611123507548455,-0.004982268032310722,-0.05587399934230985,-0.11667021426277932,-0.09411806294488642,中性
2021-06-30,轻工制造,2758.02,9411.86084256,-0.004982268032310722,0.0191933952465111,0.0004811146264364907,0.5855009649453009,-0.05587399934230985,-0.05550721169534667,-0.04618580706403046,-0.10274037171594108,-0.058938916570757796,中性
2021-09-30,轻工制造,2604.93,11145.7346418,-0.05550721169534667,0.014733773811961724,-0.004459621434549378,0.03462217140233559,-0.04618580706403046,0.1168323141120875,0.061524053809017744,-0.16927518205863484,-0.021916541217006116,中性
2021-12-31,轻工制造,2909.27,8961.31461231,0.1168323141120875,0.014792354797179823,5.858098521809886e-05,0.16753105886791753,0.061524053809017744,-0.1584005609654655,-0.05234987997464012,-0.20042828613363486,-0.04584932554179239,中性
2022-03-31,轻工制造,2448.44,7765.94603082,-0.1584005609654655,0.01470928581909086,-8.306897808896263e-05,-0.20384136951502974,-0.05234987997464012,0.01070885951871392,-0.01920967763088483,-0.014013004198591804,-0.017009074983409946,流出
2022-06-30,轻工制造,2474.66,5650.35894603,0.01070885951871392,0.011118225147140707,-0.0035910606719501536,-0.3996554942164744,-0.01920967763088483,-0.12554451924708843,-0.008661710392290536,-0.07717423807715008,-0.008685543994216036,大幅流出
2022-09-30,轻工制造,2163.98,6315.59926869,-0.12554451924708843,0.011331918746982719,0.00021369359984201204,-0.43336177724844427,-0.008661710392290536,0.07494986090444455,0.03554955643126312,0.047130749822086905,0.030078937426300335,流入
2022-12-31,轻工制造,2326.17,7074.6723197,0.07494986090444455,0.015117466188462755,0.0037855474414800368,-0.21053186661010115,0.03554955643126312,0.03781322947162069,-0.023706115803188314,-0.07251834560672693,-0.004537628596673289,流入
2023-03-31,轻工制造,2414.13,7919.81948928,0.03781322947162069,0.01645993203596851,0.001342465847505754,0.01981387172268989,-0.023706115803188314,-0.0540360295427339,-0.010904780368478223,-0.15958958299677312,-0.021786907393079036,流入
2023-06-30,轻工制造,2283.68,6473.29931088,-0.0540360295427339,0.011974319277475364,-0.004485612758493145,0.14564390912336744,-0.010904780368478223,-0.007755026974006873,0.030103703020303046,-0.24236758214811166,-0.07448289030013396,流出
2023-09-30,轻工制造,2265.97,7578.07812818,-0.007755026974006873,0.016174406576806244,0.0042000872993308794,0.19989850618750027,0.030103703020303046,-0.04787795072308976,0.000749146202674543,-0.12907055256689168,-0.12208989759106376,流入
2023-12-31,轻工制造,2157.48,6637.46016225,-0.04787795072308976,0.01346466290834684,-0.0027097436684594047,-0.06179963363568752,0.000749146202674543,-0.05961584811910192,-0.040623244847449835,-0.060097891985093674,-0.1078167672337882,流出
2024-03-31,轻工制造,2028.86,7480.78758338,-0.05961584811910192,0.014590569187742817,0.001125906279395978,-0.05543458490364073,-0.040623244847449835,-0.1472107488934672,-0.06418697949367079,-0.017502439793775804,-0.0902798293019026,中性
2024-06-30,轻工制造,1730.19,5860.5451767800005,-0.1472107488934672,0.012032496242551026,-0.002558072945191791,-0.09465870565727019,-0.06418697949367079,0.14062617400401112,-0.022883058635572218,0.22527583675781285,0.0043340632608651125,流出
2024-09-30,轻工制造,1973.5,4070.81937277,0.14062617400401112,0.00946170107068175,-0.0025707951718692765,-0.4628163890746697,-0.022883058635572218,0.027524702305548487,0.017019403236383325,0.14742335951355473,-0.054058967974606686,流出
2024-12-31,轻工制造,2027.82,12936.59580928,0.027524702305548487,0.01166729387478362,0.0022055928041018694,0.9490280156942872,0.017019403236383325,-0.016998550167174664,-0.02176553715859352,0.20072294385103237,-0.01918210041116858,流入
2025-03-31,轻工制造,1993.35,9362.58169811,-0.016998550167174664,0.010997704045286952,-0.0006695898294966675,0.2515502671016572,-0.02176553715859352,0.06351619133619302,0.033140655347140544,0.20370732686181584,-0.009316730721761882,中性
2025-06-30,轻工制造,2119.96,12137.43361758,0.06351619133619302,0.016448536365840264,0.005450832320553312,1.0710417293035448,0.033140655347140544,0.0681522292873451,-0.07969365798191919,-0.01088228079775084,-0.14650158013808293,流入
2025-09-30,轻工制造,2264.44,15027.58938336,0.0681522292873451,0.010954904626650807,-0.005493631739189457,2.6915392227620347,-0.07969365798191919,0.07525480913603366,0.05451693197786836,-0.08662185794280261,-0.07092925165103094,流出
2025-12-31,轻工制造,2434.85,14051.12104718,0.07525480913603366,0.012024679902864592,0.0010697752762137847,0.08615289944364668,0.05451693197786836,-0.014555311415487604,-0.011926152474755373,,,中性
2026-03-31,轻工制造,2399.41,14797.96881217,-0.014555311415487604,0.01033996692105372,-0.0016847129818108719,0.5805436245386493,-0.011926152474755373,-0.12608099491124902,-0.10992347990663734,,,流出
2026-06-30,轻工制造,2096.89,15526.58336989,-0.12608099491124902,0.009058131308618643,-0.0012818356124350769,0.27923116690839134,-0.10992347990663734,-0.013639246693913365,0.0017941240329083178,,,流入
2026-09-30,轻工制造,2068.29,6240.96245881,-0.013639246693913365,0.0062421961543230485,-0.002815935154295595,-0.5846996947014937,0.0017941240329083178,,,,,大幅流出
2014-03-31,通信,1446.34,1674.0796095537,,0.01867000177684185,,,,0.11415019981470476,0.07787657866990327,0.9548999543675762,-0.01404926053798751,
2014-06-30,通信,1611.44,3091.9263744523,0.11415019981470476,0.03359315111230913,0.014923149335467279,,0.07787657866990327,0.20634960035744432,-0.020430013346648873,1.2072307997815621,-0.07951498147393443,大幅流入
2014-09-30,通信,1943.96,4850.4518197534,0.20634960035744432,0.026234197020634058,-0.007358954091675071,,-0.020430013346648873,0.02303545340439106,-0.14482793898520033,0.2858597913537315,-0.05613681445809482,大幅流出
2014-12-31,通信,1988.74,6041.208715199,0.02303545340439106,0.01857232305886889,-0.007661873961765167,,-0.14482793898520033,0.42172933616259534,0.09193605899432894,0.7268974325452296,0.22978230078404308,中性
2015-03-31,通信,2827.45,8343.183409813,0.42172933616259534,0.020810264591738594,0.0022379415328697035,3.9837435222314452,0.09193605899432894,0.2579603529682224,0.006307113301784961,-0.044357990415391894,0.07584907513527354,大幅流入
2015-06-30,通信,3556.82,21509.7054361725,0.2579603529682224,0.022620267927906154,0.00181000333616756,5.95673273914315,0.006307113301784961,-0.2972205509415715,0.004448773695812203,-0.21844793945153262,0.1060048205161778,中性
2015-09-30,通信,2499.66,13597.3244806078,-0.2972205509415715,0.02384581710562329,0.0012255491777171355,1.8033109050239151,0.004448773695812203,0.3739268540521512,0.1142244775202334,0.15565716937503501,0.11112648879374389,中性
2015-12-31,通信,3434.35,14923.5657334192,0.3739268540521512,0.027322526235540212,0.0034767091299169224,1.4702946772676784,0.1142244775202334,-0.21323394528804573,-0.044742798439251025,-0.15954110675964892,-0.020575983289280283,流入
2016-03-31,通信,2702.03,7696.9453841239,-0.21323394528804573,0.024695235793479618,-0.002627290442060594,-0.07745700818814727,-0.044742798439251025,0.02879686754033073,0.03451361715540942,0.06033611765968535,-0.006416458517209803,大幅流出
2016-06-30,通信,2779.84,8408.4441371663,0.02879686754033073,0.027823459682685268,0.0031282238892056495,-0.6090860396895085,0.03451361715540942,0.03917851387130189,0.009100157962181912,-0.018587400713710164,-0.047225056018310486,流入
2016-09-30,通信,2888.75,9509.1466991857,0.03917851387130189,0.030820020802765233,0.002996561120079965,-0.30066045619875936,0.009100157962181912,-0.0008031155344007113,-0.017845200977073046,0.04391864993509304,-0.006228964438331032,流入
2016-12-31,通信,2886.43,8992.1510704281,-0.0008031155344007113,0.029760943179326933,-0.0010590776234382995,-0.39745291232299407,-0.017845200977073046,-0.00740360930284123,-0.03093265311054693,-0.03052559736421793,-0.02576149047558388,流出
2017-03-31,通信,2865.06,7930.2172301018,-0.00740360930284123,0.030753244664800464,0.0009923014854735304,0.03030706784785786,-0.03093265311054693,-0.04777910410253183,-0.007976065945519951,-0.06753436228211608,-0.006121776393332114,流入
2017-06-30,通信,2728.17,5609.8369928208,-0.04777910410253183,0.022789098557714944,-0.00796414610708552,-0.33283293540303505,-0.007976065945519951,0.10536366868633551,0.05251981624612642,-0.2526492117426699,-0.10196177032309633,大幅流出
2017-09-30,通信,3015.62,9103.1723990921,0.10536366868633551,0.029003651132789274,0.00621455257507433,-0.04269303155543547,0.05251981624612642,-0.07205815056273657,-0.03714941039557917,-0.33601382137006647,-0.10611728760445031,流入
2017-12-31,通信,2798.32,12653.2569404109,-0.07205815056273657,0.04782862854731209,0.018824977414522815,0.4071446132642098,-0.03714941039557917,-0.04529503416335512,-0.011397184708003591,-0.3131664713113582,-0.008459733127136815,大幅流入
2018-03-31,通信,2671.57,9901.1398740499,-0.04529503416335512,0.03609753030157527,-0.011731098245736822,0.24853324779891306,-0.011397184708003591,-0.23681580493866905,-0.10363725014265837,-0.041301556762503036,0.026463052556639555,大幅流出
2018-06-30,通信,2038.9,9504.2058099798,-0.23681580493866905,0.0402181472846424,0.004120616983067135,0.6942035610201911,-0.10363725014265837,-0.01793614203737315,0.047649462021950584,0.15835499534062478,0.134365841916303,流入
2018-09-30,通信,2002.33,9514.0703952577,-0.01793614203737315,0.05044198217799817,0.010223834893355765,0.04513789019381642,0.047649462021950584,-0.040128250588064907,0.06804295164911642,0.13304999675378168,0.059381170375501606,大幅流入
2018-12-31,通信,1921.98,8612.8303038148,-0.040128250588064907,0.0480373444412308,-0.0024046377367673705,-0.3193191014474801,0.06804295164911642,0.33259971487736606,0.023422141746286707,0.1996378734430119,-0.05807058759980611,流出
2019-03-31,通信,2561.23,18484.5605328134,0.33259971487736606,0.05531561128837424,0.007278266847143444,0.8669123725097514,0.023422141746286707,-0.07787664520562387,-0.00941073049657648,-0.06591754742838389,0.009361434414928302,大幅流入
2019-06-30,通信,2361.77,18840.680204134802,-0.07787664520562387,0.054442083298898054,-0.0008735279894761874,0.9823518746144289,-0.00941073049657648,-0.03938994906362614,-0.02160302063999599,0.0471722479326947,-0.07944528405479154,中性
2019-09-30,通信,2268.74,14259.18627005,-0.03938994906362614,0.04927675346164617,-0.005165329837251882,0.4987471899679772,-0.02160302063999599,0.016282165431032336,-0.050369123033937827,0.001820393698705366,-0.2198582967426283,大幅流出
2019-12-31,通信,2305.68,9431.5125855176,0.016282165431032336,0.03558492500434753,-0.01369182845729864,0.09505380378157313,-0.050369123033937827,0.0376114638631555,0.09668816729351914,-0.08330731064154587,-0.2913654625423725,大幅流出
2020-03-31,通信,2392.4,23294.341594976,0.0376114638631555,0.04831148993249945,0.01272656492815192,0.26020532398508345,0.09668816729351914,0.033765256646045794,-0.09656581625325386,-0.21744691523156648,-0.41964798314143864,大幅流入
2020-06-30,通信,2473.18,13876.4639289811,0.033765256646045794,0.037171794738157765,-0.011139695194341687,-0.2634839199735606,-0.09656581625325386,-0.0809928917426147,-0.1708387641509708,-0.19540025392409754,-0.34990859011812664,大幅流出
2020-09-30,通信,2272.87,16036.7111069786,-0.0809928917426147,0.02442068554935154,-0.012751109188806224,0.12465822405743543,-0.1708387641509708,-0.07007439932772219,-0.13741153120701613,-0.1500393775270913,-0.23153648603512844,大幅流出
2020-12-31,通信,2113.6,8946.61293287,-0.07007439932772219,0.019623046131033363,-0.004797639418318178,-0.05141271331092512,-0.13741153120701613,-0.1142221801665404,-0.10184283137375262,0.030474072672218258,-0.04487453087273206,流出
2021-03-31,通信,1872.18,7531.33281625,-0.1142221801665404,0.014447869187540967,-0.005175176943492395,-0.6766883156777301,-0.10184283137375262,0.06288925210182783,0.011997520791828704,0.04228225918448006,0.06553210098840685,大幅流出
2021-06-30,通信,1989.92,7585.11931526,0.06288925210182783,0.01546816250739767,0.0010202933198567021,-0.4533824067802734,0.011997520791828704,-0.0291820776714643,-0.01986067304014809,-0.03584566213717138,0.0037275114817747514,流入
2021-09-30,通信,1931.85,12319.97242063,-0.0291820776714643,0.01628602266686067,0.0008178601594630019,-0.23176439742256194,-0.01986067304014809,0.12742190128633202,0.07211364098326226,-0.07049201542562814,0.07815213238214871,流入
2021-12-31,通信,2178.01,11610.45014711,0.12742190128633202,0.01916525703662892,0.0028792343697682486,0.2977481237008721,0.07211364098326226,-0.10407206578482209,0.0019786152060033008,-0.155981836630686,-0.010126940233499604,流入
2022-03-31,通信,1951.34,11751.37069302,-0.10407206578482209,0.022257979852516114,0.0030927228158871937,0.5603308178951572,0.0019786152060033008,-0.016783338628839628,-0.04670187577843837,0.22006416103805593,0.21867888403327998,流入
2022-06-30,通信,1918.59,7048.34112175,-0.016783338628839628,0.013869038100761167,-0.008388941751754947,-0.07076727091557966,-0.04670187577843837,-0.0640678831850473,0.05281492566975059,0.4435392658149993,0.5422913958067559,大幅流出
2022-09-30,通信,1795.67,10500.75091537,-0.0640678831850473,0.01884122964311497,0.0049721915423538016,-0.14766441377853112,0.05281492566975059,0.023729304382208216,-0.01567100009097322,0.3780650119454018,0.36434015253507473,流入
2022-12-31,通信,1838.28,10555.35982018,0.023729304382208216,0.022555149974125728,0.0037139203310107595,-0.09087419639734007,-0.01567100009097322,0.29510194312074334,0.23358259784593433,0.25752877690014575,0.36223903722997913,流入
2023-03-31,通信,2380.76,19475.56460531,0.29510194312074334,0.040476486894609705,0.017921336920483977,0.6573015279722187,0.23358259784593433,0.16330919538298683,0.2064404445572425,0.02610090895344344,0.18794744254232656,大幅流入
2023-06-30,通信,2769.56,31053.31197327,0.16330919538298683,0.05744246547753623,0.016965978582926526,3.4057617866202134,0.2064404445572425,-0.10651872499602821,-0.0686599950017183,-0.13504311154118329,0.04733697616126401,大幅流入
2023-09-30,通信,2474.55,23946.08246089,-0.10651872499602821,0.051109749344479725,-0.0063327161330565054,1.2804161963160183,-0.0686599950017183,-0.06581398638136227,-0.017186889455597966,0.10573235537774553,0.10058181884555029,大幅流出
2023-12-31,通信,2311.69,23691.42075637,-0.06581398638136227,0.04806009927089315,-0.0030496500735865753,1.2444920078495243,-0.017186889455597966,0.05675934056902099,0.07575194384067307,0.28815282325917396,0.20695078336965742,流出
2024-03-31,通信,2442.9,24960.794656,0.05675934056902099,0.048683670983858944,0.0006235717129657939,0.2816467795339015,0.07575194384067307,-0.019382700888288418,0.06364106851150798,0.20473617421916573,0.10351510430803403,流出
2024-06-30,通信,2395.55,20235.61147571,-0.019382700888288418,0.04154646226632837,-0.007137208717530576,-0.34835899329745035,0.06364106851150798,0.14219699025276022,-0.02131224238682311,0.35985890505311935,0.11686312870149707,大幅流出
2024-09-30,通信,2736.19,17477.0439867,0.14219699025276022,0.04062144513397803,-0.0009250171323503392,-0.27015017946069364,-0.02131224238682311,0.08830527119827192,0.07779997212910675,0.7697235937562816,0.5276030051616385,中性
2024-12-31,通信,2977.81,48380.6496402,0.08830527119827192,0.043633678096384305,0.0030122329624062763,1.0421168547771331,0.07779997212910675,-0.011673008015957942,-0.0164399950073768,0.8475053814716189,0.5808946895552556,大幅流入
2025-03-31,通信,2943.05,49700.84216342,-0.011673008015957942,0.058380815307080544,0.014747137210696239,0.9911562451587681,-0.0164399950073768,0.10688231596473052,0.07650677997567805,0.9806425307079392,0.707259138381355,大幅流入
2025-06-30,通信,3257.61,32737.14307,0.10688231596473052,0.04436506968991144,-0.014015745617169104,0.617798558214874,0.07650677997567805,0.48645786328013485,0.33861197601087056,1.9317045318500374,1.6239780368850927,大幅流出
2025-09-30,通信,4842.3,77142.83846259,0.48645786328013485,0.056236061315500886,0.011870991625589446,3.4139522977281276,0.33861197601087056,0.13613778576296398,0.11539990860479868,0.45230985275592206,0.47368766882877217,大幅流入
2025-12-31,通信,5501.52,71391.50537864,0.13613778576296398,0.061095481070819684,0.004859419755318797,0.47562105737662597,0.11539990860479868,0.05954899736800012,0.06217815630873236,,,大幅流入
2026-03-31,通信,5829.13,90555.07618288,0.05954899736800012,0.06327466317501805,0.002179182104198367,0.822002852288263,0.06217815630873236,0.6383834294311501,0.6545409444357618,,,流入
2026-06-30,通信,9550.35,140859.51608692,0.6383834294311501,0.08217673923408952,0.018902076059071474,3.302743088660119,0.6545409444357618,-0.2636374583130461,-0.2482040875862244,,,大幅流入
2026-09-30,通信,7032.52,81332.30241267,-0.2636374583130461,0.08134837994834093,-0.0008283592857485922,0.054307879170296,-0.2482040875862244,,,,,中性
1999-12-31,钢铁,1000.0,1.0090941669,,0.03540346089015608,,,,0.2381199999999999,-0.13207000000000013,0.6075100000000001,-0.030426914820806054,
2000-03-31,钢铁,1238.12,456.5103970933,0.2381199999999999,0.03715826342060147,0.0017548025304453888,,-0.13207000000000013,0.18198559105740975,0.10196814228193699,0.4002439181985595,0.20277950412924978,中性
2000-06-30,钢铁,1463.44,806.7506314167,0.18198559105740975,0.07358223553511838,0.03642397211451691,,0.10196814228193699,0.01816268518012354,0.019315156345462228,0.17855190510031183,0.050016438370040245,大幅流入
2000-09-30,钢铁,1490.02,685.7184324609,0.01816268518012354,0.07059933200326425,-0.0029829035318541253,,0.019315156345462228,0.07885129058670359,-0.005468988097735689,-0.06850243620890972,0.04407916369771966,流出
2000-12-31,钢铁,1607.51,351.651316489,0.07885129058670359,0.046619310777429264,-0.023980021225834987,347.4821615501898,-0.005468988097735689,0.0784816268639077,0.07668873133577495,-0.18322125523324878,0.06897510351226335,大幅流出
2001-03-31,钢铁,1733.67,528.1333067366,0.0784816268639077,0.09043846933002109,0.04381915855259182,0.15689217616803153,0.07668873133577495,-0.0051509226092624205,-0.03799103660832768,-0.24460249067008139,0.009240906652903941,大幅流入
2001-06-30,钢铁,1724.74,445.077556798,-0.0051509226092624205,0.052234471081906056,-0.03820399824811503,-0.4483083874177842,-0.03799103660832768,-0.19527001171191016,0.013551480806937355,-0.15758317195635269,0.08769945211837771,大幅流出
2001-09-30,钢铁,1387.95,187.2766873666,-0.19527001171191016,0.04483700116036217,-0.007397469921543887,-0.7268898158468584,0.013551480806937355,-0.054014914081919385,0.018245482104242636,-0.06349652364998733,0.054255319633886405,流出
2001-12-31,钢铁,1312.98,170.9603144084,-0.054014914081919385,0.045413826685982706,0.0005768255256205362,-0.5138357048814068,0.018245482104242636,-0.002566680375938768,0.01652349790559591,-0.1433228228914378,0.057658085229552444,流出
2002-03-31,钢铁,1309.61,304.3958838742,-0.002566680375938768,0.06033292265383017,0.014919095967847462,-0.42363816106372987,0.01652349790559591,0.10945243240354019,0.036795690222610214,-0.026778964729957604,0.09555035508189726,大幅流入
2002-06-30,钢铁,1452.95,365.7038450097,0.10945243240354019,0.06279201490843567,0.0024590922546054994,-0.1783368102389491,0.036795690222610214,-0.10539247737361923,-0.017612780550317064,-0.07954162221686899,0.15809763376315203,流入
2002-09-30,钢铁,1299.82,227.385250678,-0.10539247737361923,0.0563338163981836,-0.006458198510252068,0.21416741119991212,-0.017612780550317064,-0.1346494129956456,0.02153202060200421,-0.05490760259112791,0.1821615419384749,流出
2002-12-31,钢铁,1124.8,155.6079619178,-0.1346494129956456,0.05392934924391006,-0.002404467154273539,-0.08980068002171193,0.02153202060200421,0.13312588904694178,0.052942056258060394,0.3564455903271694,0.452699264541912,流出
2003-03-31,钢铁,1274.54,309.5768050748,0.13312588904694178,0.07798970592065757,0.02406035667674751,0.017020339219636638,0.052942056258060394,0.049304062642208324,0.09598854125959407,0.37767351358137047,0.2994966742070995,大幅流入
2003-06-30,钢铁,1337.38,845.5145047574,0.049304062642208324,0.12586025581885477,0.047870549898197196,1.3120197293385676,0.09598854125959407,-0.08145029834452444,0.002800071658551756,0.02889231183358483,0.19078518763073005,大幅流入
2003-09-30,钢铁,1228.45,285.8461258117,-0.08145029834452444,0.09182320710909313,-0.03403704870976164,0.25710055933437115,0.002800071658551756,0.24199601123366832,0.2553096699467643,0.2342382677357645,0.29585843943007883,大幅流出
2003-12-31,钢铁,1525.73,790.4435627987,0.24199601123366832,0.1472835962789158,0.05546038916982267,4.079711558822757,0.2553096699467643,0.15085893310087628,-0.05810188410083189,-0.0812791254022664,0.05954213326966928,大幅流入
2004-03-31,钢铁,1755.9,1301.7829738617,0.15085893310087628,0.12443443542686478,-0.02284916085205102,3.2050404052304984,-0.05810188410083189,-0.21634489435617066,0.004301855209631278,-0.21932911897032858,0.1831093887893446,大幅流出
2004-06-30,钢铁,1376.02,551.6110594689,-0.21634489435617066,0.09038005086958487,-0.03405438455727991,-0.34760307911314725,0.004301855209631278,0.10187351928024313,0.09128577464536045,-0.13256348018197414,0.13133233386382626,大幅流出
2004-09-30,钢铁,1516.2,589.3926600121999,0.10187351928024313,0.11412037921243168,0.02374032834284681,1.0619228556571727,0.09128577464536045,-0.0755045508508112,0.026387948821322837,-0.21708217913204075,-0.028531901982382275,大幅流入
2004-12-31,钢铁,1401.72,495.368469548,-0.0755045508508112,0.09923623788890348,-0.014884141323528194,-0.3733031770237162,0.026387948821322837,-0.0220728818879663,0.051745342834494584,-0.1788302942099707,-0.07195430831029014,大幅流出
2005-03-31,钢铁,1370.78,515.1638003623,-0.0220728818879663,0.11923412859354038,0.019997890704636895,-0.6042629142443905,0.051745342834494584,-0.129247581668831,-0.03964994908819411,-0.04965785902916593,-0.12052326676693835,大幅流入
2005-06-30,钢铁,1193.61,634.3750481758,-0.129247581668831,0.12824800449703716,0.009013875903496782,0.15004048103492806,-0.03964994908819411,-0.005487554561372621,-0.06291963541102444,0.35486465428406266,-0.1932978570049,大幅流入
2005-09-30,钢铁,1187.06,649.1587478703,-0.005487554561372621,0.09189370860036959,-0.03635429589666757,0.10140283704392061,-0.06291963541102444,-0.030335450609067727,-0.019489249467260716,0.2732465081798729,-0.21793316135245508,大幅流出
2005-12-31,钢铁,1151.05,454.6060897956,-0.030335450609067727,0.10494076724265494,0.01304705864228535,-0.0822869888945369,-0.019489249467260716,0.1317579601233656,-0.0032973951691650516,1.11893488553929,0.10554326905135353,大幅流入
2006-03-31,钢铁,1302.71,640.1719233206,0.1317579601233656,0.08697307793023895,-0.01796768931241599,0.2426570400916861,-0.0032973951691650516,0.24139678055745328,-0.11911661238830401,1.7268693723084954,-0.011022546869882398,大幅流出
2006-06-30,钢铁,1617.18,1458.4626732713,0.24139678055745328,0.0795711619555482,-0.007401915974690754,1.2990542857340226,-0.11911661238830401,-0.06539779121680955,-0.09153646775766608,1.720711361753175,0.05057648519807266,大幅流出
2006-09-30,钢铁,1511.42,746.2042946748,-0.06539779121680955,0.05636214050668476,-0.023209021448863436,0.14949432187870548,-0.09153646775766608,0.6137142554683674,0.386067030227946,3.7011750539228006,0.4032718007905708,大幅流出
2006-12-31,钢铁,2439.0,1959.2288000207,0.6137142554683674,0.09751033610110617,0.041148195594421406,3.3097284528273887,0.386067030227946,0.45646576465764666,-0.10838731395870338,1.7458835588355879,-0.022521250193321567,大幅流入
2007-03-31,钢铁,3552.32,4521.3420022792,0.45646576465764666,0.09263235336221007,-0.0048779827388961,6.062699624230316,-0.10838731395870338,0.23859336996666958,-0.06425028164447999,0.38052033600576496,0.02925984419139665,大幅流出
2007-06-30,钢铁,4399.88,9718.838354278,0.23859336996666958,0.08794484450297027,-0.004687508859239797,5.6637552899992,-0.06425028164447999,0.6149190432466338,0.21344925838684803,-0.24084975044773957,0.08572448020561203,大幅流出
2007-09-30,钢铁,7105.45,8309.0425584243,0.6149190432466338,0.09208754107031168,0.004142696567341411,10.135077374548517,0.21344925838684803,-0.057454489159729505,-0.034505598208289745,-0.6234721235108261,-0.09544390173890067,流入
2007-12-31,钢铁,6697.21,5306.4549850582,-0.057454489159729505,0.09719083688331569,0.005103295813004005,1.708440680844491,-0.034505598208289745,-0.26774731567324306,-0.06115490030301257,-0.7088444292474031,-0.19220796876841825,流入
2008-03-31,钢铁,4904.05,4857.9079554614,-0.26774731567324306,0.07868928944809689,-0.0185015474352188,0.07443939277598077,-0.06115490030301257,-0.31889560669242767,-0.01291556034399205,-0.47872268839020804,-0.2534673107156234,大幅流出
2008-06-30,钢铁,3340.17,3182.5773014027,-0.31889560669242767,0.07215228120041922,-0.006537008247677667,-0.6725352161041134,-0.01291556034399205,-0.19902280422852725,0.010968202905735885,-0.045183328992236725,-0.20239343678020955,流出
2008-09-30,钢铁,2675.4,1664.0815631247,-0.19902280422852725,0.05947824154908089,-0.012674039651338329,-0.7997264364186538,0.010968202905735885,-0.2711631905509456,-0.13778848490950787,0.08543395380130078,-0.2713263174877517,大幅流出
2008-12-31,钢铁,1949.93,1918.8351689136,-0.2711631905509456,0.06776687049142667,0.008288628942345777,-0.6383960338273642,-0.13778848490950787,0.3110060361141169,-0.13235272198752418,0.9615934930997521,-0.11682492345887178,大幅流入
2009-03-31,钢铁,2556.37,3516.4910502177,0.3110060361141169,0.06323989090085787,-0.004526979590568803,-0.27613057257201434,-0.13235272198752418,0.24756979623450448,0.054615610036405304,0.28572155047978204,-0.1442551257228917,流出
2009-06-30,钢铁,3189.25,4760.9665506129,0.24756979623450448,0.06152620242322321,-0.001713688477634659,0.4959468693861846,0.054615610036405304,-0.0894504977659325,-0.07640438621727474,-0.266012385357059,-0.24213979836890634,流出
2009-09-30,钢铁,2903.97,6289.4921203009,-0.0894504977659325,0.062167426726685425,0.0006412243034622164,2.7795576008251155,-0.07640438621727474,0.3171520366945939,0.045027066449442876,-0.07271424980285612,-0.2615658797902734,流入
2009-12-31,钢铁,3824.97,4405.5287955448,0.3171520366945939,0.048446761246147205,-0.01372066548053822,1.2959391546065464,0.045027066449442876,-0.14070437153755444,-0.15930065220190248,-0.2832440515873326,-0.31349145673982637,大幅流出
2010-03-31,钢铁,3286.78,2559.6981856265,-0.14070437153755444,0.03741882917532896,-0.011027932070818244,-0.27208738794656295,-0.15930065220190248,-0.2877923073646549,-0.06601696032283272,-0.03593486634335118,-0.07898861336411284,大幅流出
2010-06-30,钢铁,2340.87,1821.9966744406,-0.2877923073646549,0.02785790039611148,-0.009560928779217482,-0.6173052981844525,-0.06601696032283272,0.15034581159996074,-0.10007873084593533,0.27348379021474956,-0.010072265008956405,大幅流出
2010-09-30,钢铁,2692.81,2067.8897929537,0.15034581159996074,0.027422347932029984,-0.00043555246408149423,-0.6712151389332262,-0.10007873084593533,0.018107478804668897,-0.028457665455787186,-0.1149097039895126,0.032742488006863864,中性
2010-12-31,钢铁,2741.57,3272.6925427731003,0.018107478804668897,0.028893460014755942,0.0014711120827259581,-0.25713967728852627,-0.028457665455787186,0.15578664779670048,0.12787186650635649,-0.28237834525472627,0.024925508798216704,流入
2011-03-31,钢铁,3168.67,3016.5188673084,0.15578664779670048,0.03900632488286051,0.010112864868104567,0.17846661932531327,0.12787186650635649,-0.05920780642982704,0.0038700155106661666,-0.3522708265613018,-0.09310639210183866,大幅流入
2011-06-30,钢铁,2981.06,4224.979651206801,-0.05920780642982704,0.060294754131590925,0.021288429248730416,1.3188734153447226,0.0038700155106661666,-0.2004924422856299,-0.06115679188958978,-0.36984830899076176,-0.18980602043562222,大幅流入
2011-09-30,钢铁,2383.38,2174.9516476369,-0.2004924422856299,0.03538062193530873,-0.024914132196282197,0.05177348185962871,-0.06115679188958978,-0.17452944977301144,-0.035811411735859056,-0.2713289529995218,-0.14075970751434372,大幅流出
2011-12-31,钢铁,1967.41,1083.3837748127,-0.17452944977301144,0.027354844859802243,-0.008025777075506484,-0.6689625558608998,-0.035811411735859056,0.04321925780594782,-0.0020154855330470137,-0.04783954539216551,-0.0710283765672989,大幅流出
2012-03-31,钢铁,2052.44,1401.2853425263,0.04321925780594782,0.027686077674674413,0.0003312328148721705,-0.5354627621551565,-0.0020154855330470137,-0.08473816530568501,-0.10316994656414843,-0.13488335834421475,-0.16020173504046017,中性
2012-06-30,钢铁,1878.52,1268.9399383361,-0.08473816530568501,0.02531633772102227,-0.0023697399536521425,-0.6996577396594923,-0.10316994656414843,-0.07549560292144875,-0.0043225041382065205,-0.23228392564359168,-0.1439957583321495,流出
2012-09-30,钢铁,1736.7,870.8131458619999,-0.07549560292144875,0.020282417727325735,-0.005033919993696536,-0.5996172389357968,-0.0043225041382065205,0.07864916220418028,0.04243695968200378,-0.10919560085219093,-0.22964491231467607,流出
2012-12-31,钢铁,1873.29,822.1281738282,0.07864916220418028,0.021570722638884782,0.0012883049115590475,-0.2411477881230656,0.04243695968200378,-0.05214889312386228,-0.09781349336710707,-0.17265879815725266,-0.2556045247623777,中性
2013-03-31,钢铁,1775.6,1074.9133940649,-0.05214889312386228,0.018319623855870486,-0.0032510987830142966,-0.23290898616908517,-0.09781349336710707,-0.1877844109033565,-0.08586340097609026,-0.17975332282045492,-0.2098281327978116,流出
2013-06-30,钢铁,1442.17,674.152272423,-0.1877844109033565,0.012650327824262845,-0.005669296031607641,-0.4687279893585953,-0.08586340097609026,0.07273067668860111,-0.1039469347296304,0.017480602148151753,-0.16046432383283474,流出
2013-09-30,钢铁,1547.06,860.501079707,0.07273067668860111,0.012426240806429017,-0.00022408701783382771,-0.011841881583898428,-0.1039469347296304,0.0018034206818093867,0.007308666370128843,0.23213062195389964,0.004625554365265421,中性
2013-12-31,钢铁,1549.85,658.2812782177,0.0018034206818093867,0.01016493380137532,-0.0022613070050536976,-0.19929604753423658,0.007308666370128843,-0.06027680098073995,-0.042333785971536544,0.7833661322063424,0.2787156963890382,流出
2014-03-31,钢铁,1456.43,729.7381570719,-0.06027680098073995,0.008138330227194995,-0.002026603574180325,-0.32111911424573747,-0.042333785971536544,0.007518383993738054,-0.02875523715106343,1.3650295585781669,0.22365595777113942,大幅流入
2014-06-30,钢铁,1467.38,672.231968678,0.007518383993738054,0.007303663597204939,-0.0008346666299900553,-0.0028484718120108665,-0.02875523715106343,0.29903637776172487,0.07225676405763168,2.0058607858904987,0.29624892891628063,中性
2014-09-30,钢铁,1906.18,2193.7334169049,0.29903637776172487,0.011865046145898594,0.004561382548693655,1.549367419331844,0.07225676405763168,0.44999422929628885,0.2821308369066975,0.3995372944842566,0.0958711760526733,大幅流入
2014-12-31,钢铁,2763.95,5327.794047366,0.44999422929628885,0.01637909181814132,0.004514045672242726,7.093491678498028,0.2821308369066975,0.24622370158649765,-0.08356957558176875,0.017974275945657626,-0.32051595256055987,大幅流入
2015-03-31,钢铁,3444.5,5788.5210271679,0.24622370158649765,0.014438212400859398,-0.001940879417281922,6.9323260967941485,-0.08356957558176875,0.2805167658586152,0.028863526192177746,-0.32694440412251413,-0.26414501493359216,流出
2015-06-30,钢铁,4410.74,18540.9020370425,0.2805167658586152,0.019498182945716418,0.005059970544857019,26.581107267934193,0.028863526192177746,-0.3951649836535366,-0.09349565901615287,-0.502475775040016,-0.3189201106078054,大幅流入
2015-09-30,钢铁,2667.77,8401.3300384253,-0.3951649836535366,0.014733529366456197,-0.00476465357926022,2.8296950639875784,-0.09349565901615287,0.05467487826911621,-0.2050274982628016,-0.12113488044321652,-0.21986198798693884,大幅流出
2015-12-31,钢铁,2813.63,5156.9001394075,0.05467487826911621,0.009441412452621692,-0.005292116913834506,-0.032075922312159943,-0.2050274982628016,-0.1760323852105643,-0.007541238361769592,-0.08134331806243182,0.06513064580354358,大幅流出
2016-03-31,钢铁,2318.34,4438.9319676552,-0.1760323852105643,0.014242074763654711,0.0048006623110330195,-0.23314920221910318,-0.007541238361769592,-0.05343909866542451,-0.04772234905034582,0.1826134216724034,0.11313556265401556,大幅流入
2016-06-30,钢铁,2194.45,2516.3702594685,-0.05343909866542451,0.00832664465849984,-0.00591543010515487,-0.8642800520470313,-0.04772234905034582,0.06842716853881403,0.03834881262969406,0.22065665656542663,0.18857292882533075,大幅流出
2016-09-30,钢铁,2344.61,2721.8120629772,0.06842716853881403,0.00882164373480095,0.000494999076301109,-0.676026051764613,0.03834881262969406,0.10242641633363325,0.08538433089096092,0.35904905293417655,0.301172214688007,中性
2016-12-31,钢铁,2584.76,3569.2569294598,0.10242641633363325,0.011813019136144793,0.002991375401343843,-0.30786774361120584,0.08538433089096092,0.060717436048220996,0.037188392240515296,0.19744579767560624,0.2063009915762829,流入
2017-03-31,钢铁,2741.7,3723.9319030089,0.060717436048220996,0.01444134323251301,0.002628324096368217,-0.16107479678810854,0.037188392240515296,-0.022989386147280744,0.016813652009731138,0.06452201189043304,0.13614678999969163,流入
2017-06-30,钢铁,2678.67,4587.7579512702,-0.022989386147280744,0.018637059908199853,0.004195716675686844,0.823164907472405,0.016813652009731138,0.18956049084060367,0.13671663840039458,-0.017407892722881214,0.15646133353805505,流入
2017-09-30,钢铁,3186.44,8117.3172515233,0.18956049084060367,0.025862614413502082,0.007225554505302229,1.982320991936649,0.13671663840039458,-0.028662080566400072,0.0062466596007573275,-0.15632492687764388,0.1058488267745496,大幅流入
2017-12-31,钢铁,3095.11,4691.9684604383,-0.028662080566400072,0.01773538763235766,-0.008127226781144421,0.3145504941692219,0.0062466596007573275,-0.05702866780179061,-0.023130818346439083,-0.29618979616233354,0.009394952276894146,大幅流出
2018-03-31,钢铁,2918.6,5845.9489821515,-0.05702866780179061,0.021313133963267686,0.0035777463309100248,0.5698324068246337,-0.023130818346439083,-0.09818406085109299,0.03499449394491769,-0.09716987596792977,-0.0695764643668153,流入
2018-06-30,钢铁,2632.04,2894.8230103763,-0.09818406085109299,0.012249778731857383,-0.009063355231410303,-0.36901139050397846,0.03499449394491769,0.021382653759061565,0.0869682578183853,-0.13068570386468276,-0.15784654588627775,大幅流出
2018-09-30,钢铁,2688.32,3509.4800653032003,0.021382653759061565,0.018606666080198675,0.006356887348341292,-0.5676551800849463,0.0869682578183853,-0.18969095940959424,-0.08151975717241292,-0.24302910367813357,-0.29714620697560273,大幅流入
2018-12-31,钢铁,2178.37,2421.5096163383,-0.18969095940959424,0.013505768418109172,-0.005100897662089503,-0.48390326219028024,-0.08151975717241292,0.20962003700014242,-0.09955753613093693,-0.020919311228119852,-0.2489840089731159,大幅流出
2019-03-31,钢铁,2635.0,3834.1769299476,0.20962003700014242,0.011473891429084082,-0.0020318769890250894,-0.3441309628849176,-0.09955753613093693,-0.13166223908918395,-0.06319632438013656,-0.28798102466793163,-0.21703243307286277,流出
2019-06-30,钢铁,2288.07,3138.0557432058,-0.13166223908918395,0.00906773483319898,-0.002406156595885103,0.08402335201760125,-0.06319632438013656,-0.11061287460610914,-0.09282594618247898,-0.16154226050776416,-0.254308059817807,流出
2019-09-30,钢铁,2034.98,1321.0416792445,-0.11061287460610914,0.00456524263782284,-0.004502492195376139,-0.6235790901606477,-0.09282594618247898,0.04806926849403936,-0.0185820199709308,-0.019425252336632177,-0.21886642371844883,中性
2019-12-31,钢铁,2132.8,1720.8104053023,0.04806926849403936,0.006492586280742653,0.0019273436429198126,-0.28936462044514466,-0.0185820199709308,-0.12032539384846219,-0.06124869041809854,0.049015378844711244,-0.16118930194965714,流入
2020-03-31,钢铁,1876.17,2629.1217933228,-0.12032539384846219,0.005452688608156398,-0.0010398976725862546,-0.31429304349845666,-0.06124869041809854,0.022535271324027217,-0.10779580157527244,0.37922469712232904,0.044509430906983234,中性
2020-06-30,钢铁,1918.45,2458.542724805,0.022535271324027217,0.006585859768681926,0.0011331711605255274,-0.21653949897863112,-0.10779580157527244,0.040136568584013155,-0.04970930382434294,0.4416638432067556,0.19170324120368942,流入
2020-09-30,钢铁,1995.45,3772.0774627699,0.040136568584013155,0.005744115297182952,-0.0008417444714989737,1.855381114793547,-0.04970930382434294,0.1212207772682854,0.05388364538899146,0.6592948958881454,0.5129690074026052,中性
2020-12-31,钢铁,2237.34,3442.77520672,0.1212207772682854,0.007551208173099371,0.001807092875916419,1.0006708444531967,0.05388364538899146,0.15657879446127976,0.16895814325406755,0.3405874833507646,0.22106799269681507,流入
2021-03-31,钢铁,2587.66,6342.0341025200005,0.15657879446127976,0.012166356384945499,0.004615148211846128,1.4122252984349797,0.16895814325406755,0.06882666192621922,0.017934930616220097,0.041168468809658236,0.049078735933958964,大幅流入
2021-06-30,钢铁,2765.76,7980.2188885,0.06882666192621922,0.016273880143662735,0.004107523758717237,2.245914259689326,0.017934930616220097,0.19715376605345347,0.20647517068476967,-0.050741929885456546,-0.02654505837649423,大幅流入
2021-09-30,钢铁,3311.04,13446.60068717,0.19715376605345347,0.017775335537015463,0.0015014553933527276,2.564773210488613,0.20647517068476967,-0.09413658548371506,-0.14944484578678482,-0.32935875132888764,-0.22326954924367584,流入
2021-12-31,钢铁,2999.35,7750.49832107,-0.09413658548371506,0.01279367213184591,-0.004981663405169553,1.2512356618409757,-0.14944484578678482,-0.101742044109557,0.004308636881268382,-0.23784153233200536,-0.0958555489189482,大幅流出
2022-03-31,钢铁,2694.19,7858.51120694,-0.101742044109557,0.014884611224011272,0.002090939092165362,0.239115255437909,0.004308636881268382,-0.025525297028049287,-0.05544383417764803,-0.11918610046062099,-0.12081645649540287,中性
2022-06-30,钢铁,2625.42,6808.51712707,-0.025525297028049287,0.013397135838620395,-0.0014874753853908775,-0.14682576728797447,-0.05544383417764803,-0.15422294337667886,-0.037340134521880966,-0.16655620814955335,-0.10160252153882975,流出
2022-09-30,钢铁,2220.52,5660.63878094,-0.15422294337667886,0.010156739842510103,-0.0032403959961102916,-0.5790282679888703,-0.037340134521880966,0.02947958135932116,-0.009920723113860275,0.006480464035451024,-0.011476084680445399,流出
2022-12-31,钢铁,2285.98,3443.68880885,0.02947958135932116,0.007358623379122815,-0.0027981164633872884,-0.5556816263686928,-0.009920723113860275,0.038101820663347885,-0.02341752461146112,-0.081794241419435,-0.013736999493780844,流出
2023-03-31,钢铁,2373.08,3233.23683769,0.038101820663347885,0.006719706008022328,-0.0006389173711004864,-0.5885687819806547,-0.02341752461146112,-0.07793247593844288,-0.034801226764187204,-0.12015187014344239,0.023776929433230454,中性
2023-06-30,钢铁,2188.14,2572.494747,-0.07793247593844288,0.004758604841341507,-0.001961101166680821,-0.6221651941254562,-0.034801226764187204,0.021374317913844587,0.05923304790815451,-0.14212070525651924,0.04167025796287822,中性
2023-09-30,钢铁,2234.91,3034.4365031,0.021374317913844587,0.006476603817283289,0.0017179989759417815,-0.4639409754748377,0.05923304790815451,-0.06081229221758366,-0.012185195291819363,-0.03982710713183078,-0.03658947019747302,流入
2023-12-31,钢铁,2099.0,2453.51947071,-0.06081229221758366,0.004977176782177033,-0.0014994270351062558,-0.28753159565270403,-0.012185195291819363,-0.005264411624583243,0.013728191647068844,0.001576941400666913,-0.054762388777784825,中性
2024-03-31,钢铁,2087.95,3067.09622458,-0.005264411624583243,0.005982081321172849,0.001004904538995816,-0.05138522831773118,0.013728191647068844,-0.10095548265044652,-0.017931713250650114,0.06363658133576008,-0.01944527094795393,中性
2024-06-30,钢铁,1877.16,3206.47434155,-0.10095548265044652,0.006583327882088773,0.0006012465609159237,0.24644543795058715,-0.017931713250650114,0.14316307613629098,-0.020346156503292356,0.13101174114087238,-0.07580836110345358,中性
2024-09-30,钢铁,2145.9,2381.68805193,0.14316307613629098,0.0055356964599591486,-0.001047631422129624,-0.21511356408451732,-0.020346156503292356,-0.02031315531944644,-0.030818454388611603,0.16184351554126458,-0.031633023696217094,中性
2024-12-31,钢铁,2102.31,6586.9574052200005,-0.02031315531944644,0.005940663905743623,0.00040496744578447444,1.684697425007133,-0.030818454388611603,0.05637132487596985,0.051604337884550995,0.26546037454038657,0.045441119280876144,中性
2025-03-31,钢铁,2220.82,5682.72677846,0.05637132487596985,0.006675183116676688,0.0007345192109330647,0.8528035517497261,0.051604337884550995,-0.04400626795507967,-0.07438180394413214,0.19176700498014237,-0.008362730378907331,流入
2025-06-30,钢铁,2123.09,4302.7940822,-0.04400626795507967,0.00583110624253204,-0.0008440768741446473,0.34190815951455344,-0.07438180394413214,0.1743261001653249,0.026480212896060618,0.01487925617849458,-0.11052432632177672,流出
2025-09-30,钢铁,2493.2,9990.65987187,0.1743261001653249,0.007283052741302156,0.0014519464987701155,3.1947810351460904,0.026480212896060618,0.06705839884485809,0.04632052168669279,-0.11663324241938053,-0.10090156590602231,流入
2025-12-31,钢铁,2660.39,8442.09471653,0.06705839884485809,0.007224582745752587,-5.846999554956923e-05,0.2816379698827032,0.04632052168669279,-0.005145862072853946,-0.002516703132121715,,,流出
2026-03-31,钢铁,2646.7,10816.38079135,-0.005145862072853946,0.007557862907245802,0.00033328016149321554,0.9033786442714045,-0.002516703132121715,-0.18589942192163822,-0.16974190691702654,,,中性
2026-06-30,钢铁,2154.68,7402.35808887,-0.18589942192163822,0.004318498794295583,-0.0032393641129502193,0.7203607580228906,-0.16974190691702654,0.02215178123897754,0.03758515196579922,,,中性
2026-09-30,钢铁,2202.41,3228.87717101,0.02215178123897754,0.0032295154461645698,-0.0010889833481310131,-0.6768104196899624,0.03758515196579922,,,,,流出
2014-03-31,银行,2031.17,1878.0423325196,,0.02094467520243721,,,,0.010717960584293751,-0.02555566056050773,0.647557811507653,-0.26350431189274925,
2014-06-30,银行,2052.94,3045.815866725,0.010717960584293751,0.03309216982544945,0.01214749462301224,,-0.02555566056050773,0.041033834403343405,-0.18574577930074979,0.8036912915136339,-0.3538972566486892,流入
2014-09-30,银行,2137.18,4513.3480396392,0.041033834403343405,0.024410934505603853,-0.008681235319845597,,-0.18574577930074979,0.6044928363544486,0.43662944396485726,0.42127944300433295,-0.10971425044164057,大幅流出
2014-12-31,银行,3429.09,23758.6135599936,0.6044928363544486,0.07304045717819388,0.04862952267259003,,0.43662944396485726,-0.024093855804309672,-0.35388713297257607,-0.0136450195241303,-0.47089564922641103,大幅流入
2015-03-31,银行,3346.47,25687.0928688389,-0.024093855804309672,0.06407089152137917,-0.008969565656814713,12.677589915865658,-0.35388713297257607,0.1065002823871124,-0.14515295727932503,-0.07775656139155573,-0.11479361474196849,大幅流出
2015-06-30,银行,3702.87,43924.9814048301,0.1065002823871124,0.04619286168534141,-0.017878029836037757,13.421417225086637,-0.14515295727932503,-0.17968224647368114,0.12198707816370258,-0.16452913550840298,0.043910299946386386,大幅流出
2015-09-30,银行,3037.53,24830.523489706,-0.17968224647368114,0.04354563448249381,-0.002647227202847602,4.501575165847607,0.12198707816370258,0.11350340572768003,-0.14619897080423777,0.04981349978436423,-0.06894181811050218,流出
2015-12-31,银行,3382.3,9538.0663854012,0.11350340572768003,0.01746258727348671,-0.026083047209007098,-0.5985428037997109,-0.14619897080423777,-0.08752623954114058,0.08096490730765413,-0.04934512018448995,0.08098468508862364,大幅流出
2016-03-31,银行,3086.26,5265.9648408586,-0.08752623954114058,0.016895565310027037,-0.000567021963459674,-0.794995686442713,0.08096490730765413,0.0023912437707773737,0.008107993385856065,0.08066721533506549,0.013753918916667766,流出
2016-06-30,银行,3093.64,3330.6344494573,0.0023912437707773737,0.011021036925562324,-0.005874528384464712,-0.924174482425824,0.008107993385856065,0.03077281131611964,0.0006944554069996632,0.11102455360028964,0.07634727532732669,大幅流出
2016-09-30,银行,3188.84,5110.8355562357,0.03077281131611964,0.016564689045777906,0.005543652120215582,-0.7941712522349962,0.0006944554069996632,0.008329047553342184,-0.008713037889330151,0.12085585981109112,0.06167143269583885,大幅流入
2016-12-31,银行,3215.4,6456.2026918583,0.008329047553342184,0.02136782177720518,0.0048031327314272745,-0.32311199870237306,-0.008713037889330151,0.03726441500279898,0.013735371195093278,0.13279529763015496,0.12881435318199835,大幅流入
2017-03-31,银行,3335.22,6117.493151124,0.03726441500279898,0.023723532174835832,0.002355710397630651,0.16170413893735014,0.013735371195093278,0.030549708864782588,0.07035274702179448,0.06930877123548089,0.12802855569139596,流入
2017-06-30,银行,3437.11,7923.5992140611,0.030549708864782588,0.03218840113396486,0.008464868959129027,1.3790059624682578,0.07035274702179448,0.039893980698901155,-0.012949871741307933,-0.08222023735056475,0.07252987820752585,大幅流入
2017-09-30,银行,3574.23,8831.4936783919,0.039893980698901155,0.0281380545594258,-0.0040503465745390585,0.7279940982676789,-0.012949871741307933,0.01906984161623626,0.05397858178339366,-0.03839428352400371,0.25517301228308825,流出
2017-12-31,银行,3642.39,8871.2425509209,0.01906984161623626,0.03353281820793615,0.005394763648510353,0.3740650618215762,0.05397858178339366,-0.020868166231512775,0.013029683223838753,-0.14665096269207856,0.20579455650826128,大幅流入
2018-03-31,银行,3566.38,15171.5952369788,-0.020868166231512775,0.05531253226968775,0.021779714061751596,1.480034691038639,0.013029683223838753,-0.11548685221429011,0.017691702581720564,0.01834913834196023,0.022782836676179228,大幅流入
2018-06-30,银行,3154.51,6402.2570110317,-0.11548685221429011,0.027091891797359408,-0.02822064047232834,-0.19200140768473606,0.017691702581720564,0.08955115057489116,0.1551367546342149,0.1658324113729232,0.08648766464920857,大幅流出
2018-09-30,银行,3437.0,5653.2874147795,0.08955115057489116,0.029972767824542133,0.002880876027182726,-0.3598718834378547,0.1551367546342149,-0.09565609543206288,0.012515106805118442,0.03807681117253411,-0.0707711622062788,大幅流入
2018-12-31,银行,3108.23,6229.3212350172,-0.09565609543206288,0.03474352091542485,0.004770753090882714,-0.29780735908629286,0.012515106805118442,0.16845278502556127,-0.14072478810551808,0.2293266585806071,-0.07830665531822839,大幅流入
2019-03-31,银行,3631.82,9793.9519022988,0.16845278502556127,0.029308699844006345,-0.0054348210714185025,-0.3544547063563025,-0.14072478810551808,0.012613510581471532,0.08107942529051892,-0.10356240122032487,-0.022691065844848857,大幅流出
2019-06-30,银行,3677.63,10439.5949324099,0.012613510581471532,0.030166283316686315,0.0008575834726799701,0.6306116599851399,0.08107942529051892,-0.029845307983674352,-0.012058379560044203,-0.10615532285738363,-0.2050537707796924,流入
2019-09-30,银行,3567.87,7621.4907889587,-0.029845307983674352,0.026338271729190905,-0.003828011587495409,0.34815200957830084,-0.012058379560044203,0.07095550006026019,0.004304211595290028,-0.06313570841986929,-0.2540894680744799,中性
2019-12-31,银行,3821.03,8071.8240307742,0.07095550006026019,0.030454844880814708,0.004116573151623802,0.29577906263681597,0.004304211595290028,-0.14795225371169562,-0.08887555028133198,-0.03249647346396106,-0.22858563353052863,大幅流入
2020-03-31,银行,3255.7,9123.816978196,-0.14795225371169562,0.01892241471135419,-0.011532430169460518,-0.0684233423635161,-0.08887555028133198,0.009684553245077998,-0.12064651965422166,0.2548760635193663,-0.053849895231436996,大幅流出
2020-06-30,银行,3287.23,5724.782990653,0.009684553245077998,0.0153353519555234,-0.003587062755830789,-0.45162786221902984,-0.12064651965422166,0.01684701100926933,-0.07299886139908676,0.19571493324166558,-0.019593700080584277,大幅流出
2020-09-30,银行,3342.61,15026.0691040939,0.01684701100926933,0.022881681049565172,0.007546329094041772,0.9715393641703611,-0.07299886139908676,0.10598005749997763,0.038642925620683694,0.06313030835185675,-0.03396018957929414,大幅流入
2020-12-31,银行,3696.86,12397.12655302,0.10598005749997763,0.027191227346876092,0.00430954629731092,0.535851934551024,0.038642925620683694,0.10512705376995601,0.11750640256274379,-0.045847016116379966,-0.1282170869561812,流入
2021-03-31,银行,4085.5,16218.52886106,0.10512705376995601,0.03111310960702263,0.003921882260146538,0.7776034854511951,0.11750640256274379,-0.03791702362011995,-0.08880875493011908,-0.13430179904540449,-0.13506610716895195,大幅流入
2021-06-30,银行,3930.59,10078.95270739,-0.03791702362011995,0.02055378061998755,-0.010559328987035078,0.7605824926195746,-0.08880875493011908,-0.09590417723547862,-0.0865827726041624,-0.12428159640155796,-0.10458712506707585,大幅流出
2021-09-30,银行,3553.63,11698.93475291,-0.09590417723547862,0.015465060314986753,-0.005088720305000799,-0.22142413482428425,-0.0865827726041624,-0.0073896269448423535,-0.06269788724791212,-0.14608724037111354,-0.021214373365257787,流出
2021-12-31,银行,3527.37,8632.40908902,-0.0073896269448423535,0.014249433651595401,-0.0012156266633913514,-0.30367661795651313,-0.06269788724791212,0.0026762148569614563,0.10872689584778684,-0.10465304178467244,0.04569350330804429,流出
2022-03-31,银行,3536.81,11245.29515611,0.0026762148569614563,0.0212994347262795,0.007050001074684099,-0.3066390143985577,0.10872689584778684,-0.0267811954840661,-0.056699732633664846,-0.1311916670672159,-0.1403801146698242,流入
2022-06-30,银行,3442.09,11068.2425984,-0.0267811954840661,0.02177900808914937,0.00047957336286987007,0.09815403640942177,-0.056699732633664846,-0.11841642722880585,-0.001533618374007964,-0.10849803462431255,-0.050644806294902193,中性
2022-09-30,银行,3034.49,8585.70452533,-0.11841642722880585,0.015405110730976142,-0.006373897358173229,-0.2661122823003703,-0.001533618374007964,0.04077456178797756,0.0013742573147961235,0.02646243685100298,0.0011126170739678815,流出
2022-12-31,银行,3158.22,8589.56237157,0.04077456178797756,0.018354548855120376,0.0029494381241442335,-0.004963471611244552,0.0013742573147961235,-0.027043714497406723,-0.08856305977221574,-0.07894320218350834,-0.017730383124661676,流入
2023-03-31,银行,3072.81,8271.59524059,-0.027043714497406723,0.017191035183748808,-0.0011635136713715674,-0.2644394721737716,-0.08856305977221574,-0.0013603184056286688,0.04177093076862701,0.04696352849671788,0.21237612307353995,中性
2023-06-30,银行,3068.63,11078.20610828,-0.0013603184056286688,0.02049248313595886,0.003301447952210053,0.000900188967798643,0.04177093076862701,0.015042543415139553,0.05290127340944947,0.10929958971919052,0.32799774881565424,大幅流入
2023-09-30,银行,3114.79,8808.61168262,0.015042543415139553,0.018800817875193738,-0.0016916652607651232,0.025962593591750904,0.05290127340944947,-0.06610076441750479,-0.017473667491740487,0.19456207320557709,0.1724192337486429,流出
2023-12-31,银行,2908.9,7698.95366048,-0.06610076441750479,0.015617994421258519,-0.003182823453935219,-0.10368499261822295,-0.017473667491740487,0.10595757846608667,0.12495018173773875,0.3439272577262881,0.24119947474140624,流出
2024-03-31,银行,3217.12,11695.87209114,0.10595757846608667,0.022811693161278738,0.007193698740020219,0.41398022400159773,0.12495018173773875,0.05809854776943357,0.14112231716922996,0.23989779678718856,0.12052911210915722,大幅流入
2024-06-30,银行,3404.03,11667.60241,0.05809854776943357,0.023955174462973756,0.001143481301695018,0.05320322586158399,0.14112231716922996,0.09306028442757541,-0.07044894821200792,0.2989133468271431,0.05862982986357198,流入
2024-09-30,银行,3720.81,12845.21708981,0.09306028442757541,0.029855808662199175,0.005900634199225419,0.4582567097553525,-0.07044894821200792,0.050671762331320425,0.04016646326215526,0.06718429589256124,-0.1456147820185748,大幅流入
2024-12-31,银行,3909.35,18329.84191176,0.050671762331320425,0.01653137003085606,-0.013324438631343114,1.3808224753774145,0.04016646326215526,0.020348651310320154,0.015581664318901296,0.06999884891350232,-0.15174366550597052,大幅流出
2025-03-31,银行,3988.9,13444.67087534,0.020348651310320154,0.0157927071870707,-0.0007386628437853621,0.1495227350788806,0.015581664318901296,0.10846097921732811,0.07808544322827564,0.011830329163428584,-0.19189644209300408,中性
2025-06-30,银行,4421.54,16923.6190528,0.10846097921732811,0.022934730042800434,0.007142022855729735,0.4504795808173241,0.07808544322827564,-0.1019441190173559,-0.24979000628662018,-0.17006970422070128,-0.3063851387036114,流入
2025-09-30,银行,3970.79,22733.35557997,-0.1019441190173559,0.01657230150952051,-0.0063624285332799235,0.769791465650213,-0.24979000628662018,0.05344276579723428,0.03270488863906898,0.02393730214894273,0.03867164462901677,大幅流出
2025-12-31,银行,4183.0,18595.37977286,0.05344276579723428,0.015913569365038006,-0.0006587321444825045,0.014486642185912002,0.03270488863906898,-0.035120726751135534,-0.0324915678104033,,,流出
2026-03-31,银行,4036.09,16960.510002,-0.035120726751135534,0.011851025948956843,-0.004062543416081163,0.2615042911246488,-0.0324915678104033,-0.0908106608128163,-0.07465314580820462,,,大幅流出
2026-06-30,银行,3669.57,15582.4649556,-0.0908106608128163,0.009090732347046495,-0.0027602936019103484,-0.07924747614654604,-0.07465314580820462,0.10798812939935742,0.12342150012617911,,,中性
2026-09-30,银行,4065.84,12239.68462644,0.10798812939935742,0.012242104132101896,0.003151371785055401,-0.4615979773252572,0.12342150012617911,,,,,大幅流入
2014-03-31,非银金融,935.77,2378.577358803,,0.02652684093502981,,,,0.038064909112281775,0.0017912879674802928,1.6882781025251936,0.3243717993890455,
2014-06-30,非银金融,971.39,4605.5047113315,0.038064909112281775,0.05003787185702844,0.02351103092199863,,0.0017912879674802928,0.16358002450097286,-0.06319958920312033,1.4617198035804368,-0.07601546977839464,大幅流入
2014-09-30,非银金融,1130.29,8716.3247729618,0.16358002450097286,0.04714319199264591,-0.002894679864382528,,-0.06319958920312033,1.0972670730520488,0.9294036806624575,0.31336205752506013,-0.09016404177773155,流出
2014-12-31,非银金融,2370.52,45470.0564722758,1.0972670730520488,0.1397873535114737,0.09264416151882779,,0.9294036806624575,0.06120598012250489,-0.2685872970457615,-0.1689629279651721,-0.4966746012768303,大幅流入
2015-03-31,非银金融,2515.61,52029.4735427313,0.06120598012250489,0.12977625659285,-0.010011096918623702,20.87419860454516,-0.2685872970457615,-0.04941942510961561,-0.30107266477605304,-0.3315378774929341,-0.29664045775275494,大幅流出
2015-06-30,非银金融,2391.29,76328.8023803902,-0.04941942510961561,0.08026971664414666,-0.04950653994870334,15.57338493055688,-0.30107266477605304,-0.3792137298278335,-0.0775444051904498,-0.3150098900593403,-0.013985849219562802,大幅流出
2015-09-30,非银金融,1484.48,36362.109427298,-0.3792137298278335,0.06376873716697903,-0.016500979477167624,3.1717249384848456,-0.0775444051904498,0.32705728605302875,0.06735490952111095,0.12193495365380484,0.054683058015204046,大幅流出
2015-12-31,非银金融,1969.99,33398.838463524,0.32705728605302875,0.06114762761507454,-0.002621109551904491,-0.2654762044580242,0.06735490952111095,-0.14639668221666102,0.022094464632133687,-0.14690429900659405,-0.019753196151712584,流出
2016-03-31,非银金融,1681.59,17083.5803602435,-0.14639668221666102,0.054811749874601884,-0.006335877740472659,-0.6716557136367539,0.022094464632133687,-0.025915948596269,-0.02019919898119031,-0.009146105768944908,-0.07171492807847363,大幅流出
2016-06-30,非银金融,1638.01,12960.9543072077,-0.025915948596269,0.04288767145657106,-0.011924078418030823,-0.8301957596214358,-0.02019919898119031,0.016776454356200565,-0.013301901552919413,0.10482841985091658,0.06673362427236658,大幅流出
2016-09-30,非银金融,1665.49,12930.8267411912,0.016776454356200565,0.041910001156527855,-0.0009776703000432055,-0.6443873321748577,-0.013301901552919413,0.009066400879020442,-0.007975684563651893,0.17204546409765276,0.1089992803586713,流出
2016-12-31,非银金融,1680.59,13965.1214327118,0.009066400879020442,0.04621977346645599,0.004309772309928135,-0.5818680506520135,-0.007975684563651893,-0.00855651884159725,-0.03208556264930295,0.17296306654210716,0.16795906823872842,流入
2017-03-31,非银金融,1666.21,10645.212071284499,-0.00855651884159725,0.041281947497508464,-0.004937825968947526,-0.37687464531394244,-0.03208556264930295,0.08612959951026578,0.12593263766727766,0.08503730022026032,0.1475757840887669,大幅流出
2017-06-30,非银金融,1809.72,9946.520348744,0.08612959951026578,0.040406206601712034,-0.0008757408957964299,-0.2325780869999169,0.12593263766727766,0.0786364741506973,0.02579262171048821,-0.13313661781933128,0.020154599782062785,中性
2017-09-30,非银金融,1952.03,18221.6573044197,0.0786364741506973,0.05805608949813358,0.017649882896421547,0.4091641369205372,0.02579262171048821,0.009856405895401155,0.044765146062558554,-0.15956209689400272,0.10523268690958287,大幅流入
2017-12-31,非银金融,1971.27,14283.0001862761,0.009856405895401155,0.0539889700863377,-0.004067119411795883,0.022762333653590927,0.044765146062558554,-0.0828755066530713,-0.04897765719771978,-0.25371968324988464,0.06304906073961762,流出
2018-03-31,非银金融,1807.9,16700.6485975774,-0.0828755066530713,0.06088714799263046,0.0068981779062927615,0.5688413237560073,-0.04897765719771978,-0.13226395265224855,0.0009146021437621277,0.1608330106753692,0.24902778811024623,大幅流入
2018-06-30,非银金融,1568.78,9153.8588715479,-0.13226395265224855,0.03873561365139739,-0.02215153434123307,-0.07969233957242072,0.0009146021437621277,0.04575530029704611,0.11134090435636984,0.3487742067083975,0.3435870951562897,大幅流出
2018-09-30,非银金融,1640.56,7658.122719908,0.04575530029704611,0.04060206343933185,0.00186644978793446,-0.5797241385913614,0.11134090435636984,-0.10328180621251282,0.0048893960246685075,0.23632174379480186,0.18039037930225682,流入
2018-12-31,非银金融,1471.12,13248.9396303748,-0.10328180621251282,0.07389485849076734,0.03329279505143549,-0.0723979935878516,0.0048893960246685075,0.42657974876284754,0.11740217563176819,0.4550750448637774,0.16141015193510533,大幅流入
2019-03-31,非银金融,2098.67,28434.0857839881,0.42657974876284754,0.08508986912484534,0.011195010634078004,0.7025737424421201,0.11740217563176819,0.008224256314713463,0.07669017102376086,-0.1411798901208861,-0.06343355962658523,大幅流入
2019-06-30,非银金融,2115.93,24658.764667378702,0.008224256314713463,0.071254036771705,-0.013835832353140343,1.6938108849398232,0.07669017102376086,-0.04143331773735415,-0.023646389313724,-0.10668594896806595,-0.20113394146555208,大幅流出
2019-09-30,非银金融,2028.26,19373.9888211444,-0.04143331773735415,0.06695243702043834,-0.004301599751266663,1.5298613680843638,-0.023646389313724,0.05538244603749032,-0.011268842427479844,0.06722017887253114,-0.13651435727781475,中性
2019-12-31,非银金融,2140.59,17678.2516274848,0.05538244603749032,0.06669972103287053,-0.0002527159875678059,0.3343144523774011,-0.011268842427479844,-0.15799849574182823,-0.09892179231146458,0.06106727584451016,-0.14242721591852892,流出
2020-03-31,非银金融,1802.38,29043.0743786245,-0.15799849574182823,0.060234121223429075,-0.006465599809441454,0.02141755494665265,-0.09892179231146458,0.048718916099823595,-0.08161215679947606,0.10269199613843934,-0.15543377057782892,大幅流出
2020-06-30,非银金融,1890.19,16956.5785030804,0.048718916099823595,0.04542269981775136,-0.014811421405677719,-0.3123508524531885,-0.08161215679947606,0.14517588178966134,0.05533000938130525,0.024812320454557488,-0.15049393516622023,大幅流出
2020-09-30,非银金融,2164.6,56254.603090499804,0.14517588178966134,0.08566444600843731,0.040241746190685955,1.9036149246202,0.05533000938130525,0.04929779173981341,-0.018039340139480525,-0.15710061905201878,-0.234300056687347,大幅流入
2020-12-31,非银金融,2271.31,31160.66295099,0.04929779173981341,0.06834621450027406,-0.01731823150816325,0.7626552448514636,-0.018039340139480525,-0.12496752975155301,-0.11258818095876523,-0.17545381299778542,-0.24273589537170187,大幅流出
2021-03-31,非银金融,1987.47,31321.27308156,-0.12496752975155301,0.06008573346980947,-0.00826048103046459,0.07844206412983046,-0.11258818095876523,-0.025348810296507707,-0.07624054160650684,-0.19169094376267318,-0.17750656384371732,大幅流出
2021-06-30,非银金融,1937.09,25246.45935506,-0.025348810296507707,0.051484534363859545,-0.008601199105949926,0.48888877260666863,-0.07624054160650684,-0.05810261784429216,-0.048781213212975946,-0.1728365744493028,-0.138590348949662,大幅流出
2021-09-30,非银金融,1824.54,34952.25782768,-0.05810261784429216,0.04620410207139459,-0.005280432292464957,-0.37867737202855345,-0.048781213212975946,0.0264505025924342,-0.028857757710635555,-0.25719907483530097,-0.12817867895505883,流出
2021-12-31,非银金融,1872.8,21058.79885543,0.0264505025924342,0.034761554275089306,-0.011442547796305283,-0.324186430547013,-0.028857757710635555,-0.1421988466467321,-0.036148165655906714,-0.21341307133703552,-0.059579446631144346,大幅流出
2022-03-31,非银金融,1606.49,19117.72843479,-0.1421988466467321,0.036210415401173486,0.0014488611260841805,-0.38962479638015357,-0.036148165655906714,-0.002614395358825794,-0.03253293250842454,-0.061307571164464295,-0.061231819562582765,中性
2022-06-30,非银金融,1602.29,20294.13216551,-0.002614395358825794,0.03993281360301962,0.003722398201846132,-0.19615927603556949,-0.03253293250842454,-0.15416684869780128,-0.037284039843003394,-0.07603492501357446,-0.005532994559457832,流入
2022-09-30,非银金融,1355.27,15071.79474865,-0.15416684869780128,0.027042937051059743,-0.012889876551959875,-0.5687890944568942,-0.037284039843003394,0.0869568425479792,0.04755653807479776,0.15380699048897994,0.13018212399661813,大幅流出
2022-12-31,非银金融,1473.12,15251.51788618,0.0869568425479792,0.0325901039013547,0.005547166850294959,-0.27576506186878724,0.04755653807479776,0.023677636580862416,-0.03784170869394659,-0.026725589225589198,0.04166548736615227,流入
2023-03-31,非银金融,1508.0,18401.6532437,0.023677636580862416,0.038244553698571424,0.005654449797216722,-0.03745608132956335,-0.03784170869394659,-0.018262599469496044,0.024868649704759632,-0.08234084880636605,0.06550133220532062,大幅流入
2023-06-30,非银金融,1480.46,20913.07704801,-0.018262599469496044,0.038685042915661334,0.0004404892170899108,0.030498711521742328,0.024868649704759632,0.05623927698147879,0.09409800697578871,-0.11460627102387091,0.07108846646454099,流入
2023-09-30,非银金融,1563.72,31785.92814517,0.05623927698147879,0.06784286418601525,0.029157821270353913,1.1089676893335554,0.09409800697578871,-0.08311590310285732,-0.034488806177093025,0.18756554881948173,0.22685319057622505,大幅流入
2023-12-31,非银金融,1433.75,17872.96788062,-0.08311590310285732,0.036256863589623496,-0.03158600059639175,0.17188125234507967,-0.034488806177093025,-0.03481778552746295,-0.015825182255810866,0.30169136878814296,0.2636783864376704,大幅流出
2024-03-31,非银金融,1383.83,20243.06172404,-0.03481778552746295,0.03948217876317566,0.003225315173552165,0.10006755675446866,-0.015825182255810866,-0.05278104969541053,0.03024271970438587,0.2724756653635202,0.2053559384568817,流入
2024-06-30,非银金融,1310.79,15871.84695094,-0.05278104969541053,0.03258706025442855,-0.006895118508747113,-0.24105635366315936,0.03024271970438587,0.41671816232958747,0.25320892969000414,0.4271012137718474,0.20734782010872072,大幅流出
2024-09-30,非银金融,1857.02,17936.339503440002,0.41671816232958747,0.04168897392475834,0.009101913670329788,-0.43571446391237434,0.25320892969000414,0.0049972536644731225,-0.005508045404692042,0.07422106385499336,-0.11505508615087869,大幅流入
2024-12-31,非银金融,1866.3,70001.70746278,0.0049972536644731225,0.06313333930700768,0.021444365382249343,2.9166246999573135,-0.005508045404692042,-0.05648073728768144,-0.061247724279100295,0.10064834163853617,-0.10215970051676182,大幅流入
2025-03-31,非银金融,1760.89,30251.20852181,-0.05648073728768144,0.03553441230876404,-0.027598926998243636,0.49439886782959586,-0.061247724279100295,0.06232075825292882,0.03194522226387635,-0.008172003929830914,-0.18430550995509426,大幅流出
2025-06-30,非银金融,1870.63,28183.81749078,0.06232075825292882,0.03819444550896174,0.002660033200197698,0.7757112690096113,0.03194522226387635,0.06640543560190948,-0.08144045166735481,-0.06945788317304859,-0.19940980794084176,中性
2025-09-30,非银金融,1994.85,56330.7998609,0.06640543560190948,0.04106437328547353,0.0028699277765117867,2.1405962097280966,-0.08144045166735481,0.02972153294733948,0.008983655789174174,-0.12794445697671505,-0.11551811687425666,大幅流入
2025-12-31,非银金融,2054.14,32556.52957893,0.02972153294733948,0.027861253605337415,-0.013203119680136113,-0.5349180647309161,0.008983655789174174,-0.14976583874516824,-0.147136679804436,,,大幅流出
2026-03-31,非银金融,1746.5,32335.76891692,-0.14976583874516824,0.022594369890333622,-0.005266883715003792,0.06890833447553368,-0.147136679804436,-0.003320927569424592,0.012836587435187088,,,大幅流出
2026-06-30,非银金融,1740.7,32968.57169191,-0.003320927569424592,0.019233700314394666,-0.0033606695759389564,0.16976955668604088,0.012836587435187088,-0.0006204400528524445,0.014812930673969238,,,流出
2026-09-30,非银金融,1739.62,19337.71461389,-0.0006204400528524445,0.019341537237709518,0.0001078369233148517,-0.656711520843989,0.014812930673969238,,,,,中性
1999-12-31,食品饮料,1000.0,2.4228916783,,0.08500569479783668,,,,0.27741000000000016,-0.09277999999999986,0.50487,-0.08516747528501435,
2000-03-31,食品饮料,1277.41,679.8787999078,0.27741000000000016,0.055339627973233746,-0.029666066824602932,,-0.09277999999999986,0.07663945013738727,-0.0033779986380854943,0.20053076146264712,0.02581455008689998,大幅流出
2000-06-30,食品饮料,1375.31,470.6600846946,0.07663945013738727,0.042928037314530106,-0.01241159065870364,,-0.0033779986380854943,-0.008892540590848652,-0.007740069425509963,0.18460565254379036,0.05967376405769708,流出
2000-09-30,食品饮料,1363.08,434.1044030655,-0.008892540590848652,0.04469397266471703,0.0017659353501869243,,-0.007740069425509963,0.10402177421721404,0.019701495532774754,-0.014401209026615916,0.10363948605205493,流入
2000-12-31,食品饮料,1504.87,372.3367016776,0.10402177421721404,0.049361624983121535,0.0046676523184045055,152.674514222958,0.019701495532774754,0.01907141480659469,0.017278519278461933,-0.14381308684471067,0.11621549003295696,流入
2001-03-31,食品饮料,1533.57,302.5648139291,0.01907141480659469,0.05181172688000466,0.0024501018968831265,-0.5549724245407688,0.017278519278461933,0.06235776651864611,0.02951765251958085,-0.17166480825785588,0.1027551446741362,流入
2001-06-30,食品饮料,1629.2,434.048370032,0.06235776651864611,0.050940081534766896,-0.0008716453452377662,-0.07778801698545668,0.02951765251958085,-0.17539283083722068,0.03342866168162684,-0.17759022833292415,0.05196596568693191,流出
2001-09-30,食品饮料,1343.45,218.9836328446,-0.17539283083722068,0.05242814542492145,0.001488063890154552,-0.49555076774570606,0.03342866168162684,-0.04093937251107227,0.03132102367508975,-0.0778071383378614,0.030597321214692826,流入
2001-12-31,食品饮料,1288.45,222.1180649342,-0.04093937251107227,0.059003350219926726,0.006575204795005278,-0.4034483736536716,0.03132102367508975,-0.014078932050137882,0.0050112462313967945,-0.16328922348558347,0.025622332718202682,流入
2002-03-31,食品饮料,1270.31,251.40921847959999,-0.014078932050137882,0.04983067688017192,-0.009172673339754807,-0.1690731806689436,0.0050112462313967945,0.05475828734718302,-0.017898454833746955,-0.11018570270248983,-0.011830895012590202,流出
2002-06-30,食品饮料,1339.87,238.3541600892,0.05475828734718302,0.04092584253089198,-0.008904834349279939,-0.45085806894833524,-0.017898454833746955,-0.075343130303686,0.012436566519616166,-0.1815922440236739,0.023081594826861507,大幅流出
2002-09-30,食品饮料,1238.92,182.6916344939,-0.075343130303686,0.04526114584994573,0.004335303319053747,-0.16572927336744991,0.012436566519616166,-0.1298388919381398,0.02634254165951,-0.18728408613954092,0.013016763939500743,流入
2002-12-31,食品饮料,1078.06,161.5313762233,-0.1298388919381398,0.0559822382790253,0.010721092429079572,-0.27276794766264567,0.02634254165951,0.04849451793035642,-0.03168931485852497,-0.09900191083984179,-0.034701080484894405,大幅流入
2003-03-31,食品饮料,1130.34,206.5358301354,0.04849451793035642,0.052031251664499845,-0.003950986614525455,-0.17848744216927404,-0.03168931485852497,-0.029884813418971312,0.01679966519841443,0.027973883964117194,-0.01577495400312133,中性
2003-06-30,食品饮料,1096.56,290.9675695575,-0.029884813418971312,0.0433123885320039,-0.008718863132495945,0.2207362751655364,0.01679966519841443,-0.0817739111402932,0.0024764588627829986,-0.21466221638578817,-0.06902964674519055,流出
2003-09-30,食品饮料,1006.89,165.8737535873,-0.0817739111402932,0.05328412265990524,0.009971734127901338,-0.09205610838826639,0.0024764588627829986,-0.03531666815640233,-0.02200300944330636,-0.06876620087596452,0.0013126954149098138,流入
2003-12-31,食品饮料,971.33,281.0346424629,-0.03531666815640233,0.05236527282775323,-0.0009188498321520064,0.7398145736986692,-0.02200300944330636,0.1962566789865443,-0.012704138215163863,-0.12507592682198623,0.032280272701021226,流入
2004-03-31,食品饮料,1161.96,532.191062707,0.1962566789865443,0.050870917623634694,-0.0014943552041185373,1.5767493337989253,-0.012704138215163863,-0.2588643326792661,-0.03821758311346418,-0.24691039278460544,0.15377319330358322,中性
2004-06-30,食品饮料,861.17,334.4444682421,-0.2588643326792661,0.054797864426205316,0.003926946802570622,0.1494218024047118,-0.03821758311346418,0.08880941045322066,0.07822166581833798,0.004052626078474569,0.2928454917505288,流入
2004-09-30,食品饮料,937.65,268.4682717769,0.08880941045322066,0.05198181630061668,-0.0028160481255886383,0.6185096555110154,0.07822166581833798,-0.09364901615741472,0.008243483514719319,-0.02508398656215022,0.19879112540045357,流出
2004-12-31,食品饮料,849.84,268.3095219801,-0.09364901615741472,0.05374994410800945,0.001768127807392772,-0.0452795440849606,0.008243483514719319,0.029676174338698846,0.10349439906115973,0.06309422950202369,0.1880074847785415,中性
2005-03-31,食品饮料,875.06,210.9812201928,0.029676174338698846,0.04883138512760168,-0.004918558980407772,-0.6035611362587714,0.10349439906115973,-0.011884899321189413,0.07771273325944747,0.29642538797339607,0.20644175317315255,流出
2005-06-30,食品饮料,864.66,263.1755197674,-0.011884899321189413,0.05320470176072596,0.004373316633124284,-0.2130965085154567,0.07771273325944747,0.057213239886197975,-0.00021884096345383547,1.049140702703953,0.3448017406362731,流入
2005-09-30,食品饮料,914.13,334.579700456,0.057213239886197975,0.0473624819786693,-0.005842219782056658,0.24625415972446585,-0.00021884096345383547,-0.011672300438668404,-0.0008260992968613934,0.8941507225449336,0.2793351304832906,大幅流出
2005-12-31,食品饮料,903.46,213.4468279899,-0.011672300438668404,0.049271829827097706,0.0019093478484284027,-0.2044753894133845,-0.0008260992968613934,0.2556726363092998,0.12061728101676916,1.7103358200695107,0.5192483052050889,流入
2006-03-31,食品饮料,1134.45,357.6606379805,0.2556726363092998,0.048591394602725504,-0.0006804352243722014,0.695224995161468,0.12061728101676916,0.5618229097800695,0.20130951683431225,1.635215302569527,-0.11062175917654761,流入
2006-06-30,食品饮料,1771.81,1242.8916558281,0.5618229097800695,0.06780998585124597,0.01921859124852046,3.7226719906418104,0.20130951683431225,-0.022750746411861256,-0.04888942295271779,1.148892939987922,-0.2813152510575031,大幅流入
2006-09-30,食品饮料,1731.5,764.6736335143,-0.022750746411861256,0.05775716259134206,-0.010052823259903906,1.285475276808854,-0.04888942295271779,0.41419578400231005,0.18654855876188858,1.7960150158821835,-0.34255143867152926,大幅流出
2006-12-31,食品饮料,2448.68,1269.9923123634,0.41419578400231005,0.06320720541830938,0.005450042826967316,4.949923567959953,0.18654855876188858,0.22087001976575138,-0.34398305885059866,1.247606873907575,-0.35739155388441274,流入
2007-03-31,食品饮料,2989.52,2445.9972156339,0.22087001976575138,0.050113103208596826,-0.01309410220971255,5.838877292857869,-0.34398305885059866,0.2735924161738339,-0.02925123543731567,0.3857843399609304,-0.06027607571524259,大幅流出
2007-06-30,食品饮料,3807.43,5023.6666084306,0.2735924161738339,0.04545868164570521,-0.004654421562891614,3.041918364222574,-0.02925123543731567,0.2715401202385863,-0.12992966462119948,-0.1718639607294158,0.032967628110677404,大幅流出
2007-09-30,食品饮料,4841.3,4113.3485081971,0.2715401202385863,0.04558746053130553,0.0001287788856003183,4.379221053160816,-0.12992966462119948,0.13681655753619903,0.1597654484876388,-0.45492739553425726,0.2429141988103542,流入
2007-12-31,食品饮料,5503.67,2567.3417781246,0.13681655753619903,0.0470223711845344,0.0014349106532288713,1.0215411960619583,0.1597654484876388,-0.24726046438104032,-0.04066804901080984,-0.586973782948469,0.06611321468632642,流入
2008-03-31,食品饮料,4142.83,3276.4420973532,-0.24726046438104032,0.05307241366496167,0.006050042480427266,0.339511785382014,-0.04066804901080984,-0.23890915147375102,0.0670708948746846,-0.3396736047581002,-0.15531160827679966,中性
2008-06-30,食品饮料,3153.07,2052.3931847542,-0.23890915147375102,0.046529851807508835,-0.006542561857452833,-0.5914551373074954,0.0670708948746846,-0.16308232928542654,0.046908677848836594,0.11263625609326762,-0.13758209993981707,大幅流出
2008-09-30,食品饮料,2638.86,1197.2643395329,-0.16308232928542654,0.042793081278493995,-0.0037367705290148392,-0.7089319475004401,0.046908677848836594,-0.13858256974602678,-0.005207864104589038,0.44013323935335685,-0.09689072829752211,流出
2008-12-31,食品饮料,2273.16,1365.921768283,-0.13858256974602678,0.04823980979307477,0.005446728514580772,-0.46796262970457214,-0.005207864104589038,0.20344366432631222,-0.23991509377532888,1.0987172042443119,-0.10739157611338021,流入
2009-03-31,食品饮料,2735.62,2518.5431223719,0.20344366432631222,0.04529298952091592,-0.002946820272158847,-0.23131767705998885,-0.23991509377532888,0.28242226625042943,0.08946808005233026,0.6723119439103385,0.10429003867154499,流出
2009-06-30,食品饮料,3508.22,3614.1069874905,0.28242226625042943,0.04670528047774254,0.0014122909568266215,0.7609233037495859,0.08946808005233026,0.08325874660084032,0.09630485814949807,0.1488903204474065,0.11781211177543896,流入
2009-09-30,食品饮料,3800.31,4493.2853480158,0.08325874660084032,0.04441312307765441,-0.0022921574000881323,2.7529601439301263,0.09630485814949807,0.25535022142930464,-0.016774748815846396,0.4279992947943724,0.11750003241086665,流出
2009-12-31,食品饮料,4770.72,4442.0550938313,0.25535022142930464,0.04884843399291966,0.00443531091526525,2.252056740712963,-0.016774748815846396,-0.04106508032330547,-0.059661360987653504,0.2081258174866688,0.15417662085916892,流入
2010-03-31,食品饮料,4574.81,3142.2785377413,-0.04106508032330547,0.04593525302525686,-0.0029131809676627984,0.2476572308128604,-0.059661360987653504,-0.1189666893269885,0.10280865771483366,0.22818871166234223,0.16228507303240838,流出
2010-06-30,食品饮料,4030.56,3103.3824197322,-0.1189666893269885,0.047449986903234376,0.0015147338779775144,-0.14131418066096824,0.10280865771483366,0.34642332579095725,0.09599878334506118,0.4179295184788218,0.1384786812349769,流入
2010-09-30,食品饮料,5426.84,3629.3108992183,0.34642332579095725,0.04812839957477423,0.0006784126715398547,-0.19228123341399284,0.09599878334506118,0.06206005704977491,0.015494912789318825,0.02423694083481353,0.15501731899468868,流入
2010-12-31,食品饮料,5763.63,6028.910304975,0.06206005704977491,0.053227144485054806,0.005098744910280575,0.3572344731490098,0.015494912789318825,-0.02514040630644243,-0.053055187596786436,-0.10374885271955367,0.21481136669510112,大幅流入
2011-03-31,食品饮料,5618.73,3807.5098953272,-0.02514040630644243,0.04923455628983309,-0.003992588195221719,0.21170349782679487,-0.053055187596786436,0.01714266391159569,0.0802204858520889,-0.03651714889307721,0.2864066740114884,大幅流出
2011-06-30,食品饮料,5715.05,3577.9166410625,0.01714266391159569,0.05106050726530038,0.00182595097546729,0.15290871608767076,0.0802204858520889,-0.027415333199184655,0.11192031719685547,0.03975293304520511,0.28522560422682564,流入
2011-09-30,食品饮料,5558.37,3697.8232002948,-0.027415333199184655,0.06015365204803188,0.009093144782731502,0.018877495750296847,0.11192031719685547,-0.07065200769290281,0.06806603034424957,0.013579520614856533,0.178140658823706,流入
2011-12-31,食品饮料,5165.66,2374.8580013615,-0.07065200769290281,0.05996385925433957,-0.00018979279369230745,-0.606088350758546,0.06806603034424957,0.04798805960903363,0.0027533162700387956,-0.007439514021441641,-0.036076336984754806,中性
2012-03-31,食品饮料,5413.55,3806.4482563292,0.04798805960903363,0.07520639722054417,0.015242537966204603,-0.00027882763989739434,0.0027533162700387956,0.09766050004156224,0.07922871878309881,-0.09316068014519131,-0.12349289506094721,大幅流入
2012-06-30,食品饮料,5942.24,4452.4452383102,0.09766050004156224,0.08882974200120322,0.013623344780659047,0.24442397209902555,0.07922871878309881,-0.05189793747812266,0.019275161305119567,-0.21367194862543415,-0.14421679584531102,大幅流入
2012-09-30,食品饮料,5633.85,4177.507658153,-0.05189793747812266,0.09729981200259558,0.008470070001392355,0.12972076594142168,0.019275161305119567,-0.08992429688401371,-0.1261364994061902,-0.11400374521863398,-0.2514147298458353,流入
2012-12-31,食品饮料,5127.23,3749.083020193,-0.08992429688401371,0.09836717990355011,0.0010673679009545328,0.5786556577461306,-0.1261364994061902,-0.042520035184690275,-0.08818463542793506,-0.07364210304589434,-0.18016292419260643,中性
2013-03-31,食品饮料,4909.22,4766.1826484567,-0.042520035184690275,0.08122949609727491,-0.0171376838062752,0.25213383382571797,-0.08818463542793506,-0.048209287829838576,0.05371172209742768,-0.08765547276349424,-0.13599474358170235,大幅流出
2013-06-30,食品饮料,4672.55,3531.2141102691,-0.048209287829838576,0.06626250172236714,-0.014966994374907769,-0.2069045386823729,0.05371172209742768,0.06827535285871722,-0.1084022585595143,-0.06238349509368556,-0.22769126683727445,大幅流出
2013-09-30,食品饮料,4991.57,3766.2569776433,0.06827535285871722,0.054387399675343465,-0.011875102047023675,-0.09844402791388929,-0.1084022585595143,-0.04846571319244253,-0.04296046750412307,0.0021896918204091054,-0.2073617253349533,大幅流出
2013-12-31,食品饮料,4749.65,3520.887321249,-0.04846571319244253,0.054368227878967265,-1.917179637619948e-05,-0.06086707008484771,-0.04296046750412307,-0.05700420030949649,-0.03906118530029308,0.16030023264872162,-0.2266176100372659,中性
2014-03-31,食品饮料,4478.9,3459.6774208336,-0.05700420030949649,0.03858369890275579,-0.015784528976211472,-0.27411984054915506,-0.03906118530029308,-0.021844649355868495,-0.05811827050066998,0.40845743374489296,-0.3441652949074482,中性
2014-06-30,食品饮料,4381.06,2421.7495824913,-0.021844649355868495,0.02631181659207935,-0.012271882310676444,-0.31418783827108465,-0.05811827050066998,0.14184695028143857,-0.08493266342265463,0.8088887164293572,-0.30049688990263534,大幅流出
2014-09-30,食品饮料,5002.5,4347.5286506328,0.14184695028143857,0.0235140822776693,-0.0027977343144100497,0.1543366999224851,-0.08493266342265463,0.1016531734132935,-0.06621021897629789,0.1723898050974514,-0.20367142146864078,流出
2014-12-31,食品饮料,5511.02,7385.883573048,0.1016531734132935,0.022706220271570567,-0.0008078620060987321,1.0977335822345857,-0.06621021897629789,0.1446773918439781,-0.1851158853242883,0.26579834585975015,-0.20713911898713697,流入
2015-03-31,食品饮料,6308.34,7643.4043798746,0.1446773918439781,0.019064817314187413,-0.003641402957383154,1.2092823839145503,-0.1851158853242883,0.2562496631443454,0.004596423477907952,0.01708690400327184,0.058844216694641446,大幅流出
2015-06-30,食品饮料,7924.85,19362.619387559498,0.2562496631443454,0.020362326189558588,0.0012975088753711742,6.995302044252157,0.004596423477907952,-0.25993804299135004,0.04173128164603368,-0.11320214262730535,0.1604963035262031,中性
2015-09-30,食品饮料,5864.88,12305.9349281709,-0.25993804299135004,0.02158108928189289,0.001218763092334301,1.8305586730014354,0.04173128164603368,0.18942587060604832,-0.07027650592586948,0.2070016777836887,0.08861267470872519,中性
2015-12-31,食品饮料,6975.84,10993.506105381999,0.18942587060604832,0.02012725137881991,-0.001453837903072977,0.4884483348070445,-0.07027650592586948,-0.0802354985206083,0.08825564832818641,0.07429929585540954,0.21962491295493333,流出
2016-03-31,食品饮料,6416.13,6665.3896435412,-0.0802354985206083,0.021385544613865395,0.0012582932350454837,-0.12795538319398003,0.08825564832818641,0.0953238166932402,0.10104056630831888,0.27954078237192825,0.2013549107086052,流入
2016-06-30,食品饮料,7027.74,8302.5419599169,0.0953238166932402,0.027473030410522646,0.006087485796657251,-0.5712077072975317,0.10104056630831888,0.0072825687916742154,-0.022795787117445763,0.258398859377268,0.2187997663588282,大幅流入
2016-09-30,食品饮料,7078.92,9644.750979306,0.0072825687916742154,0.03125952677175081,0.0037864963612281657,-0.21625207384876421,-0.022795787117445763,0.05865584015640812,0.04161375471373579,0.39319839749566327,0.32498217945584423,流入
2016-12-31,食品饮料,7494.14,10102.3293664216,0.05865584015640812,0.033435253466955535,0.002175726695204723,-0.08106392359432202,0.04161375471373579,0.09548260374105633,0.07195355993335062,0.5385154267200772,0.5315290114213814,中性
2017-03-31,食品饮料,8209.7,7810.6693183892,0.09548260374105633,0.03028963993981157,-0.003145613527143966,0.17182486487609672,0.07195355993335062,0.07722572079369527,0.11702875895070716,0.3048710671522712,0.3758878552436023,流出
2017-06-30,食品饮料,8843.7,6681.9060361446,0.07722572079369527,0.02714421388820449,-0.0031454260516070795,-0.19519755896404056,0.11702875895070716,0.1151825593360245,0.062338706895815416,0.30562321200402565,0.4916669382002816,中性
2017-09-30,食品饮料,9862.34,8184.7068851911,0.1151825593360245,0.026077324773712583,-0.001066889114491907,-0.15138224898160713,0.062338706895815416,0.16907853511438464,0.20398727528154204,0.10879669530760465,0.42189887613308485,中性
2017-12-31,食品饮料,11529.85,10202.7077350969,0.16907853511438464,0.038565684766920634,0.012488359993208051,0.009936160763965862,0.20398727528154204,-0.07088123436124494,-0.03698338490589341,-0.21953798184711848,0.0995793923961349,大幅流入
2018-03-31,食品饮料,10712.6,10160.6797894351,-0.07088123436124494,0.037043759733667254,-0.0015219250332533796,0.30087184276424406,-0.03698338490589341,0.07784664787259876,0.21102520266860944,0.20607042174635473,0.28637881901717405,流出
2018-06-30,食品饮料,11546.54,10745.8466246278,0.07784664787259876,0.045472294149360055,0.008428534415692801,0.6082007987690976,0.21102520266860944,-0.05293447214490232,0.01265113191442141,0.25479840714187957,0.2638966712043622,大幅流入
2018-09-30,食品饮料,10935.33,8736.1373282123,-0.05293447214490232,0.04631751344134272,0.0008452192919826615,0.06737326708900526,0.01265113191442141,-0.17710668082261805,-0.06893547858543672,0.37306327289619967,0.3156460931995676,中性
2018-12-31,食品饮料,8998.61,7126.6446447028,-0.17710668082261805,0.03974826757659553,-0.006569245864747185,-0.3014947767064391,-0.06893547858543672,0.4357939726246607,0.12661639949358133,0.7286736507082756,0.3697648319553842,大幅流出
2019-03-31,食品饮料,12920.15,10613.5423836414,0.4357939726246607,0.03176134936202539,-0.007986918214570142,0.044570107865930186,0.12661639949358133,0.1213941014616704,0.1898600161707178,0.1532404809541685,0.23640569459037483,大幅流出
2019-06-30,食品饮料,14488.58,15078.4357567009,0.1213941014616704,0.04357069100420467,0.011809341642179283,0.4031873228251259,0.1898600161707178,0.036326541317368566,0.05411346974099872,0.3235644901018593,0.20193145545026797,大幅流入
2019-09-30,食品饮料,15014.9,14685.536023723,0.036326541317368566,0.05075012868112174,0.007179437676917068,0.6810102076003126,0.05411346974099872,0.0360148918740717,-0.030636396590898465,0.5242146134839389,0.25834151180769466,大幅流入
2019-12-31,食品饮料,15555.66,11018.3898089942,0.0360148918740717,0.04157218383229332,-0.009177944848828418,0.5460837965569272,-0.030636396590898465,-0.042146717014900026,0.016929986415463623,0.8497093662371124,0.544645423154518,大幅流出
2020-03-31,食品饮料,14900.04,14936.3197171224,-0.042146717014900026,0.030977302221668373,-0.01059488161062495,0.4072888369620755,0.016929986415463623,0.28701466573244083,0.15668359283314118,0.7790207274611343,0.4181143787692891,大幅流出
2020-06-30,食品饮料,19176.57,17068.0156894505,0.28701466573244083,0.045721213923300676,0.014743911701632303,0.1319486957966065,0.15668359283314118,0.19343188067521977,0.10358600826686368,0.5093522981429943,0.276325972746871,大幅流入
2020-09-30,食品饮料,22885.93,28734.8436263872,0.19343188067521977,0.04375738739874318,-0.0019638265245574965,0.9566765271603952,0.10358600826686368,0.2572550034016534,0.18991787152235948,0.10024193904289673,0.016902415190831428,流出
2020-12-31,食品饮料,28773.45,27725.39345944,0.2572550034016534,0.06081146898138052,0.01705408158263734,1.5162835895321152,0.18991787152235948,-0.07875211349351574,-0.06637276470072796,-0.0600928981404734,-0.12939378650496813,大幅流入
2021-03-31,食品饮料,26507.48,34418.01202383,-0.07875211349351574,0.06602641890192114,0.005214949920540619,1.304316771177211,-0.06637276470072796,0.09192575076921683,0.041034019459217703,-0.18155177331077882,-0.1530571710401088,大幅流入
2021-06-30,食品饮料,28944.2,33461.0830077,0.09192575076921683,0.06823643084893054,0.0022100119470093993,0.9604553696527136,0.041034019459217703,-0.1300481616351462,-0.12072675700383,-0.10564430870433465,-0.053604035857226014,流入
2021-09-30,食品饮料,25180.06,34328.13878256,-0.1300481616351462,0.04537906638392639,-0.022857364465004144,0.19465201303676083,-0.12072675700383,0.07403914049450222,0.018730880191432465,-0.0935192370470921,0.0748630619357324,大幅流出
2021-12-31,食品饮料,27044.37,29705.76469562,0.07403914049450222,0.04903501661413924,0.003655950230212847,0.07142806608234875,0.018730880191432465,-0.19779976386952258,-0.0917490828786972,-0.15116159111859517,0.01958711066573419,流入
2022-03-31,食品饮料,21695.0,21091.35326558,-0.19779976386952258,0.0399486092568266,-0.009086407357312642,-0.38720013082170524,-0.0917490828786972,0.19319705001152343,0.16327851286192469,0.10479280940308826,0.1030189867801297,流出
2022-06-30,食品饮料,25886.41,22082.96624941,0.19319705001152343,0.043452706814344426,0.003504097557517828,-0.3400403016146156,0.16327851286192469,-0.11825394096748054,-0.001371132112682652,-0.19365837132302235,-0.13335089600536426,流入
2022-09-30,食品饮料,22825.24,19433.68675763,-0.11825394096748054,0.034869368673141936,-0.00858333814120249,-0.4338846367195692,-0.001371132112682652,0.005741889241909215,-0.03365841523127222,-0.08051306360853178,-0.09455681911185804,大幅流出
2022-12-31,食品饮料,22956.3,22984.64861926,0.005741889241909215,0.04911459254272494,0.014245223869583004,-0.2262562888122185,-0.03365841523127222,0.04409160012719826,-0.017427745147610745,-0.14938513610642823,-0.08266222855828309,大幅流入
2023-03-31,食品饮料,23968.48,20556.59383031,0.04409160012719826,0.04272321329998809,-0.006391379242736847,-0.02535443925936698,-0.017427745147610745,-0.12913584841425063,-0.08600459923999496,-0.19244148982330125,-0.05683655971689745,大幅流出
2023-06-30,食品饮料,20873.29,15624.8395603,-0.12913584841425063,0.028902852868227018,-0.013820360431761075,-0.2924483339860443,-0.08600459923999496,0.005472065017062322,0.04333079501137224,-0.20587219360244602,-0.030616726856876338,大幅流出
2023-09-30,食品饮料,20987.51,15902.92898281,0.005472065017062322,0.03394270087735562,0.0050398480091286,-0.1816823446242779,0.04333079501137224,-0.06959091383398974,-0.020963816908225442,-0.0659654241975346,-0.0531268569302634,流入
2023-12-31,食品饮料,19526.97,14026.87432304,-0.06959091383398974,0.028454729640660655,-0.0054879712366949635,-0.38972857251834714,-0.020963816908225442,-0.008758143224473658,0.010234460047178429,-0.08033145951471238,-0.12415680663798362,大幅流出
2024-03-31,食品饮料,19355.95,14988.06446663,-0.008758143224473658,0.02923280325143356,0.0007780736107729051,-0.2708877457835156,0.010234460047178429,-0.1436194038525621,-0.06059563445276571,-0.08309847876234454,-0.14734128365250476,中性
2024-06-30,食品饮料,16576.06,13909.49458356,-0.1436194038525621,0.028558083977509162,-0.0006747192739243978,-0.1097832057807745,-0.06059563445276571,0.18261275598664573,0.01910352334706239,0.004023875396203697,-0.17641136666770085,中性
2024-09-30,食品饮料,19603.06,13913.11958197,0.18261275598664573,0.032337907038030224,0.003779823060521062,-0.12512219623132637,0.01910352334706239,-0.08390118685552161,-0.09440648592468678,-0.13028119079368217,-0.29159779896961585,流入
2024-12-31,食品饮料,17958.34,26761.42570312,-0.08390118685552161,0.02413567083563899,-0.008202236202391234,0.9078680742981151,-0.09440648592468678,-0.011740506082410729,-0.016507493073829586,-0.0969204280573816,-0.27211406945356764,大幅流出
2025-03-31,食品饮料,17747.5,18344.73442894,-0.011740506082410729,0.021548539339271665,-0.002587131496367325,0.22395619993384863,-0.016507493073829586,-0.06224764051274834,-0.09262317650180081,-0.11053556838991395,-0.2776672089584435,流出
2025-06-30,食品饮料,16642.76,20039.64393469,-0.06224764051274834,0.027157537779717227,0.005608998440445562,0.44071690127227114,-0.09262317650180081,0.024418425789953346,-0.12342746147931094,-0.2157376540910279,-0.3289182653855933,流入
2025-09-30,食品饮料,17049.15,22669.39881457,0.024418425789953346,0.01652567791292677,-0.010631859866790456,0.6293541273049397,-0.12342746147931094,-0.04876137520052326,-0.06949925235868856,-0.18143837082787106,-0.1696162352317392,大幅流出
2025-12-31,食品饮料,16217.81,17200.40507486,-0.04876137520052326,0.014719776772993421,-0.00180590113993335,-0.3572687320296737,-0.06949925235868856,-0.026639848413565037,-0.024010689472832806,,,大幅流出
2026-03-31,食品饮料,15785.77,17893.25475756,-0.026639848413565037,0.012502774174723138,-0.002217002598270283,-0.024610858943139635,-0.024010689472832806,-0.1731610178027425,-0.15700350279813083,,,流出
2026-06-30,食品饮料,13052.29,19135.30017799,-0.1731610178027425,0.011163438698187669,-0.0013393354765354696,-0.045127735784492584,-0.15700350279813083,0.0692208033992503,0.08465417412607198,,,流入
2026-09-30,食品饮料,13955.78,13223.00063237,0.0692208033992503,0.013225614517112435,0.002062175818924766,-0.4167026333370889,0.08465417412607198,,,,,大幅流入
